Classifier,Fold,Repeat,train_auc,train_f1,val_auc,val_mcc,val_kappa,val_f1_binary,val_f1_macro,val_accuracy,val_sensitivity,val_specificity,val_ppv,val_npv,val_balanced_accuracy,per_class_precision,per_class_recall,per_class_f1,per_class_accuracy
Gradient Boosting,1,1,0.9780656085812118,0.7472527472527473,0.6305114638447972,0.11712196314942191,0.0905245346869713,0.2037037037037037,0.514453477868112,0.7133333333333334,0.13095238095238096,0.9398148148148148,0.4583333333333333,0.7355072463768116,0.5353835978835979,"[0.7355072463768116, 0.4583333333333333]","[0.9398148148148148, 0.13095238095238096]","[0.8252032520325203, 0.2037037037037037]","[0.9398148148148148, 0.13095238095238096]"
Gradient Boosting,2,1,0.9728427956548473,0.7468123861566485,0.5879604178119845,0.19913464308663414,0.16645134969742292,0.29310344827586204,0.5614894834740306,0.725752508361204,0.2,0.9345794392523364,0.5483870967741935,0.746268656716418,0.5672897196261683,"[0.746268656716418, 0.5483870967741935]","[0.9345794392523364, 0.2]","[0.8298755186721992, 0.29310344827586204]","[0.9345794392523364, 0.2]"
Gradient Boosting,3,1,0.9782302190356941,0.7061068702290076,0.5818722943722944,0.02631503279085044,0.02073311199945793,0.1565217391304348,0.4774292687336166,0.674496644295302,0.10227272727272728,0.9142857142857143,0.3333333333333333,0.7084870848708487,0.5082792207792207,"[0.7084870848708487, 0.3333333333333333]","[0.9142857142857143, 0.10227272727272728]","[0.7983367983367984, 0.1565217391304348]","[0.9142857142857143, 0.10227272727272728]"
Gradient Boosting,4,1,0.9701559677762744,0.7366482504604052,0.5675500969618616,0.0835884463163432,0.0681015752308527,0.19642857142857142,0.5078528399311532,0.7049180327868853,0.13095238095238096,0.9230769230769231,0.39285714285714285,0.7364620938628159,0.527014652014652,"[0.7364620938628159, 0.39285714285714285]","[0.9230769230769231, 0.13095238095238096]","[0.8192771084337349, 0.19642857142857142]","[0.9230769230769231, 0.13095238095238096]"
Gradient Boosting,5,1,0.9715532304045286,0.7091932457786116,0.5754895416110369,0.1033751794494292,0.09314633500926173,0.25806451612903225,0.531574630945872,0.6912751677852349,0.19047619047619047,0.8878504672897196,0.4,0.7364341085271318,0.539163328882955,"[0.7364341085271318, 0.4]","[0.8878504672897196, 0.19047619047619047]","[0.8050847457627118, 0.25806451612903225]","[0.8878504672897196, 0.19047619047619047]"
Gradient Boosting,6,2,0.9751597615892202,0.7029126213592233,0.647522289031723,0.15720985488689224,0.10739153722549544,0.2,0.5112903225806452,0.7095709570957096,0.12087912087912088,0.9622641509433962,0.5789473684210527,0.7183098591549296,0.5415716359112586,"[0.7183098591549296, 0.5789473684210527]","[0.9622641509433962, 0.12087912087912088]","[0.8225806451612904, 0.2]","[0.9622641509433962, 0.12087912087912088]"
Gradient Boosting,7,2,0.9754486445208095,0.7410207939508506,0.5537780093798853,0.13468354046011058,0.10243055555555547,0.22950819672131148,0.515177827174215,0.6835016835016835,0.14736842105263157,0.9356435643564357,0.5185185185185185,0.7,0.5415059927045336,"[0.7, 0.5185185185185185]","[0.9356435643564357, 0.14736842105263157]","[0.8008474576271186, 0.22950819672131148]","[0.9356435643564357, 0.14736842105263157]"
Gradient Boosting,8,2,0.9728526182935251,0.7391304347826086,0.5982882076527187,0.04026748551632028,0.03503969340268265,0.1896551724137931,0.4977201481903676,0.6866666666666666,0.13414634146341464,0.8944954128440367,0.3235294117647059,0.7330827067669173,0.5143208771537257,"[0.7330827067669173, 0.3235294117647059]","[0.8944954128440367, 0.13414634146341464]","[0.8057851239669421, 0.1896551724137931]","[0.8944954128440367, 0.13414634146341464]"
Gradient Boosting,9,2,0.9754689365375925,0.7312614259597806,0.5712460805945884,0.08315385001218047,0.06765889869631059,0.19047619047619047,0.5083260297984225,0.7138047138047138,0.12658227848101267,0.926605504587156,0.38461538461538464,0.7453874538745388,0.5265938915340843,"[0.7453874538745388, 0.38461538461538464]","[0.926605504587156, 0.12658227848101267]","[0.8261758691206544, 0.19047619047619047]","[0.926605504587156, 0.12658227848101267]"
Gradient Boosting,10,2,0.9747143583658248,0.7169117647058824,0.5773789173789173,0.050920515875086725,0.04064501877623139,0.1568627450980392,0.4931139122315593,0.7161716171617162,0.10256410256410256,0.9288888888888889,0.3333333333333333,0.7491039426523297,0.5157264957264958,"[0.7491039426523297, 0.3333333333333333]","[0.9288888888888889, 0.10256410256410256]","[0.8293650793650794, 0.1568627450980392]","[0.9288888888888889, 0.10256410256410256]"
Gradient Boosting,11,3,0.9657813547954393,0.6901669758812616,0.5950971599402093,0.16934758041294468,0.13713226777854992,0.24242424242424243,0.5457594049143345,0.7483221476510067,0.16,0.9461883408071748,0.5,0.7700729927007299,0.5530941704035874,"[0.7700729927007299, 0.5]","[0.9461883408071748, 0.16]","[0.8490945674044266, 0.24242424242424243]","[0.9461883408071748, 0.16]"
Gradient Boosting,12,3,0.9755938157384146,0.7222222222222222,0.6231035252119589,0.13400758946368949,0.10952664587785976,0.23423423423423423,0.5298481232772814,0.7157190635451505,0.1566265060240964,0.9305555555555556,0.4642857142857143,0.7416974169741697,0.543591030789826,"[0.7416974169741697, 0.4642857142857143]","[0.9305555555555556, 0.1566265060240964]","[0.8254620123203286, 0.23423423423423423]","[0.9305555555555556, 0.1566265060240964]"
Gradient Boosting,13,3,0.9764409171075837,0.6921529175050302,0.5938613861386138,0.1886031627901956,0.14817242098364558,0.2857142857142857,0.5415778251599147,0.6843853820598007,0.18811881188118812,0.935,0.59375,0.6951672862453532,0.5615594059405941,"[0.6951672862453532, 0.59375]","[0.935, 0.18811881188118812]","[0.7974413646055437, 0.2857142857142857]","[0.935, 0.18811881188118812]"
Gradient Boosting,14,3,0.9700285378546247,0.7570422535211268,0.5482142857142858,-0.008077989806475913,-0.006261250684824304,0.10416666666666667,0.46642596281540505,0.7123745819397993,0.06666666666666667,0.9285714285714286,0.23809523809523808,0.7482014388489209,0.4976190476190476,"[0.7482014388489209, 0.23809523809523808]","[0.9285714285714286, 0.06666666666666667]","[0.8286852589641435, 0.10416666666666667]","[0.9285714285714286, 0.06666666666666667]"
Gradient Boosting,15,3,0.9840620034554298,0.7276190476190476,0.5731909599834129,0.022518461446835652,0.017509727626459082,0.15254237288135594,0.47381217004723536,0.66996699669967,0.0989010989010989,0.9150943396226415,0.3333333333333333,0.7028985507246377,0.5069977192618702,"[0.7028985507246377, 0.3333333333333333]","[0.9150943396226415, 0.0989010989010989]","[0.7950819672131147, 0.15254237288135594]","[0.9150943396226415, 0.0989010989010989]"
Gradient Boosting,16,4,0.9817626315647796,0.7387387387387387,0.6069812540400775,0.053402429353129624,0.047410387184828706,0.1981981981981982,0.5073465217795115,0.7013422818791947,0.14285714285714285,0.8959276018099548,0.3235294117647059,0.75,0.5193923723335488,"[0.75, 0.3235294117647059]","[0.8959276018099548, 0.14285714285714285]","[0.8164948453608247, 0.1981981981981982]","[0.8959276018099548, 0.14285714285714285]"
Gradient Boosting,17,4,0.9719956711582384,0.7426470588235294,0.5513668430335097,0.07499832594890775,0.06671961874503574,0.22950819672131148,0.5164277385280197,0.6866666666666666,0.16666666666666666,0.8888888888888888,0.3684210526315789,0.732824427480916,0.5277777777777778,"[0.732824427480916, 0.3684210526315789]","[0.8888888888888888, 0.16666666666666666]","[0.803347280334728, 0.22950819672131148]","[0.8888888888888888, 0.16666666666666666]"
Gradient Boosting,18,4,0.9780444679577318,0.7324478178368121,0.6253469010175763,0.1688238612181571,0.11988304093567248,0.22413793103448276,0.5194763729246488,0.7009966777408638,0.13829787234042554,0.9565217391304348,0.5909090909090909,0.7096774193548387,0.5474098057354302,"[0.7096774193548387, 0.5909090909090909]","[0.9565217391304348, 0.13829787234042554]","[0.8148148148148148, 0.22413793103448276]","[0.9565217391304348, 0.13829787234042554]"
Gradient Boosting,19,4,0.9803055229142186,0.7302158273381295,0.5723809523809524,0.16198436127895602,0.12753375092401675,0.2268041237113402,0.5385517624544726,0.7491638795986622,0.14666666666666667,0.9508928571428571,0.5,0.7689530685920578,0.5487797619047619,"[0.7689530685920578, 0.5]","[0.9508928571428571, 0.14666666666666667]","[0.8502994011976048, 0.2268041237113402]","[0.9508928571428571, 0.14666666666666667]"
Gradient Boosting,20,4,0.9798491830749896,0.7109375,0.6115433511314519,0.09114074914990773,0.07361963190184051,0.2204724409448819,0.5064626355667806,0.6721854304635762,0.14736842105263157,0.9130434782608695,0.4375,0.7,0.5302059496567505,"[0.7, 0.4375]","[0.9130434782608695, 0.14736842105263157]","[0.7924528301886793, 0.2204724409448819]","[0.9130434782608695, 0.14736842105263157]"
Gradient Boosting,21,5,0.9764021091556531,0.7058823529411765,0.6051742919389977,0.12586991464092534,0.10819268284563388,0.25210084033613445,0.5339179149920839,0.7043189368770764,0.17647058823529413,0.9120370370370371,0.4411764705882353,0.7378277153558053,0.5442538126361656,"[0.7378277153558053, 0.4411764705882353]","[0.9120370370370371, 0.17647058823529413]","[0.8157349896480331, 0.25210084033613445]","[0.9120370370370371, 0.17647058823529413]"
Gradient Boosting,22,5,0.9800861803631887,0.7412844036697248,0.5742059145673604,0.08023498458011168,0.0716850601218908,0.23140495867768596,0.5198261906790491,0.693069306930693,0.1686746987951807,0.8909090909090909,0.3684210526315789,0.7396226415094339,0.5297918948521358,"[0.7396226415094339, 0.3684210526315789]","[0.8909090909090909, 0.1686746987951807]","[0.8082474226804124, 0.23140495867768596]","[0.8909090909090909, 0.1686746987951807]"
Gradient Boosting,23,5,0.9633694807607851,0.7454545454545455,0.5920506912442397,0.08152836306830835,0.06829409007319809,0.2018348623853211,0.511226709543176,0.7070707070707071,0.1375,0.9170506912442397,0.3793103448275862,0.7425373134328358,0.5272753456221199,"[0.7425373134328358, 0.3793103448275862]","[0.9170506912442397, 0.1375]","[0.8206185567010309, 0.2018348623853211]","[0.9170506912442397, 0.1375]"
Gradient Boosting,24,5,0.9812537177948706,0.7425373134328358,0.6289665523156089,0.14206839172620797,0.11718026716042851,0.25210084033613445,0.5335348276524747,0.7033333333333334,0.17045454545454544,0.9245283018867925,0.4838709677419355,0.7286245353159851,0.5474914236706689,"[0.7286245353159851, 0.4838709677419355]","[0.9245283018867925, 0.17045454545454544]","[0.814968814968815, 0.25210084033613445]","[0.9245283018867925, 0.17045454545454544]"
Gradient Boosting,25,5,0.975467932837875,0.72,0.5440342429106474,0.1532039922429221,0.1270216186070925,0.2644628099173554,0.5389400003465183,0.7023411371237458,0.1797752808988764,0.9238095238095239,0.5,0.7265917602996255,0.5517924023542001,"[0.7265917602996255, 0.5]","[0.9238095238095239, 0.1797752808988764]","[0.8134171907756813, 0.2644628099173554]","[0.9238095238095239, 0.1797752808988764]"
Gradient Boosting,26,6,0.9700652004999832,0.700374531835206,0.6214861751152074,0.17602890420384765,0.1347576006573542,0.23529411764705882,0.5383787661406025,0.7373737373737373,0.15,0.9539170506912442,0.5454545454545454,0.7527272727272727,0.5519585253456221,"[0.7527272727272727, 0.5454545454545454]","[0.9539170506912442, 0.15]","[0.8414634146341463, 0.23529411764705882]","[0.9539170506912442, 0.15]"
Gradient Boosting,27,6,0.9725412996712262,0.7482014388489209,0.5317925721513166,0.0220030789962579,0.019612650159352762,0.17699115044247787,0.49340355068136166,0.6910299003322259,0.1282051282051282,0.8878923766816144,0.2857142857142857,0.7443609022556391,0.5080487524433712,"[0.7443609022556391, 0.2857142857142857]","[0.8878923766816144, 0.1282051282051282]","[0.8098159509202454, 0.17699115044247787]","[0.8878923766816144, 0.1282051282051282]"
Gradient Boosting,28,6,0.9680687652554498,0.7248062015503876,0.5824871820649442,0.08338962963605052,0.05990380411018803,0.18032786885245902,0.4859972677595628,0.6677740863787376,0.11224489795918367,0.9359605911330049,0.4583333333333333,0.6859205776173285,0.5241027445460943,"[0.6859205776173285, 0.4583333333333333]","[0.9359605911330049, 0.11224489795918367]","[0.7916666666666666, 0.18032786885245902]","[0.9359605911330049, 0.11224489795918367]"
Gradient Boosting,29,6,0.981376641889828,0.7339449541284404,0.59960407239819,0.0852753440579017,0.07358701734750983,0.21428571428571427,0.5173469387755102,0.707641196013289,0.15,0.9095022624434389,0.375,0.7472118959107806,0.5297511312217195,"[0.7472118959107806, 0.375]","[0.9095022624434389, 0.15]","[0.8204081632653061, 0.21428571428571427]","[0.9095022624434389, 0.15]"
Gradient Boosting,30,6,0.972704475308642,0.7052023121387283,0.5981149155972096,0.1579629004145698,0.12692638402010703,0.2542372881355932,0.5358323370138547,0.7066666666666667,0.16853932584269662,0.933649289099526,0.5172413793103449,0.7269372693726938,0.5510943074711113,"[0.7269372693726938, 0.5172413793103449]","[0.933649289099526, 0.16853932584269662]","[0.8174273858921162, 0.2542372881355932]","[0.933649289099526, 0.16853932584269662]"
Gradient Boosting,31,7,0.9737220824966935,0.6861598440545809,0.5888973466724663,0.16426907361928758,0.12772351615326816,0.24561403508771928,0.5332236842105262,0.7104377104377104,0.1590909090909091,0.9425837320574163,0.5384615384615384,0.7269372693726938,0.5508373205741627,"[0.7269372693726938, 0.5384615384615384]","[0.9425837320574163, 0.1590909090909091]","[0.8208333333333333, 0.24561403508771928]","[0.9425837320574163, 0.1590909090909091]"
Gradient Boosting,32,7,0.9758344894305284,0.7464285714285714,0.5954243717401612,0.1006442908821361,0.08213552361396304,0.19801980198019803,0.5171917191719172,0.7281879194630873,0.13157894736842105,0.9324324324324325,0.4,0.7582417582417582,0.5320056899004267,"[0.7582417582417582, 0.4]","[0.9324324324324325, 0.13157894736842105]","[0.8363636363636363, 0.19801980198019803]","[0.9324324324324325, 0.13157894736842105]"
Gradient Boosting,33,7,0.9781920111168634,0.7065420560747664,0.6163826706760218,0.06675848449361343,0.04978409956819896,0.1553398058252427,0.4904955542152266,0.7109634551495017,0.0975609756097561,0.9406392694063926,0.38095238095238093,0.7357142857142858,0.5191001225080744,"[0.7357142857142858, 0.38095238095238093]","[0.9406392694063926, 0.0975609756097561]","[0.8256513026052105, 0.1553398058252427]","[0.9406392694063926, 0.0975609756097561]"
Gradient Boosting,34,7,0.9782501167395928,0.7678244972577697,0.5477987421383648,0.05840209331143901,0.05079205431229561,0.21875,0.5043329831932772,0.6688741721854304,0.15555555555555556,0.8867924528301887,0.3684210526315789,0.7121212121212122,0.5211740041928721,"[0.7121212121212122, 0.3684210526315789]","[0.8867924528301887, 0.15555555555555556]","[0.7899159663865546, 0.21875]","[0.8867924528301887, 0.15555555555555556]"
Gradient Boosting,35,7,0.977858109601149,0.7027027027027027,0.6060030595558369,0.13741245077470066,0.11616389013957673,0.2601626016260163,0.5354867062184135,0.6986754966887417,0.1797752808988764,0.9154929577464789,0.47058823529411764,0.7276119402985075,0.5476341193226777,"[0.7276119402985075, 0.47058823529411764]","[0.9154929577464789, 0.1797752808988764]","[0.8108108108108109, 0.2601626016260163]","[0.9154929577464789, 0.1797752808988764]"
Gradient Boosting,36,8,0.9774822778748288,0.7252747252747253,0.529381024271281,0.022885437268163514,0.020149703785164452,0.17699115044247787,0.4918219785476423,0.6868686868686869,0.12658227848101267,0.8899082568807339,0.29411764705882354,0.7376425855513308,0.5082452676808733,"[0.7376425855513308, 0.29411764705882354]","[0.8899082568807339, 0.12658227848101267]","[0.8066528066528067, 0.17699115044247787]","[0.8899082568807339, 0.12658227848101267]"
Gradient Boosting,37,8,0.975339866123801,0.7356746765249538,0.576215644820296,0.046893268293442376,0.03745863666446059,0.1724137931034483,0.48824771287825475,0.6831683168316832,0.11363636363636363,0.9162790697674419,0.35714285714285715,0.7163636363636363,0.5149577167019027,"[0.7163636363636363, 0.35714285714285715]","[0.9162790697674419, 0.11363636363636363]","[0.8040816326530612, 0.1724137931034483]","[0.9162790697674419, 0.11363636363636363]"
Gradient Boosting,38,8,0.9726778185774513,0.7426470588235294,0.5796581675539367,0.050468024017877235,0.04295876787070918,0.19130434782608696,0.49897857723944683,0.6879194630872483,0.13253012048192772,0.9023255813953488,0.34375,0.7293233082706767,0.5174278509386383,"[0.7293233082706767, 0.34375]","[0.9023255813953488, 0.13253012048192772]","[0.8066528066528067, 0.19130434782608696]","[0.9023255813953488, 0.13253012048192772]"
Gradient Boosting,39,8,0.9733486715666353,0.71939736346516,0.6133461047254151,0.13799925186546724,0.10510235258172929,0.21621621621621623,0.5202293202293202,0.7128712871287128,0.13793103448275862,0.9444444444444444,0.5,0.7311827956989247,0.5411877394636015,"[0.7311827956989247, 0.5]","[0.9444444444444444, 0.13793103448275862]","[0.8242424242424242, 0.21621621621621623]","[0.9444444444444444, 0.13793103448275862]"
Gradient Boosting,40,8,0.9812754148807562,0.7074569789674953,0.5653274450667816,0.18735022567211349,0.14174412247129586,0.25,0.5385802469135803,0.7190635451505016,0.1590909090909091,0.95260663507109,0.5833333333333334,0.730909090909091,0.5558487720809996,"[0.730909090909091, 0.5833333333333334]","[0.95260663507109, 0.1590909090909091]","[0.8271604938271605, 0.25]","[0.95260663507109, 0.1590909090909091]"
Gradient Boosting,41,9,0.9819099378881988,0.7333333333333333,0.613193925815285,0.07013232254595796,0.04899398212874606,0.1732283464566929,0.4746738747208838,0.6476510067114094,0.10679611650485436,0.9333333333333333,0.4583333333333333,0.6642335766423357,0.5200647249190938,"[0.6642335766423357, 0.4583333333333333]","[0.9333333333333333, 0.10679611650485436]","[0.7761194029850746, 0.1732283464566929]","[0.9333333333333333, 0.10679611650485436]"
Gradient Boosting,42,9,0.9698444498408073,0.7450980392156863,0.5014850620231787,-0.029995852086115476,-0.026213452398099024,0.12844036697247707,0.4674788392907192,0.6833333333333333,0.09090909090909091,0.8878923766816144,0.21875,0.7388059701492538,0.48940073379535265,"[0.7388059701492538, 0.21875]","[0.8878923766816144, 0.09090909090909091]","[0.8065173116089613, 0.12844036697247707]","[0.8878923766816144, 0.09090909090909091]"
Gradient Boosting,43,9,0.9764790730427861,0.7404718693284936,0.5920787648243455,0.13464440469519592,0.11716397481522034,0.25862068965517243,0.5404673696209746,0.7133333333333334,0.18292682926829268,0.9128440366972477,0.4411764705882353,0.7481203007518797,0.5478854329827701,"[0.7481203007518797, 0.4411764705882353]","[0.9128440366972477, 0.18292682926829268]","[0.8223140495867769, 0.25862068965517243]","[0.9128440366972477, 0.18292682926829268]"
Gradient Boosting,44,9,0.9827808585774982,0.72,0.6097625609497562,0.05175470326842774,0.04206174743265856,0.18487394957983194,0.49202289611496774,0.6777408637873754,0.12359550561797752,0.910377358490566,0.36666666666666664,0.7121771217712177,0.5169864320542717,"[0.7121771217712177, 0.36666666666666664]","[0.910377358490566, 0.12359550561797752]","[0.7991718426501035, 0.18487394957983194]","[0.910377358490566, 0.12359550561797752]"
Gradient Boosting,45,9,0.9735862495296457,0.7129798903107861,0.6281104893439695,0.17854682295900476,0.15804195804195798,0.2830188679245283,0.5648965307364577,0.7475083056478405,0.20270270270270271,0.9251101321585903,0.46875,0.7806691449814126,0.5639064174306465,"[0.7806691449814126, 0.46875]","[0.9251101321585903, 0.20270270270270271]","[0.8467741935483871, 0.2830188679245283]","[0.9251101321585903, 0.20270270270270271]"
Gradient Boosting,46,10,0.9806458247634718,0.7747747747747747,0.5841691515315803,0.0875426869321686,0.07249409382382721,0.20869565217391303,0.5113007913221304,0.6986754966887417,0.1411764705882353,0.9170506912442397,0.4,0.7316176470588235,0.5291135809162375,"[0.7316176470588235, 0.4]","[0.9170506912442397, 0.1411764705882353]","[0.8139059304703476, 0.20869565217391303]","[0.9170506912442397, 0.1411764705882353]"
Gradient Boosting,47,10,0.9761802281888365,0.7276119402985075,0.6260032985156679,0.1042776763362961,0.08128491620111722,0.2,0.5098360655737705,0.705685618729097,0.12941176470588237,0.9345794392523364,0.44,0.7299270072992701,0.5319956019791094,"[0.7299270072992701, 0.44]","[0.9345794392523364, 0.12941176470588237]","[0.819672131147541, 0.2]","[0.9345794392523364, 0.12941176470588237]"
Gradient Boosting,48,10,0.9706563967433534,0.7182320441988951,0.5949308755760369,0.09060095105060514,0.07740921912379062,0.21621621621621623,0.5180459963068659,0.7070707070707071,0.15,0.9124423963133641,0.3870967741935484,0.7443609022556391,0.531221198156682,"[0.7443609022556391, 0.3870967741935484]","[0.9124423963133641, 0.15]","[0.8198757763975155, 0.21621621621621623]","[0.9124423963133641, 0.15]"
Gradient Boosting,49,10,0.9743858200866445,0.75177304964539,0.5794666347763693,0.05277212866958316,0.04670410877919007,0.18867924528301888,0.507295088228554,0.7133333333333334,0.13513513513513514,0.9026548672566371,0.3125,0.7611940298507462,0.5188950011958862,"[0.7611940298507462, 0.3125]","[0.9026548672566371, 0.13513513513513514]","[0.8259109311740891, 0.18867924528301888]","[0.9026548672566371, 0.13513513513513514]"
Gradient Boosting,50,10,0.9827951521315366,0.6829268292682927,0.5877050391606324,0.09268919021921353,0.06660202411975025,0.19047619047619047,0.4885435345686392,0.6622516556291391,0.1188118811881188,0.9353233830845771,0.48,0.6787003610108303,0.5270676321363479,"[0.6787003610108303, 0.48]","[0.9353233830845771, 0.1188118811881188]","[0.7866108786610879, 0.19047619047619047]","[0.9353233830845771, 0.1188118811881188]"
KNN,1,1,0.7967117189393654,0.4936014625228519,0.49572861552028225,0.02824162720642928,0.026946107784431073,0.23529411764705882,0.505578093306288,0.6533333333333333,0.19047619047619047,0.8333333333333334,0.3076923076923077,0.7258064516129032,0.5119047619047619,"[0.7258064516129032, 0.3076923076923077]","[0.8333333333333334, 0.19047619047619047]","[0.7758620689655172, 0.23529411764705882]","[0.8333333333333334, 0.19047619047619047]"
KNN,2,1,0.7862096057935369,0.5017543859649123,0.5750137438152831,0.1725664377254682,0.16636539109654103,0.3546099290780142,0.577742601300495,0.6956521739130435,0.29411764705882354,0.8551401869158879,0.44642857142857145,0.7530864197530864,0.5746289169873557,"[0.7530864197530864, 0.44642857142857145]","[0.8551401869158879, 0.29411764705882354]","[0.8008752735229759, 0.3546099290780142]","[0.8551401869158879, 0.29411764705882354]"
KNN,3,1,0.7717311881442857,0.45925925925925926,0.6010822510822511,0.10305350618079022,0.09652270758569481,0.2898550724637681,0.5379406366685653,0.6711409395973155,0.22727272727272727,0.8571428571428571,0.4,0.7258064516129032,0.5422077922077921,"[0.7258064516129032, 0.4]","[0.8571428571428571, 0.22727272727272727]","[0.7860262008733624, 0.2898550724637681]","[0.8571428571428571, 0.22727272727272727]"
KNN,4,1,0.7863753116265015,0.48816029143898,0.5636446886446886,0.1027755505491741,0.09619763560934524,0.2748091603053435,0.5382396532215653,0.6885245901639344,0.21428571428571427,0.8687782805429864,0.3829787234042553,0.7441860465116279,0.5415319974143503,"[0.7441860465116279, 0.3829787234042553]","[0.8687782805429864, 0.21428571428571427]","[0.8016701461377871, 0.2748091603053435]","[0.8687782805429864, 0.21428571428571427]"
KNN,5,1,0.7921669204123964,0.48114901256732495,0.5391911437472185,0.09008033418009162,0.08863036699448301,0.3108108108108108,0.5415661196911197,0.6577181208053692,0.27380952380952384,0.8084112149532711,0.359375,0.7393162393162394,0.5411103693813974,"[0.7393162393162394, 0.359375]","[0.8084112149532711, 0.27380952380952384]","[0.7723214285714286, 0.3108108108108108]","[0.8084112149532711, 0.27380952380952384]"
KNN,6,2,0.7885925715197646,0.4665391969407266,0.5866939664109475,0.12759294045642283,0.12050312252616757,0.31724137931034485,0.5512454185054978,0.6732673267326733,0.25274725274725274,0.8537735849056604,0.42592592592592593,0.7269076305220884,0.5532604188264565,"[0.7269076305220884, 0.42592592592592593]","[0.8537735849056604, 0.25274725274725274]","[0.7852494577006508, 0.31724137931034485]","[0.8537735849056604, 0.25274725274725274]"
KNN,7,2,0.799531396438613,0.4839319470699433,0.5220948410630537,0.03850038802596813,0.03660797034291019,0.2727272727272727,0.509090909090909,0.622895622895623,0.22105263157894736,0.8118811881188119,0.3559322033898305,0.6890756302521008,0.5164669098488797,"[0.6890756302521008, 0.3559322033898305]","[0.8118811881188119, 0.22105263157894736]","[0.7454545454545455, 0.2727272727272727]","[0.8118811881188119, 0.22105263157894736]"
KNN,8,2,0.7837836918397965,0.47358834244080145,0.5867364063548892,0.20460406440314705,0.19997547817557626,0.3829787234042553,0.5967181198720624,0.71,0.32926829268292684,0.8532110091743119,0.4576271186440678,0.7717842323651453,0.5912396509286194,"[0.7717842323651453, 0.4576271186440678]","[0.8532110091743119, 0.32926829268292684]","[0.8104575163398693, 0.3829787234042553]","[0.8532110091743119, 0.32926829268292684]"
KNN,9,2,0.7880072979407936,0.48928571428571427,0.5481941702473581,0.14210814176783731,0.13240489130434785,0.29508196721311475,0.5564392886913032,0.7104377104377104,0.22784810126582278,0.8853211009174312,0.4186046511627907,0.7598425196850394,0.556584601091627,"[0.7598425196850394, 0.4186046511627907]","[0.8853211009174312, 0.22784810126582278]","[0.8177966101694916, 0.29508196721311475]","[0.8853211009174312, 0.22784810126582278]"
KNN,10,2,0.7877640278013223,0.5079365079365079,0.541965811965812,0.06518441237909914,0.06464499727619388,0.28169014084507044,0.530931277319087,0.6633663366336634,0.2564102564102564,0.8044444444444444,0.3125,0.7573221757322176,0.5304273504273505,"[0.7573221757322176, 0.3125]","[0.8044444444444444, 0.2564102564102564]","[0.7801724137931034, 0.28169014084507044]","[0.8044444444444444, 0.2564102564102564]"
KNN,11,3,0.7841197183098592,0.5299145299145299,0.49808669656203286,0.05074051250218353,0.05029001211039574,0.2647058823529412,0.5236572890025576,0.6644295302013423,0.24,0.8071748878923767,0.29508196721311475,0.759493670886076,0.5235874439461883,"[0.759493670886076, 0.29508196721311475]","[0.8071748878923767, 0.24]","[0.782608695652174, 0.2647058823529412]","[0.8071748878923767, 0.24]"
KNN,12,3,0.8008053700413237,0.524822695035461,0.5546909861668897,0.1360960230079786,0.13100409387793377,0.32116788321167883,0.5597162626470542,0.6889632107023411,0.26506024096385544,0.8518518518518519,0.4074074074074074,0.7510204081632653,0.5584560464078536,"[0.7510204081632653, 0.4074074074074074]","[0.8518518518518519, 0.26506024096385544]","[0.7982646420824295, 0.32116788321167883]","[0.8518518518518519, 0.26506024096385544]"
KNN,13,3,0.7823015873015873,0.43286573146292584,0.5671039603960396,0.1743499849209153,0.15705354869734955,0.3443708609271523,0.5624293329026006,0.6710963455149501,0.25742574257425743,0.88,0.52,0.701195219123506,0.5687128712871288,"[0.701195219123506, 0.52]","[0.88, 0.25742574257425743]","[0.7804878048780488, 0.3443708609271523]","[0.88, 0.25742574257425743]"
KNN,14,3,0.7868557998992781,0.49477351916376305,0.5527976190476189,0.13164611994806466,0.12620633410357474,0.29508196721311475,0.5572048491527759,0.7123745819397993,0.24,0.8705357142857143,0.3829787234042553,0.7738095238095238,0.5552678571428571,"[0.7738095238095238, 0.3829787234042553]","[0.8705357142857143, 0.24]","[0.819327731092437, 0.29508196721311475]","[0.8705357142857143, 0.24]"
KNN,15,3,0.7920965716307825,0.4747663551401869,0.5585735019697284,0.14097393582997908,0.1321128008268122,0.32167832167832167,0.5560875409687505,0.6798679867986799,0.25274725274725274,0.8632075471698113,0.4423076923076923,0.7290836653386454,0.557977399958532,"[0.7290836653386454, 0.4423076923076923]","[0.8632075471698113, 0.25274725274725274]","[0.7904967602591793, 0.32167832167832167]","[0.8632075471698113, 0.25274725274725274]"
KNN,16,4,0.8005733667124284,0.5292096219931272,0.5629370629370629,0.12995030979208522,0.12804528973983842,0.3235294117647059,0.5617647058823529,0.6912751677852349,0.2857142857142857,0.832579185520362,0.3728813559322034,0.7698744769874477,0.5591467356173239,"[0.7698744769874477, 0.3728813559322034]","[0.832579185520362, 0.2857142857142857]","[0.8, 0.3235294117647059]","[0.832579185520362, 0.2857142857142857]"
KNN,17,4,0.7858196293173199,0.49910873440285203,0.5702987213403881,0.0723064325973365,0.07073258751353306,0.2896551724137931,0.5316407730200834,0.6566666666666666,0.25,0.8148148148148148,0.3442622950819672,0.7364016736401674,0.5324074074074074,"[0.7364016736401674, 0.3442622950819672]","[0.8148148148148148, 0.25]","[0.7736263736263737, 0.2896551724137931]","[0.8148148148148148, 0.25]"
KNN,18,4,0.7852931348935637,0.47307692307692306,0.5456367560900401,0.1092442652964037,0.10149253731343277,0.3013698630136986,0.5388428262436914,0.6611295681063123,0.23404255319148937,0.855072463768116,0.4230769230769231,0.7108433734939759,0.5445575084798027,"[0.7108433734939759, 0.4230769230769231]","[0.855072463768116, 0.23404255319148937]","[0.7763157894736842, 0.3013698630136986]","[0.855072463768116, 0.23404255319148937]"
KNN,19,4,0.786726540204801,0.46536412078152756,0.5781845238095238,0.2637271412132838,0.2567858681602758,0.4094488188976378,0.6251065750539144,0.7491638795986622,0.3466666666666667,0.8839285714285714,0.5,0.8016194331983806,0.615297619047619,"[0.8016194331983806, 0.5]","[0.8839285714285714, 0.3466666666666667]","[0.8407643312101911, 0.4094488188976378]","[0.8839285714285714, 0.3466666666666667]"
KNN,20,4,0.7864421868454127,0.4972170686456401,0.6052885837782863,0.17486474675530272,0.16271010223531457,0.35135135135135137,0.5704125177809388,0.6821192052980133,0.2736842105263158,0.8695652173913043,0.49056603773584906,0.7228915662650602,0.5716247139588101,"[0.7228915662650602, 0.49056603773584906]","[0.8695652173913043, 0.2736842105263158]","[0.7894736842105263, 0.35135135135135137]","[0.8695652173913043, 0.2736842105263158]"
KNN,21,5,0.7840957337533383,0.48727272727272725,0.561628540305011,0.10320871374653917,0.09711286089238857,0.2835820895522388,0.5392269422120168,0.6810631229235881,0.2235294117647059,0.8611111111111112,0.3877551020408163,0.7380952380952381,0.5423202614379086,"[0.7380952380952381, 0.3877551020408163]","[0.8611111111111112, 0.2235294117647059]","[0.7948717948717948, 0.2835820895522388]","[0.8611111111111112, 0.2235294117647059]"
KNN,22,5,0.7855647891658972,0.49454545454545457,0.5768893756845564,0.1393816797130103,0.1342059175960918,0.32116788321167883,0.5614368200706582,0.693069306930693,0.26506024096385544,0.8545454545454545,0.4074074074074074,0.7550200803212851,0.5598028477546549,"[0.7550200803212851, 0.4074074074074074]","[0.8545454545454545, 0.26506024096385544]","[0.8017057569296375, 0.32116788321167883]","[0.8545454545454545, 0.26506024096385544]"
KNN,23,5,0.8020658085875477,0.4972972972972973,0.5463133640552995,0.09817949290961091,0.0935910478128178,0.27906976744186046,0.5395348837209303,0.6868686868686869,0.225,0.8571428571428571,0.3673469387755102,0.75,0.5410714285714285,"[0.75, 0.3673469387755102]","[0.8571428571428571, 0.225]","[0.8, 0.27906976744186046]","[0.8571428571428571, 0.225]"
KNN,24,5,0.7775426278491633,0.5009009009009009,0.5317592195540309,0.07828474947998179,0.07270029673590506,0.2647058823529412,0.5245943204868154,0.6666666666666666,0.20454545454545456,0.8584905660377359,0.375,0.7222222222222222,0.5315180102915952,"[0.7222222222222222, 0.375]","[0.8584905660377359, 0.20454545454545456]","[0.7844827586206896, 0.2647058823529412]","[0.8584905660377359, 0.20454545454545456]"
KNN,25,5,0.8026476052848885,0.5161290322580645,0.5145264847512039,-0.02100477588354468,-0.020357731230877807,0.22666666666666666,0.48386904761904764,0.6120401337792643,0.19101123595505617,0.7904761904761904,0.2786885245901639,0.6974789915966386,0.4907437132156233,"[0.6974789915966386, 0.2786885245901639]","[0.7904761904761904, 0.19101123595505617]","[0.7410714285714286, 0.22666666666666666]","[0.7904761904761904, 0.19101123595505617]"
KNN,26,6,0.7892537414276545,0.48936170212765956,0.5254032258064516,0.037693307572596944,0.037232564601278106,0.26573426573426573,0.5164591506054921,0.6464646464646465,0.2375,0.7972350230414746,0.30158730158730157,0.7393162393162394,0.5173675115207373,"[0.7393162393162394, 0.30158730158730157]","[0.7972350230414746, 0.2375]","[0.7671840354767184, 0.26573426573426573]","[0.7972350230414746, 0.2375]"
KNN,27,6,0.7981947883265008,0.5138888888888888,0.5482925146602277,0.10347244269935525,0.10199515196718245,0.30434782608695654,0.5487256371814093,0.6810631229235881,0.2692307692307692,0.8251121076233184,0.35,0.7634854771784232,0.5471714384270439,"[0.7634854771784232, 0.35]","[0.8251121076233184, 0.2692307692307692]","[0.7931034482758621, 0.30434782608695654]","[0.8251121076233184, 0.2692307692307692]"
KNN,28,6,0.7859134332126926,0.46153846153846156,0.5953051171207399,0.1325895270440661,0.12174609531437719,0.32,0.5471681415929204,0.6611295681063123,0.24489795918367346,0.8620689655172413,0.46153846153846156,0.7028112449799196,0.5534834623504574,"[0.7028112449799196, 0.46153846153846156]","[0.8620689655172413, 0.24489795918367346]","[0.7743362831858407, 0.32]","[0.8620689655172413, 0.24489795918367346]"
KNN,29,6,0.7984675694939415,0.5,0.577121040723982,0.14926075491282584,0.14332768379648875,0.32061068702290074,0.5658255133628305,0.7043189368770764,0.2625,0.8642533936651584,0.4117647058823529,0.764,0.5633766968325792,"[0.764, 0.4117647058823529]","[0.8642533936651584, 0.2625]","[0.8110403397027601, 0.32061068702290074]","[0.8642533936651584, 0.2625]"
KNN,30,6,0.7900855654761905,0.4777777777777778,0.5443048085627562,0.08816803703685888,0.0808368408021789,0.26666666666666666,0.5268817204301075,0.67,0.20224719101123595,0.8672985781990521,0.391304347826087,0.7204724409448819,0.534772884605144,"[0.7204724409448819, 0.391304347826087]","[0.8672985781990521, 0.20224719101123595]","[0.7870967741935484, 0.26666666666666666]","[0.8672985781990521, 0.20224719101123595]"
KNN,31,7,0.7964240924884013,0.5214285714285715,0.49717268377555457,0.022446175163718794,0.021739130434782705,0.25675675675675674,0.5050599927281542,0.6296296296296297,0.2159090909090909,0.8038277511961722,0.31666666666666665,0.7088607594936709,0.5098684210526315,"[0.7088607594936709, 0.31666666666666665]","[0.8038277511961722, 0.2159090909090909]","[0.7533632286995515, 0.25675675675675674]","[0.8038277511961722, 0.2159090909090909]"
KNN,32,7,0.7709247993765473,0.46017699115044247,0.5803698435277382,0.16445435903444997,0.16061836761430637,0.3384615384615385,0.5769560911191813,0.7114093959731543,0.2894736842105263,0.8558558558558559,0.4074074074074074,0.7786885245901639,0.572664770033191,"[0.7786885245901639, 0.4074074074074074]","[0.8558558558558559, 0.2894736842105263]","[0.8154506437768241, 0.3384615384615385]","[0.8558558558558559, 0.2894736842105263]"
KNN,33,7,0.7869574398517751,0.47866419294990725,0.5999554516093106,0.12684388489112375,0.11584540743918936,0.2764227642276423,0.5453095031994162,0.7043189368770764,0.2073170731707317,0.8904109589041096,0.4146341463414634,0.75,0.5488640160374206,"[0.75, 0.4146341463414634]","[0.8904109589041096, 0.2073170731707317]","[0.81419624217119, 0.2764227642276423]","[0.8904109589041096, 0.2073170731707317]"
KNN,34,7,0.7975147437782121,0.5091575091575091,0.5242138364779874,0.05385501357552518,0.05307950727883537,0.3,0.5238738738738739,0.6291390728476821,0.26666666666666666,0.7830188679245284,0.34285714285714286,0.7155172413793104,0.5248427672955975,"[0.7155172413793104, 0.34285714285714286]","[0.7830188679245284, 0.26666666666666666]","[0.7477477477477478, 0.3]","[0.7830188679245284, 0.26666666666666666]"
KNN,35,7,0.7994972931167827,0.5054151624548736,0.5411721263913066,0.07278100262564216,0.07055339411184014,0.29333333333333333,0.5299265785609397,0.6490066225165563,0.24719101123595505,0.8169014084507042,0.36065573770491804,0.7219917012448133,0.5320462098433296,"[0.7219917012448133, 0.36065573770491804]","[0.8169014084507042, 0.24719101123595505]","[0.7665198237885462, 0.29333333333333333]","[0.8169014084507042, 0.24719101123595505]"
KNN,36,8,0.7970100026304963,0.5079365079365079,0.5255777493903147,0.08789112637532931,0.08615384615384614,0.291970802919708,0.5398584867990225,0.6734006734006734,0.25316455696202533,0.8256880733944955,0.3448275862068966,0.7531380753138075,0.5394263151782603,"[0.7531380753138075, 0.3448275862068966]","[0.8256880733944955, 0.25316455696202533]","[0.787746170678337, 0.291970802919708]","[0.8256880733944955, 0.25316455696202533]"
KNN,37,8,0.7982109585259816,0.49725776965265084,0.5282505285412262,0.11391107855263247,0.10630340256028215,0.291970802919708,0.542573887600579,0.6798679867986799,0.22727272727272727,0.8651162790697674,0.40816326530612246,0.7322834645669292,0.5461945031712473,"[0.7322834645669292, 0.40816326530612246]","[0.8651162790697674, 0.22727272727272727]","[0.7931769722814499, 0.291970802919708]","[0.8651162790697674, 0.22727272727272727]"
KNN,38,8,0.7941520467836257,0.5035460992907801,0.5186606892687027,0.08436724400620663,0.0816783913341218,0.28776978417266186,0.5355697936180597,0.6677852348993288,0.24096385542168675,0.8325581395348837,0.35714285714285715,0.7396694214876033,0.5367609974782852,"[0.7396694214876033, 0.35714285714285715]","[0.8325581395348837, 0.24096385542168675]","[0.7833698030634574, 0.28776978417266186]","[0.8325581395348837, 0.24096385542168675]"
KNN,39,8,0.7837222999083839,0.4785046728971963,0.5969561515538526,0.13004790600391458,0.12592723419286478,0.3287671232876712,0.5578618225134009,0.6765676567656765,0.27586206896551724,0.8379629629629629,0.4067796610169492,0.7418032786885246,0.5569125159642401,"[0.7418032786885246, 0.4067796610169492]","[0.8379629629629629, 0.27586206896551724]","[0.7869565217391304, 0.3287671232876712]","[0.8379629629629629, 0.27586206896551724]"
KNN,40,8,0.7701996785361029,0.4652908067542214,0.5986105127100387,0.17737695976382456,0.1647007698038241,0.3382352941176471,0.5717150496562262,0.6989966555183946,0.26136363636363635,0.8815165876777251,0.4791666666666667,0.7410358565737052,0.5714401120206807,"[0.7410358565737052, 0.4791666666666667]","[0.8815165876777251, 0.26136363636363635]","[0.8051948051948052, 0.3382352941176471]","[0.8815165876777251, 0.26136363636363635]"
KNN,41,9,0.7901979813664597,0.49034749034749037,0.5686333084391337,0.10894763843869153,0.09984896794764231,0.31645569620253167,0.5349401768683891,0.6375838926174496,0.24271844660194175,0.8461538461538461,0.45454545454545453,0.6790123456790124,0.544436146377894,"[0.6790123456790124, 0.45454545454545453]","[0.8461538461538461, 0.24271844660194175]","[0.7534246575342466, 0.31645569620253167]","[0.8461538461538461, 0.24271844660194175]"
KNN,42,9,0.8068405644595542,0.5277777777777778,0.49609807233125613,0.04443177497555207,0.043929263263138174,0.2608695652173913,0.5200451722190853,0.66,0.23376623376623376,0.8071748878923767,0.29508196721311475,0.7531380753138075,0.5204705608293052,"[0.7531380753138075, 0.29508196721311475]","[0.8071748878923767, 0.23376623376623376]","[0.7792207792207793, 0.2608695652173913]","[0.8071748878923767, 0.23376623376623376]"
KNN,43,9,0.7853434756132825,0.473967684021544,0.5916312374132915,0.12239975405553315,0.11906528189910981,0.31654676258992803,0.5552365049392156,0.6833333333333333,0.2682926829268293,0.8394495412844036,0.38596491228070173,0.7530864197530864,0.5538711121056165,"[0.7530864197530864, 0.38596491228070173]","[0.8394495412844036, 0.2682926829268293]","[0.7939262472885033, 0.31654676258992803]","[0.8394495412844036, 0.2682926829268293]"
KNN,44,9,0.7885094217292943,0.49534450651769085,0.5401208395166419,0.1468312211574145,0.13831550399276782,0.3262411347517731,0.5600836910201381,0.6843853820598007,0.25842696629213485,0.8632075471698113,0.4423076923076923,0.7349397590361446,0.560817256730973,"[0.7349397590361446, 0.4423076923076923]","[0.8632075471698113, 0.25842696629213485]","[0.7939262472885033, 0.3262411347517731]","[0.8632075471698113, 0.25842696629213485]"
KNN,45,9,0.7865482045906574,0.48704663212435234,0.6191808548636742,0.18809459797424624,0.18352629837909362,0.3492063492063492,0.5884687208216619,0.7275747508305648,0.2972972972972973,0.8678414096916299,0.4230769230769231,0.7911646586345381,0.5825693534944636,"[0.7911646586345381, 0.4230769230769231]","[0.8678414096916299, 0.2972972972972973]","[0.8277310924369747, 0.3492063492063492]","[0.8678414096916299, 0.2972972972972973]"
KNN,46,10,0.7944964349376114,0.5197132616487455,0.5727026294388724,0.12094503268830831,0.11960976736131157,0.33986928104575165,0.5579612480616785,0.6655629139072847,0.3058823529411765,0.8064516129032258,0.38235294117647056,0.7478632478632479,0.5561669829222011,"[0.7478632478632479, 0.38235294117647056]","[0.8064516129032258, 0.3058823529411765]","[0.7760532150776053, 0.33986928104575165]","[0.8064516129032258, 0.3058823529411765]"
KNN,47,10,0.7821513971442235,0.45161290322580644,0.607724024189115,0.1616489649087708,0.15206705318880764,0.3283582089552239,0.5671963458569222,0.6989966555183946,0.25882352941176473,0.8738317757009346,0.4489795918367347,0.748,0.5663276525563496,"[0.748, 0.4489795918367347]","[0.8738317757009346, 0.25882352941176473]","[0.8060344827586207, 0.3283582089552239]","[0.8738317757009346, 0.25882352941176473]"
KNN,48,10,0.7773757643322861,0.48324514991181655,0.5644297235023041,0.07853809023871249,0.0713328522832698,0.23529411764705882,0.5218575851393189,0.6936026936026936,0.175,0.8847926267281107,0.358974358974359,0.7441860465116279,0.5298963133640553,"[0.7441860465116279, 0.358974358974359]","[0.8847926267281107, 0.175]","[0.8084210526315789, 0.23529411764705882]","[0.8847926267281107, 0.175]"
KNN,49,10,0.7970144195114748,0.5460869565217391,0.5543829227457546,0.05933869966278425,0.05803807509254366,0.25196850393700787,0.5255614189875314,0.6833333333333333,0.21621621621621623,0.8362831858407079,0.3018867924528302,0.7651821862348178,0.5262497010284621,"[0.7651821862348178, 0.3018867924528302]","[0.8362831858407079, 0.21621621621621623]","[0.7991543340380549, 0.25196850393700787]","[0.8362831858407079, 0.21621621621621623]"
KNN,50,10,0.7825062858434331,0.46360153256704983,0.5817693709669475,0.1563133319412063,0.14083713593600367,0.33112582781456956,0.554083885209713,0.6655629139072847,0.24752475247524752,0.8756218905472637,0.5,0.6984126984126984,0.5615733215112556,"[0.6984126984126984, 0.5]","[0.8756218905472637, 0.24752475247524752]","[0.7770419426048565, 0.33112582781456956]","[0.8756218905472637, 0.24752475247524752]"
Logistic Regression,1,1,0.6962778105892755,0.5180863477246208,0.6432980599647266,0.20758816655786402,0.19354838709677424,0.4727272727272727,0.583732057416268,0.6133333333333333,0.6190476190476191,0.6111111111111112,0.38235294117647056,0.8048780487804879,0.6150793650793651,"[0.8048780487804879, 0.38235294117647056]","[0.6111111111111112, 0.6190476190476191]","[0.6947368421052632, 0.4727272727272727]","[0.6111111111111112, 0.6190476190476191]"
Logistic Regression,2,1,0.7104188016670083,0.5219454329774614,0.5984606926882903,0.11589673938705301,0.11315769796365993,0.4020100502512563,0.5518822181080842,0.6020066889632107,0.47058823529411764,0.6542056074766355,0.3508771929824561,0.7567567567567568,0.5623969213853766,"[0.7567567567567568, 0.3508771929824561]","[0.6542056074766355, 0.47058823529411764]","[0.7017543859649122, 0.4020100502512563]","[0.6542056074766355, 0.47058823529411764]"
Logistic Regression,3,1,0.6976312584689799,0.49325153374233127,0.633982683982684,0.24539232482098594,0.23567764514118617,0.5023255813953489,0.6107428431911128,0.6409395973154363,0.6136363636363636,0.6523809523809524,0.4251968503937008,0.8011695906432749,0.633008658008658,"[0.8011695906432749, 0.4251968503937008]","[0.6523809523809524, 0.6136363636363636]","[0.7191601049868767, 0.5023255813953489]","[0.6523809523809524, 0.6136363636363636]"
Logistic Regression,4,1,0.7121876008708372,0.5109489051094891,0.5531135531135531,0.028487318039494385,0.026901094865379727,0.35348837209302325,0.500794818957904,0.5442622950819672,0.4523809523809524,0.579185520361991,0.2900763358778626,0.735632183908046,0.5157832363714717,"[0.735632183908046, 0.2900763358778626]","[0.579185520361991, 0.4523809523809524]","[0.6481012658227848, 0.35348837209302325]","[0.579185520361991, 0.4523809523809524]"
Logistic Regression,5,1,0.7081447270274964,0.5228915662650603,0.5819425901201601,0.0396001488203192,0.03805145260686682,0.3592233009708738,0.5103808812546676,0.5570469798657718,0.44047619047619047,0.602803738317757,0.30327868852459017,0.7329545454545454,0.5216399643969738,"[0.7329545454545454, 0.30327868852459017]","[0.602803738317757, 0.44047619047619047]","[0.6615384615384615, 0.3592233009708738]","[0.602803738317757, 0.44047619047619047]"
Logistic Regression,6,2,0.6868464692862248,0.4927536231884058,0.6724030686294837,0.23293992795103968,0.22282782943251045,0.5,0.6034031413612566,0.6303630363036303,0.6153846153846154,0.6367924528301887,0.42105263157894735,0.7941176470588235,0.6260885341074021,"[0.7941176470588235, 0.42105263157894735]","[0.6367924528301887, 0.6153846153846154]","[0.7068062827225131, 0.5]","[0.6367924528301887, 0.6153846153846154]"
Logistic Regression,7,2,0.7120170779964594,0.5175332527206772,0.6143303804064617,0.16140218603436315,0.15997618220612309,0.4519230769230769,0.578293144679155,0.6161616161616161,0.49473684210526314,0.6732673267326733,0.415929203539823,0.7391304347826086,0.5840020844189682,"[0.7391304347826086, 0.415929203539823]","[0.6732673267326733, 0.49473684210526314]","[0.7046632124352331, 0.4519230769230769]","[0.6732673267326733, 0.49473684210526314]"
Logistic Regression,8,2,0.6972930862626764,0.5239766081871345,0.6570821212799284,0.21426108980146463,0.20412888288635933,0.46601941747572817,0.5934158001084224,0.6333333333333333,0.5853658536585366,0.6513761467889908,0.3870967741935484,0.8068181818181818,0.6183710002237637,"[0.8068181818181818, 0.3870967741935484]","[0.6513761467889908, 0.5853658536585366]","[0.7208121827411168, 0.46601941747572817]","[0.6513761467889908, 0.5853658536585366]"
Logistic Regression,9,2,0.710615063975017,0.5244338498212158,0.6014400185808849,0.18760023830518716,0.1787609296764069,0.44221105527638194,0.5805991985242669,0.6262626262626263,0.5569620253164557,0.6513761467889908,0.36666666666666664,0.8022598870056498,0.6041690860527232,"[0.8022598870056498, 0.36666666666666664]","[0.6513761467889908, 0.5569620253164557]","[0.7189873417721518, 0.44221105527638194]","[0.6513761467889908, 0.5569620253164557]"
Logistic Regression,10,2,0.7038481098491269,0.5304659498207885,0.6243304843304843,0.13227665888094614,0.12528868360277146,0.4,0.5522167487684729,0.6039603960396039,0.5128205128205128,0.6355555555555555,0.32786885245901637,0.7900552486187845,0.5741880341880341,"[0.7900552486187845, 0.32786885245901637]","[0.6355555555555555, 0.5128205128205128]","[0.7044334975369458, 0.4]","[0.6355555555555555, 0.5128205128205128]"
Logistic Regression,11,3,0.6948222669349431,0.5046948356807511,0.6584155455904335,0.2242831351130901,0.2183244131206613,0.44692737430167595,0.604758651179615,0.6677852348993288,0.5333333333333333,0.7130044843049327,0.38461538461538464,0.8195876288659794,0.623168908819133,"[0.8195876288659794, 0.38461538461538464]","[0.7130044843049327, 0.5333333333333333]","[0.762589928057554, 0.44692737430167595]","[0.7130044843049327, 0.5333333333333333]"
Logistic Regression,12,3,0.7041303297047431,0.5201900237529691,0.609995537706381,0.08013086769211317,0.07741107353558296,0.3781094527363184,0.5316239958895698,0.5819397993311036,0.4578313253012048,0.6296296296296297,0.3220338983050847,0.7513812154696132,0.5437304774654173,"[0.7513812154696132, 0.3220338983050847]","[0.6296296296296297, 0.4578313253012048]","[0.6851385390428212, 0.3781094527363184]","[0.6296296296296297, 0.4578313253012048]"
Logistic Regression,13,3,0.6927724867724868,0.49454545454545457,0.6621782178217822,0.19697034528734064,0.18539461814341351,0.5138339920948617,0.580699231004451,0.5913621262458472,0.6435643564356436,0.565,0.4276315789473684,0.7583892617449665,0.6042821782178218,"[0.7583892617449665, 0.4276315789473684]","[0.565, 0.6435643564356436]","[0.6475644699140402, 0.5138339920948617]","[0.565, 0.6435643564356436]"
Logistic Regression,14,3,0.7238710760449891,0.5450180072028812,0.5373214285714286,0.0295160848610537,0.027279080415451573,0.33497536945812806,0.49660160877969695,0.5484949832775919,0.4533333333333333,0.5803571428571429,0.265625,0.7602339181286549,0.5168452380952381,"[0.7602339181286549, 0.265625]","[0.5803571428571429, 0.4533333333333333]","[0.6582278481012658, 0.33497536945812806]","[0.5803571428571429, 0.4533333333333333]"
Logistic Regression,15,3,0.7087065729491192,0.500590318772137,0.5948579722164627,0.14384289051284868,0.13912435957149505,0.44036697247706424,0.5629669913931713,0.5973597359735974,0.5274725274725275,0.6273584905660378,0.3779527559055118,0.7556818181818182,0.5774155090192826,"[0.7556818181818182, 0.3779527559055118]","[0.6273584905660378, 0.5274725274725275]","[0.6855670103092784, 0.44036697247706424]","[0.6273584905660378, 0.5274725274725275]"
Logistic Regression,16,4,0.7055607149586799,0.5162846803377563,0.614738202973497,0.15195916939090268,0.14372058459251913,0.41414141414141414,0.5613420638546267,0.610738255033557,0.5324675324675324,0.6380090497737556,0.33884297520661155,0.7966101694915254,0.585238291120644,"[0.7966101694915254, 0.33884297520661155]","[0.6380090497737556, 0.5324675324675324]","[0.7085427135678392, 0.41414141414141414]","[0.6380090497737556, 0.5324675324675324]"
Logistic Regression,17,4,0.7222030663767116,0.5225653206650831,0.5386353615520282,0.03096690009051932,0.028658032515844534,0.36771300448430494,0.49685384972225854,0.53,0.4880952380952381,0.5462962962962963,0.2949640287769784,0.7329192546583851,0.5171957671957672,"[0.7329192546583851, 0.2949640287769784]","[0.5462962962962963, 0.4880952380952381]","[0.6259946949602122, 0.36771300448430494]","[0.5462962962962963, 0.4880952380952381]"
Logistic Regression,18,4,0.7038892060088824,0.5073170731707317,0.6163531709322644,0.18323958799239673,0.18127064309306384,0.46153846153846156,0.5886372510737994,0.627906976744186,0.5106382978723404,0.6811594202898551,0.42105263157894735,0.7540106951871658,0.5958988590810977,"[0.7540106951871658, 0.42105263157894735]","[0.6811594202898551, 0.5106382978723404]","[0.7157360406091371, 0.46153846153846156]","[0.6811594202898551, 0.5106382978723404]"
Logistic Regression,19,4,0.6916568742655699,0.5120551090700345,0.6316666666666667,0.1591653209216792,0.15385414232676486,0.40437158469945356,0.5708604911449076,0.6354515050167224,0.49333333333333335,0.6830357142857143,0.3425925925925926,0.8010471204188482,0.5881845238095238,"[0.8010471204188482, 0.3425925925925926]","[0.6830357142857143, 0.49333333333333335]","[0.7373493975903614, 0.40437158469945356]","[0.6830357142857143, 0.49333333333333335]"
Logistic Regression,20,4,0.7056765814830331,0.4951219512195122,0.6071700991609458,0.11449360584049938,0.10830760971681652,0.44537815126050423,0.5423612067777931,0.5629139072847682,0.5578947368421052,0.5652173913043478,0.3706293706293706,0.7358490566037735,0.5615560640732264,"[0.7358490566037735, 0.3706293706293706]","[0.5652173913043478, 0.5578947368421052]","[0.639344262295082, 0.44537815126050423]","[0.5652173913043478, 0.5578947368421052]"
Logistic Regression,21,5,0.7006573991645553,0.5090036014405762,0.6400871459694989,0.1659373440991119,0.16127297614391856,0.43564356435643564,0.5753217821782178,0.6212624584717608,0.5176470588235295,0.6620370370370371,0.37606837606837606,0.7771739130434783,0.5898420479302833,"[0.7771739130434783, 0.37606837606837606]","[0.6620370370370371, 0.5176470588235295]","[0.715, 0.43564356435643564]","[0.6620370370370371, 0.5176470588235295]"
Logistic Regression,22,5,0.7165589412126808,0.5326991676575505,0.5886637458926616,0.12090181739593837,0.11552792082967467,0.4057971014492754,0.548763212378773,0.594059405940594,0.5060240963855421,0.6272727272727273,0.3387096774193548,0.770949720670391,0.5666484118291347,"[0.770949720670391, 0.3387096774193548]","[0.6272727272727273, 0.5060240963855421]","[0.6917293233082706, 0.4057971014492754]","[0.6272727272727273, 0.5060240963855421]"
Logistic Regression,23,5,0.6941116854160333,0.5023584905660378,0.6689516129032258,0.22309528317816155,0.20575079872204483,0.4744186046511628,0.5881327851751856,0.6195286195286195,0.6375,0.6129032258064516,0.37777777777777777,0.8209876543209876,0.6252016129032258,"[0.8209876543209876, 0.37777777777777777]","[0.6129032258064516, 0.6375]","[0.7018469656992085, 0.4744186046511628]","[0.6129032258064516, 0.6375]"
Logistic Regression,24,5,0.6911436538745871,0.48642266824085006,0.6500857632933106,0.21285563808838429,0.20525059665871115,0.4788732394366197,0.5960257670051315,0.63,0.5795454545454546,0.6509433962264151,0.408,0.7885714285714286,0.6152444253859348,"[0.7885714285714286, 0.408]","[0.6509433962264151, 0.5795454545454546]","[0.7131782945736435, 0.4788732394366197]","[0.6509433962264151, 0.5795454545454546]"
Logistic Regression,25,5,0.7081750619322874,0.5096618357487923,0.6006955591225254,0.13852864233961032,0.13179093293368305,0.44144144144144143,0.5558271036994441,0.5852842809364549,0.550561797752809,0.6,0.3684210526315789,0.7590361445783133,0.5752808988764044,"[0.7590361445783133, 0.3684210526315789]","[0.6, 0.550561797752809]","[0.6702127659574468, 0.44144144144144143]","[0.6, 0.550561797752809]"
Logistic Regression,26,6,0.6899293942772204,0.49940828402366866,0.6733294930875576,0.20108850390087746,0.18641766513422742,0.460093896713615,0.5791283131862038,0.6127946127946128,0.6125,0.6129032258064516,0.3684210526315789,0.8109756097560976,0.6127016129032259,"[0.8109756097560976, 0.3684210526315789]","[0.6129032258064516, 0.6125]","[0.6981627296587927, 0.460093896713615]","[0.6129032258064516, 0.6125]"
Logistic Regression,27,6,0.7175318964700789,0.5424528301886793,0.5516844889042198,0.08450741219681145,0.07791782615812748,0.3791469194312796,0.5220542781299621,0.5647840531561462,0.5128205128205128,0.5829596412556054,0.3007518796992481,0.7738095238095238,0.547890077038059,"[0.7738095238095238, 0.3007518796992481]","[0.5829596412556054, 0.5128205128205128]","[0.6649616368286445, 0.3791469194312796]","[0.5829596412556054, 0.5128205128205128]"
Logistic Regression,28,6,0.7044651123642791,0.49079754601226994,0.6245099024831607,0.1385506588437292,0.13564307893446637,0.4533333333333333,0.5635366931918656,0.5913621262458472,0.5204081632653061,0.625615763546798,0.4015748031496063,0.7298850574712644,0.5730119634060521,"[0.7298850574712644, 0.4015748031496063]","[0.625615763546798, 0.5204081632653061]","[0.6737400530503979, 0.4533333333333333]","[0.625615763546798, 0.5204081632653061]"
Logistic Regression,29,6,0.7065336184366833,0.5225653206650831,0.6098981900452488,0.19159110756145803,0.1778068311815656,0.4507042253521127,0.5749665085629458,0.6112956810631229,0.6,0.6153846153846154,0.3609022556390977,0.8095238095238095,0.6076923076923078,"[0.8095238095238095, 0.3609022556390977]","[0.6153846153846154, 0.6]","[0.699228791773779, 0.4507042253521127]","[0.6153846153846154, 0.6]"
Logistic Regression,30,6,0.7038277116402116,0.500587544065805,0.6079130944139731,0.1436530147331652,0.14080093997845888,0.4292682926829268,0.5665328805186786,0.61,0.4943820224719101,0.6587677725118484,0.3793103448275862,0.7554347826086957,0.5765748974918792,"[0.7554347826086957, 0.3793103448275862]","[0.6587677725118484, 0.4943820224719101]","[0.7037974683544304, 0.4292682926829268]","[0.6587677725118484, 0.4943820224719101]"
Logistic Regression,31,7,0.701256159154611,0.4982290436835891,0.6309264897781645,0.19360965916606285,0.18661690215942417,0.4694835680751174,0.5864478207829655,0.6195286195286195,0.5681818181818182,0.6411483253588517,0.4,0.7790697674418605,0.604665071770335,"[0.7790697674418605, 0.4]","[0.6411483253588517, 0.5681818181818182]","[0.7034120734908137, 0.4694835680751174]","[0.6411483253588517, 0.5681818181818182]"
Logistic Regression,32,7,0.6850656875951051,0.5093023255813953,0.686877667140825,0.3201671633422432,0.30262895837482584,0.5204081632653061,0.642704081632653,0.6845637583892618,0.6710526315789473,0.6891891891891891,0.425,0.8595505617977528,0.6801209103840682,"[0.8595505617977528, 0.425]","[0.6891891891891891, 0.6710526315789473]","[0.765, 0.5204081632653061]","[0.6891891891891891, 0.6710526315789473]"
Logistic Regression,33,7,0.7068404130677639,0.5156626506024097,0.6337565430448826,0.12440150278352215,0.12016408341725826,0.4020100502512563,0.5533623452248837,0.6046511627906976,0.4878048780487805,0.6484018264840182,0.3418803418803419,0.7717391304347826,0.5681033522663994,"[0.7717391304347826, 0.3418803418803419]","[0.6484018264840182, 0.4878048780487805]","[0.7047146401985112, 0.4020100502512563]","[0.6484018264840182, 0.4878048780487805]"
Logistic Regression,34,7,0.7193268881548226,0.5096153846153846,0.560062893081761,0.06210860908271345,0.05838228648892918,0.4,0.5155080213903743,0.543046357615894,0.5111111111111111,0.5566037735849056,0.32857142857142857,0.7283950617283951,0.5338574423480084,"[0.7283950617283951, 0.32857142857142857]","[0.5566037735849056, 0.5111111111111111]","[0.6310160427807486, 0.4]","[0.5566037735849056, 0.5111111111111111]"
Logistic Regression,35,7,0.7070558501823003,0.5071090047393365,0.5948726064250672,0.12817297507000958,0.12491019684850801,0.42105263157894735,0.5573617588274484,0.5993377483443708,0.4943820224719101,0.6431924882629108,0.36666666666666664,0.7527472527472527,0.5687872553674105,"[0.7527472527472527, 0.36666666666666664]","[0.6431924882629108, 0.4943820224719101]","[0.6936708860759494, 0.42105263157894735]","[0.6431924882629108, 0.4943820224719101]"
Logistic Regression,36,8,0.7068210790430389,0.5144927536231884,0.6198467076994542,0.12214622038202151,0.11864887879648034,0.3915343915343915,0.5537918871252204,0.6127946127946128,0.46835443037974683,0.6651376146788991,0.33636363636363636,0.7754010695187166,0.5667460225293229,"[0.7754010695187166, 0.33636363636363636]","[0.6651376146788991, 0.46835443037974683]","[0.7160493827160493, 0.3915343915343915]","[0.6651376146788991, 0.46835443037974683]"
Logistic Regression,37,8,0.7021806638603271,0.5095238095238095,0.6209830866807611,0.19086662889586628,0.1853869762794128,0.45933014354066987,0.58734769141769,0.6270627062706271,0.5454545454545454,0.6604651162790698,0.39669421487603307,0.7802197802197802,0.6029598308668076,"[0.7802197802197802, 0.39669421487603307]","[0.6604651162790698, 0.5454545454545454]","[0.7153652392947103, 0.45933014354066987]","[0.6604651162790698, 0.5454545454545454]"
Logistic Regression,38,8,0.7066299469604242,0.5227537922987164,0.6050434295320818,0.16290388696767,0.15353033847328967,0.4413145539906103,0.5653047965775506,0.6006711409395973,0.5662650602409639,0.6139534883720931,0.36153846153846153,0.7857142857142857,0.5901092743065285,"[0.7857142857142857, 0.36153846153846153]","[0.6139534883720931, 0.5662650602409639]","[0.6892950391644909, 0.4413145539906103]","[0.6139534883720931, 0.5662650602409639]"
Logistic Regression,39,8,0.7062946456248149,0.5142857142857142,0.6211685823754789,0.11052298189956045,0.10447453433225651,0.416289592760181,0.540612328847623,0.5742574257425742,0.5287356321839081,0.5925925925925926,0.34328358208955223,0.757396449704142,0.5606641123882503,"[0.757396449704142, 0.34328358208955223]","[0.5925925925925926, 0.5287356321839081]","[0.6649350649350649, 0.416289592760181]","[0.5925925925925926, 0.5287356321839081]"
Logistic Regression,40,8,0.6990397296406199,0.5023584905660378,0.6249461439034898,0.18674691229694645,0.1756597085466718,0.4711111111111111,0.5760381292820971,0.6020066889632107,0.6022727272727273,0.6018957345971564,0.38686131386861317,0.7839506172839507,0.6020842309349419,"[0.7839506172839507, 0.38686131386861317]","[0.6018957345971564, 0.6022727272727273]","[0.6809651474530831, 0.4711111111111111]","[0.6018957345971564, 0.6022727272727273]"
Logistic Regression,41,9,0.7014963297571992,0.5006165228113441,0.6435648493900922,0.22334132392371597,0.22168974936502617,0.5112107623318386,0.6094927806297263,0.6342281879194631,0.5533980582524272,0.676923076923077,0.475,0.7415730337078652,0.6151605675877521,"[0.7415730337078652, 0.475]","[0.676923076923077, 0.5533980582524272]","[0.707774798927614, 0.5112107623318386]","[0.676923076923077, 0.5533980582524272]"
Logistic Regression,42,9,0.7246708218660622,0.5242030696576151,0.5206452740085027,0.0035520020886254315,0.0033969427515236905,0.31088082901554404,0.49204975111710864,0.5566666666666666,0.38961038961038963,0.6143497757847534,0.25862068965517243,0.7445652173913043,0.5019800826975716,"[0.7445652173913043, 0.25862068965517243]","[0.6143497757847534, 0.38961038961038963]","[0.6732186732186732, 0.31088082901554404]","[0.6143497757847534, 0.38961038961038963]"
Logistic Regression,43,9,0.7009977853451765,0.5127610208816705,0.63946072946968,0.19040488987254175,0.17775487256371802,0.4558139534883721,0.5759589247961341,0.61,0.5975609756097561,0.6146788990825688,0.3684210526315789,0.8023952095808383,0.6061199373461624,"[0.8023952095808383, 0.3684210526315789]","[0.6146788990825688, 0.5975609756097561]","[0.6961038961038961, 0.4558139534883721]","[0.6146788990825688, 0.5975609756097561]"
Logistic Regression,44,9,0.7001358770622965,0.5090036014405762,0.633877464490142,0.19824447175605583,0.19089837302522983,0.4722222222222222,0.5884427173287277,0.6212624584717608,0.5730337078651685,0.6415094339622641,0.4015748031496063,0.7816091954022989,0.6072715709137163,"[0.7816091954022989, 0.4015748031496063]","[0.6415094339622641, 0.5730337078651685]","[0.7046632124352331, 0.4722222222222222]","[0.6415094339622641, 0.5730337078651685]"
Logistic Regression,45,9,0.691941487932054,0.5052878965922444,0.6765091082271699,0.17876567199972385,0.1707150620529283,0.41711229946524064,0.577230848527801,0.6378737541528239,0.527027027027027,0.6740088105726872,0.34513274336283184,0.8138297872340425,0.600517918799857,"[0.8138297872340425, 0.34513274336283184]","[0.6740088105726872, 0.527027027027027]","[0.7373493975903614, 0.41711229946524064]","[0.6740088105726872, 0.527027027027027]"
Logistic Regression,46,10,0.7144213629507747,0.5192307692307693,0.571645432366495,0.11222192182882319,0.10572340720862439,0.41284403669724773,0.5406189095403338,0.5761589403973509,0.5294117647058824,0.5944700460829493,0.3383458646616541,0.7633136094674556,0.5619409053944158,"[0.7633136094674556, 0.3383458646616541]","[0.5944700460829493, 0.5294117647058824]","[0.6683937823834197, 0.41284403669724773]","[0.5944700460829493, 0.5294117647058824]"
Logistic Regression,47,10,0.6940800710528113,0.4935972060535506,0.6352391423859264,0.20281485340294386,0.19771428571428573,0.46,0.5943216080402011,0.6387959866220736,0.5411764705882353,0.677570093457944,0.4,0.7880434782608695,0.6093732820230896,"[0.7880434782608695, 0.4]","[0.677570093457944, 0.5411764705882353]","[0.7286432160804021, 0.46]","[0.677570093457944, 0.5411764705882353]"
Logistic Regression,48,10,0.7099354751528665,0.5172824791418356,0.5901497695852534,0.17624233063891453,0.1703489257961297,0.4329896907216495,0.5789948453608247,0.6296296296296297,0.525,0.6682027649769585,0.3684210526315789,0.7923497267759563,0.5966013824884793,"[0.7923497267759563, 0.3684210526315789]","[0.6682027649769585, 0.525]","[0.725, 0.4329896907216495]","[0.6682027649769585, 0.525]"
Logistic Regression,49,10,0.6987137540730002,0.5058823529411764,0.6256278402296103,0.143384083975882,0.13174512055109078,0.4039408866995074,0.5495774962464791,0.5966666666666667,0.5540540540540541,0.6106194690265486,0.3178294573643411,0.8070175438596491,0.5823367615403013,"[0.8070175438596491, 0.3178294573643411]","[0.6106194690265486, 0.5540540540540541]","[0.6952141057934509, 0.4039408866995074]","[0.6106194690265486, 0.5540540540540541]"
Logistic Regression,50,10,0.7073869254456592,0.5049261083743842,0.6117432638786267,0.17173895522770563,0.16646305597031807,0.48739495798319327,0.5770308123249299,0.5960264900662252,0.5742574257425742,0.6069651741293532,0.4233576642335766,0.7393939393939394,0.5906112999359637,"[0.7393939393939394, 0.4233576642335766]","[0.6069651741293532, 0.5742574257425742]","[0.6666666666666666, 0.48739495798319327]","[0.6069651741293532, 0.5742574257425742]"
Naive Bayes,1,1,0.5887702743761927,0.2964352720450281,0.5920414462081129,0.089554536258413,0.07852564102564108,0.23333333333333334,0.5208333333333334,0.6933333333333334,0.16666666666666666,0.8981481481481481,0.3888888888888889,0.7348484848484849,0.5324074074074074,"[0.7348484848484849, 0.3888888888888889]","[0.8981481481481481, 0.16666666666666666]","[0.8083333333333333, 0.23333333333333334]","[0.8981481481481481, 0.16666666666666666]"
Naive Bayes,2,1,0.6011136161781786,0.2788104089219331,0.5333699835074216,0.08152788657023376,0.07669523569447945,0.26865671641791045,0.5287249099330932,0.6722408026755853,0.21176470588235294,0.8551401869158879,0.3673469387755102,0.732,0.5334524463991204,"[0.732, 0.3673469387755102]","[0.8551401869158879, 0.21176470588235294]","[0.7887931034482759, 0.26865671641791045]","[0.8551401869158879, 0.21176470588235294]"
Naive Bayes,3,1,0.5988319239807207,0.37894736842105264,0.5811688311688312,0.09817904751217077,0.0971536228932226,0.38974358974358975,0.5464927425027176,0.6006711409395973,0.4318181818181818,0.6714285714285714,0.35514018691588783,0.7382198952879581,0.5516233766233766,"[0.7382198952879581, 0.35514018691588783]","[0.6714285714285714, 0.4318181818181818]","[0.7032418952618454, 0.38974358974358975]","[0.6714285714285714, 0.4318181818181818]"
Naive Bayes,4,1,0.5896230950435075,0.2554027504911591,0.5690045248868778,0.06020138783979925,0.055548533872598505,0.234375,0.5155277489626555,0.6786885245901639,0.17857142857142858,0.8687782805429864,0.3409090909090909,0.735632183908046,0.5236748545572075,"[0.735632183908046, 0.3409090909090909]","[0.8687782805429864, 0.17857142857142858]","[0.7966804979253111, 0.234375]","[0.8687782805429864, 0.17857142857142858]"
Naive Bayes,5,1,0.5914966229679055,0.2826475849731664,0.5223353360035603,0.06878009130668791,0.06680584551148228,0.28169014084507044,0.5285102686604207,0.6577181208053692,0.23809523809523808,0.822429906542056,0.3448275862068966,0.7333333333333333,0.530262572318647,"[0.7333333333333333, 0.3448275862068966]","[0.822429906542056, 0.23809523809523808]","[0.775330396475771, 0.28169014084507044]","[0.822429906542056, 0.23809523809523808]"
Naive Bayes,6,2,0.5769110677833209,0.2558139534883721,0.5863570391872279,0.0635260837289451,0.05584179187363092,0.22900763358778625,0.508188027320209,0.6666666666666666,0.16483516483516483,0.8820754716981132,0.375,0.7110266159695817,0.523455318266639,"[0.7110266159695817, 0.375]","[0.8820754716981132, 0.16483516483516483]","[0.7873684210526316, 0.22900763358778625]","[0.8820754716981132, 0.16483516483516483]"
Naive Bayes,7,2,0.5931948349474123,0.26877470355731226,0.5390568004168838,0.0016155980704621602,0.0015201566930745924,0.23841059602649006,0.4894084582841254,0.6127946127946128,0.18947368421052632,0.8118811881188119,0.32142857142857145,0.6804979253112033,0.5006774361646691,"[0.6804979253112033, 0.32142857142857145]","[0.8118811881188119, 0.18947368421052632]","[0.7404063205417607, 0.23841059602649006]","[0.8118811881188119, 0.18947368421052632]"
Naive Bayes,8,2,0.5921020850413845,0.32102728731942215,0.5492839561423136,0.08040362909526902,0.0789153696498055,0.2937062937062937,0.5363498645774357,0.6633333333333333,0.25609756097560976,0.8165137614678899,0.3442622950819672,0.7447698744769874,0.5363056612217498,"[0.7447698744769874, 0.3442622950819672]","[0.8165137614678899, 0.25609756097560976]","[0.7789934354485777, 0.2937062937062937]","[0.8165137614678899, 0.25609756097560976]"
Naive Bayes,9,2,0.6044796001645746,0.27611940298507465,0.5558587852746487,0.061850434969821594,0.05733592710146407,0.23140495867768596,0.517393811262733,0.6868686868686869,0.17721518987341772,0.8715596330275229,0.3333333333333333,0.7450980392156863,0.5243874114504703,"[0.7450980392156863, 0.3333333333333333]","[0.8715596330275229, 0.17721518987341772]","[0.8033826638477801, 0.23140495867768596]","[0.8715596330275229, 0.17721518987341772]"
Naive Bayes,10,2,0.6156602814036278,0.4319371727748691,0.6145299145299146,0.08921124281533246,0.0865239674404582,0.3617021276595745,0.5373103939733279,0.6039603960396039,0.4358974358974359,0.6622222222222223,0.3090909090909091,0.772020725388601,0.5490598290598291,"[0.772020725388601, 0.3090909090909091]","[0.6622222222222223, 0.4358974358974359]","[0.7129186602870813, 0.3617021276595745]","[0.6622222222222223, 0.4358974358974359]"
Naive Bayes,11,3,0.5873004694835682,0.3333333333333333,0.5368011958146488,-0.016474509825039774,-0.01627951869249089,0.208955223880597,0.4897589972216838,0.6442953020134228,0.18666666666666668,0.7982062780269058,0.23728813559322035,0.7447698744769874,0.4924364723467862,"[0.7447698744769874, 0.23728813559322035]","[0.7982062780269058, 0.18666666666666668]","[0.7705627705627706, 0.208955223880597]","[0.7982062780269058, 0.18666666666666668]"
Naive Bayes,12,3,0.5771875361667654,0.25287356321839083,0.6101070950468541,0.15682933768907314,0.14576975521070068,0.3125,0.5626329787234042,0.705685618729097,0.24096385542168675,0.8842592592592593,0.4444444444444444,0.7519685039370079,0.5626115573404731,"[0.7519685039370079, 0.4444444444444444]","[0.8842592592592593, 0.24096385542168675]","[0.8127659574468085, 0.3125]","[0.8842592592592593, 0.24096385542168675]"
Naive Bayes,13,3,0.5915679012345678,0.27392120075046905,0.5097029702970297,0.06609988061900152,0.06014233874370589,0.27450980392156865,0.5136468841434123,0.6312292358803987,0.2079207920792079,0.845,0.40384615384615385,0.678714859437751,0.5264603960396039,"[0.678714859437751, 0.40384615384615385]","[0.845, 0.2079207920792079]","[0.7527839643652561, 0.27450980392156865]","[0.845, 0.2079207920792079]"
Naive Bayes,14,3,0.5971109618935706,0.2631578947368421,0.5613690476190476,0.06578896254115273,0.06388222755129236,0.25396825396825395,0.5274078557976862,0.68561872909699,0.21333333333333335,0.84375,0.3137254901960784,0.7620967741935484,0.5285416666666667,"[0.7620967741935484, 0.3137254901960784]","[0.84375, 0.21333333333333335]","[0.8008474576271186, 0.25396825396825395]","[0.84375, 0.21333333333333335]"
Naive Bayes,15,3,0.5933972148403077,0.43103448275862066,0.6023740410532864,0.16775513048283217,0.15400052351452753,0.47107438016528924,0.5597130142584688,0.5775577557755776,0.6263736263736264,0.5566037735849056,0.37748344370860926,0.7763157894736842,0.591488699979266,"[0.7763157894736842, 0.37748344370860926]","[0.5566037735849056, 0.6263736263736264]","[0.6483516483516484, 0.47107438016528924]","[0.5566037735849056, 0.6263736263736264]"
Naive Bayes,16,4,0.5863414896767073,0.23921568627450981,0.6049832520420756,0.10212715693615343,0.09739516726122377,0.27419354838709675,0.541757791142701,0.697986577181208,0.22077922077922077,0.8642533936651584,0.3617021276595745,0.7609561752988048,0.5425163072221896,"[0.7609561752988048, 0.3617021276595745]","[0.8642533936651584, 0.22077922077922077]","[0.809322033898305, 0.27419354838709675]","[0.8642533936651584, 0.22077922077922077]"
Naive Bayes,17,4,0.6032008848862656,0.28677839851024206,0.5093694885361552,0.023076874309277417,0.021488871834228762,0.2153846153846154,0.49918166939443537,0.66,0.16666666666666666,0.8518518518518519,0.30434782608695654,0.7244094488188977,0.5092592592592593,"[0.7244094488188977, 0.30434782608695654]","[0.8518518518518519, 0.16666666666666666]","[0.7829787234042553, 0.2153846153846154]","[0.8518518518518519, 0.16666666666666666]"
Naive Bayes,18,4,0.6142467317304079,0.28790786948176583,0.5357179566245246,0.0074231293239306155,0.006834786707518248,0.2222222222222222,0.4888403687530325,0.627906976744186,0.1702127659574468,0.8357487922705314,0.32,0.6892430278884463,0.5029807791139891,"[0.6892430278884463, 0.32]","[0.8357487922705314, 0.1702127659574468]","[0.7554585152838428, 0.2222222222222222]","[0.8357487922705314, 0.1702127659574468]"
Naive Bayes,19,4,0.5836159140506966,0.25190839694656486,0.6182738095238095,0.1506285468146884,0.14074437513142213,0.29310344827586204,0.5614894834740306,0.725752508361204,0.22666666666666666,0.8928571428571429,0.4146341463414634,0.7751937984496124,0.5597619047619048,"[0.7751937984496124, 0.4146341463414634]","[0.8928571428571429, 0.22666666666666666]","[0.8298755186721992, 0.29310344827586204]","[0.8928571428571429, 0.22666666666666666]"
Naive Bayes,20,4,0.59725073313783,0.3884297520661157,0.6261886600559371,0.13942864071758024,0.13780528765414324,0.43601895734597157,0.5666099875788382,0.6059602649006622,0.4842105263157895,0.6618357487922706,0.39655172413793105,0.7365591397849462,0.57302313755403,"[0.7365591397849462, 0.39655172413793105]","[0.6618357487922706, 0.4842105263157895]","[0.6972010178117048, 0.43601895734597157]","[0.6618357487922706, 0.4842105263157895]"
Naive Bayes,21,5,0.5900688214750394,0.29537366548042704,0.5533224400871459,0.16131839415551116,0.15640538830123862,0.34965034965034963,0.5735179852826912,0.6910299003322259,0.29411764705882354,0.8472222222222222,0.43103448275862066,0.7530864197530864,0.5706699346405228,"[0.7530864197530864, 0.43103448275862066]","[0.8472222222222222, 0.29411764705882354]","[0.7973856209150327, 0.34965034965034963]","[0.8472222222222222, 0.29411764705882354]"
Naive Bayes,22,5,0.6044543620259225,0.265625,0.5755202628696604,0.057890131337672485,0.05172129797397451,0.21487603305785125,0.5094998721990287,0.6864686468646864,0.1566265060240964,0.8863636363636364,0.34210526315789475,0.7358490566037735,0.5214950711938664,"[0.7358490566037735, 0.34210526315789475]","[0.8863636363636364, 0.1566265060240964]","[0.8041237113402062, 0.21487603305785125]","[0.8863636363636364, 0.1566265060240964]"
Naive Bayes,23,5,0.5970997601432384,0.26305609284332687,0.5772465437788019,-0.00869234216721673,-0.007426714749883878,0.14414414414414414,0.473728386771865,0.6801346801346801,0.1,0.8940092165898618,0.25806451612903225,0.7293233082706767,0.49700460829493087,"[0.7293233082706767, 0.25806451612903225]","[0.8940092165898618, 0.1]","[0.8033126293995859, 0.14414414414414414]","[0.8940092165898618, 0.1]"
Naive Bayes,24,5,0.5955778441775464,0.3819918144611187,0.6606185677530018,0.24378039344610097,0.24371085871988118,0.4692737430167598,0.6218102681829643,0.6833333333333333,0.4772727272727273,0.7688679245283019,0.46153846153846156,0.7799043062200957,0.6230703259005146,"[0.7799043062200957, 0.46153846153846156]","[0.7688679245283019, 0.4772727272727273]","[0.7743467933491687, 0.4692737430167598]","[0.7688679245283019, 0.4772727272727273]"
Naive Bayes,25,5,0.5918696669419213,0.28933092224231466,0.5352059925093632,0.04703313520935454,0.046003016591251944,0.2857142857142857,0.518983268983269,0.6321070234113713,0.24719101123595505,0.7952380952380952,0.3384615384615385,0.7136752136752137,0.5212145532370251,"[0.7136752136752137, 0.3384615384615385]","[0.7952380952380952, 0.24719101123595505]","[0.7522522522522522, 0.2857142857142857]","[0.7952380952380952, 0.24719101123595505]"
Naive Bayes,26,6,0.582509036856863,0.2773722627737226,0.5623847926267281,0.060937513187655765,0.05714285714285705,0.24,0.5187206823027719,0.6801346801346801,0.1875,0.8617511520737328,0.3333333333333333,0.7420634920634921,0.5246255760368663,"[0.7420634920634921, 0.3333333333333333]","[0.8617511520737328, 0.1875]","[0.7974413646055437, 0.24]","[0.8617511520737328, 0.1875]"
Naive Bayes,27,6,0.5933200064942972,0.3333333333333333,0.5350695642175463,0.08712355965351938,0.0862846104314231,0.2978723404255319,0.5415608990630913,0.6710963455149501,0.2692307692307692,0.8116591928251121,0.3333333333333333,0.7605042016806722,0.5404449810279407,"[0.7605042016806722, 0.3333333333333333]","[0.8116591928251121, 0.2692307692307692]","[0.7852494577006508, 0.2978723404255319]","[0.8116591928251121, 0.2692307692307692]"
Naive Bayes,28,6,0.614922635580619,0.3881856540084388,0.5754750175932442,0.08293132793744004,0.08281053952321205,0.37037037037037035,0.5411173885750157,0.6046511627906976,0.35714285714285715,0.7241379310344828,0.38461538461538464,0.7,0.5406403940886699,"[0.7, 0.38461538461538464]","[0.7241379310344828, 0.35714285714285715]","[0.711864406779661, 0.37037037037037035]","[0.7241379310344828, 0.35714285714285715]"
Naive Bayes,29,6,0.5934697756508163,0.2841121495327103,0.5771493212669684,0.0874220170351117,0.0855601711203422,0.2898550724637681,0.539324087956022,0.6744186046511628,0.25,0.8280542986425339,0.3448275862068966,0.7530864197530864,0.5390271493212669,"[0.7530864197530864, 0.3448275862068966]","[0.8280542986425339, 0.25]","[0.7887931034482759, 0.2898550724637681]","[0.8280542986425339, 0.25]"
Naive Bayes,30,6,0.5994888117283951,0.2299794661190965,0.5989669311464935,0.08872965329398207,0.078530715642812,0.24806201550387597,0.5210586086011949,0.6766666666666666,0.1797752808988764,0.8862559241706162,0.4,0.7192307692307692,0.5330156025347463,"[0.7192307692307692, 0.4]","[0.8862559241706162, 0.1797752808988764]","[0.7940552016985138, 0.24806201550387597]","[0.8862559241706162, 0.1797752808988764]"
Naive Bayes,31,7,0.6006092337634747,0.25196850393700787,0.5804153979991301,0.14880170712134,0.13027916964924846,0.2857142857142857,0.5467032967032968,0.696969696969697,0.20454545454545456,0.9043062200956937,0.47368421052631576,0.7297297297297297,0.5544258373205742,"[0.7297297297297297, 0.47368421052631576]","[0.9043062200956937, 0.20454545454545456]","[0.8076923076923077, 0.2857142857142857]","[0.9043062200956937, 0.20454545454545456]"
Naive Bayes,32,7,0.5799453807058855,0.3312883435582822,0.5442745376955903,-0.0502114357776048,-0.05014442518775275,0.22784810126582278,0.4746546442402173,0.5906040268456376,0.23684210526315788,0.7117117117117117,0.21951219512195122,0.7314814814814815,0.47427690848743476,"[0.7314814814814815, 0.21951219512195122]","[0.7117117117117117, 0.23684210526315788]","[0.7214611872146118, 0.22784810126582278]","[0.7117117117117117, 0.23684210526315788]"
Naive Bayes,33,7,0.6057123784093076,0.4229299363057325,0.5660429891970152,0.08246673617339793,0.08236703141161728,0.3411764705882353,0.540958605664488,0.627906976744186,0.35365853658536583,0.730593607305936,0.32954545454545453,0.7511737089201878,0.5421260719456509,"[0.7511737089201878, 0.32954545454545453]","[0.730593607305936, 0.35365853658536583]","[0.7407407407407407, 0.3411764705882353]","[0.730593607305936, 0.35365853658536583]"
Naive Bayes,34,7,0.5878590823403262,0.2595419847328244,0.5485849056603773,0.09309976580187035,0.09051798313543269,0.3137254901960784,0.5404547628363985,0.652317880794702,0.26666666666666666,0.8160377358490566,0.38095238095238093,0.7238493723849372,0.5413522012578617,"[0.7238493723849372, 0.38095238095238093]","[0.8160377358490566, 0.26666666666666666]","[0.7671840354767184, 0.3137254901960784]","[0.8160377358490566, 0.26666666666666666]"
Naive Bayes,35,7,0.5860333112363275,0.28256880733944956,0.5642242970934219,0.029181175715982097,0.026763243508685752,0.2222222222222222,0.49917081260364843,0.652317880794702,0.16853932584269662,0.8544600938967136,0.32608695652173914,0.7109375,0.5114997098697052,"[0.7109375, 0.32608695652173914]","[0.8544600938967136, 0.16853932584269662]","[0.7761194029850746, 0.2222222222222222]","[0.8544600938967136, 0.16853932584269662]"
Naive Bayes,36,8,0.5942156062619299,0.27915869980879543,0.5520264777610033,0.018113341669733465,0.016791235794000103,0.19834710743801653,0.4966365558331732,0.6734006734006734,0.1518987341772152,0.8623853211009175,0.2857142857142857,0.7372549019607844,0.5071420276390664,"[0.7372549019607844, 0.2857142857142857]","[0.8623853211009175, 0.1518987341772152]","[0.7949260042283298, 0.19834710743801653]","[0.8623853211009175, 0.1518987341772152]"
Naive Bayes,37,8,0.5846076875301912,0.2815884476534296,0.5609936575052854,0.1073006268822635,0.10056339734658015,0.2898550724637681,0.5402266815310294,0.6765676567656765,0.22727272727272727,0.8604651162790697,0.4,0.7312252964426877,0.5438689217758985,"[0.7312252964426877, 0.4]","[0.8604651162790697, 0.22727272727272727]","[0.7905982905982906, 0.2898550724637681]","[0.8604651162790697, 0.22727272727272727]"
Naive Bayes,38,8,0.6023408812729498,0.26019417475728157,0.5711403754553096,0.07781219263056939,0.07078882770516826,0.24193548387096775,0.5213914707490432,0.6845637583892618,0.18072289156626506,0.8790697674418605,0.36585365853658536,0.7354085603112841,0.5298963295040627,"[0.7354085603112841, 0.36585365853658536]","[0.8790697674418605, 0.18072289156626506]","[0.8008474576271186, 0.24193548387096775]","[0.8790697674418605, 0.18072289156626506]"
Naive Bayes,39,8,0.6007777035358302,0.39577836411609496,0.5622073222647935,0.06601541546410024,0.06440874222029236,0.37254901960784315,0.5270705297044191,0.5775577557755776,0.4367816091954023,0.6342592592592593,0.3247863247863248,0.7365591397849462,0.5355204342273308,"[0.7365591397849462, 0.3247863247863248]","[0.6342592592592593, 0.4367816091954023]","[0.681592039800995, 0.37254901960784315]","[0.6342592592592593, 0.4367816091954023]"
Naive Bayes,40,8,0.588373378942741,0.2653846153846154,0.5693127962085308,0.04903218464356257,0.04436568463023338,0.22900763358778625,0.5063667718260131,0.6622073578595318,0.17045454545454544,0.8672985781990521,0.3488372093023256,0.71484375,0.5188765618267988,"[0.71484375, 0.3488372093023256]","[0.8672985781990521, 0.17045454545454544]","[0.7837259100642399, 0.22900763358778625]","[0.8672985781990521, 0.17045454545454544]"
Naive Bayes,41,9,0.5841438452851496,0.302158273381295,0.5389594224545681,0.03928633215637099,0.03494119652292493,0.25,0.4966216216216216,0.6174496644295302,0.18446601941747573,0.8461538461538461,0.3877551020408163,0.6626506024096386,0.515309932785661,"[0.6626506024096386, 0.3877551020408163]","[0.8461538461538461, 0.18446601941747573]","[0.7432432432432432, 0.25]","[0.8461538461538461, 0.18446601941747573]"
Naive Bayes,42,9,0.5961800496465381,0.26542056074766357,0.5544813930464155,0.06170656639404693,0.05437352245862892,0.2,0.5102040816326531,0.7066666666666667,0.14285714285714285,0.9013452914798207,0.3333333333333333,0.7528089887640449,0.5221012171684818,"[0.7528089887640449, 0.3333333333333333]","[0.9013452914798207, 0.14285714285714285]","[0.8204081632653061, 0.2]","[0.9013452914798207, 0.14285714285714285]"
Naive Bayes,43,9,0.5864004544975183,0.3126934984520124,0.5373125978966212,0.031335343446507125,0.03133423180592987,0.294478527607362,0.5156603164352599,0.6166666666666667,0.2926829268292683,0.7385321100917431,0.2962962962962963,0.7351598173515982,0.5156075184605057,"[0.7351598173515982, 0.2962962962962963]","[0.7385321100917431, 0.2926829268292683]","[0.7368421052631579, 0.294478527607362]","[0.7385321100917431, 0.2926829268292683]"
Naive Bayes,44,9,0.6220807123544667,0.423841059602649,0.5560737757048972,0.07167971617212639,0.06995606623859407,0.38461538461538464,0.5298711440843421,0.574750830564784,0.449438202247191,0.6273584905660378,0.33613445378151263,0.7307692307692307,0.5383983464066144,"[0.7307692307692307, 0.33613445378151263]","[0.6273584905660378, 0.449438202247191]","[0.6751269035532995, 0.38461538461538464]","[0.6273584905660378, 0.449438202247191]"
Naive Bayes,45,9,0.587361581465355,0.24951267056530213,0.6107274675556614,0.12442593314354139,0.1203856101575359,0.2926829268292683,0.5555272671724629,0.7109634551495017,0.24324324324324326,0.8634361233480177,0.3673469387755102,0.7777777777777778,0.5533396832956304,"[0.7777777777777778, 0.3673469387755102]","[0.8634361233480177, 0.24324324324324326]","[0.8183716075156576, 0.2926829268292683]","[0.8634361233480177, 0.24324324324324326]"
Naive Bayes,46,10,0.6010523789935555,0.30714285714285716,0.5269720791542424,0.11874458154418714,0.11542829816486344,0.3194444444444444,0.5532004830917874,0.6754966887417219,0.27058823529411763,0.8341013824884793,0.3898305084745763,0.7448559670781894,0.5523448088912984,"[0.7448559670781894, 0.3898305084745763]","[0.8341013824884793, 0.27058823529411763]","[0.7869565217391304, 0.3194444444444444]","[0.8341013824884793, 0.27058823529411763]"
Naive Bayes,47,10,0.5976036756165881,0.40254777070063696,0.6039032435404068,0.1737656523850239,0.16856559293254914,0.4433497536945813,0.5786369021637463,0.6220735785953178,0.5294117647058824,0.6588785046728972,0.3813559322033898,0.7790055248618785,0.5941451346893898,"[0.7790055248618785, 0.3813559322033898]","[0.6588785046728972, 0.5294117647058824]","[0.7139240506329114, 0.4433497536945813]","[0.6588785046728972, 0.5294117647058824]"
Naive Bayes,48,10,0.5981419546636938,0.2607003891050584,0.5762096774193549,0.05474079060487363,0.05156010910784381,0.23809523809523808,0.5164835164835164,0.6767676767676768,0.1875,0.8571428571428571,0.32608695652173914,0.7410358565737052,0.5223214285714286,"[0.7410358565737052, 0.32608695652173914]","[0.8571428571428571, 0.1875]","[0.7948717948717948, 0.23809523809523808]","[0.8571428571428571, 0.1875]"
Naive Bayes,49,10,0.582169738824627,0.2634508348794063,0.5966276010523799,0.09402318010937794,0.08769448373408784,0.24561403508771928,0.5343296512887157,0.7133333333333334,0.1891891891891892,0.8849557522123894,0.35,0.7692307692307693,0.5370724707007893,"[0.7692307692307693, 0.35]","[0.8849557522123894, 0.1891891891891892]","[0.823045267489712, 0.24561403508771928]","[0.8849557522123894, 0.1891891891891892]"
Naive Bayes,50,10,0.5958803005904456,0.24696356275303644,0.5737648391704842,0.06534566249370205,0.05684487994957321,0.2482758620689655,0.505401547592217,0.6390728476821192,0.1782178217821782,0.8706467661691543,0.4090909090909091,0.6782945736434108,0.5244322939756663,"[0.6782945736434108, 0.4090909090909091]","[0.8706467661691543, 0.1782178217821782]","[0.7625272331154684, 0.2482758620689655]","[0.8706467661691543, 0.1782178217821782]"
Random Forest,1,1,1.0,1.0,0.6502149470899471,0.12251277836633775,0.07489968791796697,0.14432989690721648,0.4896599782746818,0.7233333333333334,0.08333333333333333,0.9722222222222222,0.5384615384615384,0.7317073170731707,0.5277777777777778,"[0.7317073170731707, 0.5384615384615384]","[0.9722222222222222, 0.08333333333333333]","[0.8349900596421471, 0.14432989690721648]","[0.9722222222222222, 0.08333333333333333]"
Random Forest,2,1,1.0,1.0,0.5965640461792193,0.11693342005274619,0.08569193571326983,0.18867924528301888,0.5069412486577696,0.7123745819397993,0.11764705882352941,0.9485981308411215,0.47619047619047616,0.7302158273381295,0.5331225948323255,"[0.7302158273381295, 0.47619047619047616]","[0.9485981308411215, 0.11764705882352941]","[0.8252032520325203, 0.18867924528301888]","[0.9485981308411215, 0.11764705882352941]"
Random Forest,3,1,1.0,1.0,0.6429924242424243,0.09962852471258578,0.061148503508520746,0.13725490196078433,0.479558625069461,0.7046979865771812,0.07954545454545454,0.9666666666666667,0.5,0.7147887323943662,0.5231060606060606,"[0.7147887323943662, 0.5]","[0.9666666666666667, 0.07954545454545454]","[0.8218623481781376, 0.13725490196078433]","[0.9666666666666667, 0.07954545454545454]"
Random Forest,4,1,1.0,1.0,0.5966117216117216,0.2021274188893454,0.13789402125299643,0.21782178217821782,0.5313077476706414,0.740983606557377,0.13095238095238096,0.9728506787330317,0.6470588235294118,0.7465277777777778,0.5519015298427064,"[0.7465277777777778, 0.6470588235294118]","[0.9728506787330317, 0.13095238095238096]","[0.8447937131630648, 0.21782178217821782]","[0.9728506787330317, 0.13095238095238096]"
Random Forest,5,1,1.0,1.0,0.5935135736537606,0.11166102214526925,0.09549143987449704,0.23931623931623933,0.5267562407437146,0.7013422818791947,0.16666666666666666,0.9112149532710281,0.42424242424242425,0.7358490566037735,0.5389408099688474,"[0.7358490566037735, 0.42424242424242425]","[0.9112149532710281, 0.16666666666666666]","[0.81419624217119, 0.23931623931623933]","[0.9112149532710281, 0.16666666666666666]"
Random Forest,6,2,1.0,1.0,0.6530427120049761,0.18077089372140095,0.09846388043177412,0.1568627450980392,0.4931139122315593,0.7161716171617162,0.08791208791208792,0.9858490566037735,0.7272727272727273,0.7157534246575342,0.5368805722579307,"[0.7157534246575342, 0.7272727272727273]","[0.9858490566037735, 0.08791208791208792]","[0.8293650793650794, 0.1568627450980392]","[0.9858490566037735, 0.08791208791208792]"
Random Forest,7,2,1.0,1.0,0.5862167795726941,0.0725888769413261,0.04386317907444681,0.12727272727272726,0.46446280991735533,0.6767676767676768,0.07368421052631578,0.9603960396039604,0.4666666666666667,0.6879432624113475,0.5170401250651381,"[0.6879432624113475, 0.4666666666666667]","[0.9603960396039604, 0.07368421052631578]","[0.8016528925619835, 0.12727272727272726]","[0.9603960396039604, 0.07368421052631578]"
Random Forest,8,2,1.0,1.0,0.5992671738643991,0.08569432870554494,0.06785714285714295,0.18691588785046728,0.5052226498075866,0.71,0.12195121951219512,0.9311926605504587,0.4,0.7381818181818182,0.5265719400313269,"[0.7381818181818182, 0.4]","[0.9311926605504587, 0.12195121951219512]","[0.8235294117647058, 0.18691588785046728]","[0.9311926605504587, 0.12195121951219512]"
Random Forest,9,2,0.9999999999999999,1.0,0.5885785623040297,0.0812891431031941,0.05699682490513436,0.14583333333333334,0.49058734939759036,0.7239057239057239,0.08860759493670886,0.9541284403669725,0.4117647058823529,0.7428571428571429,0.5213680176518407,"[0.7428571428571429, 0.4117647058823529]","[0.9541284403669725, 0.08860759493670886]","[0.8353413654618473, 0.14583333333333334]","[0.9541284403669725, 0.08860759493670886]"
Random Forest,10,2,1.0,1.0,0.6181481481481481,0.08776071435757392,0.06907273736812869,0.1782178217821782,0.5069306930693069,0.7260726072607261,0.11538461538461539,0.9377777777777778,0.391304347826087,0.7535714285714286,0.5265811965811966,"[0.7535714285714286, 0.391304347826087]","[0.9377777777777778, 0.11538461538461539]","[0.8356435643564356, 0.1782178217821782]","[0.9377777777777778, 0.11538461538461539]"
Random Forest,11,3,1.0,1.0,0.5471150971599402,0.07787450673914287,0.04890988974550292,0.11494252873563218,0.48183275749158816,0.7416107382550335,0.06666666666666667,0.968609865470852,0.4166666666666667,0.7552447552447552,0.5176382660687594,"[0.7552447552447552, 0.4166666666666667]","[0.968609865470852, 0.06666666666666667]","[0.8487229862475442, 0.11494252873563218]","[0.968609865470852, 0.06666666666666667]"
Random Forest,12,3,0.9999999999999999,1.0,0.6079038375725123,0.0629030187714932,0.04402631288817027,0.13861386138613863,0.4817817797876367,0.7090301003344481,0.08433734939759036,0.9490740740740741,0.3888888888888889,0.7295373665480427,0.5167057117358322,"[0.7295373665480427, 0.3888888888888889]","[0.9490740740740741, 0.08433734939759036]","[0.8249496981891348, 0.13861386138613863]","[0.9490740740740741, 0.08433734939759036]"
Random Forest,13,3,1.0,1.0,0.6289108910891089,0.17766700095662322,0.11692041629350558,0.21487603305785125,0.5086854177763269,0.6843853820598007,0.12871287128712872,0.965,0.65,0.6868327402135231,0.5468564356435643,"[0.6868327402135231, 0.65]","[0.965, 0.12871287128712872]","[0.8024948024948025, 0.21487603305785125]","[0.965, 0.12871287128712872]"
Random Forest,14,3,1.0,1.0,0.5651190476190476,0.1023867149345395,0.0719900036277159,0.15384615384615385,0.5009861932938856,0.7424749163879598,0.09333333333333334,0.9598214285714286,0.4375,0.7597173144876325,0.5265773809523809,"[0.7597173144876325, 0.4375]","[0.9598214285714286, 0.09333333333333334]","[0.8481262327416174, 0.15384615384615385]","[0.9598214285714286, 0.09333333333333334]"
Random Forest,15,3,1.0,1.0,0.6312720298569355,0.018093608786472207,0.012100433598870697,0.11009174311926606,0.45746035848116223,0.6798679867986799,0.06593406593406594,0.9433962264150944,0.3333333333333333,0.7017543859649122,0.5046651461745801,"[0.7017543859649122, 0.3333333333333333]","[0.9433962264150944, 0.06593406593406594]","[0.8048289738430584, 0.11009174311926606]","[0.9433962264150944, 0.06593406593406594]"
Random Forest,16,4,1.0,1.0,0.6280778045483928,0.12554660389797218,0.10193626158366609,0.21568627450980393,0.5268714773358736,0.7315436241610739,0.14285714285714285,0.9366515837104072,0.44,0.7582417582417582,0.539754363283775,"[0.7582417582417582, 0.44]","[0.9366515837104072, 0.14285714285714285]","[0.8380566801619433, 0.21568627450980393]","[0.9366515837104072, 0.14285714285714285]"
Random Forest,17,4,1.0,1.0,0.5739638447971782,0.17732176839068386,0.14082145850796313,0.2545454545454545,0.5435992578849722,0.7266666666666667,0.16666666666666666,0.9444444444444444,0.5384615384615384,0.7445255474452555,0.5555555555555556,"[0.7445255474452555, 0.5384615384615384]","[0.9444444444444444, 0.16666666666666666]","[0.8326530612244898, 0.2545454545454545]","[0.9444444444444444, 0.16666666666666666]"
Random Forest,18,4,1.0,1.0,0.602734093945935,0.08357036300871794,0.053615753764686414,0.14414414414414414,0.4753307278765527,0.6843853820598007,0.0851063829787234,0.9565217391304348,0.47058823529411764,0.6971830985915493,0.5208140610545791,"[0.6971830985915493, 0.47058823529411764]","[0.9565217391304348, 0.0851063829787234]","[0.8065173116089613, 0.14414414414414414]","[0.9565217391304348, 0.0851063829787234]"
Random Forest,19,4,1.0,1.0,0.6270833333333333,0.12383373095001142,0.06900614322982423,0.11904761904761904,0.48753937372614414,0.7525083612040134,0.06666666666666667,0.9821428571428571,0.5555555555555556,0.7586206896551724,0.5244047619047619,"[0.7586206896551724, 0.5555555555555556]","[0.9821428571428571, 0.06666666666666667]","[0.8560311284046692, 0.11904761904761904]","[0.9821428571428571, 0.06666666666666667]"
Random Forest,20,4,0.9999999999999999,1.0,0.6097381133994406,0.08206134862131594,0.0523632084722494,0.14285714285714285,0.4738675958188153,0.6821192052980133,0.08421052631578947,0.9565217391304348,0.47058823529411764,0.6947368421052632,0.5203661327231122,"[0.6947368421052632, 0.47058823529411764]","[0.9565217391304348, 0.08421052631578947]","[0.8048780487804879, 0.14285714285714285]","[0.9565217391304348, 0.08421052631578947]"
Random Forest,21,5,1.0,1.0,0.6073529411764707,0.21314964830952599,0.11585796616471467,0.16842105263157894,0.5063012560988269,0.7375415282392026,0.09411764705882353,0.9907407407407407,0.8,0.7353951890034365,0.5424291938997821,"[0.7353951890034365, 0.8]","[0.9907407407407407, 0.09411764705882353]","[0.8441814595660749, 0.16842105263157894]","[0.9907407407407407, 0.09411764705882353]"
Random Forest,22,5,1.0,1.0,0.6029572836801752,0.05787683942107427,0.04563589276965063,0.16666666666666666,0.49297188755020077,0.7029702970297029,0.10843373493975904,0.9272727272727272,0.36,0.7338129496402878,0.5178532311062432,"[0.7338129496402878, 0.36]","[0.9272727272727272, 0.10843373493975904]","[0.8192771084337349, 0.16666666666666666]","[0.9272727272727272, 0.10843373493975904]"
Random Forest,23,5,1.0,1.0,0.6086405529953918,0.041677004507457587,0.024379625598606958,0.08791208791208792,0.4614510737771175,0.7205387205387206,0.05,0.967741935483871,0.36363636363636365,0.7342657342657343,0.5088709677419355,"[0.7342657342657343, 0.36363636363636365]","[0.967741935483871, 0.05]","[0.8349900596421471, 0.08791208791208792]","[0.967741935483871, 0.05]"
Random Forest,24,5,1.0,1.0,0.6408930102915952,0.16985164394488983,0.10435029854990041,0.17647058823529413,0.5038979447200567,0.72,0.10227272727272728,0.9764150943396226,0.6428571428571429,0.7237762237762237,0.5393439108061749,"[0.7237762237762237, 0.6428571428571429]","[0.9764150943396226, 0.10227272727272728]","[0.8313253012048193, 0.17647058823529413]","[0.9764150943396226, 0.10227272727272728]"
Random Forest,25,5,1.0,1.0,0.5829052969502407,0.12471600186891071,0.09093704095924571,0.1981981981981982,0.5077233290785652,0.7023411371237458,0.12359550561797752,0.9476190476190476,0.5,0.7184115523465704,0.5356072766185126,"[0.7184115523465704, 0.5]","[0.9476190476190476, 0.12359550561797752]","[0.8172484599589322, 0.1981981981981982]","[0.9476190476190476, 0.12359550561797752]"
Random Forest,26,6,1.0,1.0,0.611491935483871,0.027360701778038933,0.019876341842734013,0.12121212121212122,0.4727272727272727,0.7070707070707071,0.075,0.9400921658986175,0.3157894736842105,0.7338129496402878,0.5075460829493088,"[0.7338129496402878, 0.3157894736842105]","[0.9400921658986175, 0.075]","[0.8242424242424242, 0.12121212121212122]","[0.9400921658986175, 0.075]"
Random Forest,27,6,1.0,1.0,0.5558813383925492,0.05532474688584267,0.04147395556903477,0.14285714285714285,0.48809523809523814,0.7209302325581395,0.08974358974358974,0.9417040358744395,0.35,0.7473309608540926,0.5157238128090146,"[0.7473309608540926, 0.35]","[0.9417040358744395, 0.08974358974358974]","[0.8333333333333334, 0.14285714285714285]","[0.9417040358744395, 0.08974358974358974]"
Random Forest,28,6,1.0,1.0,0.5904795415703228,0.09930247764361479,0.06645990252547629,0.1694915254237288,0.4835060932903768,0.6744186046511628,0.10204081632653061,0.9507389162561576,0.5,0.6868327402135231,0.5263898662913441,"[0.6868327402135231, 0.5]","[0.9507389162561576, 0.10204081632653061]","[0.7975206611570248, 0.1694915254237288]","[0.9507389162561576, 0.10204081632653061]"
Random Forest,29,6,1.0,1.0,0.6486990950226244,0.1591507454339061,0.10852065613608752,0.1875,0.5166749011857708,0.7408637873754153,0.1125,0.9683257918552036,0.5625,0.7508771929824561,0.5404128959276018,"[0.7508771929824561, 0.5625]","[0.9683257918552036, 0.1125]","[0.8458498023715415, 0.1875]","[0.9683257918552036, 0.1125]"
Random Forest,30,6,1.0,1.0,0.6127589328505245,0.1381323123667192,0.08906882591093113,0.17142857142857143,0.49783549783549785,0.71,0.10112359550561797,0.966824644549763,0.5625,0.7183098591549296,0.5339741200276905,"[0.7183098591549296, 0.5625]","[0.966824644549763, 0.10112359550561797]","[0.8242424242424242, 0.17142857142857143]","[0.966824644549763, 0.10112359550561797]"
Random Forest,31,7,0.9999999999999999,1.0,0.6200793823401479,0.13401527742293645,0.08221343873517784,0.1568627450980392,0.49103299856527977,0.7104377104377104,0.09090909090909091,0.9712918660287081,0.5714285714285714,0.7173144876325088,0.5311004784688995,"[0.7173144876325088, 0.5714285714285714]","[0.9712918660287081, 0.09090909090909091]","[0.8252032520325203, 0.1568627450980392]","[0.9712918660287081, 0.09090909090909091]"
Random Forest,32,7,1.0,1.0,0.668266951161688,0.10962182045509283,0.08446760519561314,0.18556701030927836,0.5136251885213726,0.7348993288590604,0.11842105263157894,0.9459459459459459,0.42857142857142855,0.7581227436823105,0.5321834992887624,"[0.7581227436823105, 0.42857142857142855]","[0.9459459459459459, 0.11842105263157894]","[0.8416833667334669, 0.18556701030927836]","[0.9459459459459459, 0.11842105263157894]"
Random Forest,33,7,1.0,1.0,0.5937743624011582,0.07746257752384351,0.049473684210526336,0.125,0.47949604743083,0.7209302325581395,0.07317073170731707,0.9634703196347032,0.42857142857142855,0.735191637630662,0.5183205256710102,"[0.735191637630662, 0.42857142857142855]","[0.9634703196347032, 0.07317073170731707]","[0.83399209486166, 0.125]","[0.9634703196347032, 0.07317073170731707]"
Random Forest,34,7,1.0,1.0,0.5539832285115304,0.0011567846280816888,0.0008102633355840938,0.10909090909090909,0.45535517114464485,0.6754966887417219,0.06666666666666667,0.9339622641509434,0.3,0.7021276595744681,0.5003144654088051,"[0.7021276595744681, 0.3]","[0.9339622641509434, 0.06666666666666667]","[0.8016194331983806, 0.10909090909090909]","[0.9339622641509434, 0.06666666666666667]"
Random Forest,35,7,1.0,1.0,0.6135728227040143,0.09574408072149959,0.07318700380278864,0.19298245614035087,0.5026136770497672,0.695364238410596,0.12359550561797752,0.9342723004694836,0.44,0.7184115523465704,0.5289339030437306,"[0.7184115523465704, 0.44]","[0.9342723004694836, 0.12359550561797752]","[0.8122448979591836, 0.19298245614035087]","[0.9342723004694836, 0.12359550561797752]"
Random Forest,36,8,1.0,1.0,0.5774300313552433,0.048486323128128,0.033996747463796106,0.125,0.47816265060240964,0.7171717171717171,0.0759493670886076,0.9495412844036697,0.35294117647058826,0.7392857142857143,0.5127453257461386,"[0.7392857142857143, 0.35294117647058826]","[0.9495412844036697, 0.0759493670886076]","[0.8313253012048193, 0.125]","[0.9495412844036697, 0.0759493670886076]"
Random Forest,37,8,1.0,1.0,0.5913583509513741,0.1160184293729061,0.0789637305699481,0.16981132075471697,0.49690566037735845,0.7095709570957096,0.10227272727272728,0.958139534883721,0.5,0.7228070175438597,0.5302061310782241,"[0.7228070175438597, 0.5]","[0.958139534883721, 0.10227272727272728]","[0.824, 0.16981132075471697]","[0.958139534883721, 0.10227272727272728]"
Random Forest,38,8,1.0,1.0,0.5883440739702999,0.09216325066266762,0.06827601250636217,0.17307692307692307,0.4991400875547217,0.7114093959731543,0.10843373493975904,0.9441860465116279,0.42857142857142855,0.7328519855595668,0.5263098907256935,"[0.7328519855595668, 0.42857142857142855]","[0.9441860465116279, 0.10843373493975904]","[0.8252032520325203, 0.17307692307692307]","[0.9441860465116279, 0.10843373493975904]"
Random Forest,39,8,1.0,1.0,0.6420019157088123,0.08738604888844928,0.059826377993933644,0.1523809523809524,0.487368120901055,0.7062706270627063,0.09195402298850575,0.9537037037037037,0.4444444444444444,0.7228070175438597,0.5228288633461047,"[0.7228070175438597, 0.4444444444444444]","[0.9537037037037037, 0.09195402298850575]","[0.8223552894211577, 0.1523809523809524]","[0.9537037037037037, 0.09195402298850575]"
Random Forest,40,8,1.0,1.0,0.6656074967686342,0.2051412619195669,0.13302687411598313,0.21153846153846154,0.5227732793522267,0.725752508361204,0.125,0.976303317535545,0.6875,0.7279151943462897,0.5506516587677726,"[0.7279151943462897, 0.6875]","[0.976303317535545, 0.125]","[0.8340080971659919, 0.21153846153846154]","[0.976303317535545, 0.125]"
Random Forest,41,9,1.0,1.0,0.6323624595469257,0.0720653933510489,0.04027265336751917,0.11965811965811966,0.4523134022090181,0.6543624161073825,0.06796116504854369,0.9641025641025641,0.5,0.6619718309859155,0.516031864575554,"[0.6619718309859155, 0.5]","[0.9641025641025641, 0.06796116504854369]","[0.7849686847599165, 0.11965811965811966]","[0.9641025641025641, 0.06796116504854369]"
Random Forest,42,9,1.0,0.9985611510791367,0.5730592277677479,-0.037585568906343035,-0.026104733448655493,0.06451612903225806,0.44645924794808167,0.71,0.03896103896103896,0.9417040358744395,0.1875,0.7394366197183099,0.49033253741773924,"[0.7394366197183099, 0.1875]","[0.9417040358744395, 0.03896103896103896]","[0.8284023668639053, 0.06451612903225806]","[0.9417040358744395, 0.03896103896103896]"
Random Forest,43,9,1.0,1.0,0.6004139628552249,0.1717660865475553,0.1301826616410553,0.23076923076923078,0.5347394540942928,0.7333333333333333,0.14634146341463414,0.9541284403669725,0.5454545454545454,0.7482014388489209,0.5502349518908033,"[0.7482014388489209, 0.5454545454545454]","[0.9541284403669725, 0.14634146341463414]","[0.8387096774193549, 0.23076923076923078]","[0.9541284403669725, 0.14634146341463414]"
Random Forest,44,9,1.0,1.0,0.6262984948060207,0.15684664586986896,0.10367036011080344,0.18867924528301888,0.5076460742544127,0.7142857142857143,0.11235955056179775,0.9669811320754716,0.5882352941176471,0.721830985915493,0.5396703413186347,"[0.721830985915493, 0.5882352941176471]","[0.9669811320754716, 0.11235955056179775]","[0.8266129032258065, 0.18867924528301888]","[0.9669811320754716, 0.11235955056179775]"
Random Forest,45,9,1.0,1.0,0.6448089058221217,0.23642075702637477,0.19739448422977302,0.3,0.5802788844621514,0.7674418604651163,0.20270270270270271,0.9515418502202643,0.5769230769230769,0.7854545454545454,0.5771222764614835,"[0.7854545454545454, 0.5769230769230769]","[0.9515418502202643, 0.20270270270270271]","[0.8605577689243028, 0.3]","[0.9515418502202643, 0.20270270270270271]"
Random Forest,46,10,1.0,1.0,0.5810517755489293,0.02574801600032977,0.020089748015188147,0.14545454545454545,0.4775855723224144,0.6887417218543046,0.09411764705882353,0.9216589861751152,0.32,0.7220216606498195,0.5078883166169694,"[0.7220216606498195, 0.32]","[0.9216589861751152, 0.09411764705882353]","[0.8097165991902834, 0.14545454545454545]","[0.9216589861751152, 0.09411764705882353]"
Random Forest,47,10,1.0,1.0,0.6806212204507971,0.14934090250827953,0.0774382901866344,0.1276595744680851,0.4824805808848362,0.725752508361204,0.07058823529411765,0.985981308411215,0.6666666666666666,0.7275862068965517,0.5282847718526663,"[0.7275862068965517, 0.6666666666666666]","[0.985981308411215, 0.07058823529411765]","[0.8373015873015873, 0.1276595744680851]","[0.985981308411215, 0.07058823529411765]"
Random Forest,48,10,1.0,1.0,0.6192684331797236,0.1514237312143376,0.11000265523650565,0.20202020202020202,0.5212121212121212,0.734006734006734,0.125,0.9585253456221198,0.5263157894736842,0.7482014388489209,0.5417626728110598,"[0.7482014388489209, 0.5263157894736842]","[0.9585253456221198, 0.125]","[0.8404040404040404, 0.20202020202020202]","[0.9585253456221198, 0.125]"
Random Forest,49,10,1.0,1.0,0.5872996890696006,0.1273146399021577,0.09215622982569416,0.17582417582417584,0.5142382175780997,0.75,0.10810810810810811,0.9601769911504425,0.47058823529411764,0.7667844522968198,0.5341425496292753,"[0.7667844522968198, 0.47058823529411764]","[0.9601769911504425, 0.10810810810810811]","[0.8526522593320236, 0.17582417582417584]","[0.9601769911504425, 0.10810810810810811]"
Random Forest,50,10,1.0,1.0,0.6232451603369292,0.11433517768404027,0.06865615849479778,0.15384615384615385,0.4752803664507977,0.6721854304635762,0.0891089108910891,0.9651741293532339,0.5625,0.6783216783216783,0.5271415201221615,"[0.6783216783216783, 0.5625]","[0.9651741293532339, 0.0891089108910891]","[0.7967145790554415, 0.15384615384615385]","[0.9651741293532339, 0.0891089108910891]"
SVM,1,1,0.7556269822032712,0.5378151260504201,0.6567460317460317,0.23989295471365718,0.22578828828828834,0.49074074074074076,0.6021412037037037,0.6333333333333333,0.6309523809523809,0.6342592592592593,0.4015151515151515,0.8154761904761905,0.6326058201058201,"[0.8154761904761905, 0.4015151515151515]","[0.6342592592592593, 0.6309523809523809]","[0.7135416666666666, 0.49074074074074076]","[0.6342592592592593, 0.6309523809523809]"
SVM,2,1,0.7595357655257226,0.5481651376146789,0.5958768554150633,0.1373001641073651,0.13363381955967213,0.417910447761194,0.5616000601526373,0.6086956521739131,0.49411764705882355,0.6542056074766355,0.3620689655172414,0.7650273224043715,0.5741616272677295,"[0.7650273224043715, 0.3620689655172414]","[0.6542056074766355, 0.49411764705882355]","[0.7052896725440806, 0.417910447761194]","[0.6542056074766355, 0.49411764705882355]"
SVM,3,1,0.7606078797962299,0.5345501955671447,0.6390692640692641,0.2005822863278728,0.19827411167512687,0.45918367346938777,0.5970918367346939,0.6442953020134228,0.5113636363636364,0.7,0.4166666666666667,0.7736842105263158,0.6056818181818182,"[0.7736842105263158, 0.4166666666666667]","[0.7, 0.5113636363636364]","[0.735, 0.45918367346938777]","[0.7, 0.5113636363636364]"
SVM,4,1,0.7648928279547,0.5594059405940595,0.5955882352941178,0.15013208489044902,0.14661443760492443,0.41624365482233505,0.5688966458131046,0.6229508196721312,0.4880952380952381,0.6742081447963801,0.36283185840707965,0.7760416666666666,0.5811516914458091,"[0.7760416666666666, 0.36283185840707965]","[0.6742081447963801, 0.4880952380952381]","[0.7215496368038741, 0.41624365482233505]","[0.6742081447963801, 0.4880952380952381]"
SVM,5,1,0.7559715396064727,0.5622775800711743,0.604250111259457,0.17705745516009283,0.16657186196435347,0.4537037037037037,0.5715886939571151,0.6040268456375839,0.5833333333333334,0.6121495327102804,0.3712121212121212,0.7891566265060241,0.5977414330218069,"[0.7891566265060241, 0.3712121212121212]","[0.6121495327102804, 0.5833333333333334]","[0.6894736842105263, 0.4537037037037037]","[0.6121495327102804, 0.5833333333333334]"
SVM,6,2,0.745724079072446,0.5317073170731708,0.6761351855691479,0.2393246243412126,0.22660432337195902,0.5065502183406113,0.6034077351650007,0.6270627062706271,0.6373626373626373,0.6226415094339622,0.42028985507246375,0.8,0.6300020733982998,"[0.8, 0.42028985507246375]","[0.6226415094339622, 0.6373626373626373]","[0.7002652519893899, 0.5065502183406113]","[0.6226415094339622, 0.6373626373626373]"
SVM,7,2,0.76960845569093,0.565,0.6053934340802501,0.2052931493566297,0.20215883559636605,0.48598130841121495,0.5982538121003443,0.6296296296296297,0.5473684210526316,0.6683168316831684,0.4369747899159664,0.7584269662921348,0.6078426263679,"[0.7584269662921348, 0.4369747899159664]","[0.6683168316831684, 0.5473684210526316]","[0.7105263157894737, 0.48598130841121495]","[0.6683168316831684, 0.5473684210526316]"
SVM,8,2,0.7553809988739619,0.5566502463054187,0.660830163347505,0.1643516835370699,0.1562499999999999,0.43478260869565216,0.568536342515765,0.61,0.5487804878048781,0.6330275229357798,0.36,0.7885714285714286,0.5909040053703289,"[0.7885714285714286, 0.36]","[0.6330275229357798, 0.5487804878048781]","[0.7022900763358778, 0.43478260869565216]","[0.6330275229357798, 0.5487804878048781]"
SVM,9,2,0.7669414073829262,0.5572979493365501,0.6050981302984555,0.15605350277202912,0.15077865713556293,0.4166666666666667,0.5690298507462687,0.622895622895623,0.5063291139240507,0.6651376146788991,0.35398230088495575,0.7880434782608695,0.5857333643014748,"[0.7880434782608695, 0.35398230088495575]","[0.6651376146788991, 0.5063291139240507]","[0.7213930348258707, 0.4166666666666667]","[0.6651376146788991, 0.5063291139240507]"
SVM,10,2,0.7589286319715206,0.5612745098039216,0.6201709401709402,0.13349776088247778,0.1275256222547584,0.3979591836734694,0.5550771528123444,0.6105610561056105,0.5,0.6488888888888888,0.3305084745762712,0.7891891891891892,0.5744444444444444,"[0.7891891891891892, 0.3305084745762712]","[0.6488888888888888, 0.5]","[0.7121951219512195, 0.3979591836734694]","[0.6488888888888888, 0.5]"
SVM,11,3,0.7547116029510395,0.5436654366543665,0.601255605381166,0.07403541047254206,0.07194510424914224,0.34444444444444444,0.5303952991452991,0.6040268456375839,0.41333333333333333,0.6681614349775785,0.29523809523809524,0.772020725388601,0.540747384155456,"[0.772020725388601, 0.29523809523809524]","[0.6681614349775785, 0.41333333333333333]","[0.7163461538461539, 0.34444444444444444]","[0.6681614349775785, 0.41333333333333333]"
SVM,12,3,0.7643322508833201,0.5634146341463414,0.6276215975011156,0.13858987108327017,0.13093819983799493,0.42452830188679247,0.5542330628604947,0.5919732441471572,0.5421686746987951,0.6111111111111112,0.3488372093023256,0.7764705882352941,0.5766398929049532,"[0.7764705882352941, 0.3488372093023256]","[0.6111111111111112, 0.5421686746987951]","[0.6839378238341969, 0.42452830188679247]","[0.6111111111111112, 0.5421686746987951]"
SVM,13,3,0.7574779541446208,0.5336597307221542,0.6133663366336634,0.14695242347315798,0.14331619537275064,0.4700854700854701,0.5665644741731698,0.5880398671096345,0.5445544554455446,0.61,0.41353383458646614,0.7261904761904762,0.5772772277227722,"[0.7261904761904762, 0.41353383458646614]","[0.61, 0.5445544554455446]","[0.6630434782608695, 0.4700854700854701]","[0.61, 0.5445544554455446]"
SVM,14,3,0.7696827262044654,0.5613608748481167,0.588452380952381,0.10590165366098864,0.10137028169731543,0.3723404255319149,0.5422677737415672,0.6053511705685619,0.4666666666666667,0.6517857142857143,0.30973451327433627,0.7849462365591398,0.5592261904761905,"[0.7849462365591398, 0.30973451327433627]","[0.6517857142857143, 0.4666666666666667]","[0.7121951219512195, 0.3723404255319149]","[0.6517857142857143, 0.4666666666666667]"
SVM,15,3,0.753266352578736,0.5346534653465347,0.6788046858801575,0.24967428978524336,0.24417361556553352,0.5023696682464455,0.6182734417181595,0.6534653465346535,0.5824175824175825,0.6839622641509434,0.44166666666666665,0.7923497267759563,0.6331899232842629,"[0.7923497267759563, 0.44166666666666665]","[0.6839622641509434, 0.5824175824175825]","[0.7341772151898734, 0.5023696682464455]","[0.6839622641509434, 0.5824175824175825]"
SVM,16,4,0.758687986217664,0.5562422744128553,0.6749133219721455,0.22495087443522505,0.21551156786310932,0.4583333333333333,0.6004537953795379,0.6510067114093959,0.5714285714285714,0.6787330316742082,0.3826086956521739,0.819672131147541,0.6250808015513898,"[0.819672131147541, 0.3826086956521739]","[0.6787330316742082, 0.5714285714285714]","[0.7425742574257426, 0.4583333333333333]","[0.6787330316742082, 0.5714285714285714]"
SVM,17,4,0.7632126970254576,0.5542168674698795,0.5655313051146383,0.06042191627451216,0.05686936936936948,0.37962962962962965,0.5153356481481481,0.5533333333333333,0.4880952380952381,0.5787037037037037,0.3106060606060606,0.7440476190476191,0.5333994708994709,"[0.7440476190476191, 0.3106060606060606]","[0.5787037037037037, 0.4880952380952381]","[0.6510416666666666, 0.37962962962962965]","[0.5787037037037037, 0.4880952380952381]"
SVM,18,4,0.7611918220167904,0.5544794188861986,0.6175352040291909,0.16899148404903894,0.16533548218898864,0.4608294930875576,0.5784666945957269,0.6112956810631229,0.5319148936170213,0.6473429951690821,0.4065040650406504,0.7528089887640449,0.5896289443930517,"[0.7528089887640449, 0.4065040650406504]","[0.6473429951690821, 0.5319148936170213]","[0.6961038961038961, 0.4608294930875576]","[0.6473429951690821, 0.5319148936170213]"
SVM,19,4,0.7528353197918416,0.5467289719626168,0.6689285714285714,0.30163660467388914,0.29314420803782504,0.5,0.6423444976076556,0.6989966555183946,0.6,0.7321428571428571,0.42857142857142855,0.845360824742268,0.6660714285714285,"[0.845360824742268, 0.42857142857142855]","[0.7321428571428571, 0.6]","[0.784688995215311, 0.5]","[0.7321428571428571, 0.6]"
SVM,20,4,0.7547793604245217,0.5389527458492975,0.6663107042969744,0.18405347849293685,0.17817443844841108,0.4778761061946903,0.582853397012689,0.609271523178808,0.5684210526315789,0.6280193236714976,0.4122137404580153,0.7602339181286549,0.5982201881515383,"[0.7602339181286549, 0.4122137404580153]","[0.6280193236714976, 0.5684210526315789]","[0.6878306878306878, 0.4778761061946903]","[0.6280193236714976, 0.5684210526315789]"
SVM,21,5,0.7534992809696637,0.5506555423122765,0.6430283224400871,0.23221995495656494,0.22064777327935226,0.48598130841121495,0.6012380768860198,0.6345514950166113,0.611764705882353,0.6435185185185185,0.40310077519379844,0.8081395348837209,0.6276416122004358,"[0.8081395348837209, 0.40310077519379844]","[0.6435185185185185, 0.611764705882353]","[0.7164948453608248, 0.48598130841121495]","[0.6435185185185185, 0.611764705882353]"
SVM,22,5,0.7674087753496802,0.5610972568578554,0.6015334063526836,0.15566150638713175,0.1509709802392728,0.4221105527638191,0.5697776351042683,0.6204620462046204,0.5060240963855421,0.6636363636363637,0.3620689655172414,0.7807486631016043,0.5848302300109529,"[0.7807486631016043, 0.3620689655172414]","[0.6636363636363637, 0.5060240963855421]","[0.7174447174447175, 0.4221105527638191]","[0.6636363636363637, 0.5060240963855421]"
SVM,23,5,0.7585250498293976,0.5559655596555966,0.6487903225806451,0.26438936528272167,0.2515194939961457,0.49504950495049505,0.617422711658921,0.6565656565656566,0.625,0.6682027649769585,0.4098360655737705,0.8285714285714286,0.6466013824884793,"[0.8285714285714286, 0.4098360655737705]","[0.6682027649769585, 0.625]","[0.7397959183673469, 0.49504950495049505]","[0.6682027649769585, 0.625]"
SVM,24,5,0.7560370111851901,0.5308176100628931,0.6853559176672385,0.23331551578887336,0.2313546423135464,0.47668393782383417,0.614263344833293,0.6633333333333333,0.5227272727272727,0.7216981132075472,0.4380952380952381,0.7846153846153846,0.6222126929674099,"[0.7846153846153846, 0.4380952380952381]","[0.7216981132075472, 0.5227272727272727]","[0.7518427518427518, 0.47668393782383417]","[0.7216981132075472, 0.5227272727272727]"
SVM,25,5,0.7600020644095788,0.5410628019323671,0.5867843766720171,0.15546762511501516,0.14993907829036957,0.44651162790697674,0.5679033335357337,0.6020066889632107,0.5393258426966292,0.6285714285714286,0.38095238095238093,0.7630057803468208,0.5839486356340289,"[0.7630057803468208, 0.38095238095238093]","[0.6285714285714286, 0.5393258426966292]","[0.6892950391644909, 0.44651162790697674]","[0.6285714285714286, 0.5393258426966292]"
SVM,26,6,0.7421438464916725,0.5396449704142012,0.690725806451613,0.2312814013003128,0.21807810443176834,0.47572815533980584,0.5986888199379441,0.6363636363636364,0.6125,0.6451612903225806,0.3888888888888889,0.8187134502923976,0.6288306451612904,"[0.8187134502923976, 0.3888888888888889]","[0.6451612903225806, 0.6125]","[0.7216494845360825, 0.47572815533980584]","[0.6451612903225806, 0.6125]"
SVM,27,6,0.764388927223282,0.5581395348837209,0.5830171323444866,0.09662380520786917,0.08977508977508974,0.38461538461538464,0.5298711440843421,0.574750830564784,0.5128205128205128,0.5964125560538116,0.3076923076923077,0.7777777777777778,0.5546165344371622,"[0.7777777777777778, 0.3076923076923077]","[0.5964125560538116, 0.5128205128205128]","[0.6751269035532995, 0.38461538461538464]","[0.5964125560538116, 0.5128205128205128]"
SVM,28,6,0.7684924108520607,0.5343511450381679,0.6198351261686941,0.1533461540136551,0.15126886714214638,0.45662100456621,0.5729580218653505,0.6046511627906976,0.5102040816326531,0.6502463054187192,0.4132231404958678,0.7333333333333333,0.5802251935256861,"[0.7333333333333333, 0.4132231404958678]","[0.6502463054187192, 0.5102040816326531]","[0.6892950391644909, 0.45662100456621]","[0.6502463054187192, 0.5102040816326531]"
SVM,29,6,0.762936564504633,0.5527876631079478,0.6455316742081447,0.20361382279247198,0.19341911498442899,0.45320197044334976,0.5875032408607725,0.6312292358803987,0.575,0.6515837104072398,0.37398373983739835,0.8089887640449438,0.61329185520362,"[0.8089887640449438, 0.37398373983739835]","[0.6515837104072398, 0.575]","[0.7218045112781954, 0.45320197044334976]","[0.6515837104072398, 0.575]"
SVM,30,6,0.7579089506172839,0.5379825653798257,0.6337664412375525,0.21691742429703909,0.21549710571747738,0.46632124352331605,0.6066249952260314,0.6566666666666666,0.5056179775280899,0.7203791469194313,0.4326923076923077,0.7755102040816326,0.6129985622237606,"[0.7755102040816326, 0.4326923076923077]","[0.7203791469194313, 0.5056179775280899]","[0.7469287469287469, 0.46632124352331605]","[0.7203791469194313, 0.5056179775280899]"
SVM,31,7,0.7521758348695526,0.5477075588599752,0.6568616789908657,0.1958116433064768,0.18653392716793304,0.4748858447488584,0.5841095890410959,0.6127946127946128,0.5909090909090909,0.6220095693779905,0.3969465648854962,0.7831325301204819,0.6064593301435407,"[0.7831325301204819, 0.3969465648854962]","[0.6220095693779905, 0.5909090909090909]","[0.6933333333333334, 0.4748858447488584]","[0.6220095693779905, 0.5909090909090909]"
SVM,32,7,0.7523387874247978,0.5443786982248521,0.6546348980559508,0.21080351902491795,0.19390051228036576,0.45410628019323673,0.5818089241583151,0.6208053691275168,0.618421052631579,0.6216216216216216,0.35877862595419846,0.8263473053892215,0.6200213371266003,"[0.8263473053892215, 0.35877862595419846]","[0.6216216216216216, 0.618421052631579]","[0.7095115681233933, 0.45410628019323673]","[0.6216216216216216, 0.618421052631579]"
SVM,33,7,0.7548942808097872,0.5496932515337424,0.669729368526562,0.2423598733523928,0.23755002786362023,0.47368421052631576,0.615482881962187,0.6677740863787376,0.5487804878048781,0.7123287671232876,0.4166666666666667,0.8082901554404145,0.6305546274640829,"[0.8082901554404145, 0.4166666666666667]","[0.7123287671232876, 0.5487804878048781]","[0.7572815533980582, 0.47368421052631576]","[0.7123287671232876, 0.5487804878048781]"
SVM,34,7,0.769298351809896,0.5587863463969659,0.5774895178197066,0.10869921605032733,0.10307959426117153,0.4247787610619469,0.5404317085733015,0.5695364238410596,0.5333333333333333,0.5849056603773585,0.35294117647058826,0.7469879518072289,0.5591194968553459,"[0.7469879518072289, 0.35294117647058826]","[0.5849056603773585, 0.5333333333333333]","[0.656084656084656, 0.4247787610619469]","[0.5849056603773585, 0.5333333333333333]"
SVM,35,7,0.7624364711081648,0.5362853628536285,0.6378118900669938,0.18386882945481284,0.18251541430648155,0.44329896907216493,0.5899421674629117,0.6423841059602649,0.48314606741573035,0.7089201877934272,0.4095238095238095,0.766497461928934,0.5960331276045788,"[0.766497461928934, 0.4095238095238095]","[0.7089201877934272, 0.48314606741573035]","[0.7365853658536585, 0.44329896907216493]","[0.7089201877934272, 0.48314606741573035]"
SVM,36,8,0.7666631818212476,0.5515527950310559,0.5980722331901058,0.1764430785099737,0.1684831516848314,0.43434343434343436,0.5757575757575757,0.622895622895623,0.5443037974683544,0.6513761467889908,0.36134453781512604,0.797752808988764,0.5978399721286727,"[0.797752808988764, 0.36134453781512604]","[0.6513761467889908, 0.5443037974683544]","[0.7171717171717171, 0.43434343434343436]","[0.6513761467889908, 0.5443037974683544]"
SVM,37,8,0.7575771168311366,0.5351089588377724,0.6493128964059196,0.2680223579709752,0.26407595495694425,0.5025125628140703,0.6296346597854136,0.6732673267326733,0.5681818181818182,0.7162790697674418,0.45045045045045046,0.8020833333333334,0.64223044397463,"[0.8020833333333334, 0.45045045045045046]","[0.7162790697674418, 0.5681818181818182]","[0.7567567567567568, 0.5025125628140703]","[0.7162790697674418, 0.5681818181818182]"
SVM,38,8,0.7678430572555419,0.5605700712589073,0.5716166993555618,0.074218172914823,0.07155927006577323,0.37623762376237624,0.5282203347238277,0.5771812080536913,0.4578313253012048,0.6232558139534884,0.31932773109243695,0.7486033519553073,0.5405435696273466,"[0.7486033519553073, 0.31932773109243695]","[0.6232558139534884, 0.4578313253012048]","[0.6802030456852792, 0.37623762376237624]","[0.6232558139534884, 0.4578313253012048]"
SVM,39,8,0.7589394576051691,0.5433962264150943,0.6520327799063431,0.14536990922589177,0.13966913058782116,0.431924882629108,0.5620184209583199,0.6006600660066007,0.5287356321839081,0.6296296296296297,0.36507936507936506,0.768361581920904,0.5791826309067689,"[0.768361581920904, 0.36507936507936506]","[0.6296296296296297, 0.5287356321839081]","[0.6921119592875318, 0.431924882629108]","[0.6296296296296297, 0.5287356321839081]"
SVM,40,8,0.7475134630179142,0.5474189675870348,0.6769172770357605,0.22390842604748856,0.21293597818933918,0.4909090909090909,0.5973063973063973,0.6254180602006689,0.6136363636363636,0.6303317535545023,0.4090909090909091,0.7964071856287425,0.621984058595433,"[0.7964071856287425, 0.4090909090909091]","[0.6303317535545023, 0.6136363636363636]","[0.7037037037037037, 0.4909090909090909]","[0.6303317535545023, 0.6136363636363636]"
SVM,41,9,0.7628529079616038,0.5372340425531915,0.6474483445357232,0.19981564583299607,0.1985015128956341,0.4954954954954955,0.5980151274268921,0.6241610738255033,0.5339805825242718,0.6717948717948717,0.46218487394957986,0.7318435754189944,0.6028877271595718,"[0.7318435754189944, 0.46218487394957986]","[0.6717948717948717, 0.5339805825242718]","[0.7005347593582888, 0.4954954954954955]","[0.6717948717948717, 0.5339805825242718]"
SVM,42,9,0.7730627057363337,0.5714285714285714,0.5676722380758255,0.09658023872200261,0.09158050221565739,0.3756345177664975,0.5352117998261767,0.59,0.4805194805194805,0.6278026905829597,0.30833333333333335,0.7777777777777778,0.5541610855512201,"[0.7777777777777778, 0.30833333333333335]","[0.6278026905829597, 0.4805194805194805]","[0.6947890818858561, 0.3756345177664975]","[0.6278026905829597, 0.4805194805194805]"
SVM,43,9,0.7590244632608837,0.5427594070695553,0.6296710673528754,0.22268484147777126,0.2098519362186787,0.47393364928909953,0.59429330279365,0.63,0.6097560975609756,0.6376146788990825,0.3875968992248062,0.8128654970760234,0.6236853882300291,"[0.8128654970760234, 0.3875968992248062]","[0.6376146788990825, 0.6097560975609756]","[0.7146529562982005, 0.47393364928909953]","[0.6376146788990825, 0.6097560975609756]"
SVM,44,9,0.7549350273133587,0.5346534653465347,0.6306179775280899,0.09784452778808955,0.09312134977287478,0.4144144144144144,0.5361545756282599,0.5681063122923588,0.5168539325842697,0.589622641509434,0.3458646616541353,0.7440476190476191,0.5532382870468519,"[0.7440476190476191, 0.3458646616541353]","[0.589622641509434, 0.5168539325842697]","[0.6578947368421053, 0.4144144144144144]","[0.589622641509434, 0.5168539325842697]"
SVM,45,9,0.7543171800247273,0.5443499392466585,0.6915704250506013,0.26998142500272765,0.2572766643166483,0.4787234042553192,0.6210042142049542,0.6744186046511628,0.6081081081081081,0.6960352422907489,0.39473684210526316,0.8449197860962567,0.6520716751994284,"[0.8449197860962567, 0.39473684210526316]","[0.6960352422907489, 0.6081081081081081]","[0.7632850241545893, 0.4787234042553192]","[0.6960352422907489, 0.6081081081081081]"
SVM,46,10,0.768147538735774,0.5644171779141104,0.5642179452426132,0.0594981955867752,0.054847570585851324,0.3876651982378855,0.509482466492948,0.5397350993377483,0.5176470588235295,0.5483870967741935,0.30985915492957744,0.74375,0.5330170777988614,"[0.74375, 0.30985915492957744]","[0.5483870967741935, 0.5176470588235295]","[0.6312997347480106, 0.3876651982378855]","[0.5483870967741935, 0.5176470588235295]"
SVM,47,10,0.7492382318781172,0.5424528301886793,0.6678394722374932,0.24156770236893324,0.22742647749694633,0.4954128440366973,0.6029695799130854,0.6321070234113713,0.6352941176470588,0.6308411214953271,0.40601503759398494,0.8132530120481928,0.633067619571193,"[0.8132530120481928, 0.40601503759398494]","[0.6308411214953271, 0.6352941176470588]","[0.7105263157894737, 0.4954128440366973]","[0.6308411214953271, 0.6352941176470588]"
SVM,48,10,0.7596364987669335,0.5528255528255528,0.6324884792626728,0.21325049387058373,0.21147594278283488,0.4431818181818182,0.6043660287081339,0.67003367003367,0.4875,0.7373271889400922,0.40625,0.7960199004975125,0.6124135944700461,"[0.7960199004975125, 0.40625]","[0.7373271889400922, 0.4875]","[0.7655502392344498, 0.4431818181818182]","[0.7373271889400922, 0.4875]"
SVM,49,10,0.7608565800556378,0.5510204081632653,0.643326955273858,0.18300671041748096,0.17650714729645745,0.4175824175824176,0.581996950418003,0.6466666666666666,0.5135135135135135,0.6902654867256637,0.35185185185185186,0.8125,0.6018895001195885,"[0.8125, 0.35185185185185186]","[0.6902654867256637, 0.5135135135135135]","[0.7464114832535885, 0.4175824175824176]","[0.6902654867256637, 0.5135135135135135]"
SVM,50,10,0.7613568946520892,0.5315203955500618,0.6399684744593862,0.21509797484379733,0.21040319251410478,0.5086206896551724,0.6010845383759733,0.6225165562913907,0.5841584158415841,0.6417910447761194,0.45038167938931295,0.7543859649122807,0.6129747303088517,"[0.7543859649122807, 0.45038167938931295]","[0.6417910447761194, 0.5841584158415841]","[0.6935483870967742, 0.5086206896551724]","[0.6417910447761194, 0.5841584158415841]"
