Classifier,Fold,Repeat,train_auc,train_f1,val_auc,val_mcc,val_kappa,val_f1_binary,val_f1_macro,val_accuracy,val_sensitivity,val_specificity,val_ppv,val_npv,val_balanced_accuracy,per_class_precision,per_class_recall,per_class_f1,per_class_accuracy
Gradient Boosting,1,1,0.9782158207559086,0.8598726114649682,0.8110670194003528,0.4706629646419304,0.46659671213711096,0.6013071895424836,0.7324209325788481,0.7966666666666666,0.5476190476190477,0.8935185185185185,0.6666666666666666,0.8354978354978355,0.720568783068783,"[0.8354978354978355, 0.6666666666666666]","[0.8935185185185185, 0.5476190476190477]","[0.8635346756152126, 0.6013071895424836]","[0.8935185185185185, 0.5476190476190477]"
Gradient Boosting,2,1,0.9840062854410058,0.8792270531400966,0.8185816382627817,0.42889221404571687,0.42699007465461514,0.5786163522012578,0.7129983811120184,0.7759197324414716,0.5411764705882353,0.8691588785046729,0.6216216216216216,0.8266666666666667,0.7051676745464541,"[0.8266666666666667, 0.6216216216216216]","[0.8691588785046729, 0.5411764705882353]","[0.8473804100227791, 0.5786163522012578]","[0.8691588785046729, 0.5411764705882353]"
Gradient Boosting,3,1,0.9847412565822199,0.8838709677419355,0.7753787878787879,0.3337479314652587,0.3163046803303763,0.46808510638297873,0.651624970773907,0.7483221476510067,0.375,0.9047619047619048,0.6226415094339622,0.7755102040816326,0.6398809523809523,"[0.7755102040816326, 0.6226415094339622]","[0.9047619047619048, 0.375]","[0.8351648351648352, 0.46808510638297873]","[0.9047619047619048, 0.375]"
Gradient Boosting,4,1,0.9875967501562425,0.8948194662480377,0.8003663003663004,0.4632663262639757,0.4587245248454317,0.5921052631578947,0.7283670420592967,0.7967213114754098,0.5357142857142857,0.8959276018099548,0.6617647058823529,0.8354430379746836,0.7158209437621202,"[0.8354430379746836, 0.6617647058823529]","[0.8959276018099548, 0.5357142857142857]","[0.8646288209606987, 0.5921052631578947]","[0.8959276018099548, 0.5357142857142857]"
Gradient Boosting,5,1,0.9830654527743434,0.867741935483871,0.8167000445037829,0.3514851272861249,0.34519294443441095,0.5034013605442177,0.67040892080663,0.7550335570469798,0.44047619047619047,0.8785046728971962,0.5873015873015873,0.8,0.6594904316866934,"[0.8, 0.5873015873015873]","[0.8785046728971962, 0.44047619047619047]","[0.8374164810690423, 0.5034013605442177]","[0.8785046728971962, 0.44047619047619047]"
Gradient Boosting,6,2,0.9859284906432789,0.8918032786885246,0.7906386066763426,0.38962119704520143,0.38216809586324396,0.5408805031446541,0.688784770587987,0.759075907590759,0.4725274725274725,0.8820754716981132,0.6323529411764706,0.7957446808510639,0.6773014721127928,"[0.7957446808510639, 0.6323529411764706]","[0.8820754716981132, 0.4725274725274725]","[0.8366890380313199, 0.5408805031446541]","[0.8820754716981132, 0.4725274725274725]"
Gradient Boosting,7,2,0.9851678294977263,0.8469387755102041,0.82892131318395,0.4003553008016812,0.38067655236329934,0.5324675324675324,0.6844155844155844,0.7575757575757576,0.43157894736842106,0.9108910891089109,0.6949152542372882,0.773109243697479,0.6712350182386659,"[0.773109243697479, 0.6949152542372882]","[0.9108910891089109, 0.43157894736842106]","[0.8363636363636363, 0.5324675324675324]","[0.9108910891089109, 0.43157894736842106]"
Gradient Boosting,8,2,0.983953107830897,0.8771929824561403,0.8075072723204296,0.4818856667972902,0.4807292868682206,0.6153846153846154,0.7401247401247402,0.8,0.5853658536585366,0.8807339449541285,0.6486486486486487,0.8495575221238938,0.7330498993063326,"[0.8495575221238938, 0.6486486486486487]","[0.8807339449541285, 0.5853658536585366]","[0.8648648648648649, 0.6153846153846154]","[0.8807339449541285, 0.5853658536585366]"
Gradient Boosting,9,2,0.9865473725389685,0.8909657320872274,0.7807455580072001,0.38385745912303093,0.38261079143192833,0.5369127516778524,0.6909282859512857,0.7676767676767676,0.5063291139240507,0.8623853211009175,0.5714285714285714,0.8281938325991189,0.6843572175124841,"[0.8281938325991189, 0.5714285714285714]","[0.8623853211009175, 0.5063291139240507]","[0.8449438202247191, 0.5369127516778524]","[0.8623853211009175, 0.5063291139240507]"
Gradient Boosting,10,2,0.984027801322258,0.8791208791208791,0.82997150997151,0.4126908946025432,0.3993861500095913,0.5230769230769231,0.6964124111182934,0.7953795379537953,0.4358974358974359,0.92,0.6538461538461539,0.8247011952191236,0.677948717948718,"[0.8247011952191236, 0.6538461538461539]","[0.92, 0.4358974358974359]","[0.8697478991596639, 0.5230769230769231]","[0.92, 0.4358974358974359]"
Gradient Boosting,11,3,0.9834473507712944,0.8701095461658842,0.8090284005979074,0.36467738390923804,0.36466278301603505,0.5234899328859061,0.6823266219239374,0.761744966442953,0.52,0.8430493273542601,0.527027027027027,0.8392857142857143,0.68152466367713,"[0.8392857142857143, 0.527027027027027]","[0.8430493273542601, 0.52]","[0.8411633109619687, 0.5234899328859061]","[0.8430493273542601, 0.52]"
Gradient Boosting,12,3,0.9839947170993063,0.8832807570977917,0.8273092369477911,0.3941880737474158,0.3907149818375122,0.543046357615894,0.6943419707542557,0.7692307692307693,0.4939759036144578,0.875,0.6029411764705882,0.8181818181818182,0.6844879518072289,"[0.8181818181818182, 0.6029411764705882]","[0.875, 0.4939759036144578]","[0.8456375838926175, 0.543046357615894]","[0.875, 0.4939759036144578]"
Gradient Boosting,13,3,0.9868500881834216,0.8692699490662139,0.7962376237623762,0.3991712292660557,0.3855822948001719,0.5529411764705883,0.6885076252723312,0.7475083056478405,0.46534653465346537,0.89,0.6811594202898551,0.7672413793103449,0.6776732673267327,"[0.7672413793103449, 0.6811594202898551]","[0.89, 0.46534653465346537]","[0.8240740740740741, 0.5529411764705883]","[0.89, 0.46534653465346537]"
Gradient Boosting,14,3,0.9839348665435622,0.871875,0.7861309523809523,0.3701050921509983,0.36730568802703467,0.5109489051094891,0.6828063397564799,0.7759197324414716,0.4666666666666667,0.8794642857142857,0.5645161290322581,0.8312236286919831,0.6730654761904762,"[0.8312236286919831, 0.5645161290322581]","[0.8794642857142857, 0.4666666666666667]","[0.8546637744034707, 0.5109489051094891]","[0.8794642857142857, 0.4666666666666667]"
Gradient Boosting,15,3,0.9815953261495549,0.8609271523178808,0.8128239684843458,0.47782313140927657,0.4588038718598756,0.5866666666666667,0.7253508771929824,0.7953795379537953,0.4835164835164835,0.9292452830188679,0.7457627118644068,0.8073770491803278,0.7063808832676757,"[0.8073770491803278, 0.7457627118644068]","[0.9292452830188679, 0.4835164835164835]","[0.8640350877192983, 0.5866666666666667]","[0.9292452830188679, 0.4835164835164835]"
Gradient Boosting,16,4,0.9842929823144633,0.8829953198127926,0.7849797261561967,0.4349045551267075,0.4348367213892017,0.5789473684210527,0.7174016121384543,0.785234899328859,0.5714285714285714,0.8597285067873304,0.5866666666666667,0.852017937219731,0.7155785391079509,"[0.852017937219731, 0.5866666666666667]","[0.8597285067873304, 0.5714285714285714]","[0.8558558558558559, 0.5789473684210527]","[0.8597285067873304, 0.5714285714285714]"
Gradient Boosting,17,4,0.9818482242531212,0.8793650793650793,0.7702821869488536,0.375059960544054,0.374577417173766,0.5432098765432098,0.687130052426856,0.7533333333333333,0.5238095238095238,0.8425925925925926,0.5641025641025641,0.8198198198198198,0.6832010582010581,"[0.8198198198198198, 0.5641025641025641]","[0.8425925925925926, 0.5238095238095238]","[0.8310502283105022, 0.5432098765432098]","[0.8425925925925926, 0.5238095238095238]"
Gradient Boosting,18,4,0.9851866289835299,0.8760330578512396,0.8146777674992292,0.43989804807183736,0.4275005594092638,0.575,0.710576923076923,0.7740863787375415,0.48936170212765956,0.9033816425120773,0.696969696969697,0.7957446808510639,0.6963716723198684,"[0.7957446808510639, 0.696969696969697]","[0.9033816425120773, 0.48936170212765956]","[0.8461538461538461, 0.575]","[0.9033816425120773, 0.48936170212765956]"
Gradient Boosting,19,4,0.9868457277152929,0.8858024691358025,0.8172619047619047,0.4459047328128581,0.43909696616857496,0.5606060606060606,0.7180712706463779,0.8060200668896321,0.49333333333333335,0.9107142857142857,0.6491228070175439,0.8429752066115702,0.7020238095238095,"[0.8429752066115702, 0.6491228070175439]","[0.9107142857142857, 0.49333333333333335]","[0.8755364806866953, 0.5606060606060606]","[0.9107142857142857, 0.49333333333333335]"
Gradient Boosting,20,4,0.9825094260578132,0.8705882352941177,0.8101195016526824,0.39104827284548727,0.36536357878979786,0.5100671140939598,0.6748137768271997,0.7582781456953642,0.4,0.9227053140096618,0.7037037037037037,0.7701612903225806,0.6613526570048309,"[0.7701612903225806, 0.7037037037037037]","[0.9227053140096618, 0.4]","[0.8395604395604396, 0.5100671140939598]","[0.9227053140096618, 0.4]"
Gradient Boosting,21,5,0.98489693898514,0.8807631160572337,0.7897058823529411,0.3520372807874864,0.34301091343997614,0.496551724137931,0.6684071530974118,0.7574750830564784,0.4235294117647059,0.8888888888888888,0.6,0.7966804979253111,0.6562091503267974,"[0.7966804979253111, 0.6]","[0.8888888888888888, 0.4235294117647059]","[0.8402625820568927, 0.496551724137931]","[0.8888888888888888, 0.4235294117647059]"
Gradient Boosting,22,5,0.9820218186792518,0.8962264150943396,0.8246440306681271,0.5060993977037053,0.5028354299202625,0.6274509803921569,0.7508115829113102,0.8118811881188119,0.5783132530120482,0.9,0.6857142857142857,0.8497854077253219,0.7391566265060241,"[0.8497854077253219, 0.6857142857142857]","[0.9, 0.5783132530120482]","[0.8741721854304636, 0.6274509803921569]","[0.9, 0.5783132530120482]"
Gradient Boosting,23,5,0.9845951150298977,0.897196261682243,0.8085253456221198,0.46158168354329565,0.45440109599277645,0.5815602836879432,0.7256587290404396,0.8013468013468014,0.5125,0.9078341013824884,0.6721311475409836,0.8347457627118644,0.7101670506912442,"[0.8347457627118644, 0.6721311475409836]","[0.9078341013824884, 0.5125]","[0.869757174392936, 0.5815602836879432]","[0.9078341013824884, 0.5125]"
Gradient Boosting,24,5,0.9855895691999821,0.8651315789473685,0.8042988850771869,0.3888997750857397,0.38426453819840367,0.5443037974683544,0.6907039349332722,0.76,0.48863636363636365,0.8726415094339622,0.6142857142857143,0.8043478260869565,0.6806389365351629,"[0.8043478260869565, 0.6142857142857143]","[0.8726415094339622, 0.48863636363636365]","[0.8371040723981901, 0.5443037974683544]","[0.8726415094339622, 0.48863636363636365]"
Gradient Boosting,25,5,0.9865228461326728,0.8786885245901639,0.8173354735152488,0.4307822653920342,0.41528888888888893,0.5540540540540541,0.7036936936936937,0.7792642140468228,0.4606741573033708,0.9142857142857143,0.6949152542372882,0.8,0.6874799357945425,"[0.8, 0.6949152542372882]","[0.9142857142857143, 0.4606741573033708]","[0.8533333333333334, 0.5540540540540541]","[0.9142857142857143, 0.4606741573033708]"
Gradient Boosting,26,6,0.9814229249011858,0.8857589984350548,0.7910138248847925,0.3518404145021861,0.3442881473538131,0.4927536231884058,0.6696224256292906,0.7643097643097643,0.425,0.8894009216589862,0.5862068965517241,0.8075313807531381,0.6572004608294931,"[0.8075313807531381, 0.5862068965517241]","[0.8894009216589862, 0.425]","[0.8464912280701754, 0.4927536231884058]","[0.8894009216589862, 0.425]"
Gradient Boosting,27,6,0.9855129818294976,0.8753894080996885,0.7720478325859491,0.27428709673503676,0.27037106097333574,0.43478260869565216,0.633339580209895,0.7408637873754153,0.38461538461538464,0.8654708520179372,0.5,0.8008298755186722,0.6250431183166609,"[0.8008298755186722, 0.5]","[0.8654708520179372, 0.38461538461538464]","[0.8318965517241379, 0.43478260869565216]","[0.8654708520179372, 0.38461538461538464]"
Gradient Boosting,28,6,0.9848059226215526,0.8754208754208754,0.7972252940585101,0.40703276497021923,0.3843890959011571,0.535031847133758,0.6854934516567666,0.7574750830564784,0.42857142857142855,0.916256157635468,0.711864406779661,0.768595041322314,0.6724137931034483,"[0.768595041322314, 0.711864406779661]","[0.916256157635468, 0.42857142857142855]","[0.8359550561797753, 0.535031847133758]","[0.916256157635468, 0.42857142857142855]"
Gradient Boosting,29,6,0.9866408716016698,0.8708133971291866,0.7813348416289593,0.34222928843557604,0.33905850503835167,0.496551724137931,0.6684071530974118,0.7574750830564784,0.45,0.8687782805429864,0.5538461538461539,0.8135593220338984,0.6593891402714932,"[0.8135593220338984, 0.5538461538461539]","[0.8687782805429864, 0.45]","[0.8402625820568927, 0.496551724137931]","[0.8687782805429864, 0.45]"
Gradient Boosting,30,6,0.9854325121252205,0.8820678513731826,0.851696043452793,0.4820161498725471,0.47761613211256526,0.6172839506172839,0.7378657196008793,0.7933333333333333,0.5617977528089888,0.8909952606635071,0.684931506849315,0.8281938325991189,0.7263965067362479,"[0.8281938325991189, 0.684931506849315]","[0.8909952606635071, 0.5617977528089888]","[0.8584474885844748, 0.6172839506172839]","[0.8909952606635071, 0.5617977528089888]"
Gradient Boosting,31,7,0.9873801577565944,0.8921095008051529,0.7694649847759896,0.3831154845581007,0.37999370871343185,0.546583850931677,0.6889963134566006,0.7542087542087542,0.5,0.861244019138756,0.6027397260273972,0.8035714285714286,0.680622009569378,"[0.8035714285714286, 0.6027397260273972]","[0.861244019138756, 0.5]","[0.8314087759815243, 0.546583850931677]","[0.861244019138756, 0.5]"
Gradient Boosting,32,7,0.9828382550042493,0.8759811616954474,0.8127074442863916,0.39730799401249567,0.39624263261296666,0.5416666666666666,0.6978244837758112,0.7785234899328859,0.5131578947368421,0.8693693693693694,0.5735294117647058,0.8391304347826087,0.6912636320531058,"[0.8391304347826087, 0.5735294117647058]","[0.8693693693693694, 0.5131578947368421]","[0.8539823008849557, 0.5416666666666666]","[0.8693693693693694, 0.5131578947368421]"
Gradient Boosting,33,7,0.9824119233808343,0.8722044728434505,0.8362846642165052,0.4089524659594936,0.3978332461296975,0.5323741007194245,0.6959926659104682,0.7840531561461794,0.45121951219512196,0.908675799086758,0.6491228070175439,0.8155737704918032,0.67994765564094,"[0.8155737704918032, 0.6491228070175439]","[0.908675799086758, 0.45121951219512196]","[0.8596112311015118, 0.5323741007194245]","[0.908675799086758, 0.45121951219512196]"
Gradient Boosting,34,7,0.9831272375088637,0.8780487804878049,0.8166666666666667,0.4013321661058487,0.38724637681159413,0.5333333333333333,0.6895741556534508,0.7682119205298014,0.4444444444444444,0.9056603773584906,0.6666666666666666,0.7933884297520661,0.6750524109014675,"[0.7933884297520661, 0.6666666666666666]","[0.9056603773584906, 0.4444444444444444]","[0.8458149779735683, 0.5333333333333333]","[0.9056603773584906, 0.4444444444444444]"
Gradient Boosting,35,7,0.9850827947188154,0.8637110016420362,0.8086195073060084,0.3643522277228745,0.34817574359884096,0.496551724137931,0.6687551649012096,0.7582781456953642,0.4044943820224719,0.9061032863849765,0.6428571428571429,0.7845528455284553,0.6552988342037243,"[0.7845528455284553, 0.6428571428571429]","[0.9061032863849765, 0.4044943820224719]","[0.840958605664488, 0.496551724137931]","[0.9061032863849765, 0.4044943820224719]"
Gradient Boosting,36,8,0.9854108632749004,0.890625,0.7671002206480084,0.40321403593789845,0.3943796597208947,0.5294117647058824,0.6948368867197534,0.7845117845117845,0.45569620253164556,0.9036697247706422,0.631578947368421,0.8208333333333333,0.6796829636511439,"[0.8208333333333333, 0.631578947368421]","[0.9036697247706422, 0.45569620253164556]","[0.8602620087336245, 0.5294117647058824]","[0.9036697247706422, 0.45569620253164556]"
Gradient Boosting,37,8,0.9836622731350494,0.8768472906403941,0.8535940803382663,0.44743595257810065,0.4400534500895573,0.5806451612903226,0.7182604963879551,0.7854785478547854,0.5113636363636364,0.8976744186046511,0.6716417910447762,0.8177966101694916,0.7045190274841437,"[0.8177966101694916, 0.6716417910447762]","[0.8976744186046511, 0.5113636363636364]","[0.8558758314855875, 0.5806451612903226]","[0.8976744186046511, 0.5113636363636364]"
Gradient Boosting,38,8,0.9852135182918536,0.8712241653418124,0.8355841972541329,0.4483181149411135,0.44096822995461415,0.5753424657534246,0.7187823439878234,0.7919463087248322,0.5060240963855421,0.9023255813953488,0.6666666666666666,0.825531914893617,0.7041748388904454,"[0.825531914893617, 0.6666666666666666]","[0.9023255813953488, 0.5060240963855421]","[0.8622222222222222, 0.5753424657534246]","[0.9023255813953488, 0.5060240963855421]"
Gradient Boosting,39,8,0.9859596613648731,0.8860353130016051,0.7702213707960834,0.3473776612783197,0.3421323277339733,0.5064935064935064,0.6691759567865763,0.7491749174917491,0.4482758620689655,0.8703703703703703,0.582089552238806,0.7966101694915254,0.659323116219668,"[0.7966101694915254, 0.582089552238806]","[0.8703703703703703, 0.4482758620689655]","[0.831858407079646, 0.5064935064935064]","[0.8703703703703703, 0.4482758620689655]"
Gradient Boosting,40,8,0.9852937135949005,0.8806451612903226,0.7862451529513141,0.3881780499984553,0.38354046160013744,0.5443037974683544,0.6903337169159953,0.7591973244147158,0.48863636363636365,0.8720379146919431,0.6142857142857143,0.8034934497816594,0.6803371391641534,"[0.8034934497816594, 0.6142857142857143]","[0.8720379146919431, 0.48863636363636365]","[0.8363636363636363, 0.5443037974683544]","[0.8720379146919431, 0.48863636363636365]"
Gradient Boosting,41,9,0.9843802936194241,0.8660869565217392,0.7969629076425192,0.3832698663100419,0.3597752437613617,0.524390243902439,0.6719173441734417,0.738255033557047,0.4174757281553398,0.9076923076923077,0.7049180327868853,0.7468354430379747,0.6625840179238237,"[0.7468354430379747, 0.7049180327868853]","[0.9076923076923077, 0.4174757281553398]","[0.8194444444444444, 0.524390243902439]","[0.9076923076923077, 0.4174757281553398]"
Gradient Boosting,42,9,0.9863067292644758,0.8724409448818897,0.802224681148448,0.3739368677790229,0.3691148775894538,0.5109489051094891,0.6831202408916777,0.7766666666666666,0.45454545454545453,0.8878923766816144,0.5833333333333334,0.825,0.6712189156135344,"[0.825, 0.5833333333333334]","[0.8878923766816144, 0.45454545454545453]","[0.8552915766738661, 0.5109489051094891]","[0.8878923766816144, 0.45454545454545453]"
Gradient Boosting,43,9,0.9840653714394575,0.8888888888888888,0.8177444618482882,0.45066181999176635,0.4460328806290207,0.581081081081081,0.7219564697440803,0.7933333333333333,0.524390243902439,0.8944954128440367,0.6515151515151515,0.8333333333333334,0.7094428283732379,"[0.8333333333333334, 0.6515151515151515]","[0.8944954128440367, 0.524390243902439]","[0.8628318584070797, 0.581081081081081]","[0.8944954128440367, 0.524390243902439]"
Gradient Boosting,44,9,0.9840534127903768,0.8867313915857605,0.838880644477422,0.4056278097109853,0.3921683397231408,0.5369127516778524,0.6922974354415752,0.770764119601329,0.449438202247191,0.9056603773584906,0.6666666666666666,0.7966804979253111,0.6775492898028408,"[0.7966804979253111, 0.6666666666666666]","[0.9056603773584906, 0.449438202247191]","[0.847682119205298, 0.5369127516778524]","[0.9056603773584906, 0.449438202247191]"
Gradient Boosting,45,9,0.9835476804816428,0.8858024691358025,0.783426598404572,0.3614463152298257,0.36120543293718166,0.5138888888888888,0.6805252304706453,0.7674418604651163,0.5,0.8546255506607929,0.5285714285714286,0.8398268398268398,0.6773127753303965,"[0.8398268398268398, 0.5285714285714286]","[0.8546255506607929, 0.5]","[0.8471615720524017, 0.5138888888888888]","[0.8546255506607929, 0.5]"
Gradient Boosting,46,10,0.9854346633758397,0.8853503184713376,0.7917592843589049,0.4071490683411873,0.40567894292943496,0.5625,0.7024211711711712,0.7682119205298014,0.5294117647058824,0.8617511520737328,0.6,0.8237885462555066,0.6955814583898076,"[0.8237885462555066, 0.6]","[0.8617511520737328, 0.5294117647058824]","[0.8423423423423423, 0.5625]","[0.8617511520737328, 0.5294117647058824]"
Gradient Boosting,47,10,0.9845801735328278,0.8821656050955414,0.8056624518966464,0.4154226595578831,0.41420823987052446,0.5714285714285714,0.706766917293233,0.7692307692307693,0.5411764705882353,0.8598130841121495,0.6052631578947368,0.8251121076233184,0.7004947773501924,"[0.8251121076233184, 0.6052631578947368]","[0.8598130841121495, 0.5411764705882353]","[0.8421052631578947, 0.5714285714285714]","[0.8598130841121495, 0.5411764705882353]"
Gradient Boosting,48,10,0.9878720313502921,0.8835725677830941,0.8232718894009217,0.46404961795636446,0.4519597862051412,0.5735294117647058,0.7234459285897765,0.8047138047138047,0.4875,0.9216589861751152,0.6964285714285714,0.8298755186721992,0.7045794930875576,"[0.8298755186721992, 0.6964285714285714]","[0.9216589861751152, 0.4875]","[0.8733624454148472, 0.5735294117647058]","[0.9216589861751152, 0.4875]"
Gradient Boosting,49,10,0.984523437998114,0.881619937694704,0.7757713465678068,0.2747725754482972,0.2709953343701399,0.42748091603053434,0.6337831019385081,0.75,0.3783783783783784,0.8716814159292036,0.49122807017543857,0.8106995884773662,0.625029897153791,"[0.8106995884773662, 0.49122807017543857]","[0.8716814159292036, 0.3783783783783784]","[0.8400852878464818, 0.42748091603053434]","[0.8716814159292036, 0.3783783783783784]"
Gradient Boosting,50,10,0.9797016696330196,0.8722316865417377,0.8085808580858086,0.4216239566103643,0.3993242875047682,0.5521472392638037,0.6933071797226048,0.7582781456953642,0.44554455445544555,0.9154228855721394,0.7258064516129032,0.7666666666666667,0.6804837200137924,"[0.7666666666666667, 0.7258064516129032]","[0.9154228855721394, 0.44554455445544555]","[0.8344671201814059, 0.5521472392638037]","[0.9154228855721394, 0.44554455445544555]"
KNN,1,1,0.8875644802829451,0.6452702702702703,0.7627039241622575,0.31641714616474187,0.3107769423558897,0.47619047619047616,0.6531062756228319,0.7433333333333333,0.4166666666666667,0.8703703703703703,0.5555555555555556,0.7932489451476793,0.6435185185185185,"[0.7932489451476793, 0.5555555555555556]","[0.8703703703703703, 0.4166666666666667]","[0.8300220750551877, 0.47619047619047616]","[0.8703703703703703, 0.4166666666666667]"
KNN,2,1,0.8915641866502699,0.6634304207119741,0.7329301814183617,0.27716143383288855,0.2740807909439261,0.45751633986928103,0.6354997429683484,0.7224080267558528,0.4117647058823529,0.8457943925233645,0.5147058823529411,0.7835497835497836,0.6287795492028587,"[0.7835497835497836, 0.5147058823529411]","[0.8457943925233645, 0.4117647058823529]","[0.8134831460674158, 0.45751633986928103]","[0.8457943925233645, 0.4117647058823529]"
KNN,3,1,0.8960635323579356,0.649746192893401,0.7178300865800864,0.3113214621631566,0.29279418110090616,0.4460431654676259,0.6387765061473797,0.7416107382550335,0.3522727272727273,0.9047619047619048,0.6078431372549019,0.7692307692307693,0.6285173160173161,"[0.7692307692307693, 0.6078431372549019]","[0.9047619047619048, 0.3522727272727273]","[0.8315098468271335, 0.4460431654676259]","[0.9047619047619048, 0.3522727272727273]"
KNN,4,1,0.8861112446516994,0.6410684474123539,0.7719780219780219,0.3898199054966238,0.3873596061900585,0.5419354838709678,0.6929457639135059,0.7672131147540984,0.5,0.8687782805429864,0.5915492957746479,0.8205128205128205,0.6843891402714932,"[0.8205128205128205, 0.5915492957746479]","[0.8687782805429864, 0.5]","[0.843956043956044, 0.5419354838709678]","[0.8687782805429864, 0.5]"
KNN,5,1,0.8861754558056683,0.62751677852349,0.7723631508678237,0.34762620427871366,0.340027910927735,0.496551724137931,0.6673445982108723,0.7550335570469798,0.42857142857142855,0.883177570093458,0.5901639344262295,0.7974683544303798,0.6558744993324432,"[0.7974683544303798, 0.5901639344262295]","[0.883177570093458, 0.42857142857142855]","[0.8381374722838137, 0.496551724137931]","[0.883177570093458, 0.42857142857142855]"
KNN,6,2,0.8899483767112357,0.6341463414634146,0.7758138088326767,0.4232782078313496,0.4064300530076055,0.5466666666666666,0.6987719298245614,0.7755775577557755,0.45054945054945056,0.9150943396226415,0.6949152542372882,0.7950819672131147,0.6828218950860461,"[0.7950819672131147, 0.6949152542372882]","[0.9150943396226415, 0.45054945054945056]","[0.8508771929824561, 0.5466666666666666]","[0.9150943396226415, 0.45054945054945056]"
KNN,7,2,0.8872296851678294,0.6363636363636364,0.6912714955706097,0.22667259468427783,0.2148107260102844,0.40522875816993464,0.5994397759103641,0.6936026936026936,0.3263157894736842,0.8663366336633663,0.5344827586206896,0.7322175732217573,0.5963262115685253,"[0.7322175732217573, 0.5344827586206896]","[0.8663366336633663, 0.3263157894736842]","[0.7936507936507936, 0.40522875816993464]","[0.8663366336633663, 0.3263157894736842]"
KNN,8,2,0.887062809788026,0.659016393442623,0.7618594763929291,0.31456378350514136,0.3136005560704356,0.49032258064516127,0.6563972453787604,0.7366666666666667,0.4634146341463415,0.8394495412844036,0.5205479452054794,0.8061674008810573,0.6514320877153725,"[0.8061674008810573, 0.5205479452054794]","[0.8394495412844036, 0.4634146341463415]","[0.8224719101123595, 0.49032258064516127]","[0.8394495412844036, 0.4634146341463415]"
KNN,9,2,0.8992722293792703,0.659016393442623,0.7286029497154801,0.3057700352544214,0.3049921996879875,0.48,0.6521621621621622,0.7373737373737373,0.45569620253164556,0.8394495412844036,0.5070422535211268,0.8097345132743363,0.6475728719080246,"[0.8097345132743363, 0.5070422535211268]","[0.8394495412844036, 0.45569620253164556]","[0.8243243243243243, 0.48]","[0.8394495412844036, 0.45569620253164556]"
KNN,10,2,0.8906289201559586,0.6479338842975206,0.7815099715099716,0.421083226901465,0.4062831261443577,0.5271317829457365,0.6996245916825119,0.7986798679867987,0.4358974358974359,0.9244444444444444,0.6666666666666666,0.8253968253968254,0.6801709401709402,"[0.8253968253968254, 0.6666666666666666]","[0.9244444444444444, 0.4358974358974359]","[0.8721174004192872, 0.5271317829457365]","[0.9244444444444444, 0.4358974358974359]"
KNN,11,3,0.8873792756539236,0.6495176848874598,0.764035874439462,0.44538859881450593,0.43857597609302934,0.5606060606060606,0.7178030303030303,0.8053691275167785,0.49333333333333335,0.9103139013452914,0.6491228070175439,0.8423236514522822,0.7018236173393124,"[0.8423236514522822, 0.6491228070175439]","[0.9103139013452914, 0.49333333333333335]","[0.875, 0.5606060606060606]","[0.9103139013452914, 0.49333333333333335]"
KNN,12,3,0.8897909305666183,0.6565143824027073,0.7838018741633199,0.35337166533501363,0.34624962040692375,0.5,0.670704845814978,0.7591973244147158,0.43373493975903615,0.8842592592592593,0.5901639344262295,0.8025210084033614,0.6589970995091478,"[0.8025210084033614, 0.5901639344262295]","[0.8842592592592593, 0.43373493975903615]","[0.8414096916299559, 0.5]","[0.8842592592592593, 0.43373493975903615]"
KNN,13,3,0.8986631393298059,0.6455026455026455,0.7057673267326732,0.3013579266505038,0.28717641614720846,0.4727272727272727,0.6368213022675265,0.7109634551495017,0.38613861386138615,0.875,0.609375,0.7383966244725738,0.630569306930693,"[0.7383966244725738, 0.609375]","[0.875, 0.38613861386138615]","[0.8009153318077803, 0.4727272727272727]","[0.875, 0.38613861386138615]"
KNN,14,3,0.8917525600134295,0.6601626016260163,0.7366964285714286,0.40102488022421756,0.3984659876776059,0.5362318840579711,0.6985507246376812,0.7859531772575251,0.49333333333333335,0.8839285714285714,0.5873015873015873,0.8389830508474576,0.6886309523809524,"[0.8389830508474576, 0.5873015873015873]","[0.8839285714285714, 0.49333333333333335]","[0.8608695652173913, 0.5362318840579711]","[0.8839285714285714, 0.49333333333333335]"
KNN,15,3,0.8890619687623593,0.6465661641541038,0.7106313497822931,0.32173405391268267,0.3079991905408922,0.4697986577181208,0.6484660684651873,0.7392739273927392,0.38461538461538464,0.8915094339622641,0.603448275862069,0.7714285714285715,0.6380624092888244,"[0.7714285714285715, 0.603448275862069]","[0.8915094339622641, 0.38461538461538464]","[0.8271334792122538, 0.4697986577181208]","[0.8915094339622641, 0.38461538461538464]"
KNN,16,4,0.8935031898570622,0.6633663366336634,0.7327084680025856,0.36007220567047166,0.3593532368436989,0.5170068027210885,0.6794388133872703,0.761744966442953,0.4935064935064935,0.8552036199095022,0.5428571428571428,0.8289473684210527,0.6743550567079979,"[0.8289473684210527, 0.5428571428571428]","[0.8552036199095022, 0.4935064935064935]","[0.8418708240534521, 0.5170068027210885]","[0.8552036199095022, 0.4935064935064935]"
KNN,17,4,0.8852652098361663,0.63,0.7668926366843034,0.4649259986721442,0.4582593250444049,0.5906040268456376,0.7276745189660561,0.7966666666666666,0.5238095238095238,0.9027777777777778,0.676923076923077,0.8297872340425532,0.7132936507936508,"[0.8297872340425532, 0.676923076923077]","[0.9027777777777778, 0.5238095238095238]","[0.8647450110864745, 0.5906040268456376]","[0.9027777777777778, 0.5238095238095238]"
KNN,18,4,0.8934871287955783,0.6437177280550774,0.7529293863706444,0.36146851872800695,0.34354912764003664,0.5,0.6655555555555556,0.7475083056478405,0.40425531914893614,0.9033816425120773,0.6551724137931034,0.7695473251028807,0.6538184808305068,"[0.7695473251028807, 0.6551724137931034]","[0.9033816425120773, 0.40425531914893614]","[0.8311111111111111, 0.5]","[0.9033816425120773, 0.40425531914893614]"
KNN,19,4,0.8835907335907336,0.6602870813397129,0.7397619047619048,0.30443669992405914,0.2964239551917277,0.4409448818897638,0.645100891051039,0.7625418060200669,0.37333333333333335,0.8928571428571429,0.5384615384615384,0.8097165991902834,0.6330952380952382,"[0.8097165991902834, 0.5384615384615384]","[0.8928571428571429, 0.37333333333333335]","[0.8492569002123143, 0.4409448818897638]","[0.8928571428571429, 0.37333333333333335]"
KNN,20,4,0.8948488339617372,0.6550522648083623,0.747724383422324,0.3172942107602067,0.2837236881114735,0.42857142857142855,0.6280788177339901,0.7350993377483444,0.3157894736842105,0.927536231884058,0.6666666666666666,0.7470817120622568,0.6216628527841342,"[0.7470817120622568, 0.6666666666666666]","[0.927536231884058, 0.3157894736842105]","[0.8275862068965517, 0.42857142857142855]","[0.927536231884058, 0.3157894736842105]"
KNN,21,5,0.8959597343011709,0.6545454545454545,0.7315359477124184,0.26684393642075316,0.2477618550504571,0.3969465648854962,0.6146091635467821,0.7375415282392026,0.3058823529411765,0.9074074074074074,0.5652173913043478,0.7686274509803922,0.606644880174292,"[0.7686274509803922, 0.5652173913043478]","[0.9074074074074074, 0.3058823529411765]","[0.832271762208068, 0.3969465648854962]","[0.9074074074074074, 0.3058823529411765]"
KNN,22,5,0.8811873738928218,0.6392092257001647,0.7541894852135815,0.3613744992447839,0.3582184825184971,0.5165562913907285,0.6780583654755841,0.759075907590759,0.46987951807228917,0.8681818181818182,0.5735294117647058,0.8127659574468085,0.6690306681270537,"[0.8127659574468085, 0.5735294117647058]","[0.8681818181818182, 0.46987951807228917]","[0.8395604395604396, 0.5165562913907285]","[0.8681818181818182, 0.46987951807228917]"
KNN,23,5,0.8826036282558022,0.6477462437395659,0.8080933179723502,0.4240074036988777,0.4174113397888969,0.5531914893617021,0.7070593208397915,0.7878787878787878,0.4875,0.8986175115207373,0.639344262295082,0.826271186440678,0.6930587557603687,"[0.826271186440678, 0.639344262295082]","[0.8986175115207373, 0.4875]","[0.8609271523178808, 0.5531914893617021]","[0.8986175115207373, 0.4875]"
KNN,24,5,0.8950902757959089,0.6711409395973155,0.7231453687821612,0.3156973528710129,0.31097841065686715,0.48717948717948717,0.6534996534996534,0.7333333333333333,0.4318181818181818,0.8584905660377359,0.5588235294117647,0.7844827586206896,0.6451543739279588,"[0.7844827586206896, 0.5588235294117647]","[0.8584905660377359, 0.4318181818181818]","[0.8198198198198198, 0.48717948717948717]","[0.8584905660377359, 0.4318181818181818]"
KNN,25,5,0.8865503715937242,0.634315424610052,0.778892455858748,0.41240271382921767,0.39757037037037046,0.5405405405405406,0.6947147147147148,0.7725752508361204,0.449438202247191,0.9095238095238095,0.6779661016949152,0.7958333333333333,0.6794810058855003,"[0.7958333333333333, 0.6779661016949152]","[0.9095238095238095, 0.449438202247191]","[0.8488888888888889, 0.5405405405405406]","[0.9095238095238095, 0.449438202247191]"
KNN,26,6,0.8889142258707476,0.626465661641541,0.7634504608294932,0.41718195661608465,0.4072982989641738,0.5401459854014599,0.7011452027663754,0.7878787878787878,0.4625,0.9078341013824884,0.6491228070175439,0.8208333333333333,0.6851670506912442,"[0.8208333333333333, 0.6491228070175439]","[0.9078341013824884, 0.4625]","[0.862144420131291, 0.5401459854014599]","[0.9078341013824884, 0.4625]"
KNN,27,6,0.8923231995237516,0.6677367576243981,0.7385880188570773,0.30419422228705834,0.30166676842298057,0.4647887323943662,0.6497856705450091,0.7475083056478405,0.4230769230769231,0.8609865470852018,0.515625,0.810126582278481,0.6420317350810625,"[0.810126582278481, 0.515625]","[0.8609865470852018, 0.4230769230769231]","[0.8347826086956521, 0.4647887323943662]","[0.8609865470852018, 0.4230769230769231]"
KNN,28,6,0.8927103498583172,0.6422338568935427,0.7304714989444054,0.33371661483436327,0.3128822252909844,0.4774193548387097,0.6481056505737173,0.7308970099667774,0.37755102040816324,0.9014778325123153,0.6491228070175439,0.75,0.6395144264602393,"[0.75, 0.6491228070175439]","[0.9014778325123153, 0.37755102040816324]","[0.8187919463087249, 0.4774193548387097]","[0.9014778325123153, 0.37755102040816324]"
KNN,29,6,0.8922665716322167,0.6589785831960461,0.7067590497737556,0.25621734278628167,0.2560639153925739,0.44871794871794873,0.6279464183051627,0.7142857142857143,0.4375,0.8144796380090498,0.4605263157894737,0.8,0.6259898190045249,"[0.8, 0.4605263157894737]","[0.8144796380090498, 0.4375]","[0.8071748878923767, 0.44871794871794873]","[0.8144796380090498, 0.4375]"
KNN,30,6,0.8825834297839505,0.634974533106961,0.7958890249747057,0.4080152687921045,0.40201606014009905,0.5569620253164557,0.6992954922962369,0.7666666666666667,0.4943820224719101,0.8815165876777251,0.6376811594202898,0.8051948051948052,0.6879493050748176,"[0.8051948051948052, 0.6376811594202898]","[0.8815165876777251, 0.4943820224719101]","[0.8416289592760181, 0.5569620253164557]","[0.8815165876777251, 0.4943820224719101]"
KNN,31,7,0.8959574016077193,0.6677908937605397,0.7175402348847325,0.33113308926626095,0.3305785123966942,0.5207100591715976,0.6650609119387401,0.7272727272727273,0.5,0.8229665071770335,0.5432098765432098,0.7962962962962963,0.6614832535885167,"[0.7962962962962963, 0.5432098765432098]","[0.8229665071770335, 0.5]","[0.8094117647058824, 0.5207100591715976]","[0.8229665071770335, 0.5]"
KNN,32,7,0.8898174990006618,0.6437908496732027,0.7457029397818871,0.3553767040644256,0.3538594969644405,0.5070422535211268,0.6764286157473476,0.7651006711409396,0.47368421052631576,0.8648648648648649,0.5454545454545454,0.8275862068965517,0.6692745376955903,"[0.8275862068965517, 0.5454545454545454]","[0.8648648648648649, 0.47368421052631576]","[0.8458149779735683, 0.5070422535211268]","[0.8648648648648649, 0.47368421052631576]"
KNN,33,7,0.887167583989537,0.6533333333333333,0.7511972379997772,0.3721843684563883,0.36886093145506627,0.5234899328859061,0.6833785205268382,0.7641196013289037,0.47560975609756095,0.8721461187214612,0.582089552238806,0.8162393162393162,0.6738779374095111,"[0.8162393162393162, 0.582089552238806]","[0.8721461187214612, 0.47560975609756095]","[0.8432671081677704, 0.5234899328859061]","[0.8721461187214612, 0.47560975609756095]"
KNN,34,7,0.8842271838951246,0.634315424610052,0.7789308176100629,0.3574160809801707,0.3457916931430882,0.5033112582781457,0.6688741721854305,0.7516556291390728,0.4222222222222222,0.8915094339622641,0.6229508196721312,0.7842323651452282,0.6568658280922431,"[0.7842323651452282, 0.6229508196721312]","[0.8915094339622641, 0.4222222222222222]","[0.8344370860927153, 0.5033112582781457]","[0.8915094339622641, 0.4222222222222222]"
KNN,35,7,0.8873328913932162,0.6294416243654822,0.7174130927889434,0.31523437952438627,0.3047963168016785,0.4697986577181208,0.6480861420458736,0.7384105960264901,0.39325842696629215,0.8826291079812206,0.5833333333333334,0.7768595041322314,0.6379437674737564,"[0.7768595041322314, 0.5833333333333334]","[0.8826291079812206, 0.39325842696629215]","[0.8263736263736263, 0.4697986577181208]","[0.8826291079812206, 0.39325842696629215]"
KNN,36,8,0.8946975266590673,0.6547231270358306,0.7140285681105563,0.2854462630892737,0.28091689463258185,0.4460431654676259,0.6384061981184284,0.7407407407407407,0.3924050632911392,0.8669724770642202,0.5166666666666667,0.7974683544303798,0.6296887701776797,"[0.7974683544303798, 0.5166666666666667]","[0.8669724770642202, 0.3924050632911392]","[0.8307692307692308, 0.4460431654676259]","[0.8669724770642202, 0.3924050632911392]"
KNN,37,8,0.8838365192188254,0.6402753872633391,0.7810253699788583,0.3753422645689372,0.3636681834091704,0.5135135135135135,0.6781541366694205,0.7623762376237624,0.4318181818181818,0.8976744186046511,0.6333333333333333,0.7942386831275721,0.6647463002114165,"[0.7942386831275721, 0.6333333333333333]","[0.8976744186046511, 0.4318181818181818]","[0.8427947598253275, 0.5135135135135135]","[0.8976744186046511, 0.4318181818181818]"
KNN,38,8,0.8758890928872569,0.6209262435677531,0.8043149341552256,0.38302738331310193,0.3718147436294873,0.5142857142857142,0.6825814536340852,0.7718120805369127,0.43373493975903615,0.9023255813953488,0.631578947368421,0.8049792531120332,0.6680302605771925,"[0.8049792531120332, 0.631578947368421]","[0.9023255813953488, 0.43373493975903615]","[0.8508771929824561, 0.5142857142857142]","[0.9023255813953488, 0.43373493975903615]"
KNN,39,8,0.8954629368124488,0.6610169491525424,0.7388250319284801,0.37917253358752856,0.3721291659471595,0.5263157894736842,0.6838627405518201,0.7623762376237624,0.45977011494252873,0.8842592592592593,0.6153846153846154,0.8025210084033614,0.6720146871008941,"[0.8025210084033614, 0.6153846153846154]","[0.8842592592592593, 0.45977011494252873]","[0.8414096916299559, 0.5263157894736842]","[0.8842592592592593, 0.45977011494252873]"
KNN,40,8,0.891677656885372,0.6510851419031719,0.7602326583369238,0.36815409927156145,0.3591791198144506,0.5165562913907285,0.6766226647110242,0.7558528428093646,0.4431818181818182,0.8862559241706162,0.6190476190476191,0.7923728813559322,0.6647188711762172,"[0.7923728813559322, 0.6190476190476191]","[0.8862559241706162, 0.4431818181818182]","[0.8366890380313199, 0.5165562913907285]","[0.8862559241706162, 0.4431818181818182]"
KNN,41,9,0.895713932806324,0.6227106227106227,0.7476226039332836,0.3840737547486212,0.36300356261989586,0.5301204819277109,0.6743625665452508,0.738255033557047,0.42718446601941745,0.9025641025641026,0.6984126984126984,0.7489361702127659,0.66487428429176,"[0.7489361702127659, 0.6984126984126984]","[0.9025641025641026, 0.42718446601941745]","[0.8186046511627907, 0.5301204819277109]","[0.9025641025641026, 0.42718446601941745]"
KNN,42,9,0.8960272651233068,0.6655844155844156,0.7277677479471201,0.2639500964767079,0.25269031486648075,0.4,0.6210526315789473,0.75,0.3246753246753247,0.8968609865470852,0.5208333333333334,0.7936507936507936,0.610768155611205,"[0.7936507936507936, 0.5208333333333334]","[0.8968609865470852, 0.3246753246753247]","[0.8421052631578947, 0.4]","[0.8968609865470852, 0.3246753246753247]"
KNN,43,9,0.8818374490986594,0.6611570247933884,0.7696632356231818,0.33558501398532403,0.3325818699572852,0.4966442953020134,0.6651735888926918,0.75,0.45121951219512196,0.8623853211009175,0.5522388059701493,0.8068669527896996,0.6568024166480197,"[0.8068669527896996, 0.5522388059701493]","[0.8623853211009175, 0.45121951219512196]","[0.8337028824833703, 0.4966442953020134]","[0.8623853211009175, 0.45121951219512196]"
KNN,44,9,0.8866271450642829,0.6395939086294417,0.7725779096883612,0.42605550563574424,0.4140055208484673,0.5562913907284768,0.7038663162068104,0.7774086378737541,0.47191011235955055,0.9056603773584906,0.6774193548387096,0.803347280334728,0.6887852448590206,"[0.803347280334728, 0.6774193548387096]","[0.9056603773584906, 0.47191011235955055]","[0.8514412416851441, 0.5562913907284768]","[0.9056603773584906, 0.47191011235955055]"
KNN,45,9,0.8902747540719239,0.6571879936808847,0.7605964995832837,0.3873947593457613,0.38632151241813917,0.5285714285714286,0.6928571428571428,0.7807308970099668,0.5,0.8722466960352423,0.5606060606060606,0.8425531914893617,0.6861233480176212,"[0.8425531914893617, 0.5606060606060606]","[0.8722466960352423, 0.5]","[0.8571428571428571, 0.5285714285714286]","[0.8722466960352423, 0.5]"
KNN,46,10,0.8946609762786234,0.6599326599326599,0.7290322580645161,0.30378582318158515,0.2999942052500434,0.47368421052631576,0.6483465300419189,0.7350993377483444,0.4235294117647059,0.8571428571428571,0.5373134328358209,0.7914893617021277,0.6403361344537815,"[0.7914893617021277, 0.5373134328358209]","[0.8571428571428571, 0.4235294117647059]","[0.8230088495575221, 0.47368421052631576]","[0.8571428571428571, 0.4235294117647059]"
KNN,47,10,0.8818883651021384,0.636963696369637,0.7815557998900495,0.3725832545623708,0.36790181455164717,0.5263157894736842,0.6824404059476044,0.7591973244147158,0.47058823529411764,0.8738317757009346,0.5970149253731343,0.8060344827586207,0.6722100054975262,"[0.8060344827586207, 0.5970149253731343]","[0.8738317757009346, 0.47058823529411764]","[0.8385650224215246, 0.5263157894736842]","[0.8738317757009346, 0.47058823529411764]"
KNN,48,10,0.8836508901726293,0.6381578947368421,0.7925115207373272,0.4334665801174987,0.4210896309314588,0.5481481481481482,0.7076252723311547,0.7946127946127947,0.4625,0.9170506912442397,0.6727272727272727,0.8223140495867769,0.6897753456221198,"[0.8223140495867769, 0.6727272727272727]","[0.9170506912442397, 0.4625]","[0.8671023965141612, 0.5481481481481482]","[0.9170506912442397, 0.4625]"
KNN,49,10,0.8951808563115984,0.6666666666666666,0.7177110739057642,0.22356309045648204,0.22210979003288633,0.39705882352941174,0.6101673427991886,0.7266666666666667,0.36486486486486486,0.8451327433628318,0.43548387096774194,0.8025210084033614,0.6049988041138483,"[0.8025210084033614, 0.43548387096774194]","[0.8451327433628318, 0.36486486486486486]","[0.8232758620689655, 0.39705882352941174]","[0.8451327433628318, 0.36486486486486486]"
KNN,50,10,0.8931653812469983,0.6205673758865248,0.742549628097138,0.39290900192469197,0.36247986222987605,0.5128205128205128,0.6715888278388278,0.7483443708609272,0.39603960396039606,0.9253731343283582,0.7272727272727273,0.7530364372469636,0.6607063691443771,"[0.7530364372469636, 0.7272727272727273]","[0.9253731343283582, 0.39603960396039606]","[0.8303571428571429, 0.5128205128205128]","[0.9253731343283582, 0.39603960396039606]"
Logistic Regression,1,1,0.8475482983350345,0.6404907975460122,0.8015873015873016,0.4498324303151903,0.43912653305414295,0.6192893401015228,0.71659256086962,0.75,0.7261904761904762,0.7592592592592593,0.5398230088495575,0.8770053475935828,0.7427248677248677,"[0.8770053475935828, 0.5398230088495575]","[0.7592592592592593, 0.7261904761904762]","[0.8138957816377171, 0.6192893401015228]","[0.7592592592592593, 0.7261904761904762]"
Logistic Regression,2,1,0.8452449272391884,0.6394052044609665,0.7937877954920285,0.39782785260666553,0.3809821858449687,0.5904761904761905,0.684413352970054,0.7123745819397993,0.7294117647058823,0.705607476635514,0.496,0.867816091954023,0.7175096206706981,"[0.867816091954023, 0.496]","[0.705607476635514, 0.7294117647058823]","[0.7783505154639175, 0.5904761904761905]","[0.705607476635514, 0.7294117647058823]"
Logistic Regression,3,1,0.8546474331486597,0.6461916461916462,0.7837662337662338,0.40379263533308146,0.4029945170814002,0.5869565217391305,0.7012452511608274,0.7449664429530202,0.6136363636363636,0.8,0.5625,0.8316831683168316,0.7068181818181818,"[0.8316831683168316, 0.5625]","[0.8, 0.6136363636363636]","[0.8155339805825242, 0.5869565217391305]","[0.8, 0.6136363636363636]"
Logistic Regression,4,1,0.8438570947825311,0.6544117647058824,0.7987502693385047,0.33830381682291516,0.3215311891741588,0.5471698113207547,0.6529818905850004,0.6852459016393443,0.6904761904761905,0.6832579185520362,0.453125,0.8531073446327684,0.6868670545141133,"[0.8531073446327684, 0.453125]","[0.6832579185520362, 0.6904761904761905]","[0.7587939698492462, 0.5471698113207547]","[0.6832579185520362, 0.6904761904761905]"
Logistic Regression,5,1,0.8394044979410833,0.6319702602230484,0.8320538495772141,0.45465826846227797,0.43516718506998453,0.625,0.7119845360824743,0.738255033557047,0.7738095238095238,0.7242990654205608,0.5241935483870968,0.8908045977011494,0.7490542946150422,"[0.8908045977011494, 0.5241935483870968]","[0.7242990654205608, 0.7738095238095238]","[0.7989690721649485, 0.625]","[0.7242990654205608, 0.7738095238095238]"
Logistic Regression,6,2,0.842149998959208,0.6378244746600742,0.7920899854862119,0.4405716003618135,0.4246213700152841,0.6272727272727273,0.7074187470560528,0.7293729372937293,0.7582417582417582,0.7169811320754716,0.5348837209302325,0.8735632183908046,0.7376114451586149,"[0.8735632183908046, 0.5348837209302325]","[0.7169811320754716, 0.7582417582417582]","[0.7875647668393783, 0.6272727272727273]","[0.7169811320754716, 0.7582417582417582]"
Logistic Regression,7,2,0.8490992398208892,0.6482412060301508,0.8039082855653987,0.44944088462675036,0.4458817383517003,0.6376811594202898,0.7219413549039433,0.7474747474747475,0.6947368421052632,0.7722772277227723,0.5892857142857143,0.8432432432432433,0.7335070349140178,"[0.8432432432432433, 0.5892857142857143]","[0.7722772277227723, 0.6947368421052632]","[0.8062015503875969, 0.6376811594202898]","[0.7722772277227723, 0.6947368421052632]"
Logistic Regression,8,2,0.8483624821824046,0.6368159203980099,0.7860818975162228,0.4143362686805782,0.4001777251184834,0.592964824120603,0.6954849058258876,0.73,0.7195121951219512,0.7339449541284404,0.5042735042735043,0.8743169398907104,0.7267285746251958,"[0.8743169398907104, 0.5042735042735043]","[0.7339449541284404, 0.7195121951219512]","[0.7980049875311721, 0.592964824120603]","[0.7339449541284404, 0.7195121951219512]"
Logistic Regression,9,2,0.8485845906880435,0.6485819975339088,0.7888166298919985,0.3567947744844349,0.34209333937471675,0.5510204081632653,0.6649574402625371,0.7037037037037037,0.6835443037974683,0.7110091743119266,0.46153846153846156,0.8611111111111112,0.6972767390546974,"[0.8611111111111112, 0.46153846153846156]","[0.7110091743119266, 0.6835443037974683]","[0.7788944723618091, 0.5510204081632653]","[0.7110091743119266, 0.6835443037974683]"
Logistic Regression,10,2,0.842959823698932,0.6445264452644527,0.8160113960113962,0.39713786576941534,0.38648443432042523,0.5698924731182796,0.6897081413210446,0.735973597359736,0.6794871794871795,0.7555555555555555,0.49074074074074076,0.8717948717948718,0.7175213675213675,"[0.8717948717948718, 0.49074074074074076]","[0.7555555555555555, 0.6794871794871795]","[0.8095238095238095, 0.5698924731182796]","[0.7555555555555555, 0.6794871794871795]"
Logistic Regression,11,3,0.8487692823608317,0.6571087216248507,0.7922272047832586,0.39800508712238547,0.3793243586487173,0.5684210526315789,0.6832253046409127,0.7248322147651006,0.72,0.726457399103139,0.46956521739130436,0.8852459016393442,0.7232286995515695,"[0.8852459016393442, 0.46956521739130436]","[0.726457399103139, 0.72]","[0.7980295566502463, 0.5684210526315789]","[0.726457399103139, 0.72]"
Logistic Regression,12,3,0.8482595701516112,0.6468401486988847,0.8110218652387327,0.4256215167341196,0.4146965818400843,0.6020408163265306,0.704005482790131,0.7391304347826086,0.7108433734939759,0.75,0.5221238938053098,0.8709677419354839,0.7304216867469879,"[0.8709677419354839, 0.5221238938053098]","[0.75, 0.7108433734939759]","[0.8059701492537313, 0.6020408163265306]","[0.75, 0.7108433734939759]"
Logistic Regression,13,3,0.8448712522045856,0.6361323155216285,0.8041584158415842,0.4398013294685199,0.4344497158156795,0.6428571428571429,0.7156084656084656,0.7342192691029901,0.7128712871287128,0.745,0.5853658536585366,0.8370786516853933,0.7289356435643564,"[0.8370786516853933, 0.5853658536585366]","[0.745, 0.7128712871287128]","[0.7883597883597884, 0.6428571428571429]","[0.745, 0.7128712871287128]"
Logistic Regression,14,3,0.8409098539533322,0.6496969696969697,0.8230952380952381,0.43713663238643097,0.41487279843444236,0.59375,0.7008158866995073,0.7391304347826086,0.76,0.7321428571428571,0.48717948717948717,0.9010989010989011,0.7460714285714285,"[0.9010989010989011, 0.48717948717948717]","[0.7321428571428571, 0.76]","[0.8078817733990148, 0.59375]","[0.7321428571428571, 0.76]"
Logistic Regression,15,3,0.842542030654797,0.6442786069651741,0.808832676757205,0.4407025739564467,0.429055963821368,0.6261682242990654,0.7110432958230021,0.735973597359736,0.7362637362637363,0.7358490566037735,0.5447154471544715,0.8666666666666667,0.736056396433755,"[0.8666666666666667, 0.5447154471544715]","[0.7358490566037735, 0.7362637362637363]","[0.7959183673469388, 0.6261682242990654]","[0.7358490566037735, 0.7362637362637363]"
Logistic Regression,16,4,0.8486365716439204,0.6512758201701093,0.8044896280190398,0.37262436214927996,0.3499828439782363,0.5572139303482587,0.6659487373260281,0.7013422818791947,0.7272727272727273,0.6923076923076923,0.45161290322580644,0.8793103448275862,0.7097902097902098,"[0.8793103448275862, 0.45161290322580644]","[0.6923076923076923, 0.7272727272727273]","[0.7746835443037975, 0.5572139303482587]","[0.6923076923076923, 0.7272727272727273]"
Logistic Regression,17,4,0.852402882708189,0.6494464944649446,0.7789902998236331,0.39727503527055247,0.3780383185587647,0.5876777251184834,0.6820136697571851,0.71,0.7380952380952381,0.6990740740740741,0.4881889763779528,0.8728323699421965,0.718584656084656,"[0.8728323699421965, 0.4881889763779528]","[0.6990740740740741, 0.7380952380952381]","[0.7763496143958869, 0.5876777251184834]","[0.6990740740740741, 0.7380952380952381]"
Logistic Regression,18,4,0.8457160956186391,0.6406820950060901,0.7956624524617124,0.3972798898786216,0.3881246158937266,0.6055045871559633,0.690773126911315,0.7142857142857143,0.7021276595744681,0.7198067632850241,0.532258064516129,0.8418079096045198,0.7109672114297461,"[0.8418079096045198, 0.532258064516129]","[0.7198067632850241, 0.7021276595744681]","[0.7760416666666666, 0.6055045871559633]","[0.7198067632850241, 0.7021276595744681]"
Logistic Regression,19,4,0.8418432096692965,0.6539379474940334,0.7988095238095237,0.4065413409499205,0.4000216931503878,0.5697674418604651,0.6980292608363359,0.7525083612040134,0.6533333333333333,0.7857142857142857,0.5051546391752577,0.8712871287128713,0.7195238095238095,"[0.8712871287128713, 0.5051546391752577]","[0.7857142857142857, 0.6533333333333333]","[0.8262910798122066, 0.5697674418604651]","[0.7857142857142857, 0.6533333333333333]"
Logistic Regression,20,4,0.8402771959223573,0.628498727735369,0.8341215357233664,0.4619787413191134,0.4565999712105945,0.6445497630331753,0.7268550341883434,0.7516556291390728,0.7157894736842105,0.7681159420289855,0.5862068965517241,0.8548387096774194,0.741952707856598,"[0.8548387096774194, 0.5862068965517241]","[0.7681159420289855, 0.7157894736842105]","[0.8091603053435115, 0.6445497630331753]","[0.7681159420289855, 0.7157894736842105]"
Logistic Regression,21,5,0.8503732109840444,0.6568265682656826,0.7883442265795207,0.36671043659596353,0.36154739659613155,0.5625,0.6788109756097561,0.7209302325581395,0.6352941176470588,0.7546296296296297,0.5046728971962616,0.8402061855670103,0.6949618736383443,"[0.8402061855670103, 0.5046728971962616]","[0.7546296296296297, 0.6352941176470588]","[0.7951219512195122, 0.5625]","[0.7546296296296297, 0.6352941176470588]"
Logistic Regression,22,5,0.8494169146062036,0.6609547123623011,0.7819277108433734,0.3955799983928447,0.3643213246407543,0.5829596412556054,0.6700698989567844,0.693069306930693,0.7831325301204819,0.6590909090909091,0.4642857142857143,0.8895705521472392,0.7211117196056955,"[0.8895705521472392, 0.4642857142857143]","[0.6590909090909091, 0.7831325301204819]","[0.7571801566579635, 0.5829596412556054]","[0.6590909090909091, 0.7831325301204819]"
Logistic Regression,23,5,0.8426978818283166,0.6395061728395062,0.8157834101382488,0.4366368849955942,0.42125775022143486,0.6051282051282051,0.7060728744939271,0.7407407407407407,0.7375,0.7419354838709677,0.5130434782608696,0.8846153846153846,0.7397177419354839,"[0.8846153846153846, 0.5130434782608696]","[0.7419354838709677, 0.7375]","[0.8070175438596491, 0.6051282051282051]","[0.7419354838709677, 0.7375]"
Logistic Regression,24,5,0.8482899003201172,0.654275092936803,0.7818396226415094,0.43078571499437224,0.4227353463587922,0.6138613861386139,0.7089407433205632,0.74,0.7045454545454546,0.7547169811320755,0.543859649122807,0.8602150537634409,0.7296312178387651,"[0.8602150537634409, 0.543859649122807]","[0.7547169811320755, 0.7045454545454546]","[0.8040201005025126, 0.6138613861386139]","[0.7547169811320755, 0.7045454545454546]"
Logistic Regression,25,5,0.8417423616845582,0.6305418719211823,0.8280898876404494,0.41877408917724096,0.4140201005025126,0.6060606060606061,0.7055303030303031,0.7391304347826086,0.6741573033707865,0.7666666666666667,0.5504587155963303,0.8473684210526315,0.7204119850187266,"[0.8473684210526315, 0.5504587155963303]","[0.7666666666666667, 0.6741573033707865]","[0.805, 0.6060606060606061]","[0.7666666666666667, 0.6741573033707865]"
Logistic Regression,26,6,0.8421843856626465,0.6382460414129111,0.8217741935483871,0.44731630439676584,0.43074750327852307,0.6122448979591837,0.7106450620449185,0.7441077441077442,0.75,0.7419354838709677,0.5172413793103449,0.8895027624309392,0.7459677419354839,"[0.8895027624309392, 0.5172413793103449]","[0.7419354838709677, 0.75]","[0.8090452261306532, 0.6122448979591837]","[0.7419354838709677, 0.75]"
Logistic Regression,27,6,0.8485644897241276,0.6560975609756098,0.794124410716339,0.4135788197854825,0.398120375924815,0.5833333333333334,0.6941056910569106,0.7342192691029901,0.717948717948718,0.7399103139013453,0.49122807017543857,0.8823529411764706,0.7289295159250316,"[0.8823529411764706, 0.49122807017543857]","[0.7399103139013453, 0.717948717948718]","[0.8048780487804879, 0.5833333333333334]","[0.7399103139013453, 0.717948717948718]"
Logistic Regression,28,6,0.8564409561484722,0.6531645569620254,0.7619885392580678,0.4114722973565421,0.41035310250257107,0.6116504854368932,0.7048151417083456,0.7342192691029901,0.6428571428571429,0.7783251231527094,0.5833333333333334,0.8186528497409327,0.7105911330049262,"[0.8186528497409327, 0.5833333333333334]","[0.7783251231527094, 0.6428571428571429]","[0.797979797979798, 0.6116504854368932]","[0.7783251231527094, 0.6428571428571429]"
Logistic Regression,29,6,0.8537182228557851,0.6592865928659286,0.7534502262443439,0.31336597627912904,0.3001541887956142,0.5226130653266332,0.6434405277005375,0.6843853820598007,0.65,0.6968325791855203,0.4369747899159664,0.8461538461538461,0.6734162895927602,"[0.8461538461538461, 0.4369747899159664]","[0.6968325791855203, 0.65]","[0.7642679900744417, 0.5226130653266332]","[0.6968325791855203, 0.65]"
Logistic Regression,30,6,0.8389343584656085,0.6463414634146342,0.8315139251291336,0.4633493446077869,0.4408982900806039,0.6396396396396397,0.7139997139997141,0.7333333333333333,0.797752808988764,0.7061611374407583,0.5338345864661654,0.8922155688622755,0.7519569732147611,"[0.8922155688622755, 0.5338345864661654]","[0.7061611374407583, 0.797752808988764]","[0.7883597883597884, 0.6396396396396397]","[0.7061611374407583, 0.797752808988764]"
Logistic Regression,31,7,0.8594068023108393,0.6500622665006227,0.7458677685950413,0.3584620841727527,0.34355179704016914,0.5740740740740741,0.6653439153439153,0.6902356902356902,0.7045454545454546,0.6842105263157895,0.484375,0.8461538461538461,0.694377990430622,"[0.8461538461538461, 0.484375]","[0.6842105263157895, 0.7045454545454546]","[0.7566137566137566, 0.5740740740740741]","[0.6842105263157895, 0.7045454545454546]"
Logistic Regression,32,7,0.8394810831147106,0.6375757575757576,0.8039355144618302,0.42866814529381453,0.41599163835902786,0.5901639344262295,0.7042829357361171,0.7483221476510067,0.7105263157894737,0.7612612612612613,0.5046728971962616,0.8848167539267016,0.7358937885253675,"[0.8848167539267016, 0.5046728971962616]","[0.7612612612612613, 0.7105263157894737]","[0.8184019370460048, 0.5901639344262295]","[0.7612612612612613, 0.7105263157894737]"
Logistic Regression,33,7,0.8387816408272255,0.6370370370370371,0.8293239781712884,0.4914134919422491,0.4771712158808933,0.6428571428571429,0.7352216748768473,0.7674418604651163,0.7682926829268293,0.7671232876712328,0.5526315789473685,0.8983957219251337,0.7677079852990311,"[0.8983957219251337, 0.5526315789473685]","[0.7671232876712328, 0.7682926829268293]","[0.8275862068965517, 0.6428571428571429]","[0.7671232876712328, 0.7682926829268293]"
Logistic Regression,34,7,0.8448556752736894,0.6458852867830424,0.8144654088050315,0.4426757080830342,0.4334231287281124,0.625,0.7140151515151515,0.7417218543046358,0.7222222222222222,0.75,0.5508474576271186,0.8641304347826086,0.7361111111111112,"[0.8641304347826086, 0.5508474576271186]","[0.75, 0.7222222222222222]","[0.803030303030303, 0.625]","[0.75, 0.7222222222222222]"
Logistic Regression,35,7,0.8500476466688763,0.6433915211970075,0.7960647781822017,0.41572966604971495,0.4091464905844949,0.6039603960396039,0.702477710457613,0.7350993377483444,0.6853932584269663,0.755868544600939,0.5398230088495575,0.8518518518518519,0.7206309015139527,"[0.8518518518518519, 0.5398230088495575]","[0.755868544600939, 0.6853932584269663]","[0.8009950248756219, 0.6039603960396039]","[0.755868544600939, 0.6853932584269663]"
Logistic Regression,36,8,0.8533161114521014,0.6471306471306472,0.7578678434560445,0.32735927871482073,0.31193483297212465,0.5326633165829145,0.6486101393041155,0.6868686868686869,0.6708860759493671,0.6926605504587156,0.44166666666666665,0.8531073446327684,0.6817733132040413,"[0.8531073446327684, 0.44166666666666665]","[0.6926605504587156, 0.6708860759493671]","[0.7645569620253164, 0.5326633165829145]","[0.6926605504587156, 0.6708860759493671]"
Logistic Regression,37,8,0.8361845283279277,0.6360248447204969,0.8479915433403805,0.47342411042696675,0.4640286898156001,0.6403940886699507,0.7296263247319976,0.759075907590759,0.7386363636363636,0.7674418604651163,0.5652173913043478,0.8776595744680851,0.75303911205074,"[0.8776595744680851, 0.5652173913043478]","[0.7674418604651163, 0.7386363636363636]","[0.8188585607940446, 0.6403940886699507]","[0.7674418604651163, 0.7386363636363636]"
Logistic Regression,38,8,0.838640690874473,0.6422466422466423,0.844214065564584,0.4968687368103106,0.4808103937478222,0.65,0.7366161616161616,0.7651006711409396,0.7831325301204819,0.7581395348837209,0.5555555555555556,0.9005524861878453,0.7706360325021013,"[0.9005524861878453, 0.5555555555555556]","[0.7581395348837209, 0.7831325301204819]","[0.8232323232323232, 0.65]","[0.7581395348837209, 0.7831325301204819]"
Logistic Regression,39,8,0.8506141033677526,0.6442786069651741,0.7786292039165602,0.3754837865664768,0.3703428825886894,0.5714285714285714,0.6832752613240418,0.7227722772277227,0.6436781609195402,0.7546296296296297,0.5137614678899083,0.8402061855670103,0.6991538952745849,"[0.8402061855670103, 0.5137614678899083]","[0.7546296296296297, 0.6436781609195402]","[0.7951219512195122, 0.5714285714285714]","[0.7546296296296297, 0.6436781609195402]"
Logistic Regression,40,8,0.8503887789867017,0.6666666666666666,0.799547608789315,0.40949218805843257,0.3975725209370069,0.6028708133971292,0.6947516020713153,0.7224080267558528,0.7159090909090909,0.7251184834123223,0.5206611570247934,0.8595505617977528,0.7205137871607066,"[0.8595505617977528, 0.5206611570247934]","[0.7251184834123223, 0.7159090909090909]","[0.7866323907455013, 0.6028708133971292]","[0.7251184834123223, 0.7159090909090909]"
Logistic Regression,41,9,0.8490330321852062,0.6410256410256411,0.7781926811053025,0.3974419319520346,0.39261506375314026,0.6228070175438597,0.6945556826849733,0.7114093959731543,0.6893203883495146,0.7230769230769231,0.568,0.815028901734104,0.7061986557132188,"[0.815028901734104, 0.568]","[0.7230769230769231, 0.6893203883495146]","[0.7663043478260869, 0.6228070175438597]","[0.7230769230769231, 0.6893203883495146]"
Logistic Regression,42,9,0.848486994765528,0.651219512195122,0.787082872284666,0.35929714769872095,0.3568955092618039,0.5357142857142857,0.6775793650793651,0.74,0.5844155844155844,0.7937219730941704,0.4945054945054945,0.84688995215311,0.6890687787548774,"[0.84688995215311, 0.4945054945054945]","[0.7937219730941704, 0.5844155844155844]","[0.8194444444444444, 0.5357142857142857]","[0.7937219730941704, 0.5844155844155844]"
Logistic Regression,43,9,0.8429840347540917,0.652962515114873,0.8077869769523384,0.4038255775026468,0.39072716465226875,0.5858585858585859,0.6909392431780492,0.7266666666666667,0.7073170731707317,0.7339449541284404,0.5,0.8695652173913043,0.720631013649586,"[0.8695652173913043, 0.5]","[0.7339449541284404, 0.7073170731707317]","[0.7960199004975125, 0.5858585858585859]","[0.7339449541284404, 0.7073170731707317]"
Logistic Regression,44,9,0.8383442310875684,0.6332518337408313,0.8534025863896544,0.5138392387458749,0.5029626032054395,0.6699029126213593,0.7490928704520938,0.7740863787375415,0.7752808988764045,0.7735849056603774,0.5897435897435898,0.8913043478260869,0.7744329022683909,"[0.8913043478260869, 0.5897435897435898]","[0.7735849056603774, 0.7752808988764045]","[0.8282828282828283, 0.6699029126213593]","[0.7735849056603774, 0.7752808988764045]"
Logistic Regression,45,9,0.8526884104714294,0.6658653846153846,0.7827717585426837,0.37999693300710424,0.352907075050122,0.5527638190954773,0.6659600733194508,0.7043189368770764,0.7432432432432432,0.6916299559471366,0.44,0.8920454545454546,0.7174365995951899,"[0.8920454545454546, 0.44]","[0.6916299559471366, 0.7432432432432432]","[0.7791563275434243, 0.5527638190954773]","[0.6916299559471366, 0.7432432432432432]"
Logistic Regression,46,10,0.8492218565747979,0.6517412935323383,0.7901328273244782,0.39941372179819384,0.38692058581855093,0.5882352941176471,0.6891176470588236,0.7218543046357616,0.7058823529411765,0.728110599078341,0.5042016806722689,0.8633879781420765,0.7169964760097587,"[0.8633879781420765, 0.5042016806722689]","[0.728110599078341, 0.7058823529411765]","[0.79, 0.5882352941176471]","[0.728110599078341, 0.7058823529411765]"
Logistic Regression,47,10,0.84946368791419,0.6675031367628608,0.7897746014293567,0.4223985486841343,0.4060849765030764,0.6057692307692307,0.6977564102564102,0.725752508361204,0.7411764705882353,0.719626168224299,0.5121951219512195,0.875,0.7304013194062672,"[0.875, 0.5121951219512195]","[0.719626168224299, 0.7411764705882353]","[0.7897435897435897, 0.6057692307692307]","[0.719626168224299, 0.7411764705882353]"
Logistic Regression,48,10,0.8434951521908043,0.6442307692307693,0.8080069124423963,0.4241571641614461,0.4160440424695242,0.5945945945945946,0.7056102557325051,0.7474747474747475,0.6875,0.7695852534562212,0.5238095238095238,0.8697916666666666,0.7285426267281105,"[0.8697916666666666, 0.5238095238095238]","[0.7695852534562212, 0.6875]","[0.8166259168704156, 0.5945945945945946]","[0.7695852534562212, 0.6875]"
Logistic Regression,49,10,0.8458115631260509,0.6464891041162227,0.8002272183688113,0.38587483328756494,0.3735644184589685,0.5555555555555556,0.6825396825396826,0.7333333333333333,0.6756756756756757,0.7522123893805309,0.4716981132075472,0.8762886597938144,0.7139440325281032,"[0.8762886597938144, 0.4716981132075472]","[0.7522123893805309, 0.6756756756756757]","[0.8095238095238095, 0.5555555555555556]","[0.7522123893805309, 0.6756756756756757]"
Logistic Regression,50,10,0.8387257394694465,0.6270543615676359,0.8254765775084971,0.49088501308442234,0.48270913383639646,0.6754385964912281,0.7393150429264651,0.7549668874172185,0.7623762376237624,0.7512437810945274,0.6062992125984252,0.8628571428571429,0.7568100093591449,"[0.8628571428571429, 0.6062992125984252]","[0.7512437810945274, 0.7623762376237624]","[0.8031914893617021, 0.6754385964912281]","[0.7512437810945274, 0.7623762376237624]"
Naive Bayes,1,1,0.7490961665170235,0.5376593279258401,0.7699514991181657,0.38352931482486374,0.3626062322946175,0.5794392523364486,0.6731393152873952,0.7,0.7380952380952381,0.6851851851851852,0.47692307692307695,0.8705882352941177,0.7116402116402116,"[0.8705882352941177, 0.47692307692307695]","[0.6851851851851852, 0.7380952380952381]","[0.7668393782383419, 0.5794392523364486]","[0.6851851851851852, 0.7380952380952381]"
Naive Bayes,2,1,0.7545125367220058,0.5477560414269275,0.7415063221550302,0.3082766582514606,0.28164097914777875,0.5391304347826087,0.6255434782608695,0.6454849498327759,0.7294117647058823,0.6121495327102804,0.42758620689655175,0.8506493506493507,0.6707806487080814,"[0.8506493506493507, 0.42758620689655175]","[0.6121495327102804, 0.7294117647058823]","[0.7119565217391305, 0.5391304347826087]","[0.6121495327102804, 0.7294117647058823]"
Naive Bayes,3,1,0.7556113960309429,0.5422343324250681,0.7297077922077921,0.36288304526331694,0.3626891862250494,0.5465116279069767,0.6812746818780167,0.738255033557047,0.5340909090909091,0.8238095238095238,0.5595238095238095,0.8084112149532711,0.6789502164502164,"[0.8084112149532711, 0.5595238095238095]","[0.8238095238095238, 0.5340909090909091]","[0.8160377358490566, 0.5465116279069767]","[0.8238095238095238, 0.5340909090909091]"
Naive Bayes,4,1,0.7495776301963504,0.5469728601252609,0.7619316957552251,0.298890899235269,0.2558206856622969,0.528,0.6001111111111112,0.6131147540983607,0.7857142857142857,0.5475113122171946,0.39759036144578314,0.8705035971223022,0.6666127989657402,"[0.8705035971223022, 0.39759036144578314]","[0.5475113122171946, 0.7857142857142857]","[0.6722222222222223, 0.528]","[0.5475113122171946, 0.7857142857142857]"
Naive Bayes,5,1,0.7491408408009509,0.5442536327608983,0.7606252781486427,0.3288202635788157,0.32523033678621627,0.5347593582887701,0.6610227109292262,0.7080536912751678,0.5952380952380952,0.7523364485981309,0.4854368932038835,0.8256410256410256,0.673787271918113,"[0.8256410256410256, 0.4854368932038835]","[0.7523364485981309, 0.5952380952380952]","[0.7872860635696821, 0.5347593582887701]","[0.7523364485981309, 0.5952380952380952]"
Naive Bayes,6,2,0.7494553187946239,0.5452436194895591,0.7575419863155712,0.2872872377586899,0.26441834525293617,0.5394190871369294,0.6176547490479167,0.6336633663366337,0.7142857142857143,0.5990566037735849,0.43333333333333335,0.8300653594771242,0.6566711590296497,"[0.8300653594771242, 0.43333333333333335]","[0.5990566037735849, 0.7142857142857143]","[0.6958904109589041, 0.5394190871369294]","[0.5990566037735849, 0.7142857142857143]"
Naive Bayes,7,2,0.7492988302266652,0.5292014302741359,0.754872329338197,0.38993983423353157,0.38031513058493427,0.6063348416289592,0.6865454369002705,0.7070707070707071,0.7052631578947368,0.7079207920792079,0.5317460317460317,0.8362573099415205,0.7065919749869723,"[0.8362573099415205, 0.5317460317460317]","[0.7079207920792079, 0.7052631578947368]","[0.7667560321715817, 0.6063348416289592]","[0.7079207920792079, 0.7052631578947368]"
Naive Bayes,8,2,0.7543808321795129,0.542518837459634,0.7392593421347058,0.27335199658220577,0.24438302425106984,0.5108225108225108,0.6022947242459438,0.6233333333333333,0.7195121951219512,0.5871559633027523,0.3959731543624161,0.847682119205298,0.6533340792123518,"[0.847682119205298, 0.3959731543624161]","[0.5871559633027523, 0.7195121951219512]","[0.6937669376693767, 0.5108225108225108]","[0.5871559633027523, 0.7195121951219512]"
Naive Bayes,9,2,0.7612740370023136,0.5598885793871866,0.7079026826152595,0.2855742726431776,0.2819148936170214,0.4943820224719101,0.6390179343128781,0.696969696969697,0.5569620253164557,0.7477064220183486,0.4444444444444444,0.8232323232323232,0.6523342236674021,"[0.8232323232323232, 0.4444444444444444]","[0.7477064220183486, 0.5569620253164557]","[0.7836538461538461, 0.4943820224719101]","[0.7477064220183486, 0.5569620253164557]"
Naive Bayes,10,2,0.7441464655026275,0.5441354292623942,0.7936467236467236,0.41064300737992904,0.40490219184539233,0.576271186440678,0.7007230058077516,0.7524752475247525,0.6538461538461539,0.7866666666666666,0.5151515151515151,0.8676470588235294,0.7202564102564102,"[0.8676470588235294, 0.5151515151515151]","[0.7866666666666666, 0.6538461538461539]","[0.8251748251748252, 0.576271186440678]","[0.7866666666666666, 0.6538461538461539]"
Naive Bayes,11,3,0.7476240778001342,0.5551763367463026,0.7738714499252616,0.3257567220277508,0.29183169470201764,0.5233644859813084,0.6281743895875128,0.6577181208053692,0.7466666666666667,0.6278026905829597,0.4028776978417266,0.8805031446540881,0.6872346786248131,"[0.8805031446540881, 0.4028776978417266]","[0.6278026905829597, 0.7466666666666667]","[0.7329842931937173, 0.5233644859813084]","[0.6278026905829597, 0.7466666666666667]"
Naive Bayes,12,3,0.7403243265322795,0.5396498455200824,0.8013442659526997,0.3365999238802165,0.29827746535004207,0.5508474576271186,0.6290148890345537,0.6454849498327759,0.7831325301204819,0.5925925925925926,0.42483660130718953,0.8767123287671232,0.6878625613565372,"[0.8767123287671232, 0.42483660130718953]","[0.5925925925925926, 0.7831325301204819]","[0.7071823204419889, 0.5508474576271186]","[0.5925925925925926, 0.7831325301204819]"
Naive Bayes,13,3,0.7571410934744268,0.5494505494505495,0.7350247524752475,0.2955260454923668,0.2909387755102042,0.5550660792951542,0.6428663729809104,0.6644518272425249,0.6237623762376238,0.685,0.5,0.7828571428571428,0.654381188118812,"[0.7828571428571428, 0.5]","[0.685, 0.6237623762376238]","[0.7306666666666667, 0.5550660792951542]","[0.685, 0.6237623762376238]"
Naive Bayes,14,3,0.7567433271781099,0.554726368159204,0.7164583333333334,0.2968439317190928,0.28414242779277665,0.5,0.6353658536585366,0.68561872909699,0.6266666666666667,0.7053571428571429,0.415929203539823,0.8494623655913979,0.6660119047619049,"[0.8494623655913979, 0.415929203539823]","[0.7053571428571429, 0.6266666666666667]","[0.7707317073170732, 0.5]","[0.7053571428571429, 0.6266666666666667]"
Naive Bayes,15,3,0.756175366532289,0.5524079320113314,0.7240306862948372,0.32758163011419367,0.32733675266018525,0.5347593582887701,0.663561063392595,0.7128712871287128,0.5494505494505495,0.7830188679245284,0.5208333333333334,0.8019323671497585,0.6662347086875389,"[0.8019323671497585, 0.5208333333333334]","[0.7830188679245284, 0.5494505494505495]","[0.7923627684964201, 0.5347593582887701]","[0.7830188679245284, 0.5494505494505495]"
Naive Bayes,16,4,0.7535936364370508,0.5507246376811594,0.7392607392607392,0.28854908792063977,0.28011844771156935,0.4972972972972973,0.6355099625172618,0.6879194630872483,0.5974025974025974,0.7194570135746606,0.42592592592592593,0.8368421052631579,0.6584298054886291,"[0.8368421052631579, 0.42592592592592593]","[0.7194570135746606, 0.5974025974025974]","[0.7737226277372263, 0.4972972972972973]","[0.7194570135746606, 0.5974025974025974]"
Naive Bayes,17,4,0.7579091830847436,0.5398936170212766,0.7317570546737213,0.3267041568756703,0.3115318416523236,0.5428571428571428,0.6483516483516483,0.68,0.6785714285714286,0.6805555555555556,0.4523809523809524,0.8448275862068966,0.6795634920634921,"[0.8448275862068966, 0.4523809523809524]","[0.6805555555555556, 0.6785714285714286]","[0.7538461538461538, 0.5428571428571428]","[0.6805555555555556, 0.6785714285714286]"
Naive Bayes,18,4,0.7557969148091943,0.5378151260504201,0.7226590605406517,0.3109104499694679,0.282525786599636,0.5634920634920635,0.6246031746031746,0.6345514950166113,0.7553191489361702,0.5797101449275363,0.44936708860759494,0.8391608391608392,0.6675146469318533,"[0.8391608391608392, 0.44936708860759494]","[0.5797101449275363, 0.7553191489361702]","[0.6857142857142857, 0.5634920634920635]","[0.5797101449275363, 0.7553191489361702]"
Naive Bayes,19,4,0.7511280846063455,0.5514124293785311,0.75125,0.35132402626147197,0.33488372093023266,0.5368421052631579,0.660577915376677,0.705685618729097,0.68,0.7142857142857143,0.4434782608695652,0.8695652173913043,0.6971428571428572,"[0.8695652173913043, 0.4434782608695652]","[0.7142857142857143, 0.68]","[0.7843137254901961, 0.5368421052631579]","[0.7142857142857143, 0.68]"
Naive Bayes,20,4,0.7411971093422706,0.528395061728395,0.8023391812865497,0.45541431812697936,0.44804177545691914,0.641860465116279,0.721958510193101,0.7450331125827815,0.7263157894736842,0.7536231884057971,0.575,0.8571428571428571,0.7399694889397407,"[0.8571428571428571, 0.575]","[0.7536231884057971, 0.7263157894736842]","[0.8020565552699229, 0.641860465116279]","[0.7536231884057971, 0.7263157894736842]"
Naive Bayes,21,5,0.7605012668629734,0.5661680092059839,0.700136165577342,0.21869163723079427,0.21069598479563123,0.47342995169082125,0.5987402923011068,0.6378737541528239,0.5764705882352941,0.6620370370370371,0.4016393442622951,0.7988826815642458,0.6192538126361655,"[0.7988826815642458, 0.4016393442622951]","[0.6620370370370371, 0.5764705882352941]","[0.7240506329113924, 0.47342995169082125]","[0.6620370370370371, 0.5764705882352941]"
Naive Bayes,22,5,0.7524075784001916,0.5539160045402951,0.7374041621029573,0.2963052123828707,0.26852118446989004,0.5240174672489083,0.6174463994069475,0.6402640264026402,0.7228915662650602,0.6090909090909091,0.410958904109589,0.8535031847133758,0.6659912376779846,"[0.8535031847133758, 0.410958904109589]","[0.6090909090909091, 0.7228915662650602]","[0.7108753315649867, 0.5240174672489083]","[0.6090909090909091, 0.7228915662650602]"
Naive Bayes,23,5,0.7468632816458904,0.5416666666666666,0.7778225806451613,0.39805392541579804,0.3892865509253235,0.5775401069518716,0.6917184564243388,0.734006734006734,0.675,0.7557603686635944,0.5046728971962616,0.8631578947368421,0.7153801843317973,"[0.8631578947368421, 0.5046728971962616]","[0.7557603686635944, 0.675]","[0.8058968058968059, 0.5775401069518716]","[0.7557603686635944, 0.675]"
Naive Bayes,24,5,0.7569963312026572,0.5376569037656904,0.7253430531732419,0.3014708803170392,0.2760100107257777,0.5423728813559322,0.6228347923263178,0.64,0.7272727272727273,0.6037735849056604,0.43243243243243246,0.8421052631578947,0.6655231560891939,"[0.8421052631578947, 0.43243243243243246]","[0.6037735849056604, 0.7272727272727273]","[0.7032967032967034, 0.5423728813559322]","[0.6037735849056604, 0.7272727272727273]"
Naive Bayes,25,5,0.74289843104872,0.5392953929539296,0.7919475655430711,0.40822164841026654,0.407426723688328,0.5913978494623656,0.7034659150224449,0.745819397993311,0.6179775280898876,0.8,0.5670103092783505,0.8316831683168316,0.7089887640449438,"[0.8316831683168316, 0.5670103092783505]","[0.8, 0.6179775280898876]","[0.8155339805825242, 0.5913978494623656]","[0.8, 0.6179775280898876]"
Naive Bayes,26,6,0.7445998445998446,0.5424133811230586,0.7900057603686635,0.4140004861190992,0.3929969712639433,0.5911330049261084,0.6894283950461744,0.7205387205387206,0.75,0.7096774193548387,0.4878048780487805,0.8850574712643678,0.7298387096774194,"[0.8850574712643678, 0.4878048780487805]","[0.7096774193548387, 0.75]","[0.7877237851662404, 0.5911330049261084]","[0.7096774193548387, 0.75]"
Naive Bayes,27,6,0.7581314012799176,0.549777117384844,0.7189260664596988,0.27285066153743187,0.2727563822664687,0.45751633986928103,0.6363305530081371,0.7242524916943521,0.44871794871794873,0.820627802690583,0.4666666666666667,0.8097345132743363,0.6346728757042659,"[0.8097345132743363, 0.4666666666666667]","[0.820627802690583, 0.44871794871794873]","[0.8151447661469933, 0.45751633986928103]","[0.820627802690583, 0.44871794871794873]"
Naive Bayes,28,6,0.7574786774401706,0.5300429184549357,0.7471348145169397,0.3330832214478194,0.3209443292391131,0.5787234042553191,0.6544843179314743,0.6710963455149501,0.6938775510204082,0.6600985221674877,0.49635036496350365,0.8170731707317073,0.6769880365939479,"[0.8170731707317073, 0.49635036496350365]","[0.6600985221674877, 0.6938775510204082]","[0.7302452316076294, 0.5787234042553191]","[0.6600985221674877, 0.6938775510204082]"
Naive Bayes,29,6,0.763374401792078,0.5656324582338902,0.693552036199095,0.24739518578145686,0.23292924000285808,0.4830917874396135,0.6061028557451232,0.6445182724252492,0.625,0.6515837104072398,0.3937007874015748,0.8275862068965517,0.6382918552036199,"[0.8275862068965517, 0.3937007874015748]","[0.6515837104072398, 0.625]","[0.7291139240506329, 0.4830917874396135]","[0.6515837104072398, 0.625]"
Naive Bayes,30,6,0.7386412174823633,0.5280898876404494,0.7977528089887641,0.3910967345493436,0.35826017202192606,0.5966386554621849,0.6657226426482195,0.68,0.797752808988764,0.6303317535545023,0.47651006711409394,0.8807947019867549,0.7140422812716332,"[0.8807947019867549, 0.47651006711409394]","[0.6303317535545023, 0.797752808988764]","[0.7348066298342542, 0.5966386554621849]","[0.6303317535545023, 0.797752808988764]"
Naive Bayes,31,7,0.7640315650249108,0.5508274231678487,0.69377990430622,0.28524743481967973,0.26363636363636356,0.5344827586206896,0.6180701085921128,0.6363636363636364,0.7045454545454546,0.6076555023923444,0.4305555555555556,0.8300653594771242,0.6561004784688995,"[0.8300653594771242, 0.4305555555555556]","[0.6076555023923444, 0.7045454545454546]","[0.7016574585635359, 0.5344827586206896]","[0.6076555023923444, 0.7045454545454546]"
Naive Bayes,32,7,0.746584614557755,0.5467479674796748,0.7791903745851113,0.3463171502377893,0.29990602765471874,0.5374449339207048,0.6264460441961248,0.6476510067114094,0.8026315789473685,0.5945945945945946,0.40397350993377484,0.8979591836734694,0.6986130867709816,"[0.8979591836734694, 0.40397350993377484]","[0.5945945945945946, 0.8026315789473685]","[0.7154471544715447, 0.5374449339207048]","[0.5945945945945946, 0.8026315789473685]"
Naive Bayes,33,7,0.742570025339909,0.5418227215980025,0.7954115157589932,0.42902373380520437,0.4237893211920529,0.5978260869565217,0.7103962970667776,0.7541528239202658,0.6707317073170732,0.7853881278538812,0.5392156862745098,0.864321608040201,0.7280599175854772,"[0.864321608040201, 0.5392156862745098]","[0.7853881278538812, 0.6707317073170732]","[0.8229665071770335, 0.5978260869565217]","[0.7853881278538812, 0.6707317073170732]"
Naive Bayes,34,7,0.7544335103163211,0.5498839907192575,0.7267819706498951,0.2742989867018428,0.2589967284623773,0.5263157894736842,0.6195408734602463,0.6423841059602649,0.6666666666666666,0.6320754716981132,0.43478260869565216,0.8170731707317073,0.64937106918239,"[0.8170731707317073, 0.43478260869565216]","[0.6320754716981132, 0.6666666666666666]","[0.7127659574468085, 0.5263157894736842]","[0.6320754716981132, 0.6666666666666666]"
Naive Bayes,35,7,0.7523512595293337,0.5497076023391813,0.7413620298570449,0.3746565734218547,0.37460840014867514,0.5568181818181818,0.6872875955819882,0.7417218543046358,0.550561797752809,0.8215962441314554,0.5632183908045977,0.813953488372093,0.6860790209421321,"[0.813953488372093, 0.5632183908045977]","[0.8215962441314554, 0.550561797752809]","[0.8177570093457944, 0.5568181818181818]","[0.8215962441314554, 0.550561797752809]"
Naive Bayes,36,8,0.7554110656207633,0.5510455104551045,0.744716060852398,0.34917567308959263,0.33798775332428077,0.5445026178010471,0.6643108622503995,0.7070707070707071,0.6582278481012658,0.7247706422018348,0.4642857142857143,0.8540540540540541,0.6914992451515503,"[0.8540540540540541, 0.4642857142857143]","[0.7247706422018348, 0.6582278481012658]","[0.7841191066997518, 0.5445026178010471]","[0.7247706422018348, 0.6582278481012658]"
Naive Bayes,37,8,0.7508091229038714,0.546448087431694,0.7522198731501057,0.33947589225054325,0.3380245909968499,0.5425531914893617,0.6684057823475517,0.7161716171617162,0.5795454545454546,0.772093023255814,0.51,0.8177339901477833,0.6758192389006343,"[0.8177339901477833, 0.51]","[0.772093023255814, 0.5795454545454546]","[0.7942583732057417, 0.5425531914893617]","[0.772093023255814, 0.5795454545454546]"
Naive Bayes,38,8,0.7414014687882496,0.5384615384615384,0.7886803026057719,0.37581292536826094,0.351714353275006,0.5740740740740741,0.6659844054580897,0.6912751677852349,0.7469879518072289,0.6697674418604651,0.46616541353383456,0.8727272727272727,0.708377696833847,"[0.8727272727272727, 0.46616541353383456]","[0.6697674418604651, 0.7469879518072289]","[0.7578947368421053, 0.5740740740740741]","[0.6697674418604651, 0.7469879518072289]"
Naive Bayes,39,8,0.7588550743605817,0.5517241379310345,0.7336100468284377,0.299022629369303,0.28619410817997337,0.5302325581395348,0.6359602688395884,0.6666666666666666,0.6551724137931034,0.6712962962962963,0.4453125,0.8285714285714286,0.6632343550446999,"[0.8285714285714286, 0.4453125]","[0.6712962962962963, 0.6551724137931034]","[0.7416879795396419, 0.5302325581395348]","[0.6712962962962963, 0.6551724137931034]"
Naive Bayes,40,8,0.7533348444884053,0.5559400230680508,0.7222102542007756,0.26172675172636234,0.24446384269043464,0.5175438596491229,0.6101232811759127,0.6321070234113713,0.6704545454545454,0.6161137440758294,0.42142857142857143,0.8176100628930818,0.6432841447651874,"[0.8176100628930818, 0.42142857142857143]","[0.6161137440758294, 0.6704545454545454]","[0.7027027027027027, 0.5175438596491229]","[0.6161137440758294, 0.6704545454545454]"
Naive Bayes,41,9,0.7568305335968382,0.542654028436019,0.7294747323873536,0.3153928399387812,0.3108688470432771,0.5739130434782609,0.6530767403183655,0.6711409395973155,0.6407766990291263,0.6871794871794872,0.5196850393700787,0.783625730994152,0.6639780931043067,"[0.783625730994152, 0.5196850393700787]","[0.6871794871794872, 0.6407766990291263]","[0.73224043715847, 0.5739130434782609]","[0.6871794871794872, 0.6407766990291263]"
Naive Bayes,42,9,0.7611890210997789,0.5575620767494357,0.708403703919399,0.2903122641296495,0.2740516229956981,0.5025125628140703,0.627814884898307,0.67,0.6493506493506493,0.6771300448430493,0.4098360655737705,0.848314606741573,0.6632403470968493,"[0.848314606741573, 0.4098360655737705]","[0.6771300448430493, 0.6493506493506493]","[0.7531172069825436, 0.5025125628140703]","[0.6771300448430493, 0.6493506493506493]"
Naive Bayes,43,9,0.7528839840653715,0.5528455284552846,0.740713806220631,0.28285778542872975,0.26211249303879713,0.5137614678899083,0.6181372784475719,0.6466666666666666,0.6829268292682927,0.6330275229357798,0.4117647058823529,0.8414634146341463,0.6579771761020363,"[0.8414634146341463, 0.4117647058823529]","[0.6330275229357798, 0.6829268292682927]","[0.7225130890052356, 0.5137614678899083]","[0.6330275229357798, 0.6829268292682927]"
Naive Bayes,44,9,0.7415663107653259,0.5348837209302325,0.7937248251006996,0.3580471203195026,0.3378551787351054,0.5752212389380531,0.6599510450009414,0.6810631229235881,0.7303370786516854,0.660377358490566,0.4744525547445255,0.8536585365853658,0.6953572185711256,"[0.8536585365853658, 0.4744525547445255]","[0.660377358490566, 0.7303370786516854]","[0.7446808510638298, 0.5752212389380531]","[0.660377358490566, 0.7303370786516854]"
Naive Bayes,45,9,0.7481975353437618,0.5511596180081856,0.7716097154423146,0.3362345625275381,0.33208229460592276,0.5149700598802395,0.6643815816642576,0.7308970099667774,0.581081081081081,0.7797356828193832,0.46236559139784944,0.8509615384615384,0.6804083819502321,"[0.8509615384615384, 0.46236559139784944]","[0.7797356828193832, 0.581081081081081]","[0.8137931034482758, 0.5149700598802395]","[0.7797356828193832, 0.581081081081081]"
Naive Bayes,46,10,0.7613173591114768,0.5565006075334143,0.7167796150718352,0.30665554752050567,0.2932249066238003,0.5308056872037915,0.6394486451286133,0.6721854304635762,0.6588235294117647,0.6774193548387096,0.4444444444444444,0.8352272727272727,0.6681214421252372,"[0.8352272727272727, 0.4444444444444444]","[0.6774193548387096, 0.6588235294117647]","[0.7480916030534351, 0.5308056872037915]","[0.6774193548387096, 0.6588235294117647]"
Naive Bayes,47,10,0.7442013390722142,0.5355329949238579,0.7657229246838921,0.3827955604381589,0.36658642272508424,0.580952380952381,0.6770741286205204,0.705685618729097,0.7176470588235294,0.7009345794392523,0.488,0.8620689655172413,0.7092908191313909,"[0.8620689655172413, 0.488]","[0.7009345794392523, 0.7176470588235294]","[0.7731958762886598, 0.580952380952381]","[0.7009345794392523, 0.7176470588235294]"
Naive Bayes,48,10,0.7473210364514712,0.5518102372034956,0.760483870967742,0.31127062328729155,0.3076923076923076,0.5139664804469274,0.65216396311503,0.7070707070707071,0.575,0.7557603686635944,0.46464646464646464,0.8282828282828283,0.6653801843317972,"[0.8282828282828283, 0.46464646464646464]","[0.7557603686635944, 0.575]","[0.7903614457831325, 0.5139664804469274]","[0.7557603686635944, 0.575]"
Naive Bayes,49,10,0.7572391182520746,0.5572687224669604,0.7348720401817747,0.2906591006682861,0.2626404494382023,0.49760765550239233,0.6145327280069507,0.65,0.7027027027027027,0.6327433628318584,0.3851851851851852,0.8666666666666667,0.6677230327672805,"[0.8666666666666667, 0.3851851851851852]","[0.6327433628318584, 0.7027027027027027]","[0.731457800511509, 0.49760765550239233]","[0.6327433628318584, 0.7027027027027027]"
Naive Bayes,50,10,0.7501748029494024,0.5289256198347108,0.7612432885079553,0.37997122790832777,0.37115006178206955,0.6094420600858369,0.6820795206089563,0.6986754966887417,0.7029702970297029,0.6965174129353234,0.5378787878787878,0.8235294117647058,0.6997438549825132,"[0.8235294117647058, 0.5378787878787878]","[0.6965174129353234, 0.7029702970297029]","[0.7547169811320755, 0.6094420600858369]","[0.6965174129353234, 0.7029702970297029]"
Random Forest,1,1,1.0,1.0,0.8335262345679012,0.4549342506548944,0.4407774110744408,0.5673758865248227,0.717239141519492,0.7966666666666666,0.47619047619047616,0.9212962962962963,0.7017543859649122,0.8189300411522634,0.6987433862433863,"[0.8189300411522634, 0.7017543859649122]","[0.9212962962962963, 0.47619047619047616]","[0.8671023965141612, 0.5673758865248227]","[0.9212962962962963, 0.47619047619047616]"
Random Forest,2,1,1.0,1.0,0.7918911489829576,0.390915103490116,0.3825457157393828,0.5306122448979592,0.68880944839133,0.7692307692307693,0.4588235294117647,0.8925233644859814,0.6290322580645161,0.8059071729957806,0.675673446948873,"[0.8059071729957806, 0.6290322580645161]","[0.8925233644859814, 0.4588235294117647]","[0.8470066518847007, 0.5306122448979592]","[0.8925233644859814, 0.4588235294117647]"
Random Forest,3,1,1.0,1.0,0.7845238095238095,0.28181719242666114,0.24679196370706402,0.38095238095238093,0.6074974670719351,0.738255033557047,0.2727272727272727,0.9333333333333333,0.631578947368421,0.7538461538461538,0.603030303030303,"[0.7538461538461538, 0.631578947368421]","[0.9333333333333333, 0.2727272727272727]","[0.8340425531914893, 0.38095238095238093]","[0.9333333333333333, 0.2727272727272727]"
Random Forest,4,1,1.0,1.0,0.8034636931695754,0.4209547558390263,0.41735808171527955,0.5620915032679739,0.7077415940847528,0.780327868852459,0.5119047619047619,0.8823529411764706,0.6231884057971014,0.826271186440678,0.6971288515406162,"[0.826271186440678, 0.6231884057971014]","[0.8823529411764706, 0.5119047619047619]","[0.8533916849015317, 0.5620915032679739]","[0.8823529411764706, 0.5119047619047619]"
Random Forest,5,1,1.0,1.0,0.8497441032487761,0.44803160785205165,0.42587328658960266,0.5481481481481482,0.7079135534666988,0.7953020134228188,0.44047619047619047,0.9345794392523364,0.7254901960784313,0.8097165991902834,0.6875278148642634,"[0.8097165991902834, 0.7254901960784313]","[0.9345794392523364, 0.44047619047619047]","[0.8676789587852495, 0.5481481481481482]","[0.9345794392523364, 0.44047619047619047]"
Random Forest,6,2,1.0,1.0,0.7960294422558573,0.46441154630435644,0.45279078954794283,0.5897435897435898,0.7237606837606838,0.7887788778877888,0.5054945054945055,0.910377358490566,0.7076923076923077,0.8109243697478992,0.7079359319925358,"[0.8109243697478992, 0.7076923076923077]","[0.910377358490566, 0.5054945054945055]","[0.8577777777777778, 0.5897435897435898]","[0.910377358490566, 0.5054945054945055]"
Random Forest,7,2,1.0,1.0,0.8349400729546639,0.3859772266760365,0.3540592879487562,0.496551724137931,0.6669841026034866,0.7542087542087542,0.37894736842105264,0.9306930693069307,0.72,0.7611336032388664,0.6548202188639917,"[0.7611336032388664, 0.72]","[0.9306930693069307, 0.37894736842105264]","[0.8374164810690423, 0.496551724137931]","[0.9306930693069307, 0.37894736842105264]"
Random Forest,8,2,1.0,1.0,0.7903893488476169,0.3396306017010166,0.3295257015147752,0.4782608695652174,0.6612083568605307,0.76,0.4024390243902439,0.8944954128440367,0.5892857142857143,0.7991803278688525,0.6484672186171403,"[0.7991803278688525, 0.5892857142857143]","[0.8944954128440367, 0.4024390243902439]","[0.8441558441558441, 0.4782608695652174]","[0.8944954128440367, 0.4024390243902439]"
Random Forest,9,2,1.0,1.0,0.7724422250609686,0.2891664018588151,0.28073234524847435,0.43609022556390975,0.6367002103958377,0.7474747474747475,0.3670886075949367,0.8853211009174312,0.5370370370370371,0.7942386831275721,0.626204854256184,"[0.7942386831275721, 0.5370370370370371]","[0.8853211009174312, 0.3670886075949367]","[0.8373101952277657, 0.43609022556390975]","[0.8853211009174312, 0.3670886075949367]"
Random Forest,10,2,1.0,1.0,0.8382905982905983,0.4291228136596511,0.39728936987964003,0.5042016806722689,0.6915258916708367,0.8052805280528053,0.38461538461538464,0.9511111111111111,0.7317073170731707,0.816793893129771,0.6678632478632479,"[0.816793893129771, 0.7317073170731707]","[0.9511111111111111, 0.38461538461538464]","[0.8788501026694046, 0.5042016806722689]","[0.9511111111111111, 0.38461538461538464]"
Random Forest,11,3,1.0,1.0,0.8088490284005979,0.3594138141180405,0.3545613241093942,0.49624060150375937,0.6757660890888127,0.7751677852348994,0.44,0.8878923766816144,0.5689655172413793,0.825,0.6639461883408072,"[0.825, 0.5689655172413793]","[0.8878923766816144, 0.44]","[0.8552915766738661, 0.49624060150375937]","[0.8878923766816144, 0.44]"
Random Forest,12,3,1.0,1.0,0.8177989736724676,0.32734315047793094,0.30706836616454225,0.4461538461538462,0.6461538461538462,0.7591973244147158,0.3493975903614458,0.9166666666666666,0.6170212765957447,0.7857142857142857,0.6330321285140562,"[0.7857142857142857, 0.6170212765957447]","[0.9166666666666666, 0.3493975903614458]","[0.8461538461538461, 0.4461538461538462]","[0.9166666666666666, 0.3493975903614458]"
Random Forest,13,3,1.0,1.0,0.8001980198019802,0.4377402534255205,0.40870984699665225,0.5534591194968553,0.6965941195678408,0.7641196013289037,0.43564356435643564,0.93,0.7586206896551724,0.7654320987654321,0.6828217821782179,"[0.7654320987654321, 0.7586206896551724]","[0.93, 0.43564356435643564]","[0.8397291196388262, 0.5534591194968553]","[0.93, 0.43564356435643564]"
Random Forest,14,3,0.9999999999999999,1.0,0.8087500000000001,0.3858558173456098,0.3757001292546317,0.5039370078740157,0.6850895230452881,0.7892976588628763,0.4266666666666667,0.9107142857142857,0.6153846153846154,0.8259109311740891,0.6686904761904762,"[0.8259109311740891, 0.6153846153846154]","[0.9107142857142857, 0.4266666666666667]","[0.8662420382165605, 0.5039370078740157]","[0.9107142857142857, 0.4266666666666667]"
Random Forest,15,3,1.0,1.0,0.8070702882023637,0.36873328425342267,0.3540562341553354,0.5066666666666667,0.6721929824561403,0.7557755775577558,0.4175824175824176,0.9009433962264151,0.6440677966101694,0.7827868852459017,0.6592629069044164,"[0.7827868852459017, 0.6440677966101694]","[0.9009433962264151, 0.4175824175824176]","[0.8377192982456141, 0.5066666666666667]","[0.9009433962264151, 0.4175824175824176]"
Random Forest,16,4,1.0,1.0,0.8073397191044249,0.414319686605659,0.41349239992733,0.5578231292517006,0.7065284911291911,0.7818791946308725,0.5324675324675324,0.8687782805429864,0.5857142857142857,0.8421052631578947,0.7006229065052594,"[0.8421052631578947, 0.5857142857142857]","[0.8687782805429864, 0.5324675324675324]","[0.8552338530066815, 0.5578231292517006]","[0.8687782805429864, 0.5324675324675324]"
Random Forest,17,4,1.0,1.0,0.7976190476190477,0.3490529226742045,0.33726067746686295,0.4857142857142857,0.6645962732919255,0.76,0.40476190476190477,0.8981481481481481,0.6071428571428571,0.7950819672131147,0.6514550264550265,"[0.7950819672131147, 0.6071428571428571]","[0.8981481481481481, 0.40476190476190477]","[0.8434782608695652, 0.4857142857142857]","[0.8981481481481481, 0.40476190476190477]"
Random Forest,18,4,1.0,1.0,0.8146006783842121,0.41599676336739727,0.39537419651056016,0.5394736842105263,0.6919590643274853,0.7674418604651163,0.43617021276595747,0.9178743961352657,0.7068965517241379,0.7818930041152263,0.6770223044506116,"[0.7818930041152263, 0.7068965517241379]","[0.9178743961352657, 0.43617021276595747]","[0.8444444444444444, 0.5394736842105263]","[0.9178743961352657, 0.43617021276595747]"
Random Forest,19,4,0.9999999999999999,1.0,0.8217857142857143,0.32117391383470933,0.30157235993445586,0.42735042735042733,0.644028644028644,0.7759197324414716,0.3333333333333333,0.9241071428571429,0.5952380952380952,0.8054474708171206,0.6287202380952381,"[0.8054474708171206, 0.5952380952380952]","[0.9241071428571429, 0.3333333333333333]","[0.8607068607068608, 0.42735042735042733]","[0.9241071428571429, 0.3333333333333333]"
Random Forest,20,4,1.0,1.0,0.8266209000762776,0.3172942107602067,0.2837236881114735,0.42857142857142855,0.6280788177339901,0.7350993377483444,0.3157894736842105,0.927536231884058,0.6666666666666666,0.7470817120622568,0.6216628527841342,"[0.7470817120622568, 0.6666666666666666]","[0.927536231884058, 0.3157894736842105]","[0.8275862068965517, 0.42857142857142855]","[0.927536231884058, 0.3157894736842105]"
Random Forest,21,5,1.0,1.0,0.7570533769063181,0.33181055376794055,0.29990954903734335,0.42857142857142855,0.6386554621848739,0.760797342192691,0.3176470588235294,0.9351851851851852,0.6585365853658537,0.7769230769230769,0.6264161220043574,"[0.7769230769230769, 0.6585365853658537]","[0.9351851851851852, 0.3176470588235294]","[0.8487394957983193, 0.42857142857142855]","[0.9351851851851852, 0.3176470588235294]"
Random Forest,22,5,1.0,1.0,0.8246714129244249,0.48519611522019607,0.4754969259237152,0.5972222222222222,0.7358405483405484,0.8085808580858086,0.5180722891566265,0.9181818181818182,0.7049180327868853,0.8347107438016529,0.7181270536692224,"[0.8347107438016529, 0.7049180327868853]","[0.9181818181818182, 0.5180722891566265]","[0.8744588744588745, 0.5972222222222222]","[0.9181818181818182, 0.5180722891566265]"
Random Forest,23,5,1.0,1.0,0.8137096774193547,0.31623521788204834,0.3072056239015818,0.45925925925925926,0.6501089324618736,0.7542087542087542,0.3875,0.8894009216589862,0.5636363636363636,0.7975206611570248,0.6384504608294931,"[0.7975206611570248, 0.5636363636363636]","[0.8894009216589862, 0.3875]","[0.840958605664488, 0.45925925925925926]","[0.8894009216589862, 0.3875]"
Random Forest,24,5,1.0,1.0,0.8084530445969124,0.3380579365087621,0.32269717037928947,0.4755244755244755,0.6557053449832444,0.75,0.38636363636363635,0.9009433962264151,0.6181818181818182,0.7795918367346939,0.6436535162950257,"[0.7795918367346939, 0.6181818181818182]","[0.9009433962264151, 0.38636363636363635]","[0.8358862144420132, 0.4755244755244755]","[0.9009433962264151, 0.38636363636363635]"
Random Forest,25,5,1.0,1.0,0.83322632423756,0.45495072665540776,0.4316789862724393,0.5594405594405595,0.7104895104895106,0.7892976588628763,0.449438202247191,0.9333333333333333,0.7407407407407407,0.8,0.6913857677902622,"[0.8, 0.7407407407407407]","[0.9333333333333333, 0.449438202247191]","[0.8615384615384616, 0.5594405594405595]","[0.9333333333333333, 0.449438202247191]"
Random Forest,26,6,1.0,1.0,0.8108870967741936,0.3824991322916481,0.3750902867192162,0.5179856115107914,0.685366432129022,0.7744107744107744,0.45,0.8940092165898618,0.6101694915254238,0.8151260504201681,0.6720046082949309,"[0.8151260504201681, 0.6101694915254238]","[0.8940092165898618, 0.45]","[0.8527472527472527, 0.5179856115107914]","[0.8940092165898618, 0.45]"
Random Forest,27,6,1.0,1.0,0.7764171553409223,0.2913258854024955,0.2819008317750983,0.4307692307692308,0.6369947848761408,0.7541528239202658,0.358974358974359,0.8923766816143498,0.5384615384615384,0.7991967871485943,0.6256755202943544,"[0.7991967871485943, 0.5384615384615384]","[0.8923766816143498, 0.358974358974359]","[0.8432203389830508, 0.4307692307692308]","[0.8923766816143498, 0.358974358974359]"
Random Forest,28,6,1.0,1.0,0.7811400422237861,0.38472871881564863,0.34437893880870096,0.4827586206896552,0.6593224175658342,0.7508305647840532,0.35714285714285715,0.9408866995073891,0.7446808510638298,0.7519685039370079,0.6490147783251231,"[0.7519685039370079, 0.7446808510638298]","[0.9408866995073891, 0.35714285714285715]","[0.8358862144420132, 0.4827586206896552]","[0.9408866995073891, 0.35714285714285715]"
Random Forest,29,6,1.0,1.0,0.7932409502262443,0.3734440510304228,0.3654907309814619,0.5072463768115942,0.6803473263368316,0.7740863787375415,0.4375,0.8959276018099548,0.603448275862069,0.8148148148148148,0.6667138009049773,"[0.8148148148148148, 0.603448275862069]","[0.8959276018099548, 0.4375]","[0.853448275862069, 0.5072463768115942]","[0.8959276018099548, 0.4375]"
Random Forest,30,6,1.0,1.0,0.8360668832206188,0.4254371083779118,0.41337847303292086,0.5562913907284768,0.7035354503753742,0.7766666666666666,0.47191011235955055,0.9052132701421801,0.6774193548387096,0.8025210084033614,0.6885616912508653,"[0.8025210084033614, 0.6774193548387096]","[0.9052132701421801, 0.47191011235955055]","[0.8507795100222717, 0.5562913907284768]","[0.9052132701421801, 0.47191011235955055]"
Random Forest,31,7,1.0,1.0,0.7695737277076989,0.36934153501548617,0.3649078194532739,0.5316455696202531,0.6809603994890256,0.7508417508417509,0.4772727272727273,0.8660287081339713,0.6,0.7973568281938326,0.6716507177033493,"[0.7973568281938326, 0.6]","[0.8660287081339713, 0.4772727272727273]","[0.8302752293577982, 0.5316455696202531]","[0.8660287081339713, 0.4772727272727273]"
Random Forest,32,7,1.0,1.0,0.8044393077287812,0.3395267028768777,0.3298941798941799,0.46875,0.6617254273504274,0.7718120805369127,0.39473684210526316,0.9009009009009009,0.5769230769230769,0.8130081300813008,0.647818871503082,"[0.8130081300813008, 0.5769230769230769]","[0.9009009009009009, 0.39473684210526316]","[0.8547008547008547, 0.46875]","[0.9009009009009009, 0.39473684210526316]"
Random Forest,33,7,1.0,0.9985401459854014,0.8382058135649849,0.38790377789781266,0.35426911779266634,0.4715447154471545,0.667922670875978,0.7840531561461794,0.35365853658536583,0.9452054794520548,0.7073170731707317,0.7961538461538461,0.6494320080187104,"[0.7961538461538461, 0.7073170731707317]","[0.9452054794520548, 0.35365853658536583]","[0.8643006263048016, 0.4715447154471545]","[0.9452054794520548, 0.35365853658536583]"
Random Forest,34,7,1.0,1.0,0.8386792452830188,0.384543442419414,0.3627177078998989,0.5034965034965035,0.6747417441560608,0.7649006622516556,0.4,0.9198113207547169,0.6792452830188679,0.7831325301204819,0.6599056603773585,"[0.7831325301204819, 0.6792452830188679]","[0.9198113207547169, 0.4]","[0.8459869848156182, 0.5034965034965035]","[0.9198113207547169, 0.4]"
Random Forest,35,7,1.0,1.0,0.7958537743313816,0.3853220527053269,0.35849972689203125,0.4927536231884058,0.6712695154568639,0.7682119205298014,0.38202247191011235,0.9295774647887324,0.6938775510204082,0.782608695652174,0.6557999683494223,"[0.782608695652174, 0.6938775510204082]","[0.9295774647887324, 0.38202247191011235]","[0.8497854077253219, 0.4927536231884058]","[0.9295774647887324, 0.38202247191011235]"
Random Forest,36,8,1.0,1.0,0.7971780281035885,0.40770666597485106,0.39581517000871846,0.5263157894736842,0.6948281767325037,0.7878787878787878,0.4430379746835443,0.9128440366972477,0.6481481481481481,0.8189300411522634,0.677941005690396,"[0.8189300411522634, 0.6481481481481481]","[0.9128440366972477, 0.4430379746835443]","[0.8633405639913232, 0.5263157894736842]","[0.9128440366972477, 0.4430379746835443]"
Random Forest,37,8,1.0,1.0,0.8493128964059196,0.3803432938860232,0.3654543845677375,0.5103448275862069,0.6781659062009125,0.7656765676567657,0.42045454545454547,0.9069767441860465,0.6491228070175439,0.7926829268292683,0.663715644820296,"[0.7926829268292683, 0.6491228070175439]","[0.9069767441860465, 0.42045454545454547]","[0.8459869848156182, 0.5103448275862069]","[0.9069767441860465, 0.42045454545454547]"
Random Forest,38,8,1.0,1.0,0.8381059120201737,0.4406740858872684,0.43421131939003077,0.5714285714285714,0.7155583837098314,0.7885906040268457,0.5060240963855421,0.8976744186046511,0.65625,0.8247863247863247,0.7018492574950966,"[0.8247863247863247, 0.65625]","[0.8976744186046511, 0.5060240963855421]","[0.8596881959910914, 0.5714285714285714]","[0.8976744186046511, 0.5060240963855421]"
Random Forest,39,8,1.0,1.0,0.7764740315027672,0.3384007450060724,0.31930783242258653,0.463768115942029,0.6528242289111854,0.7557755775577558,0.367816091954023,0.9120370370370371,0.6274509803921569,0.7817460317460317,0.6399265644955301,"[0.7817460317460317, 0.6274509803921569]","[0.9120370370370371, 0.367816091954023]","[0.8418803418803419, 0.463768115942029]","[0.9120370370370371, 0.367816091954023]"
Random Forest,40,8,1.0,1.0,0.7900420077552779,0.4047634999362232,0.38759036144578307,0.5277777777777778,0.6889990210474792,0.7725752508361204,0.4318181818181818,0.9146919431279621,0.6785714285714286,0.7942386831275721,0.673255062473072,"[0.7942386831275721, 0.6785714285714286]","[0.9146919431279621, 0.4318181818181818]","[0.8502202643171806, 0.5277777777777778]","[0.9146919431279621, 0.4318181818181818]"
Random Forest,41,9,1.0,1.0,0.8117749564351505,0.3817744977221375,0.34989092129551946,0.5063291139240507,0.6641234610716144,0.738255033557047,0.3883495145631068,0.9230769230769231,0.7272727272727273,0.7407407407407407,0.655713218820015,"[0.7407407407407407, 0.7272727272727273]","[0.9230769230769231, 0.3883495145631068]","[0.821917808219178, 0.5063291139240507]","[0.9230769230769231, 0.3883495145631068]"
Random Forest,42,9,1.0,0.9985611510791367,0.8099411798963368,0.34721511113813003,0.33240334794738946,0.464,0.6614736842105263,0.7766666666666666,0.37662337662337664,0.9147982062780269,0.6041666666666666,0.8095238095238095,0.6457107914507018,"[0.8095238095238095, 0.6041666666666666]","[0.9147982062780269, 0.37662337662337664]","[0.8589473684210527, 0.464]","[0.9147982062780269, 0.37662337662337664]"
Random Forest,43,9,1.0,1.0,0.8170452002685165,0.36661709047710583,0.35473815461346636,0.49635036496350365,0.673661143604862,0.77,0.4146341463414634,0.9036697247706422,0.6181818181818182,0.8040816326530612,0.6591519355560528,"[0.8040816326530612, 0.6181818181818182]","[0.9036697247706422, 0.4146341463414634]","[0.8509719222462203, 0.49635036496350365]","[0.9036697247706422, 0.4146341463414634]"
Random Forest,44,9,0.9999999999999999,1.0,0.842749629001484,0.4458965541054524,0.42164044673952195,0.5492957746478874,0.7050826699326393,0.7873754152823921,0.43820224719101125,0.9339622641509434,0.7358490566037735,0.7983870967741935,0.6860822556709774,"[0.7983870967741935, 0.7358490566037735]","[0.9339622641509434, 0.43820224719101125]","[0.8608695652173913, 0.5492957746478874]","[0.9339622641509434, 0.43820224719101125]"
Random Forest,45,9,1.0,1.0,0.8014049291582331,0.35520328007528085,0.35507137037148806,0.5103448275862069,0.6774918886289897,0.7641196013289037,0.5,0.8502202643171806,0.5211267605633803,0.8391304347826087,0.6751101321585903,"[0.8391304347826087, 0.5211267605633803]","[0.8502202643171806, 0.5]","[0.8446389496717724, 0.5103448275862069]","[0.8502202643171806, 0.5]"
Random Forest,46,10,1.0,1.0,0.7883166169693684,0.3854156691728148,0.3779791678926617,0.527027027027027,0.6867591275486011,0.7682119205298014,0.4588235294117647,0.8894009216589862,0.6190476190476191,0.8075313807531381,0.6741122255353754,"[0.8075313807531381, 0.6190476190476191]","[0.8894009216589862, 0.4588235294117647]","[0.8464912280701754, 0.527027027027027]","[0.8894009216589862, 0.4588235294117647]"
Random Forest,47,10,1.0,1.0,0.8238317757009346,0.41690735216503766,0.4071025117173416,0.547945205479452,0.7009637531822039,0.7792642140468228,0.47058823529411764,0.9018691588785047,0.6557377049180327,0.8109243697478992,0.6862286970863112,"[0.8109243697478992, 0.6557377049180327]","[0.9018691588785047, 0.47058823529411764]","[0.8539823008849557, 0.547945205479452]","[0.9018691588785047, 0.47058823529411764]"
Random Forest,48,10,1.0,1.0,0.8247407834101383,0.4077788355645801,0.391452824665821,0.5190839694656488,0.6915074274974032,0.7878787878787878,0.425,0.9216589861751152,0.6666666666666666,0.8130081300813008,0.6733294930875576,"[0.8130081300813008, 0.6666666666666666]","[0.9216589861751152, 0.425]","[0.8639308855291576, 0.5190839694656488]","[0.9216589861751152, 0.425]"
Random Forest,49,10,1.0,1.0,0.7961014111456589,0.31976394074703784,0.3083807973962571,0.4426229508196721,0.6501817682968654,0.7733333333333333,0.36486486486486486,0.9070796460176991,0.5625,0.8134920634920635,0.635972255441282,"[0.8134920634920635, 0.5625]","[0.9070796460176991, 0.36486486486486486]","[0.8577405857740585, 0.4426229508196721]","[0.9070796460176991, 0.36486486486486486]"
Random Forest,50,10,1.0,1.0,0.7931628983793901,0.34407571275820276,0.3031166315309669,0.4489795918367347,0.6358683517170545,0.7317880794701986,0.32673267326732675,0.9353233830845771,0.717391304347826,0.734375,0.6310280281759519,"[0.734375, 0.717391304347826]","[0.9353233830845771, 0.32673267326732675]","[0.8227571115973742, 0.4489795918367347]","[0.9353233830845771, 0.32673267326732675]"
SVM,1,1,0.8580051140417657,0.6430379746835443,0.8219797178130511,0.4908233635850147,0.48057813911472447,0.6461538461538462,0.7378917378917379,0.77,0.75,0.7777777777777778,0.5675675675675675,0.8888888888888888,0.7638888888888888,"[0.8888888888888888, 0.5675675675675675]","[0.7777777777777778, 0.75]","[0.8296296296296296, 0.6461538461538462]","[0.7777777777777778, 0.75]"
SVM,2,1,0.8631925941108152,0.6607142857142857,0.8020890599230346,0.37644177842772114,0.363907568162367,0.5756097560975609,0.677117855148017,0.7090301003344481,0.6941176470588235,0.7149532710280374,0.49166666666666664,0.8547486033519553,0.7045354590434305,"[0.8547486033519553, 0.49166666666666664]","[0.7149532710280374, 0.6941176470588235]","[0.7786259541984732, 0.5756097560975609]","[0.7149532710280374, 0.6941176470588235]"
SVM,3,1,0.8732508876348604,0.6631578947368421,0.7751623376623377,0.41730880389854474,0.41718909071424737,0.5921787709497207,0.7085594094556757,0.7550335570469798,0.6022727272727273,0.819047619047619,0.5824175824175825,0.8309178743961353,0.7106601731601732,"[0.8309178743961353, 0.5824175824175825]","[0.819047619047619, 0.6022727272727273]","[0.8249400479616307, 0.5921787709497207]","[0.819047619047619, 0.6022727272727273]"
SVM,4,1,0.8597079810723386,0.6510480887792849,0.8191122602887309,0.465007253323548,0.4488825487398954,0.6274509803921569,0.7201294310827779,0.7508196721311475,0.7619047619047619,0.746606334841629,0.5333333333333333,0.8918918918918919,0.7542555483731954,"[0.8918918918918919, 0.5333333333333333]","[0.746606334841629, 0.7619047619047619]","[0.812807881773399, 0.6274509803921569]","[0.746606334841629, 0.7619047619047619]"
SVM,5,1,0.857687814414801,0.6580310880829016,0.8295505117935025,0.4583340681960189,0.44665261467429496,0.6262626262626263,0.7201664890107101,0.7516778523489933,0.7380952380952381,0.7570093457943925,0.543859649122807,0.8804347826086957,0.7475522919448153,"[0.8804347826086957, 0.543859649122807]","[0.7570093457943925, 0.7380952380952381]","[0.8140703517587939, 0.6262626262626263]","[0.7570093457943925, 0.7380952380952381]"
SVM,6,2,0.8636180709265131,0.6568627450980392,0.786621397470454,0.41132993261576867,0.3985146780634765,0.6082949308755761,0.694892966723135,0.7194719471947195,0.7252747252747253,0.7169811320754716,0.5238095238095238,0.8587570621468926,0.7211279286750985,"[0.8587570621468926, 0.5238095238095238]","[0.7169811320754716, 0.7252747252747253]","[0.781491002570694, 0.6082949308755761]","[0.7169811320754716, 0.7252747252747253]"
SVM,7,2,0.8597695164705473,0.6495263870094723,0.8340281396560709,0.489449873457192,0.48806083650190113,0.66,0.7437055837563452,0.7710437710437711,0.6947368421052632,0.806930693069307,0.6285714285714286,0.8489583333333334,0.7508337675872852,"[0.8489583333333334, 0.6285714285714286]","[0.806930693069307, 0.6947368421052632]","[0.8274111675126904, 0.66]","[0.806930693069307, 0.6947368421052632]"
SVM,8,2,0.8678181057387115,0.6701434159061278,0.7885432982770194,0.3616316820414321,0.3522795742116891,0.5567010309278351,0.6724391854146565,0.7133333333333334,0.6585365853658537,0.7339449541284404,0.48214285714285715,0.851063829787234,0.6962407697471471,"[0.851063829787234, 0.48214285714285715]","[0.7339449541284404, 0.6585365853658537]","[0.7881773399014779, 0.5567010309278351]","[0.7339449541284404, 0.6585365853658537]"
SVM,9,2,0.862485751478811,0.6742712294043093,0.804174892579259,0.3927301421563006,0.37729557683077786,0.5743589743589743,0.6831694621168305,0.7205387205387206,0.7088607594936709,0.7247706422018348,0.4827586206896552,0.8729281767955801,0.7168157008477529,"[0.8729281767955801, 0.4827586206896552]","[0.7247706422018348, 0.7088607594936709]","[0.7919799498746867, 0.5743589743589743]","[0.7247706422018348, 0.7088607594936709]"
SVM,10,2,0.8571113748092897,0.6566037735849056,0.8307977207977209,0.47540951611658766,0.46486984565768263,0.6229508196721312,0.7299151261481223,0.7722772277227723,0.7307692307692307,0.7866666666666666,0.5428571428571428,0.8939393939393939,0.7587179487179487,"[0.8939393939393939, 0.5428571428571428]","[0.7866666666666666, 0.7307692307692307]","[0.8368794326241135, 0.6229508196721312]","[0.7866666666666666, 0.7307692307692307]"
SVM,11,3,0.8612240107310529,0.6741854636591479,0.7979073243647236,0.3953809563133503,0.3879249770282688,0.5632183908045977,0.6915618020373699,0.7449664429530202,0.6533333333333333,0.7757847533632287,0.494949494949495,0.8693467336683417,0.714559043348281,"[0.8693467336683417, 0.494949494949495]","[0.7757847533632287, 0.6533333333333333]","[0.8199052132701422, 0.5632183908045977]","[0.7757847533632287, 0.6533333333333333]"
SVM,12,3,0.8640623191661732,0.6571798188874515,0.8146474788041054,0.4159530918456306,0.41338353040988385,0.5888888888888889,0.7059276980329612,0.7525083612040134,0.6385542168674698,0.7962962962962963,0.5463917525773195,0.8514851485148515,0.717425256581883,"[0.8514851485148515, 0.5463917525773195]","[0.7962962962962963, 0.6385542168674698]","[0.8229665071770335, 0.5888888888888889]","[0.7962962962962963, 0.6385542168674698]"
SVM,13,3,0.8651710758377424,0.6536458333333334,0.8164356435643564,0.4031012556933882,0.39481407871322594,0.6233766233766234,0.6944376378338643,0.7109634551495017,0.7128712871287128,0.71,0.5538461538461539,0.8304093567251462,0.7114356435643564,"[0.8304093567251462, 0.5538461538461539]","[0.71, 0.7128712871287128]","[0.7654986522911051, 0.6233766233766234]","[0.71, 0.7128712871287128]"
SVM,14,3,0.8640590901460465,0.6666666666666666,0.8066666666666666,0.4420951207038798,0.42889662209895607,0.5966850828729282,0.7108125654172794,0.7558528428093646,0.72,0.7678571428571429,0.5094339622641509,0.8911917098445595,0.7439285714285715,"[0.8911917098445595, 0.5094339622641509]","[0.7678571428571429, 0.72]","[0.8249400479616307, 0.5966850828729282]","[0.7678571428571429, 0.72]"
SVM,15,3,0.8573767875604528,0.6419437340153452,0.8156230561890938,0.4267974187885543,0.41912293314162474,0.6153846153846154,0.7071897951294936,0.735973597359736,0.7032967032967034,0.75,0.5470085470085471,0.8548387096774194,0.7266483516483517,"[0.8548387096774194, 0.5470085470085471]","[0.75, 0.7032967032967034]","[0.7989949748743719, 0.6153846153846154]","[0.75, 0.7032967032967034]"
SVM,16,4,0.8620908369000511,0.6658195679796697,0.8077510724569549,0.39524374772715815,0.3754802654558156,0.5714285714285714,0.6807142857142857,0.7181208053691275,0.7272727272727273,0.7149321266968326,0.47058823529411764,0.88268156424581,0.7211024269847799,"[0.88268156424581, 0.47058823529411764]","[0.7149321266968326, 0.7272727272727273]","[0.79, 0.5714285714285714]","[0.7149321266968326, 0.7272727272727273]"
SVM,17,4,0.8673592358297003,0.6556543837357052,0.7822145061728396,0.3811225356625754,0.36489607390300227,0.5769230769230769,0.6762166405023547,0.7066666666666667,0.7142857142857143,0.7037037037037037,0.4838709677419355,0.8636363636363636,0.7089947089947091,"[0.8636363636363636, 0.4838709677419355]","[0.7037037037037037, 0.7142857142857143]","[0.7755102040816326, 0.5769230769230769]","[0.7037037037037037, 0.7142857142857143]"
SVM,18,4,0.8618555696325895,0.6528497409326425,0.798206393257272,0.43986153437772263,0.4355746048754353,0.6280193236714976,0.716541307405369,0.7441860465116279,0.6914893617021277,0.7681159420289855,0.5752212389380531,0.8457446808510638,0.7298026518655566,"[0.8457446808510638, 0.5752212389380531]","[0.7681159420289855, 0.6914893617021277]","[0.8050632911392405, 0.6280193236714976]","[0.7681159420289855, 0.6914893617021277]"
SVM,19,4,0.8577740473392648,0.6642335766423357,0.8174702380952381,0.44446034921606353,0.440965536486675,0.593939393939394,0.7196024914269719,0.7759197324414716,0.6533333333333333,0.8169642857142857,0.5444444444444444,0.8755980861244019,0.7351488095238095,"[0.8755980861244019, 0.5444444444444444]","[0.8169642857142857, 0.6533333333333333]","[0.8452655889145496, 0.593939393939394]","[0.8169642857142857, 0.6533333333333333]"
SVM,20,4,0.8612414467253177,0.6481481481481481,0.8281718789727943,0.4753273433075096,0.47446924874459306,0.6464646464646465,0.7370254266805991,0.7682119205298014,0.6736842105263158,0.8115942028985508,0.6213592233009708,0.8442211055276382,0.7426392067124332,"[0.8442211055276382, 0.6213592233009708]","[0.8115942028985508, 0.6736842105263158]","[0.8275862068965517, 0.6464646464646465]","[0.8115942028985508, 0.6736842105263158]"
SVM,21,5,0.8658768746148052,0.6778350515463918,0.775871459694989,0.3152463538327518,0.3146049565769964,0.5168539325842697,0.6570118719525122,0.7142857142857143,0.5411764705882353,0.7824074074074074,0.4946236559139785,0.8125,0.6617919389978213,"[0.8125, 0.4946236559139785]","[0.7824074074074074, 0.5411764705882353]","[0.7971698113207547, 0.5168539325842697]","[0.7824074074074074, 0.5411764705882353]"
SVM,22,5,0.8595858554768988,0.6650306748466258,0.8010405257393209,0.4084767643756113,0.3790700851587049,0.5909090909090909,0.6788742345737164,0.7029702970297029,0.7831325301204819,0.6727272727272727,0.4744525547445255,0.891566265060241,0.7279299014238774,"[0.891566265060241, 0.4744525547445255]","[0.6727272727272727, 0.7831325301204819]","[0.7668393782383419, 0.5909090909090909]","[0.6727272727272727, 0.7831325301204819]"
SVM,23,5,0.861190500320935,0.6520051746442432,0.8330645161290323,0.508759007624949,0.4951841359773371,0.6526315789473685,0.7446326211568526,0.7777777777777778,0.775,0.7788018433179723,0.5636363636363636,0.9037433155080213,0.7769009216589862,"[0.9037433155080213, 0.5636363636363636]","[0.7788018433179723, 0.775]","[0.8366336633663366, 0.6526315789473685]","[0.7788018433179723, 0.775]"
SVM,24,5,0.8622670898219241,0.6527958387516255,0.802905231560892,0.43126994036851163,0.42485808186435614,0.6130653266331658,0.7105226882542388,0.7433333333333333,0.6931818181818182,0.7641509433962265,0.5495495495495496,0.8571428571428571,0.7286663807890223,"[0.8571428571428571, 0.5495495495495496]","[0.7641509433962265, 0.6931818181818182]","[0.8079800498753117, 0.6130653266331658]","[0.7641509433962265, 0.6931818181818182]"
SVM,25,5,0.8615159647674098,0.654639175257732,0.8308186195826645,0.4864716816964291,0.4828568521721437,0.6494845360824743,0.740583852199653,0.7725752508361204,0.7078651685393258,0.8,0.6,0.865979381443299,0.7539325842696629,"[0.865979381443299, 0.6]","[0.8, 0.7078651685393258]","[0.8316831683168316, 0.6494845360824743]","[0.8, 0.7078651685393258]"
SVM,26,6,0.8551417181851965,0.6534653465346535,0.8217741935483871,0.430872470309977,0.4172166866287811,0.6010362694300518,0.7045081596526818,0.7407407407407407,0.725,0.7465437788018433,0.5132743362831859,0.8804347826086957,0.7357718894009216,"[0.8804347826086957, 0.5132743362831859]","[0.7465437788018433, 0.725]","[0.8079800498753117, 0.6010362694300518]","[0.7465437788018433, 0.725]"
SVM,27,6,0.8639038844015099,0.6709844559585493,0.7910198919167529,0.3826175295769576,0.3762558035831387,0.5586592178770949,0.685948994281337,0.7375415282392026,0.6410256410256411,0.7713004484304933,0.49504950495049505,0.86,0.7061630447280671,"[0.86, 0.49504950495049505]","[0.7713004484304933, 0.6410256410256411]","[0.8132387706855791, 0.5586592178770949]","[0.7713004484304933, 0.6410256410256411]"
SVM,28,6,0.8715052745279578,0.6615186615186616,0.7690007037297678,0.4162730206134676,0.4160863509749304,0.61,0.7079850746268657,0.7408637873754153,0.6224489795918368,0.7980295566502463,0.5980392156862745,0.8140703517587939,0.7102392681210415,"[0.8140703517587939, 0.5980392156862745]","[0.7980295566502463, 0.6224489795918368]","[0.8059701492537313, 0.61]","[0.7980295566502463, 0.6224489795918368]"
SVM,29,6,0.866169432847979,0.659846547314578,0.770079185520362,0.3627345576548467,0.3501178806303512,0.5538461538461539,0.6700434700434701,0.7109634551495017,0.675,0.7239819004524887,0.46956521739130436,0.8602150537634409,0.6994909502262443,"[0.8602150537634409, 0.46956521739130436]","[0.7239819004524887, 0.675]","[0.7862407862407862, 0.5538461538461539]","[0.7239819004524887, 0.675]"
SVM,30,6,0.8576905588624338,0.6515151515151515,0.8343362266361362,0.5033174171564354,0.47482378956097115,0.6637168141592921,0.7302541290047797,0.7466666666666667,0.8426966292134831,0.7061611374407583,0.5474452554744526,0.9141104294478528,0.7744288833271207,"[0.9141104294478528, 0.5474452554744526]","[0.7061611374407583, 0.8426966292134831]","[0.7967914438502673, 0.6637168141592921]","[0.7061611374407583, 0.8426966292134831]"
SVM,31,7,0.8699690243350853,0.6631716906946264,0.7729175728577642,0.3935993169624005,0.37572254335260113,0.5963302752293578,0.6811438610189342,0.7037037037037037,0.7386363636363636,0.6889952153110048,0.5,0.8622754491017964,0.7138157894736843,"[0.8622754491017964, 0.5]","[0.6889952153110048, 0.7386363636363636]","[0.7659574468085106, 0.5963302752293578]","[0.6889952153110048, 0.7386363636363636]"
SVM,32,7,0.8621232326828958,0.6591194968553459,0.7927335229966809,0.43787753424611814,0.42844965370271704,0.5955056179775281,0.7116284070748884,0.7583892617449665,0.6973684210526315,0.7792792792792793,0.5196078431372549,0.8826530612244898,0.7383238501659555,"[0.8826530612244898, 0.5196078431372549]","[0.7792792792792793, 0.6973684210526315]","[0.8277511961722488, 0.5955056179775281]","[0.7792792792792793, 0.6973684210526315]"
SVM,33,7,0.8543534236124356,0.6501950585175552,0.8532130526784719,0.4447893477565371,0.4393625827814569,0.6086956521739131,0.7182234241730809,0.760797342192691,0.6829268292682927,0.7899543378995434,0.5490196078431373,0.8693467336683417,0.7364405835839181,"[0.8693467336683417, 0.5490196078431373]","[0.7899543378995434, 0.6829268292682927]","[0.8277511961722488, 0.6086956521739131]","[0.7899543378995434, 0.6829268292682927]"
SVM,34,7,0.8597222462427145,0.6537966537966537,0.8212264150943397,0.44064545978874115,0.4370432967142218,0.6192893401015228,0.7175070779131693,0.7516556291390728,0.6777777777777778,0.7830188679245284,0.5700934579439252,0.8512820512820513,0.730398322851153,"[0.8512820512820513, 0.5700934579439252]","[0.7830188679245284, 0.6777777777777778]","[0.8157248157248157, 0.6192893401015228]","[0.7830188679245284, 0.6777777777777778]"
SVM,35,7,0.8664615788310683,0.6632782719186785,0.7910006857625151,0.4405516279773834,0.4330228702394304,0.6206896551724138,0.7143348525238628,0.7450331125827815,0.7078651685393258,0.7605633802816901,0.5526315789473685,0.8617021276595744,0.734214274410508,"[0.8617021276595744, 0.5526315789473685]","[0.7605633802816901, 0.7078651685393258]","[0.8079800498753117, 0.6206896551724138]","[0.7605633802816901, 0.7078651685393258]"
SVM,36,8,0.8673083278812366,0.6562905317769131,0.7806294274764836,0.37788247241469225,0.3710958178930651,0.5604395604395604,0.6831324015790035,0.7306397306397306,0.6455696202531646,0.7614678899082569,0.49514563106796117,0.8556701030927835,0.7035187550807107,"[0.8556701030927835, 0.49514563106796117]","[0.7614678899082569, 0.6455696202531646]","[0.8058252427184466, 0.5604395604395604]","[0.7614678899082569, 0.6455696202531646]"
SVM,37,8,0.853633289628045,0.6471337579617834,0.8496035940803383,0.4997069509154751,0.4929369493527588,0.6565656565656566,0.744949494949495,0.7755775577557755,0.7386363636363636,0.7906976744186046,0.5909090909090909,0.8808290155440415,0.7646670190274841,"[0.8808290155440415, 0.5909090909090909]","[0.7906976744186046, 0.7386363636363636]","[0.8333333333333334, 0.6565656565656566]","[0.7906976744186046, 0.7386363636363636]"
SVM,38,8,0.8564837481300149,0.6547314578005116,0.8300924628747549,0.4813083033054097,0.46815142526770903,0.6395939086294417,0.7308245232370265,0.761744966442953,0.7590361445783133,0.7627906976744186,0.5526315789473685,0.8913043478260869,0.760913421126366,"[0.8913043478260869, 0.5526315789473685]","[0.7627906976744186, 0.7590361445783133]","[0.8220551378446115, 0.6395939086294417]","[0.7627906976744186, 0.7590361445783133]"
SVM,39,8,0.8695779460085002,0.6641025641025641,0.7640485312899105,0.3703995167881289,0.3634764766231863,0.57,0.6790886699507389,0.7161716171617162,0.6551724137931034,0.7407407407407407,0.504424778761062,0.8421052631578947,0.6979565772669221,"[0.8421052631578947, 0.504424778761062]","[0.7407407407407407, 0.6551724137931034]","[0.7881773399014779, 0.57]","[0.7407407407407407, 0.6551724137931034]"
SVM,40,8,0.8657682162875041,0.6641318124207858,0.7946197759586385,0.38450763281542166,0.37392871055707044,0.5865384615384616,0.6830128205128205,0.7123745819397993,0.6931818181818182,0.7203791469194313,0.5083333333333333,0.8491620111731844,0.7067804825506248,"[0.8491620111731844, 0.5083333333333333]","[0.7203791469194313, 0.6931818181818182]","[0.7794871794871795, 0.5865384615384616]","[0.7203791469194313, 0.6931818181818182]"
SVM,41,9,0.8668301806888763,0.6551724137931034,0.7979088872292756,0.4303312517685696,0.4275010806397387,0.6396396396396397,0.7128679481620659,0.7315436241610739,0.6893203883495146,0.7538461538461538,0.5966386554621849,0.8212290502793296,0.7215832710978343,"[0.8212290502793296, 0.5966386554621849]","[0.7538461538461538, 0.6893203883495146]","[0.786096256684492, 0.6396396396396397]","[0.7538461538461538, 0.6893203883495146]"
SVM,42,9,0.8630976471857967,0.6641025641025641,0.8059518956379943,0.4101608890213622,0.4097855839416058,0.5660377358490566,0.7047875754075215,0.77,0.5844155844155844,0.8340807174887892,0.5487804878048781,0.8532110091743119,0.7092481509521869,"[0.8532110091743119, 0.5487804878048781]","[0.8340807174887892, 0.5844155844155844]","[0.8435374149659864, 0.5660377358490566]","[0.8340807174887892, 0.5844155844155844]"
SVM,43,9,0.8635622943960046,0.6624843161856964,0.7902215260684716,0.41053432558450187,0.3935113016367887,0.5911330049261084,0.6910324974252708,0.7233333333333334,0.7317073170731707,0.7201834862385321,0.49586776859504134,0.8770949720670391,0.7259454016558514,"[0.8770949720670391, 0.49586776859504134]","[0.7201834862385321, 0.7317073170731707]","[0.7909319899244333, 0.5911330049261084]","[0.7201834862385321, 0.7317073170731707]"
SVM,44,9,0.852990674833085,0.6374193548387097,0.837184651261395,0.5186391260804054,0.5148095909732017,0.6701030927835051,0.756620173842733,0.7873754152823921,0.7303370786516854,0.8113207547169812,0.6190476190476191,0.8775510204081632,0.7708289166843333,"[0.8775510204081632, 0.6190476190476191]","[0.8113207547169812, 0.7303370786516854]","[0.8431372549019608, 0.6701030927835051]","[0.8113207547169812, 0.7303370786516854]"
SVM,45,9,0.8664613906359189,0.6609124537607891,0.8112870579830933,0.4018090231993487,0.3777624649308461,0.5670103092783505,0.680563978168587,0.7209302325581395,0.7432432432432432,0.7136563876651982,0.4583333333333333,0.8950276243093923,0.7284498154542207,"[0.8950276243093923, 0.4583333333333333]","[0.7136563876651982, 0.7432432432432432]","[0.7941176470588235, 0.5670103092783505]","[0.7136563876651982, 0.7432432432432432]"
SVM,46,10,0.8613584944467297,0.6675094816687737,0.7928435890485226,0.39063959139848187,0.3749940529996669,0.583732057416268,0.681739446429653,0.7119205298013245,0.7176470588235294,0.7096774193548387,0.49193548387096775,0.8651685393258427,0.713662239089184,"[0.8651685393258427, 0.49193548387096775]","[0.7096774193548387, 0.7176470588235294]","[0.779746835443038, 0.583732057416268]","[0.7096774193548387, 0.7176470588235294]"
SVM,47,10,0.8624581539933046,0.6545454545454545,0.8087685541506322,0.4823270952197142,0.4662672698373884,0.6439024390243903,0.7290759014460373,0.7558528428093646,0.7764705882352941,0.7476635514018691,0.55,0.8938547486033519,0.7620670698185816,"[0.8938547486033519, 0.55]","[0.7476635514018691, 0.7764705882352941]","[0.8142493638676844, 0.6439024390243903]","[0.7476635514018691, 0.7764705882352941]"
SVM,48,10,0.859251376642681,0.6500622665006227,0.8354838709677419,0.5158112081298928,0.5109989473400092,0.655367231638418,0.7545421290086575,0.7946127946127947,0.725,0.8202764976958525,0.5979381443298969,0.89,0.7726382488479262,"[0.89, 0.5979381443298969]","[0.8202764976958525, 0.725]","[0.8537170263788969, 0.655367231638418]","[0.8202764976958525, 0.725]"
SVM,49,10,0.867402239604831,0.6717557251908397,0.7865044247787611,0.35488446582782096,0.3476159793814433,0.5317919075144508,0.6710481785815814,0.73,0.6216216216216216,0.7654867256637168,0.46464646464646464,0.8606965174129353,0.6935541736426691,"[0.8606965174129353, 0.46464646464646464]","[0.7654867256637168, 0.6216216216216216]","[0.810304449648712, 0.5317919075144508]","[0.7654867256637168, 0.6216216216216216]"
SVM,50,10,0.8597833149701951,0.6455862977602108,0.8099108418304517,0.42290675688056467,0.4223524284538279,0.6220095693779905,0.7110047846889953,0.7384105960264901,0.6435643564356436,0.7860696517412935,0.6018518518518519,0.8144329896907216,0.7148170040884685,"[0.8144329896907216, 0.6018518518518519]","[0.7860696517412935, 0.6435643564356436]","[0.8, 0.6220095693779905]","[0.7860696517412935, 0.6435643564356436]"
