Fold,Repeat,train_auc,train_f1,val_auc,val_mcc,val_kappa,val_f1_binary,val_f1_macro,val_accuracy,val_sensitivity,val_specificity,val_ppv,val_npv,val_balanced_accuracy,num_selected_features,selected_features,per_class_precision,per_class_recall,per_class_f1,per_class_accuracy,Classifier
1,1,0.8640170149426976,0.6531130876747141,0.8315145502645502,0.5285102718473004,0.5221948212083847,0.6702127659574468,0.7598636645321215,0.7933333333333333,0.75,0.8101851851851852,0.6057692307692307,0.8928571428571429,0.7800925925925926,42,"['dwi_square_ngtdm_Strength', 'dwi_log-sigma-3-mm-3D_firstorder_Skewness', 'dwi_wavelet2-LL_firstorder_Skewness', 'dwi_square_firstorder_Skewness', 'dwi_exponential_glcm_Imc1', 'dwi_exponential_glszm_GrayLevelNonUniformityNormalized', 'dwi_log-sigma-3-mm-3D_firstorder_Kurtosis', 'dwi_square_ngtdm_Busyness', 'dwi_exponential_ngtdm_Strength', 'dwi_wavelet2-LL_ngtdm_Strength', 'dwi_exponential_glszm_GrayLevelVariance', 'dwi_wavelet2-LL_glcm_ClusterShade', 'dwi_exponential_firstorder_Skewness', 'dwi_exponential_glcm_ClusterProminence', 'dwi_exponential_glrlm_GrayLevelVariance', 'dwi_exponential_gldm_SmallDependenceHighGrayLevelEmphasis', 'dwi_square_glrlm_GrayLevelNonUniformity', 'dwi_exponential_firstorder_Maximum', 'dwi_log-sigma-2-mm-3D_firstorder_Kurtosis', 'dwi_square_firstorder_Kurtosis', 'dwi_log-sigma-3-mm-3D_ngtdm_Busyness', 'dwi_wavelet2-LL_firstorder_Kurtosis', 'dwi_square_glcm_MCC', 'dwi_square_glszm_SmallAreaHighGrayLevelEmphasis', 'dwi_exponential_glszm_LargeAreaHighGrayLevelEmphasis', 'adc_logarithm_gldm_GrayLevelNonUniformity', 'dwi_log-sigma-2-mm-3D_glcm_MCC', 'dwi_square_glszm_SizeZoneNonUniformityNormalized', 'dwi_exponential_glszm_SizeZoneNonUniformityNormalized', 'dwi_wavelet2-LH_glcm_Imc2', 'dwi_exponential_gldm_SmallDependenceEmphasis', 'dwi_log-sigma-3-mm-3D_glcm_ClusterShade', 'dwi_log-sigma-3-mm-3D_gldm_LargeDependenceHighGrayLevelEmphasis', 'dwi_wavelet2-LH_glcm_MCC', 'dwi_wavelet2-LL_glszm_GrayLevelNonUniformity', 'dwi_exponential_glcm_Imc2', 'adc_wavelet2-LL_ngtdm_Coarseness', 'dwi_log-sigma-2-mm-3D_ngtdm_Strength', 'dwi_wavelet2-LH_glcm_Correlation', 't2_original_shape_SurfaceVolumeRatio', 'dwi_log-sigma-0-6-mm-3D_glszm_ZoneVariance', 'dwi_log-sigma-2-mm-3D_ngtdm_Busyness']","[0.8928571428571429, 0.6057692307692307]","[0.8101851851851852, 0.75]","[0.8495145631067961, 0.6702127659574468]","[0.8101851851851852, 0.75]",SVM
2,1,0.8718077474892395,0.6753246753246753,0.8029686641011544,0.3867462926014259,0.3731961778471139,0.5825242718446602,0.6815682583713096,0.7123745819397993,0.7058823529411765,0.7149532710280374,0.49586776859504134,0.8595505617977528,0.710417811984607,42,"['dwi_square_ngtdm_Strength', 'dwi_log-sigma-3-mm-3D_firstorder_Skewness', 'dwi_exponential_glcm_Imc1', 'dwi_exponential_ngtdm_Strength', 'dwi_exponential_glszm_GrayLevelNonUniformityNormalized', 'dwi_log-sigma-3-mm-3D_firstorder_Kurtosis', 'dwi_square_firstorder_Skewness', 'dwi_exponential_glszm_GrayLevelVariance', 'dwi_wavelet2-LL_ngtdm_Strength', 'dwi_wavelet2-LL_firstorder_Skewness', 'dwi_exponential_firstorder_Skewness', 'dwi_exponential_glcm_ClusterProminence', 'dwi_exponential_glrlm_GrayLevelVariance', 'dwi_square_glrlm_GrayLevelNonUniformity', 'dwi_exponential_firstorder_Range', 'dwi_log-sigma-3-mm-3D_ngtdm_Busyness', 'dwi_square_ngtdm_Busyness', 'dwi_exponential_gldm_SmallDependenceHighGrayLevelEmphasis', 'dwi_wavelet2-LL_glcm_ClusterShade', 'dwi_log-sigma-2-mm-3D_firstorder_Kurtosis', 'dwi_square_firstorder_Kurtosis', 'dwi_wavelet2-LL_firstorder_Kurtosis', 'dwi_square_glszm_SmallAreaHighGrayLevelEmphasis', 'dwi_square_glcm_MCC', 'dwi_log-sigma-2-mm-3D_glcm_MCC', 'dwi_wavelet2-LL_glszm_GrayLevelNonUniformity', 'adc_logarithm_gldm_GrayLevelNonUniformity', 'dwi_exponential_glszm_LargeAreaHighGrayLevelEmphasis', 'dwi_exponential_glszm_SizeZoneNonUniformityNormalized', 'adc_wavelet2-LL_ngtdm_Coarseness', 'dwi_wavelet2-LH_glcm_Correlation', 'dwi_log-sigma-3-mm-3D_gldm_LargeDependenceHighGrayLevelEmphasis', 'dwi_square_glszm_SizeZoneNonUniformityNormalized', 'dwi_wavelet2-LH_glcm_Imc2', 'dwi_exponential_gldm_SmallDependenceEmphasis', 'dwi_log-sigma-0-6-mm-3D_glszm_ZoneVariance', 'dwi_log-sigma-2-mm-3D_ngtdm_Strength', 'dwi_exponential_glcm_Imc2', 'dwi_wavelet2-LH_glcm_MCC', 'dwi_log-sigma-2-mm-3D_ngtdm_Busyness', 'dwi_logarithm_gldm_GrayLevelNonUniformity', 't2_original_glszm_GrayLevelNonUniformity']","[0.8595505617977528, 0.49586776859504134]","[0.7149532710280374, 0.7058823529411765]","[0.7806122448979592, 0.5825242718446602]","[0.7149532710280374, 0.7058823529411765]",SVM
3,1,0.8803416750999126,0.6771653543307087,0.776352813852814,0.40335497835497836,0.40335497835497836,0.5795454545454546,0.7016774891774892,0.7516778523489933,0.5795454545454546,0.8238095238095238,0.5795454545454546,0.8238095238095238,0.7016774891774892,42,"['dwi_square_ngtdm_Strength', 'dwi_log-sigma-3-mm-3D_firstorder_Skewness', 'dwi_exponential_glcm_Imc1', 'dwi_exponential_ngtdm_Strength', 'dwi_exponential_glszm_GrayLevelNonUniformityNormalized', 'dwi_log-sigma-3-mm-3D_firstorder_Kurtosis', 'dwi_wavelet2-LL_firstorder_Skewness', 'dwi_exponential_glszm_GrayLevelVariance', 'dwi_square_firstorder_Skewness', 'dwi_exponential_glcm_ClusterProminence', 'dwi_wavelet2-LL_ngtdm_Strength', 'dwi_exponential_glrlm_GrayLevelVariance', 'dwi_square_glrlm_GrayLevelNonUniformity', 'dwi_exponential_gldm_SmallDependenceHighGrayLevelEmphasis', 'dwi_exponential_firstorder_Skewness', 'dwi_exponential_firstorder_Maximum', 'dwi_square_ngtdm_Busyness', 'dwi_log-sigma-2-mm-3D_firstorder_Kurtosis', 'dwi_wavelet2-LL_glcm_ClusterShade', 'dwi_square_glcm_MCC', 'dwi_wavelet2-LL_firstorder_Kurtosis', 'dwi_log-sigma-3-mm-3D_ngtdm_Busyness', 'dwi_square_firstorder_Kurtosis', 'adc_logarithm_gldm_GrayLevelNonUniformity', 'dwi_exponential_glszm_LargeAreaHighGrayLevelEmphasis', 'dwi_log-sigma-2-mm-3D_glcm_MCC', 'dwi_exponential_glszm_SizeZoneNonUniformityNormalized', 'dwi_square_glszm_SmallAreaHighGrayLevelEmphasis', 'dwi_exponential_glcm_Imc2', 'dwi_exponential_gldm_SmallDependenceEmphasis', 'dwi_wavelet2-LL_glszm_GrayLevelNonUniformity', 'adc_wavelet2-LL_ngtdm_Coarseness', 'dwi_log-sigma-3-mm-3D_glrlm_LongRunHighGrayLevelEmphasis', 'dwi_wavelet2-LH_glcm_Correlation', 'dwi_square_glszm_SizeZoneNonUniformityNormalized', 'dwi_square_glcm_ClusterShade', 'dwi_wavelet2-LH_glcm_MCC', 't2_squareroot_glszm_SizeZoneNonUniformity', 'dwi_wavelet2-LH_glcm_Imc2', 'dwi_log-sigma-0-6-mm-3D_glszm_ZoneVariance', 'adc_wavelet2-LL_glcm_Imc1', 't2_original_shape_SurfaceVolumeRatio']","[0.8238095238095238, 0.5795454545454546]","[0.8238095238095238, 0.5795454545454546]","[0.8238095238095238, 0.5795454545454546]","[0.8238095238095238, 0.5795454545454546]",SVM
4,1,0.8642630505401526,0.6609756097560976,0.8188967894850248,0.48003132241927704,0.46338563956252976,0.6372549019607843,0.7274944460542838,0.7573770491803279,0.7738095238095238,0.751131221719457,0.5416666666666666,0.8972972972972973,0.7624703727644904,42,"['dwi_square_ngtdm_Strength', 'dwi_exponential_ngtdm_Strength', 'dwi_exponential_glcm_Imc1', 'dwi_log-sigma-3-mm-3D_firstorder_Skewness', 'dwi_exponential_glszm_GrayLevelNonUniformityNormalized', 'dwi_square_firstorder_Skewness', 'dwi_exponential_glszm_GrayLevelVariance', 'dwi_exponential_firstorder_Skewness', 'dwi_exponential_gldm_SmallDependenceHighGrayLevelEmphasis', 'dwi_square_glrlm_GrayLevelNonUniformity', 'dwi_square_ngtdm_Busyness', 'dwi_exponential_glcm_ClusterProminence', 'dwi_exponential_glrlm_GrayLevelVariance', 'dwi_log-sigma-3-mm-3D_firstorder_Kurtosis', 'dwi_exponential_firstorder_Maximum', 'dwi_wavelet2-LL_firstorder_Skewness', 'dwi_wavelet2-LL_ngtdm_Strength', 'dwi_exponential_glszm_LargeAreaHighGrayLevelEmphasis', 'dwi_exponential_glszm_SizeZoneNonUniformityNormalized', 'dwi_exponential_gldm_SmallDependenceEmphasis', 'dwi_wavelet2-LL_glcm_ClusterShade', 'dwi_square_firstorder_Kurtosis', 'dwi_log-sigma-2-mm-3D_firstorder_Kurtosis', 'dwi_wavelet2-LL_firstorder_Kurtosis', 'dwi_square_glszm_GrayLevelVariance', 'adc_logarithm_gldm_GrayLevelNonUniformity', 'dwi_log-sigma-3-mm-3D_ngtdm_Strength', 'dwi_exponential_glcm_Imc2', 'dwi_log-sigma-3-mm-3D_ngtdm_Busyness', 'dwi_wavelet2-LL_glszm_GrayLevelNonUniformity', 'dwi_square_glcm_MCC', 'adc_wavelet2-LL_ngtdm_Coarseness', 't2_original_shape_SurfaceVolumeRatio', 't2_wavelet2-LL_glszm_SizeZoneNonUniformity', 'dwi_square_glszm_SizeZoneNonUniformityNormalized', 'dwi_log-sigma-0-6-mm-3D_glszm_ZoneVariance', 'dwi_wavelet2-LH_glcm_Imc2', 'dwi_exponential_glszm_ZoneVariance', 'dwi_log-sigma-2-mm-3D_glcm_MCC', 'dwi_exponential_glszm_SizeZoneNonUniformity', 'dwi_wavelet2-LH_glcm_Correlation', 'dwi_wavelet2-LH_glcm_MCC']","[0.8972972972972973, 0.5416666666666666]","[0.751131221719457, 0.7738095238095238]","[0.8177339901477833, 0.6372549019607843]","[0.751131221719457, 0.7738095238095238]",SVM
5,1,0.8680317846328861,0.6735218508997429,0.8307187360925679,0.4840336153829574,0.4685425542455167,0.6435643564356436,0.7304116198421873,0.7583892617449665,0.7738095238095238,0.7523364485981309,0.5508474576271186,0.8944444444444445,0.7630729862038274,42,"['dwi_square_ngtdm_Strength', 'dwi_log-sigma-3-mm-3D_firstorder_Skewness', 'dwi_exponential_glcm_Imc1', 'dwi_exponential_ngtdm_Strength', 'dwi_exponential_glszm_GrayLevelNonUniformityNormalized', 'dwi_wavelet2-LL_firstorder_Skewness', 'dwi_square_firstorder_Skewness', 'dwi_square_ngtdm_Busyness', 'dwi_log-sigma-3-mm-3D_firstorder_Kurtosis', 'dwi_square_glrlm_GrayLevelNonUniformity', 'dwi_wavelet2-LL_ngtdm_Strength', 'dwi_exponential_glcm_ClusterProminence', 'dwi_exponential_firstorder_Skewness', 'dwi_exponential_glrlm_GrayLevelVariance', 'dwi_exponential_gldm_SmallDependenceHighGrayLevelEmphasis', 'dwi_log-sigma-2-mm-3D_firstorder_Kurtosis', 'dwi_exponential_firstorder_Maximum', 'dwi_square_firstorder_Kurtosis', 'dwi_wavelet2-LL_glcm_ClusterShade', 'dwi_original_firstorder_Kurtosis', 'dwi_log-sigma-3-mm-3D_ngtdm_Busyness', 'dwi_wavelet2-LL_glszm_GrayLevelNonUniformity', 'dwi_square_glcm_MCC', 'dwi_exponential_glszm_SizeZoneNonUniformityNormalized', 'dwi_exponential_glszm_LargeAreaEmphasis', 'adc_wavelet2-LL_ngtdm_Coarseness', 'dwi_log-sigma-2-mm-3D_glcm_MCC', 'adc_logarithm_gldm_GrayLevelNonUniformity', 'dwi_square_glszm_SmallAreaHighGrayLevelEmphasis', 't2_original_glszm_GrayLevelNonUniformity', 'dwi_exponential_gldm_SmallDependenceEmphasis', 't2_original_shape_SurfaceVolumeRatio', 'dwi_exponential_glcm_Imc2', 'dwi_square_glszm_SizeZoneNonUniformityNormalized', 'dwi_log-sigma-0-6-mm-3D_glszm_ZoneVariance', 'dwi_wavelet2-LH_glcm_Imc2', 't2_logarithm_ngtdm_Coarseness', 'dwi_wavelet2-LH_glcm_Correlation', 'dwi_wavelet2-LH_glcm_MCC', 't2_log-sigma-3-mm-3D_glszm_ZoneEntropy', 'dwi_squareroot_ngtdm_Coarseness', 'dwi_log-sigma-2-mm-3D_ngtdm_Strength']","[0.8944444444444445, 0.5508474576271186]","[0.7523364485981309, 0.7738095238095238]","[0.817258883248731, 0.6435643564356436]","[0.7523364485981309, 0.7738095238095238]",SVM
6,2,0.8719183880211767,0.6749688667496887,0.787476674269127,0.4308273327565679,0.41809920839383585,0.6203703703703703,0.70505698005698,0.7293729372937293,0.7362637362637363,0.7264150943396226,0.536,0.8651685393258427,0.7313394153016795,41,"['dwi_square_ngtdm_Strength', 'dwi_exponential_glcm_Imc1', 'dwi_log-sigma-3-mm-3D_firstorder_Skewness', 'dwi_exponential_glszm_GrayLevelNonUniformityNormalized', 'dwi_exponential_ngtdm_Strength', 'dwi_square_glrlm_GrayLevelNonUniformity', 'dwi_square_firstorder_Skewness', 'dwi_log-sigma-3-mm-3D_firstorder_Kurtosis', 'dwi_wavelet2-LL_firstorder_Skewness', 'dwi_exponential_glcm_ClusterProminence', 'dwi_exponential_firstorder_Skewness', 'dwi_exponential_gldm_SmallDependenceHighGrayLevelEmphasis', 'dwi_exponential_glrlm_GrayLevelVariance', 'dwi_square_ngtdm_Busyness', 'dwi_wavelet2-LL_ngtdm_Strength', 'dwi_exponential_firstorder_Maximum', 'dwi_exponential_glszm_LargeAreaEmphasis', 'dwi_square_glcm_MCC', 'dwi_exponential_glszm_SizeZoneNonUniformityNormalized', 'adc_logarithm_gldm_GrayLevelNonUniformity', 'dwi_log-sigma-2-mm-3D_firstorder_Kurtosis', 'dwi_wavelet2-LL_glcm_ClusterShade', 'dwi_square_firstorder_Kurtosis', 'dwi_wavelet2-LL_glszm_GrayLevelNonUniformity', 'dwi_exponential_gldm_SmallDependenceEmphasis', 'adc_wavelet2-LL_ngtdm_Coarseness', 'dwi_log-sigma-3-mm-3D_ngtdm_Busyness', 'dwi_exponential_glcm_Imc2', 'dwi_wavelet2-LL_firstorder_Kurtosis', 't2_original_shape_SurfaceVolumeRatio', 't2_original_glszm_GrayLevelNonUniformity', 'dwi_log-sigma-2-mm-3D_glcm_MCC', 'dwi_square_glszm_SmallAreaHighGrayLevelEmphasis', 't2_logarithm_ngtdm_Coarseness', 'dwi_wavelet2-LH_glcm_Correlation', 'dwi_squareroot_ngtdm_Coarseness', 'dwi_log-sigma-0-6-mm-3D_glszm_ZoneVariance', 'dwi_wavelet2-LH_glcm_MCC', 'dwi_wavelet2-LH_glcm_Imc2', 'dwi_square_glszm_SizeZoneNonUniformityNormalized', 'dwi_original_ngtdm_Coarseness']","[0.8651685393258427, 0.536]","[0.7264150943396226, 0.7362637362637363]","[0.7897435897435897, 0.6203703703703703]","[0.7264150943396226, 0.7362637362637363]",SVM
7,2,0.8638238050609186,0.6442953020134228,0.8440854611776967,0.49818772196380573,0.4976679821639076,0.6632653061224489,0.7487180801969029,0.7777777777777778,0.6842105263157895,0.8217821782178217,0.6435643564356436,0.8469387755102041,0.7529963522668056,41,"['dwi_square_ngtdm_Strength', 'dwi_log-sigma-3-mm-3D_firstorder_Skewness', 'dwi_square_firstorder_Skewness', 'dwi_wavelet2-LL_firstorder_Skewness', 'dwi_exponential_ngtdm_Strength', 'dwi_exponential_glcm_Imc1', 'dwi_log-sigma-3-mm-3D_firstorder_Kurtosis', 'dwi_exponential_glszm_GrayLevelNonUniformityNormalized', 'dwi_exponential_glszm_GrayLevelVariance', 'dwi_wavelet2-LL_ngtdm_Strength', 'dwi_square_ngtdm_Busyness', 'dwi_exponential_firstorder_Skewness', 'dwi_square_glrlm_GrayLevelNonUniformity', 'dwi_exponential_gldm_SmallDependenceHighGrayLevelEmphasis', 'dwi_wavelet2-LL_glcm_ClusterShade', 'dwi_exponential_glcm_ClusterProminence', 'dwi_exponential_glrlm_GrayLevelVariance', 'dwi_exponential_firstorder_Maximum', 'dwi_log-sigma-2-mm-3D_firstorder_Kurtosis', 'dwi_square_firstorder_Kurtosis', 'dwi_wavelet2-LL_firstorder_Kurtosis', 'dwi_square_glcm_MCC', 'dwi_log-sigma-3-mm-3D_ngtdm_Busyness', 'dwi_square_glszm_SmallAreaHighGrayLevelEmphasis', 'dwi_log-sigma-2-mm-3D_glcm_MCC', 'adc_logarithm_gldm_GrayLevelNonUniformity', 'dwi_exponential_glszm_LargeAreaHighGrayLevelEmphasis', 'dwi_exponential_glszm_SizeZoneNonUniformityNormalized', 'adc_wavelet2-LL_ngtdm_Coarseness', 'dwi_square_glszm_SizeZoneNonUniformityNormalized', 'dwi_wavelet2-LL_glszm_GrayLevelNonUniformity', 'dwi_wavelet2-LH_glcm_Imc2', 'dwi_log-sigma-0-6-mm-3D_glszm_ZoneVariance', 'dwi_exponential_gldm_SmallDependenceEmphasis', 'dwi_wavelet2-LH_glcm_Correlation', 't2_original_shape_SurfaceVolumeRatio', 'dwi_log-sigma-3-mm-3D_glcm_ClusterShade', 'dwi_log-sigma-2-mm-3D_ngtdm_Strength', 't2_wavelet2-LL_glszm_SizeZoneNonUniformity', 'dwi_exponential_glcm_Imc2', 'dwi_log-sigma-0-6-mm-3D_firstorder_Skewness']","[0.8469387755102041, 0.6435643564356436]","[0.8217821782178217, 0.6842105263157895]","[0.8341708542713567, 0.6632653061224489]","[0.8217821782178217, 0.6842105263157895]",SVM
8,2,0.8770475351334066,0.6761658031088082,0.7967666144551354,0.40583331538513157,0.3882307244125073,0.5882352941176471,0.6880570409982174,0.72,0.7317073170731707,0.7155963302752294,0.4918032786885246,0.8764044943820225,0.7236518236742,42,"['dwi_square_ngtdm_Strength', 'dwi_log-sigma-3-mm-3D_firstorder_Skewness', 'dwi_square_firstorder_Skewness', 'dwi_wavelet2-LL_firstorder_Skewness', 'dwi_exponential_glcm_Imc1', 'dwi_exponential_ngtdm_Strength', 'dwi_square_ngtdm_Busyness', 'dwi_exponential_glszm_GrayLevelNonUniformityNormalized', 'dwi_log-sigma-3-mm-3D_firstorder_Kurtosis', 'dwi_exponential_glszm_GrayLevelVariance', 'dwi_wavelet2-LL_ngtdm_Strength', 'dwi_square_glrlm_GrayLevelNonUniformity', 'dwi_exponential_firstorder_Skewness', 'dwi_exponential_glcm_ClusterProminence', 'dwi_exponential_glrlm_GrayLevelVariance', 'dwi_exponential_gldm_SmallDependenceHighGrayLevelEmphasis', 'dwi_exponential_firstorder_Maximum', 'dwi_log-sigma-2-mm-3D_firstorder_Kurtosis', 'dwi_square_firstorder_Kurtosis', 'dwi_original_firstorder_Kurtosis', 'dwi_wavelet2-LL_glcm_ClusterShade', 'dwi_log-sigma-3-mm-3D_ngtdm_Busyness', 'adc_logarithm_gldm_GrayLevelNonUniformity', 'dwi_exponential_glszm_LargeAreaHighGrayLevelEmphasis', 'dwi_wavelet2-LL_glszm_GrayLevelNonUniformity', 'dwi_square_glcm_MCC', 'dwi_square_glszm_SmallAreaHighGrayLevelEmphasis', 'dwi_exponential_glszm_SizeZoneNonUniformityNormalized', 'dwi_log-sigma-2-mm-3D_glcm_MCC', 'dwi_square_glszm_SizeZoneNonUniformityNormalized', 'adc_wavelet2-LL_ngtdm_Coarseness', 'dwi_exponential_gldm_SmallDependenceEmphasis', 'dwi_log-sigma-3-mm-3D_gldm_LargeDependenceHighGrayLevelEmphasis', 'dwi_exponential_glcm_Imc2', 'dwi_log-sigma-0-6-mm-3D_glszm_ZoneVariance', 't2_original_shape_SurfaceVolumeRatio', 'dwi_wavelet2-LH_glcm_Correlation', 'dwi_wavelet2-LH_glcm_Imc2', 't2_original_glszm_GrayLevelNonUniformity', 'dwi_logarithm_gldm_GrayLevelNonUniformity', 'dwi_wavelet2-LH_glcm_MCC', 'adc_wavelet2-LL_glcm_Imc1']","[0.8764044943820225, 0.4918032786885246]","[0.7155963302752294, 0.7317073170731707]","[0.7878787878787878, 0.5882352941176471]","[0.7155963302752294, 0.7317073170731707]",SVM
9,2,0.8627825254112679,0.6708385481852316,0.7913134363024038,0.3677007598273005,0.3518374513984699,0.5583756345177665,0.6696160288457851,0.7070707070707071,0.6962025316455697,0.7110091743119266,0.4661016949152542,0.8659217877094972,0.7036058529787481,43,"['dwi_square_ngtdm_Strength', 'dwi_log-sigma-3-mm-3D_firstorder_Skewness', 'dwi_exponential_ngtdm_Strength', 'dwi_exponential_glszm_GrayLevelNonUniformityNormalized', 'dwi_exponential_glcm_Imc1', 'dwi_exponential_glszm_GrayLevelVariance', 'dwi_wavelet2-LL_firstorder_Skewness', 'dwi_log-sigma-3-mm-3D_firstorder_Kurtosis', 'dwi_square_firstorder_Skewness', 'dwi_exponential_glcm_ClusterProminence', 'dwi_exponential_glrlm_GrayLevelVariance', 'dwi_wavelet2-LL_ngtdm_Strength', 'dwi_exponential_firstorder_Skewness', 'dwi_square_glrlm_GrayLevelNonUniformity', 'dwi_exponential_gldm_SmallDependenceHighGrayLevelEmphasis', 'dwi_square_ngtdm_Busyness', 'dwi_exponential_firstorder_Maximum', 'dwi_wavelet2-LL_glcm_ClusterShade', 'dwi_log-sigma-3-mm-3D_ngtdm_Busyness', 'dwi_exponential_glszm_LargeAreaHighGrayLevelEmphasis', 'dwi_log-sigma-2-mm-3D_firstorder_Kurtosis', 'dwi_square_glszm_SmallAreaHighGrayLevelEmphasis', 'dwi_wavelet2-LL_firstorder_Kurtosis', 'dwi_square_firstorder_Kurtosis', 'dwi_exponential_glszm_SizeZoneNonUniformityNormalized', 'dwi_wavelet2-LL_glszm_GrayLevelNonUniformity', 'dwi_exponential_gldm_SmallDependenceEmphasis', 'adc_logarithm_gldm_GrayLevelNonUniformity', 'dwi_square_glcm_MCC', 'dwi_log-sigma-2-mm-3D_glcm_MCC', 'adc_original_ngtdm_Coarseness', 'dwi_square_glszm_SizeZoneNonUniformityNormalized', 'dwi_exponential_glcm_Imc2', 'dwi_square_glcm_ClusterShade', 'dwi_log-sigma-0-6-mm-3D_glszm_ZoneVariance', 't2_squareroot_glszm_SizeZoneNonUniformity', 'dwi_log-sigma-3-mm-3D_gldm_LargeDependenceHighGrayLevelEmphasis', 'dwi_log-sigma-2-mm-3D_ngtdm_Strength', 't2_logarithm_ngtdm_Coarseness', 'dwi_log-sigma-2-mm-3D_ngtdm_Busyness', 'dwi_wavelet2-LH_glcm_Imc2', 'dwi_logarithm_ngtdm_Coarseness', 'dwi_wavelet2-LH_glcm_MCC']","[0.8659217877094972, 0.4661016949152542]","[0.7110091743119266, 0.6962025316455697]","[0.7808564231738035, 0.5583756345177665]","[0.7110091743119266, 0.6962025316455697]",SVM
10,2,0.868960840820478,0.6799501867995019,0.8255840455840456,0.45393006274872894,0.44518375241779495,0.6077348066298343,0.7203379915502113,0.7656765676567657,0.7051282051282052,0.7866666666666666,0.5339805825242718,0.885,0.745897435897436,43,"['dwi_square_ngtdm_Strength', 'dwi_log-sigma-3-mm-3D_firstorder_Skewness', 'dwi_exponential_glcm_Imc1', 'dwi_exponential_ngtdm_Strength', 'dwi_exponential_glszm_GrayLevelNonUniformityNormalized', 'dwi_square_firstorder_Skewness', 'dwi_log-sigma-3-mm-3D_firstorder_Kurtosis', 'dwi_exponential_glszm_GrayLevelVariance', 'dwi_wavelet2-LL_ngtdm_Strength', 'dwi_wavelet2-LL_firstorder_Skewness', 'dwi_exponential_glcm_ClusterProminence', 'dwi_exponential_glrlm_GrayLevelVariance', 'dwi_square_ngtdm_Busyness', 'dwi_exponential_gldm_SmallDependenceHighGrayLevelEmphasis', 'dwi_exponential_firstorder_Skewness', 'dwi_exponential_firstorder_Maximum', 'dwi_log-sigma-3-mm-3D_ngtdm_Strength', 'dwi_log-sigma-2-mm-3D_firstorder_Kurtosis', 'dwi_wavelet2-LL_glcm_ClusterShade', 'dwi_log-sigma-3-mm-3D_ngtdm_Busyness', 'dwi_square_glrlm_GrayLevelNonUniformity', 'dwi_square_firstorder_Kurtosis', 'dwi_wavelet2-LH_glcm_Correlation', 'dwi_wavelet2-LH_glcm_MCC', 'dwi_wavelet2-LL_firstorder_Kurtosis', 'dwi_wavelet2-LH_glcm_Imc2', 'dwi_square_glcm_MCC', 'dwi_exponential_glszm_SizeZoneNonUniformityNormalized', 'dwi_square_glszm_SmallAreaHighGrayLevelEmphasis', 'dwi_log-sigma-2-mm-3D_glcm_MCC', 'dwi_exponential_glszm_LargeAreaHighGrayLevelEmphasis', 'dwi_exponential_glcm_Imc2', 'dwi_exponential_gldm_SmallDependenceEmphasis', 'dwi_square_glszm_SizeZoneNonUniformityNormalized', 'dwi_log-sigma-3-mm-3D_gldm_LargeDependenceHighGrayLevelEmphasis', 'adc_logarithm_gldm_GrayLevelNonUniformity', 'dwi_wavelet2-LL_glszm_GrayLevelNonUniformity', 'dwi_wavelet-LH_glcm_Imc1', 't2_squareroot_glszm_SizeZoneNonUniformity', 'adc_wavelet2-LL_ngtdm_Coarseness', 'dwi_log-sigma-2-mm-3D_ngtdm_Busyness', 'dwi_wavelet2-LH_glcm_Imc1', 'dwi_logarithm_gldm_GrayLevelNonUniformity']","[0.885, 0.5339805825242718]","[0.7866666666666666, 0.7051282051282052]","[0.8329411764705882, 0.6077348066298343]","[0.7866666666666666, 0.7051282051282052]",SVM
11,3,0.8655935613682092,0.6742712294043093,0.8070553064275038,0.36254731412820934,0.35571050213501976,0.5402298850574713,0.6753282126709157,0.7315436241610739,0.6266666666666667,0.7668161434977578,0.47474747474747475,0.8592964824120602,0.6967414050822123,43,"['dwi_square_ngtdm_Strength', 'dwi_log-sigma-3-mm-3D_firstorder_Skewness', 'dwi_wavelet2-LL_firstorder_Skewness', 'dwi_log-sigma-3-mm-3D_firstorder_Kurtosis', 'dwi_square_firstorder_Skewness', 'dwi_exponential_glcm_Imc1', 'dwi_exponential_ngtdm_Strength', 'dwi_exponential_glszm_GrayLevelNonUniformityNormalized', 'dwi_exponential_firstorder_Skewness', 'dwi_exponential_glszm_GrayLevelVariance', 'dwi_log-sigma-2-mm-3D_firstorder_Kurtosis', 'dwi_square_glrlm_GrayLevelNonUniformity', 'dwi_square_ngtdm_Busyness', 'dwi_square_firstorder_Kurtosis', 'dwi_wavelet2-LL_ngtdm_Strength', 'dwi_exponential_glcm_ClusterProminence', 'dwi_wavelet2-LL_glcm_ClusterShade', 'dwi_exponential_glrlm_GrayLevelVariance', 'dwi_wavelet2-LL_firstorder_Kurtosis', 'dwi_exponential_gldm_SmallDependenceHighGrayLevelEmphasis', 'dwi_exponential_firstorder_Maximum', 'dwi_log-sigma-3-mm-3D_ngtdm_Busyness', 'dwi_exponential_glszm_LargeAreaHighGrayLevelEmphasis', 'dwi_square_glcm_MCC', 'adc_logarithm_gldm_GrayLevelNonUniformity', 'dwi_square_glszm_SmallAreaHighGrayLevelEmphasis', 'dwi_exponential_glszm_SizeZoneNonUniformityNormalized', 'dwi_log-sigma-3-mm-3D_glrlm_LongRunHighGrayLevelEmphasis', 'dwi_wavelet2-LL_glszm_GrayLevelNonUniformity', 'dwi_exponential_gldm_SmallDependenceEmphasis', 'dwi_square_glszm_SizeZoneNonUniformityNormalized', 'dwi_log-sigma-2-mm-3D_glcm_MCC', 'dwi_exponential_glcm_Imc2', 'dwi_log-sigma-3-mm-3D_glcm_ClusterShade', 'dwi_wavelet2-LH_glcm_Correlation', 't2_squareroot_glszm_SizeZoneNonUniformity', 'adc_wavelet2-LL_ngtdm_Coarseness', 'dwi_wavelet2-LH_glcm_Imc2', 'dwi_log-sigma-0-6-mm-3D_glszm_ZoneVariance', 'dwi_wavelet2-LH_glcm_MCC', 'dwi_log-sigma-2-mm-3D_ngtdm_Strength', 'dwi_logarithm_gldm_GrayLevelNonUniformity', 't2_original_shape_SurfaceVolumeRatio']","[0.8592964824120602, 0.47474747474747475]","[0.7668161434977578, 0.6266666666666667]","[0.8104265402843602, 0.5402298850574713]","[0.7668161434977578, 0.6266666666666667]",SVM
12,3,0.8710744167364473,0.6623544631306598,0.823293172690763,0.42152325892349457,0.41926300385792203,0.5921787709497207,0.7089772136371515,0.7558528428093646,0.6385542168674698,0.8009259259259259,0.5520833333333334,0.8522167487684729,0.7197400713966979,42,"['dwi_square_ngtdm_Strength', 'dwi_log-sigma-3-mm-3D_firstorder_Skewness', 'dwi_exponential_glcm_Imc1', 'dwi_log-sigma-3-mm-3D_firstorder_Kurtosis', 'dwi_wavelet2-LL_firstorder_Skewness', 'dwi_square_firstorder_Skewness', 'dwi_exponential_ngtdm_Strength', 'dwi_exponential_glszm_GrayLevelNonUniformityNormalized', 'dwi_exponential_firstorder_Skewness', 'dwi_exponential_glszm_GrayLevelVariance', 'dwi_log-sigma-2-mm-3D_firstorder_Kurtosis', 'dwi_square_glrlm_GrayLevelNonUniformity', 'dwi_wavelet2-LL_ngtdm_Strength', 'dwi_wavelet2-LL_firstorder_Kurtosis', 'dwi_square_ngtdm_Busyness', 'dwi_exponential_glcm_ClusterProminence', 'dwi_exponential_glrlm_GrayLevelVariance', 'dwi_square_firstorder_Kurtosis', 'dwi_wavelet2-LL_glcm_ClusterShade', 'dwi_exponential_firstorder_Maximum', 'dwi_exponential_gldm_SmallDependenceHighGrayLevelEmphasis', 'dwi_log-sigma-3-mm-3D_ngtdm_Strength', 'dwi_square_glcm_MCC', 'dwi_log-sigma-3-mm-3D_ngtdm_Busyness', 'adc_logarithm_gldm_GrayLevelNonUniformity', 'dwi_log-sigma-2-mm-3D_glcm_MCC', 'dwi_exponential_glszm_LargeAreaHighGrayLevelEmphasis', 'dwi_wavelet2-LH_glcm_Correlation', 'dwi_wavelet2-LH_glcm_MCC', 'dwi_wavelet2-LH_glcm_Imc2', 'adc_logarithm_ngtdm_Coarseness', 'dwi_square_glszm_SmallAreaHighGrayLevelEmphasis', 'dwi_exponential_glszm_SizeZoneNonUniformityNormalized', 'dwi_log-sigma-3-mm-3D_glrlm_GrayLevelNonUniformity', 'dwi_log-sigma-3-mm-3D_glrlm_LongRunHighGrayLevelEmphasis', 'dwi_exponential_gldm_SmallDependenceEmphasis', 'dwi_exponential_glcm_Imc2', 'dwi_square_glszm_SizeZoneNonUniformityNormalized', 't2_original_shape_SurfaceVolumeRatio', 'dwi_log-sigma-3-mm-3D_gldm_LargeDependenceHighGrayLevelEmphasis', 'dwi_square_firstorder_Maximum', 'dwi_wavelet-LH_glcm_Imc1']","[0.8522167487684729, 0.5520833333333334]","[0.8009259259259259, 0.6385542168674698]","[0.8257756563245824, 0.5921787709497207]","[0.8009259259259259, 0.6385542168674698]",SVM
13,3,0.8639682539682539,0.660759493670886,0.8048267326732673,0.4201853494137353,0.40853630672211305,0.635593220338983,0.7003102713716773,0.7142857142857143,0.7425742574257426,0.7,0.5555555555555556,0.8433734939759037,0.7212871287128713,40,"['dwi_square_ngtdm_Strength', 'dwi_exponential_glcm_Imc1', 'dwi_square_ngtdm_Busyness', 'dwi_log-sigma-3-mm-3D_firstorder_Skewness', 'dwi_exponential_glszm_GrayLevelNonUniformityNormalized', 'dwi_exponential_ngtdm_Strength', 'dwi_exponential_glszm_GrayLevelVariance', 'dwi_square_glrlm_GrayLevelNonUniformity', 'dwi_wavelet2-LL_ngtdm_Strength', 'dwi_square_firstorder_Skewness', 'dwi_log-sigma-3-mm-3D_firstorder_Kurtosis', 'dwi_wavelet2-LL_firstorder_Skewness', 'dwi_exponential_glcm_ClusterProminence', 'dwi_exponential_glrlm_GrayLevelVariance', 'dwi_exponential_gldm_SmallDependenceHighGrayLevelEmphasis', 'dwi_exponential_firstorder_Skewness', 'dwi_exponential_firstorder_Maximum', 'dwi_log-sigma-3-mm-3D_ngtdm_Busyness', 'dwi_wavelet2-LL_glcm_ClusterShade', 'dwi_exponential_glszm_SizeZoneNonUniformityNormalized', 'dwi_log-sigma-2-mm-3D_firstorder_Kurtosis', 'dwi_exponential_glszm_LargeAreaHighGrayLevelEmphasis', 'dwi_square_glcm_MCC', 'dwi_square_glszm_SmallAreaHighGrayLevelEmphasis', 'dwi_wavelet2-LL_glszm_GrayLevelNonUniformity', 'dwi_square_firstorder_Kurtosis', 'dwi_log-sigma-2-mm-3D_glcm_MCC', 'adc_logarithm_gldm_GrayLevelNonUniformity', 'adc_wavelet2-LL_ngtdm_Coarseness', 'dwi_exponential_gldm_SmallDependenceEmphasis', 'dwi_wavelet2-LL_firstorder_Kurtosis', 'dwi_exponential_glcm_Imc2', 'dwi_square_glszm_SizeZoneNonUniformityNormalized', 't2_original_glszm_GrayLevelNonUniformity', 'dwi_log-sigma-3-mm-3D_gldm_LargeDependenceHighGrayLevelEmphasis', 'dwi_wavelet2-LH_glcm_Imc2', 'dwi_wavelet2-LH_glcm_MCC', 'dwi_log-sigma-2-mm-3D_ngtdm_Strength', 'dwi_log-sigma-0-6-mm-3D_glszm_ZoneVariance', 't2_log-sigma-3-mm-3D_glszm_ZoneEntropy']","[0.8433734939759037, 0.5555555555555556]","[0.7, 0.7425742574257426]","[0.7650273224043715, 0.635593220338983]","[0.7, 0.7425742574257426]",SVM
14,3,0.8736008057747188,0.6821106821106822,0.8038690476190476,0.4309403248136639,0.4188074599422117,0.5888888888888889,0.7059276980329612,0.7525083612040134,0.7066666666666667,0.7678571428571429,0.5047619047619047,0.8865979381443299,0.7372619047619048,43,"['dwi_square_ngtdm_Strength', 'dwi_exponential_glszm_GrayLevelNonUniformityNormalized', 'dwi_wavelet2-LL_ngtdm_Strength', 'dwi_exponential_glcm_Imc1', 'dwi_log-sigma-3-mm-3D_firstorder_Skewness', 'dwi_exponential_ngtdm_Strength', 'dwi_square_ngtdm_Busyness', 'dwi_exponential_glcm_ClusterProminence', 'dwi_exponential_gldm_SmallDependenceHighGrayLevelEmphasis', 'dwi_exponential_glrlm_GrayLevelVariance', 'dwi_square_glrlm_GrayLevelNonUniformity', 'dwi_wavelet2-LL_firstorder_Skewness', 'dwi_square_firstorder_Skewness', 'dwi_log-sigma-3-mm-3D_ngtdm_Busyness', 'dwi_wavelet2-LL_glcm_ClusterShade', 'dwi_exponential_firstorder_Maximum', 'dwi_exponential_firstorder_Skewness', 'dwi_square_glcm_MCC', 'dwi_exponential_glszm_LargeAreaEmphasis', 'dwi_square_glszm_SmallAreaHighGrayLevelEmphasis', 'dwi_wavelet2-LH_glcm_Imc2', 'dwi_square_glszm_SizeZoneNonUniformityNormalized', 'dwi_log-sigma-2-mm-3D_glcm_MCC', 'dwi_exponential_gldm_SmallDependenceEmphasis', 'dwi_exponential_glszm_SizeZoneNonUniformityNormalized', 'dwi_wavelet2-LL_glszm_GrayLevelNonUniformity', 'adc_logarithm_gldm_GrayLevelNonUniformity', 'dwi_wavelet2-LH_glcm_Correlation', 'dwi_exponential_glcm_Imc2', 'dwi_logarithm_gldm_GrayLevelNonUniformity', 'dwi_log-sigma-2-mm-3D_ngtdm_Strength', 'dwi_log-sigma-2-mm-3D_firstorder_Kurtosis', 'dwi_log-sigma-0-6-mm-3D_glszm_ZoneVariance', 'dwi_log-sigma-3-mm-3D_gldm_LargeDependenceHighGrayLevelEmphasis', 'dwi_square_firstorder_Kurtosis', 'dwi_wavelet2-LH_glcm_MCC', 'adc_wavelet2-LL_ngtdm_Coarseness', 'dwi_log-sigma-2-mm-3D_ngtdm_Busyness', 'dwi_wavelet2-LL_firstorder_Kurtosis', 't2_squareroot_glszm_SizeZoneNonUniformity', 'dwi_log-sigma-3-mm-3D_glcm_JointAverage', 't2_logarithm_ngtdm_Coarseness', 'dwi_exponential_glszm_ZoneVariance']","[0.8865979381443299, 0.5047619047619047]","[0.7678571428571429, 0.7066666666666667]","[0.8229665071770335, 0.5888888888888889]","[0.7678571428571429, 0.7066666666666667]",SVM
15,3,0.8513887636083568,0.655,0.800279908770475,0.4563730889756171,0.44816678648454356,0.6346153846153846,0.7218303053730188,0.7491749174917491,0.7252747252747253,0.7594339622641509,0.5641025641025641,0.8655913978494624,0.7423543437694381,41,"['dwi_square_ngtdm_Strength', 'dwi_exponential_ngtdm_Strength', 'dwi_log-sigma-3-mm-3D_firstorder_Skewness', 'dwi_exponential_glszm_GrayLevelNonUniformityNormalized', 'dwi_exponential_glcm_Imc1', 'dwi_square_firstorder_Skewness', 'dwi_exponential_glszm_GrayLevelVariance', 'dwi_log-sigma-3-mm-3D_firstorder_Kurtosis', 'dwi_exponential_firstorder_Skewness', 'dwi_exponential_glcm_ClusterProminence', 'dwi_exponential_glrlm_GrayLevelVariance', 'dwi_exponential_gldm_SmallDependenceHighGrayLevelEmphasis', 'dwi_exponential_firstorder_Maximum', 'dwi_wavelet2-LL_firstorder_Skewness', 'dwi_square_glrlm_GrayLevelNonUniformity', 'dwi_wavelet2-LL_ngtdm_Strength', 'dwi_square_ngtdm_Busyness', 'dwi_wavelet2-LL_firstorder_Kurtosis', 'dwi_square_firstorder_Kurtosis', 'dwi_log-sigma-2-mm-3D_firstorder_Kurtosis', 'dwi_exponential_glszm_SizeZoneNonUniformityNormalized', 'dwi_exponential_glszm_LargeAreaEmphasis', 'adc_logarithm_gldm_GrayLevelNonUniformity', 'adc_wavelet2-LL_ngtdm_Coarseness', 'dwi_exponential_gldm_SmallDependenceEmphasis', 'dwi_wavelet2-LL_glszm_GrayLevelNonUniformity', 'dwi_wavelet2-LL_glcm_ClusterShade', 'dwi_log-sigma-3-mm-3D_ngtdm_Busyness', 'dwi_exponential_glcm_Imc2', 't2_original_glszm_GrayLevelNonUniformity', 't2_original_shape_SurfaceVolumeRatio', 'dwi_square_glcm_MCC', 'adc_wavelet2-LL_glcm_Imc1', 'dwi_log-sigma-2-mm-3D_glcm_MCC', 't2_logarithm_ngtdm_Coarseness', 'dwi_log-sigma-0-6-mm-3D_glszm_ZoneVariance', 'dwi_square_glrlm_GrayLevelVariance', 'dwi_squareroot_ngtdm_Coarseness', 'adc_squareroot_firstorder_TotalEnergy', 'dwi_square_glszm_SizeZoneNonUniformityNormalized', 'dwi_original_ngtdm_Coarseness']","[0.8655913978494624, 0.5641025641025641]","[0.7594339622641509, 0.7252747252747253]","[0.8090452261306532, 0.6346153846153846]","[0.7594339622641509, 0.7252747252747253]",SVM
16,4,0.8700755740396781,0.6798516687268232,0.8068989833695716,0.4062892851328299,0.3851240491224581,0.5786802030456852,0.685330076460186,0.7214765100671141,0.7402597402597403,0.7149321266968326,0.475,0.8876404494382022,0.7275959334782864,43,"['dwi_square_ngtdm_Strength', 'dwi_log-sigma-3-mm-3D_firstorder_Skewness', 'dwi_exponential_glcm_Imc1', 'dwi_square_ngtdm_Busyness', 'dwi_exponential_ngtdm_Strength', 'dwi_wavelet2-LL_firstorder_Skewness', 'dwi_exponential_glszm_GrayLevelNonUniformityNormalized', 'dwi_wavelet2-LL_ngtdm_Strength', 'dwi_square_glrlm_GrayLevelNonUniformity', 'dwi_square_firstorder_Skewness', 'dwi_exponential_glszm_GrayLevelVariance', 'dwi_wavelet2-LL_glcm_ClusterShade', 'dwi_log-sigma-3-mm-3D_firstorder_Kurtosis', 'dwi_exponential_glcm_ClusterProminence', 'dwi_exponential_gldm_SmallDependenceHighGrayLevelEmphasis', 'dwi_exponential_glrlm_GrayLevelVariance', 'dwi_exponential_firstorder_Skewness', 'dwi_square_glcm_MCC', 'dwi_exponential_firstorder_Maximum', 'dwi_log-sigma-3-mm-3D_ngtdm_Busyness', 'adc_logarithm_gldm_GrayLevelNonUniformity', 'dwi_wavelet2-LL_glszm_GrayLevelNonUniformity', 'dwi_exponential_glszm_LargeAreaHighGrayLevelEmphasis', 'adc_wavelet2-LL_ngtdm_Coarseness', 'dwi_square_firstorder_Kurtosis', 't2_squareroot_glszm_SizeZoneNonUniformity', 'dwi_exponential_glszm_SizeZoneNonUniformityNormalized', 'dwi_log-sigma-2-mm-3D_glcm_MCC', 'dwi_square_glszm_SmallAreaHighGrayLevelEmphasis', 'dwi_wavelet2-LH_glcm_Correlation', 'dwi_exponential_gldm_DependenceVariance', 'dwi_log-sigma-0-6-mm-3D_glszm_ZoneVariance', 'dwi_log-sigma-2-mm-3D_firstorder_Kurtosis', 'dwi_wavelet2-LL_firstorder_Kurtosis', 'dwi_square_glcm_ClusterShade', 'dwi_wavelet2-LH_glcm_Imc2', 'dwi_exponential_glcm_Imc2', 'dwi_logarithm_gldm_GrayLevelNonUniformity', 'dwi_square_glszm_SizeZoneNonUniformityNormalized', 't2_original_shape_SurfaceVolumeRatio', 't2_wavelet-HL_glszm_GrayLevelNonUniformity', 't2_logarithm_ngtdm_Coarseness', 'dwi_logarithm_ngtdm_Coarseness']","[0.8876404494382022, 0.475]","[0.7149321266968326, 0.7402597402597403]","[0.7919799498746867, 0.5786802030456852]","[0.7149321266968326, 0.7402597402597403]",SVM
17,4,0.8732277523820579,0.6776649746192893,0.7841159611992945,0.3737982775572942,0.36315165876777245,0.57,0.6775,0.7133333333333334,0.6785714285714286,0.7268518518518519,0.49137931034482757,0.8532608695652174,0.7027116402116402,42,"['dwi_square_ngtdm_Strength', 'dwi_log-sigma-3-mm-3D_firstorder_Skewness', 'dwi_exponential_glcm_Imc1', 'dwi_exponential_ngtdm_Strength', 'dwi_exponential_glszm_GrayLevelNonUniformityNormalized', 'dwi_square_firstorder_Skewness', 'dwi_log-sigma-3-mm-3D_firstorder_Kurtosis', 'dwi_wavelet2-LL_firstorder_Skewness', 'dwi_exponential_firstorder_Skewness', 'dwi_exponential_glcm_ClusterProminence', 'dwi_exponential_glrlm_GrayLevelVariance', 'dwi_exponential_gldm_SmallDependenceHighGrayLevelEmphasis', 'dwi_exponential_firstorder_Maximum', 'dwi_square_glrlm_GrayLevelNonUniformity', 'dwi_square_ngtdm_Busyness', 'dwi_wavelet2-LL_ngtdm_Strength', 'dwi_log-sigma-2-mm-3D_firstorder_Kurtosis', 'dwi_square_firstorder_Kurtosis', 'dwi_wavelet2-LL_firstorder_Kurtosis', 'dwi_wavelet2-LL_glcm_ClusterShade', 'dwi_exponential_glszm_SizeZoneNonUniformityNormalized', 'dwi_exponential_glszm_LargeAreaEmphasis', 'dwi_log-sigma-3-mm-3D_ngtdm_Strength', 'dwi_exponential_gldm_SmallDependenceEmphasis', 'dwi_exponential_glcm_Imc2', 'adc_logarithm_gldm_GrayLevelNonUniformity', 'dwi_square_glcm_MCC', 'dwi_log-sigma-3-mm-3D_ngtdm_Busyness', 'dwi_square_glszm_SmallAreaHighGrayLevelEmphasis', 'dwi_wavelet2-LL_glszm_GrayLevelNonUniformity', 'dwi_square_glszm_SizeZoneNonUniformityNormalized', 'adc_logarithm_ngtdm_Coarseness', 'dwi_wavelet2-LH_glcm_MCC', 'dwi_wavelet2-LH_glcm_Correlation', 'dwi_log-sigma-0-6-mm-3D_firstorder_Skewness', 'dwi_square_firstorder_Maximum', 'dwi_log-sigma-3-mm-3D_glrlm_LongRunHighGrayLevelEmphasis', 'dwi_log-sigma-2-mm-3D_glcm_MCC', 't2_squareroot_glszm_SizeZoneNonUniformity', 'adc_wavelet2-LL_glcm_Imc1', 'dwi_log-sigma-3-mm-3D_gldm_LargeDependenceHighGrayLevelEmphasis', 'dwi_log-sigma-0-6-mm-3D_glszm_ZoneVariance']","[0.8532608695652174, 0.49137931034482757]","[0.7268518518518519, 0.6785714285714286]","[0.785, 0.57]","[0.7268518518518519, 0.6785714285714286]",SVM
18,4,0.8648697564982528,0.6606914212548015,0.7814780552985918,0.40681493393522294,0.39685046795068246,0.6118721461187214,0.6949700156181075,0.717607973421927,0.7127659574468085,0.7198067632850241,0.536,0.8465909090909091,0.7162863603659163,41,"['dwi_square_ngtdm_Strength', 'dwi_log-sigma-3-mm-3D_firstorder_Skewness', 'dwi_square_ngtdm_Busyness', 'dwi_exponential_glszm_GrayLevelNonUniformityNormalized', 'dwi_square_firstorder_Skewness', 'dwi_wavelet2-LL_firstorder_Skewness', 'dwi_exponential_glcm_Imc1', 'dwi_exponential_ngtdm_Strength', 'dwi_wavelet2-LL_ngtdm_Strength', 'dwi_exponential_glszm_GrayLevelVariance', 'dwi_square_glrlm_GrayLevelNonUniformity', 'dwi_log-sigma-3-mm-3D_firstorder_Kurtosis', 'dwi_exponential_firstorder_Skewness', 'dwi_exponential_gldm_SmallDependenceHighGrayLevelEmphasis', 'dwi_exponential_glrlm_GrayLevelVariance', 'dwi_exponential_glcm_ClusterProminence', 'dwi_wavelet2-LL_glcm_ClusterShade', 'dwi_exponential_firstorder_Maximum', 'dwi_log-sigma-3-mm-3D_ngtdm_Busyness', 'dwi_square_firstorder_Kurtosis', 'dwi_log-sigma-2-mm-3D_firstorder_Kurtosis', 'dwi_exponential_glszm_LargeAreaHighGrayLevelEmphasis', 'dwi_exponential_glszm_SizeZoneNonUniformityNormalized', 'dwi_square_glcm_MCC', 'dwi_wavelet2-LL_glszm_GrayLevelNonUniformity', 'dwi_wavelet2-LL_firstorder_Kurtosis', 'dwi_square_glszm_SmallAreaHighGrayLevelEmphasis', 'dwi_log-sigma-2-mm-3D_glcm_MCC', 'adc_logarithm_gldm_GrayLevelNonUniformity', 'dwi_exponential_gldm_SmallDependenceEmphasis', 'dwi_square_glszm_SizeZoneNonUniformityNormalized', 'adc_wavelet2-LL_ngtdm_Coarseness', 'dwi_log-sigma-0-6-mm-3D_glszm_ZoneVariance', 'dwi_logarithm_gldm_GrayLevelNonUniformity', 'dwi_wavelet2-LH_glcm_Imc2', 'dwi_exponential_glcm_Imc2', 'dwi_wavelet2-LH_glcm_MCC', 'dwi_log-sigma-3-mm-3D_gldm_LargeDependenceHighGrayLevelEmphasis', 'dwi_log-sigma-2-mm-3D_ngtdm_Strength', 't2_original_shape_SurfaceVolumeRatio', 'dwi_log-sigma-2-mm-3D_ngtdm_Busyness']","[0.8465909090909091, 0.536]","[0.7198067632850241, 0.7127659574468085]","[0.7780678851174935, 0.6118721461187214]","[0.7198067632850241, 0.7127659574468085]",SVM
19,4,0.8658989424206815,0.6766917293233082,0.81375,0.45005143738943476,0.44557606619987267,0.5988023952095808,0.7216749795073426,0.7759197324414716,0.6666666666666666,0.8125,0.5434782608695652,0.8792270531400966,0.7395833333333333,43,"['dwi_square_ngtdm_Strength', 'dwi_exponential_glcm_Imc1', 'dwi_log-sigma-3-mm-3D_firstorder_Skewness', 'dwi_exponential_glszm_GrayLevelNonUniformityNormalized', 'dwi_exponential_ngtdm_Strength', 'dwi_exponential_glszm_GrayLevelVariance', 'dwi_wavelet2-LL_firstorder_Skewness', 'dwi_log-sigma-3-mm-3D_firstorder_Kurtosis', 'dwi_exponential_glcm_ClusterProminence', 'dwi_exponential_glrlm_GrayLevelVariance', 'dwi_wavelet2-LL_ngtdm_Strength', 'dwi_square_glrlm_GrayLevelNonUniformity', 'dwi_exponential_gldm_SmallDependenceHighGrayLevelEmphasis', 'dwi_square_firstorder_Skewness', 'dwi_exponential_firstorder_Maximum', 'dwi_exponential_firstorder_Skewness', 'dwi_square_ngtdm_Busyness', 'dwi_log-sigma-3-mm-3D_ngtdm_Busyness', 'dwi_exponential_glszm_LargeAreaHighGrayLevelEmphasis', 'dwi_wavelet2-LL_glcm_ClusterShade', 'dwi_log-sigma-2-mm-3D_firstorder_Kurtosis', 'dwi_wavelet2-LL_glszm_GrayLevelNonUniformity', 'adc_logarithm_gldm_GrayLevelNonUniformity', 'dwi_log-sigma-2-mm-3D_glcm_MCC', 't2_original_shape_SurfaceVolumeRatio', 'adc_wavelet2-LL_ngtdm_Coarseness', 'dwi_exponential_glcm_Imc2', 'dwi_square_glcm_MCC', 'dwi_original_firstorder_Kurtosis', 'dwi_exponential_gldm_SmallDependenceEmphasis', 'dwi_wavelet2-LH_glcm_Correlation', 'dwi_square_firstorder_Kurtosis', 'dwi_exponential_glszm_SizeZoneNonUniformityNormalized', 'dwi_square_glszm_SmallAreaHighGrayLevelEmphasis', 'dwi_wavelet2-LH_glcm_Imc2', 't2_squareroot_glszm_SizeZoneNonUniformity', 'dwi_log-sigma-0-6-mm-3D_glszm_ZoneVariance', 'dwi_wavelet2-LH_glcm_MCC', 't2_logarithm_ngtdm_Coarseness', 'dwi_logarithm_ngtdm_Coarseness', 'adc_squareroot_firstorder_TotalEnergy', 'dwi_square_glszm_SizeZoneNonUniformityNormalized', 'dwi_log-sigma-3-mm-3D_gldm_LargeDependenceHighGrayLevelEmphasis']","[0.8792270531400966, 0.5434782608695652]","[0.8125, 0.6666666666666666]","[0.8445475638051044, 0.5988023952095808]","[0.8125, 0.6666666666666666]",SVM
20,4,0.8693338919145371,0.6506024096385542,0.8280701754385965,0.48700783622373134,0.48699356016429196,0.6492146596858639,0.7434935283901474,0.7781456953642384,0.6526315789473685,0.8357487922705314,0.6458333333333334,0.8398058252427184,0.7441901856089499,41,"['dwi_square_ngtdm_Strength', 'dwi_log-sigma-3-mm-3D_firstorder_Skewness', 'dwi_log-sigma-3-mm-3D_firstorder_Kurtosis', 'dwi_square_firstorder_Skewness', 'dwi_exponential_ngtdm_Strength', 'dwi_exponential_glcm_Imc1', 'dwi_exponential_glszm_GrayLevelNonUniformityNormalized', 'dwi_log-sigma-2-mm-3D_firstorder_Kurtosis', 'dwi_original_firstorder_Skewness', 'dwi_exponential_firstorder_Skewness', 'dwi_exponential_glszm_GrayLevelVariance', 'dwi_square_firstorder_Kurtosis', 'dwi_wavelet2-LL_ngtdm_Strength', 'dwi_wavelet2-LL_firstorder_Kurtosis', 'dwi_square_ngtdm_Busyness', 'dwi_exponential_glrlm_GrayLevelVariance', 'dwi_exponential_glcm_ClusterProminence', 'dwi_exponential_firstorder_Maximum', 'dwi_exponential_gldm_SmallDependenceHighGrayLevelEmphasis', 'dwi_square_glrlm_GrayLevelNonUniformity', 'dwi_wavelet2-LL_glcm_ClusterShade', 'dwi_log-sigma-3-mm-3D_ngtdm_Busyness', 'dwi_square_glszm_SmallAreaHighGrayLevelEmphasis', 'dwi_square_glcm_MCC', 'dwi_exponential_glszm_SizeZoneNonUniformityNormalized', 'dwi_square_glszm_SizeZoneNonUniformityNormalized', 'dwi_log-sigma-3-mm-3D_glrlm_LongRunHighGrayLevelEmphasis', 'adc_logarithm_gldm_GrayLevelNonUniformity', 'dwi_log-sigma-2-mm-3D_glcm_MCC', 'dwi_log-sigma-3-mm-3D_glcm_ClusterShade', 'dwi_exponential_glszm_LargeAreaHighGrayLevelEmphasis', 'dwi_wavelet2-LH_glcm_Imc2', 'dwi_log-sigma-2-mm-3D_ngtdm_Strength', 'dwi_wavelet2-LH_glcm_MCC', 'dwi_exponential_gldm_SmallDependenceEmphasis', 't2_squareroot_glszm_GrayLevelNonUniformity', 'adc_wavelet2-LL_ngtdm_Coarseness', 'adc_wavelet2-LL_glcm_Imc1', 'dwi_exponential_glcm_Imc2', 'dwi_logarithm_glrlm_GrayLevelNonUniformity', 'dwi_wavelet2-LH_glcm_Correlation']","[0.8398058252427184, 0.6458333333333334]","[0.8357487922705314, 0.6526315789473685]","[0.837772397094431, 0.6492146596858639]","[0.8357487922705314, 0.6526315789473685]",SVM
21,5,0.8721101828391427,0.6829268292682927,0.7677015250544662,0.32071977028244697,0.32021680792836826,0.519774011299435,0.6598870056497175,0.717607973421927,0.5411764705882353,0.7870370370370371,0.5,0.8133971291866029,0.6641067538126362,42,"['dwi_square_ngtdm_Strength', 'dwi_log-sigma-3-mm-3D_firstorder_Skewness', 'dwi_exponential_glszm_GrayLevelNonUniformityNormalized', 'dwi_exponential_ngtdm_Strength', 'dwi_exponential_glcm_Imc1', 'dwi_exponential_glszm_GrayLevelVariance', 'dwi_wavelet2-LL_firstorder_Skewness', 'dwi_square_firstorder_Skewness', 'dwi_wavelet2-LL_ngtdm_Strength', 'dwi_exponential_glrlm_GrayLevelVariance', 'dwi_exponential_glcm_ClusterProminence', 'dwi_square_ngtdm_Busyness', 'dwi_exponential_gldm_SmallDependenceHighGrayLevelEmphasis', 'dwi_log-sigma-3-mm-3D_firstorder_Kurtosis', 'dwi_exponential_firstorder_Maximum', 'dwi_exponential_firstorder_Skewness', 'dwi_wavelet2-LL_glcm_ClusterShade', 'dwi_square_glrlm_GrayLevelNonUniformity', 'dwi_exponential_glszm_SizeZoneNonUniformityNormalized', 'dwi_log-sigma-3-mm-3D_ngtdm_Busyness', 'dwi_square_firstorder_Kurtosis', 'dwi_wavelet2-LL_firstorder_Kurtosis', 'dwi_log-sigma-2-mm-3D_firstorder_Kurtosis', 'dwi_square_glszm_SmallAreaHighGrayLevelEmphasis', 'dwi_exponential_glszm_LargeAreaHighGrayLevelEmphasis', 'dwi_square_glcm_MCC', 'adc_logarithm_gldm_GrayLevelNonUniformity', 'dwi_exponential_gldm_SmallDependenceEmphasis', 'dwi_log-sigma-3-mm-3D_glcm_MCC', 'dwi_square_glszm_SizeZoneNonUniformityNormalized', 'dwi_exponential_glcm_Imc2', 'dwi_wavelet2-LL_glszm_GrayLevelNonUniformity', 'dwi_wavelet2-LH_glcm_Imc2', 'dwi_wavelet2-LH_glcm_MCC', 'adc_wavelet2-LL_ngtdm_Coarseness', 'dwi_log-sigma-2-mm-3D_ngtdm_Strength', 'dwi_log-sigma-3-mm-3D_gldm_LargeDependenceHighGrayLevelEmphasis', 't2_original_shape_SurfaceVolumeRatio', 'dwi_wavelet2-LH_glcm_Correlation', 'dwi_logarithm_gldm_GrayLevelNonUniformity', 't2_wavelet2-LL_glszm_SizeZoneNonUniformity', 'dwi_log-sigma-2-mm-3D_ngtdm_Busyness']","[0.8133971291866029, 0.5]","[0.7870370370370371, 0.5411764705882353]","[0.8, 0.519774011299435]","[0.7870370370370371, 0.5411764705882353]",SVM
22,5,0.8698762012243083,0.6862026862026862,0.7798740416210295,0.40952521808798126,0.3863683977746223,0.5915492957746479,0.6850876249865605,0.7128712871287128,0.7590361445783133,0.6954545454545454,0.4846153846153846,0.884393063583815,0.7272453450164293,42,"['dwi_square_ngtdm_Strength', 'dwi_exponential_glcm_Imc1', 'dwi_square_glrlm_GrayLevelNonUniformity', 'dwi_log-sigma-3-mm-3D_firstorder_Skewness', 'dwi_exponential_glszm_GrayLevelNonUniformityNormalized', 'dwi_square_firstorder_Skewness', 'dwi_exponential_ngtdm_Strength', 'dwi_square_ngtdm_Busyness', 'dwi_exponential_glszm_GrayLevelVariance', 'dwi_log-sigma-3-mm-3D_firstorder_Kurtosis', 'dwi_exponential_glcm_ClusterProminence', 'dwi_exponential_gldm_SmallDependenceHighGrayLevelEmphasis', 'dwi_exponential_glrlm_GrayLevelVariance', 'dwi_exponential_firstorder_Skewness', 'dwi_wavelet2-LL_firstorder_Skewness', 'adc_logarithm_gldm_GrayLevelNonUniformity', 'dwi_exponential_glszm_LargeAreaHighGrayLevelEmphasis', 'dwi_wavelet2-LL_ngtdm_Strength', 'dwi_exponential_firstorder_Maximum', 'dwi_square_firstorder_Kurtosis', 'adc_original_ngtdm_Coarseness', 'dwi_wavelet2-LL_glszm_GrayLevelNonUniformity', 'dwi_exponential_gldm_DependenceVariance', 'dwi_wavelet2-LL_firstorder_Kurtosis', 'dwi_log-sigma-2-mm-3D_firstorder_Kurtosis', 't2_squareroot_glszm_SizeZoneNonUniformity', 'dwi_exponential_glszm_SizeZoneNonUniformityNormalized', 'dwi_exponential_glcm_Imc2', 'dwi_log-sigma-3-mm-3D_ngtdm_Busyness', 'dwi_square_glcm_MCC', 'dwi_wavelet2-LL_glcm_ClusterShade', 'dwi_log-sigma-0-6-mm-3D_glszm_ZoneVariance', 't2_logarithm_ngtdm_Coarseness', 'dwi_wavelet2-LH_glcm_Correlation', 'dwi_wavelet2-LH_glcm_Imc1', 'dwi_exponential_glszm_ZoneVariance', 'adc_wavelet-HH_ngtdm_Coarseness', 'dwi_exponential_glcm_JointAverage', 'adc_wavelet2-LL_glcm_Imc1', 't2_original_shape_MinorAxisLength', 'dwi_wavelet2-LH_glcm_Imc2', 't2_log-sigma-3-mm-3D_glszm_ZoneEntropy']","[0.884393063583815, 0.4846153846153846]","[0.6954545454545454, 0.7590361445783133]","[0.7786259541984732, 0.5915492957746479]","[0.6954545454545454, 0.7590361445783133]",SVM
23,5,0.8708236208236209,0.6708701134930644,0.8377880184331796,0.49896112137367493,0.4813868151334936,0.6461538461538462,0.7366107576633892,0.7676767676767676,0.7875,0.7603686635944701,0.5478260869565217,0.9065934065934066,0.773934331797235,43,"['dwi_square_ngtdm_Strength', 'dwi_log-sigma-3-mm-3D_firstorder_Skewness', 'dwi_log-sigma-3-mm-3D_firstorder_Kurtosis', 'dwi_square_firstorder_Skewness', 'dwi_wavelet2-LL_firstorder_Skewness', 'dwi_exponential_glcm_Imc1', 'dwi_exponential_ngtdm_Strength', 'dwi_exponential_glszm_GrayLevelNonUniformityNormalized', 'dwi_exponential_firstorder_Skewness', 'dwi_wavelet2-LL_ngtdm_Strength', 'dwi_exponential_glszm_GrayLevelVariance', 'dwi_log-sigma-2-mm-3D_firstorder_Kurtosis', 'dwi_square_glrlm_GrayLevelNonUniformity', 'dwi_square_ngtdm_Busyness', 'dwi_exponential_glcm_ClusterProminence', 'dwi_square_firstorder_Kurtosis', 'dwi_wavelet2-LL_glcm_ClusterShade', 'dwi_exponential_glrlm_GrayLevelVariance', 'dwi_exponential_gldm_SmallDependenceHighGrayLevelEmphasis', 'dwi_exponential_firstorder_Maximum', 'dwi_original_firstorder_Kurtosis', 'dwi_log-sigma-3-mm-3D_ngtdm_Busyness', 'dwi_exponential_glszm_SizeZoneNonUniformityNormalized', 'adc_logarithm_gldm_GrayLevelNonUniformity', 'dwi_square_glszm_SizeZoneNonUniformityNormalized', 'dwi_exponential_glszm_LargeAreaHighGrayLevelEmphasis', 'dwi_square_glszm_SmallAreaHighGrayLevelEmphasis', 'dwi_logarithm_glrlm_GrayLevelNonUniformity', 'dwi_log-sigma-2-mm-3D_glcm_MCC', 'dwi_square_glcm_MCC', 'adc_wavelet2-LL_ngtdm_Coarseness', 'dwi_log-sigma-3-mm-3D_glrlm_LongRunHighGrayLevelEmphasis', 'dwi_wavelet2-LH_glcm_MCC', 'dwi_exponential_gldm_SmallDependenceEmphasis', 't2_original_glszm_GrayLevelNonUniformity', 'dwi_exponential_glcm_Imc2', 'dwi_square_glcm_ClusterShade', 'dwi_log-sigma-0-6-mm-3D_glszm_ZoneVariance', 'dwi_wavelet2-LH_glcm_Correlation', 'dwi_log-sigma-2-mm-3D_ngtdm_Strength', 'adc_wavelet2-LL_glcm_Imc1', 'dwi_wavelet2-LH_glcm_Imc2', 'dwi_logarithm_gldm_GrayLevelNonUniformity']","[0.9065934065934066, 0.5478260869565217]","[0.7603686635944701, 0.7875]","[0.8270676691729323, 0.6461538461538462]","[0.7603686635944701, 0.7875]",SVM
24,5,0.8704264676048976,0.6657963446475196,0.8135452401372212,0.4963995775967471,0.4877759081460953,0.6567164179104478,0.74189204354169,0.77,0.75,0.7783018867924528,0.584070796460177,0.8823529411764706,0.7641509433962264,42,"['dwi_square_ngtdm_Strength', 'dwi_log-sigma-3-mm-3D_firstorder_Skewness', 'dwi_exponential_glcm_Imc1', 'dwi_exponential_glszm_GrayLevelNonUniformityNormalized', 'dwi_wavelet2-LL_firstorder_Skewness', 'dwi_exponential_ngtdm_Strength', 'dwi_log-sigma-3-mm-3D_firstorder_Kurtosis', 'dwi_square_firstorder_Skewness', 'dwi_exponential_glszm_GrayLevelVariance', 'dwi_square_ngtdm_Busyness', 'dwi_square_glrlm_GrayLevelNonUniformity', 'dwi_wavelet2-LL_ngtdm_Strength', 'dwi_exponential_glcm_ClusterProminence', 'dwi_exponential_glrlm_GrayLevelVariance', 'dwi_exponential_gldm_SmallDependenceHighGrayLevelEmphasis', 'dwi_exponential_firstorder_Maximum', 'dwi_exponential_firstorder_Skewness', 'dwi_wavelet2-LL_glcm_ClusterShade', 'dwi_log-sigma-2-mm-3D_firstorder_Kurtosis', 'dwi_square_glcm_MCC', 'dwi_log-sigma-3-mm-3D_ngtdm_Strength', 'dwi_wavelet2-LL_firstorder_Kurtosis', 'dwi_exponential_glszm_LargeAreaHighGrayLevelEmphasis', 'dwi_log-sigma-3-mm-3D_ngtdm_Busyness', 'dwi_wavelet2-LL_glszm_GrayLevelNonUniformity', 'dwi_square_firstorder_Kurtosis', 'adc_logarithm_gldm_GrayLevelNonUniformity', 'dwi_exponential_glszm_SizeZoneNonUniformityNormalized', 'dwi_exponential_gldm_SmallDependenceEmphasis', 'dwi_square_glszm_SmallAreaHighGrayLevelEmphasis', 'adc_wavelet2-LL_ngtdm_Coarseness', 'dwi_exponential_glcm_Imc2', 'dwi_log-sigma-0-6-mm-3D_glszm_ZoneVariance', 'dwi_log-sigma-2-mm-3D_glcm_MCC', 'dwi_wavelet2-LH_glcm_Correlation', 'dwi_wavelet2-LH_glcm_Imc2', 't2_wavelet2-LL_glszm_SizeZoneNonUniformity', 'dwi_square_firstorder_Maximum', 'dwi_square_glszm_SizeZoneNonUniformityNormalized', 'dwi_log-sigma-0-6-mm-3D_firstorder_Skewness', 'dwi_log-sigma-3-mm-3D_gldm_LargeDependenceHighGrayLevelEmphasis', 'dwi_logarithm_ngtdm_Coarseness']","[0.8823529411764706, 0.584070796460177]","[0.7783018867924528, 0.75]","[0.8270676691729323, 0.6567164179104478]","[0.7783018867924528, 0.75]",SVM
25,5,0.8662503440682632,0.6597402597402597,0.8307116104868913,0.488149992248396,0.48571355222961,0.6492146596858639,0.7422977475333496,0.7759197324414716,0.6966292134831461,0.8095238095238095,0.6078431372549019,0.8629441624365483,0.7530765115034779,42,"['dwi_square_ngtdm_Strength', 'dwi_log-sigma-3-mm-3D_firstorder_Skewness', 'dwi_exponential_ngtdm_Strength', 'dwi_exponential_glcm_Imc1', 'dwi_exponential_glszm_GrayLevelNonUniformityNormalized', 'dwi_wavelet2-LL_firstorder_Skewness', 'dwi_wavelet2-LL_ngtdm_Strength', 'dwi_square_ngtdm_Busyness', 'dwi_log-sigma-3-mm-3D_firstorder_Kurtosis', 'dwi_exponential_firstorder_Skewness', 'dwi_square_firstorder_Skewness', 'dwi_exponential_firstorder_Maximum', 'dwi_exponential_glcm_ClusterProminence', 'dwi_exponential_glrlm_GrayLevelVariance', 'dwi_exponential_gldm_SmallDependenceHighGrayLevelEmphasis', 'dwi_wavelet2-LL_glcm_ClusterShade', 'dwi_log-sigma-3-mm-3D_ngtdm_Busyness', 'dwi_square_glszm_SmallAreaHighGrayLevelEmphasis', 'dwi_square_glrlm_GrayLevelNonUniformity', 'dwi_log-sigma-2-mm-3D_glcm_MCC', 'dwi_log-sigma-2-mm-3D_firstorder_Kurtosis', 'dwi_square_glcm_MCC', 'dwi_square_firstorder_Kurtosis', 'dwi_square_glszm_SizeZoneNonUniformityNormalized', 'dwi_log-sigma-3-mm-3D_gldm_LargeDependenceHighGrayLevelEmphasis', 'dwi_wavelet2-LL_firstorder_Kurtosis', 'dwi_exponential_glszm_SizeZoneNonUniformityNormalized', 'dwi_wavelet2-LH_glcm_Imc2', 'dwi_exponential_glszm_LargeAreaHighGrayLevelEmphasis', 'dwi_wavelet2-LH_glcm_MCC', 'dwi_log-sigma-2-mm-3D_ngtdm_Strength', 'dwi_exponential_gldm_SmallDependenceEmphasis', 'dwi_wavelet2-LH_glcm_Correlation', 'dwi_exponential_glcm_Imc2', 'dwi_wavelet2-LL_glszm_GrayLevelNonUniformity', 'adc_logarithm_gldm_GrayLevelNonUniformity', 'dwi_log-sigma-2-mm-3D_ngtdm_Busyness', 'dwi_log-sigma-3-mm-3D_firstorder_Minimum', 'adc_wavelet2-LL_ngtdm_Coarseness', 'dwi_log-sigma-3-mm-3D_gldm_LowGrayLevelEmphasis', 'dwi_log-sigma-0-6-mm-3D_glszm_ZoneVariance', 'dwi_log-sigma-3-mm-3D_glrlm_ShortRunLowGrayLevelEmphasis']","[0.8629441624365483, 0.6078431372549019]","[0.8095238095238095, 0.6966292134831461]","[0.8353808353808354, 0.6492146596858639]","[0.8095238095238095, 0.6966292134831461]",SVM
26,6,0.8616398094658965,0.6576354679802956,0.8143433179723503,0.430174950383109,0.4186968838526912,0.6,0.7059405940594059,0.7441077441077442,0.7125,0.7557603686635944,0.5181818181818182,0.8770053475935828,0.7341301843317972,43,"['dwi_square_ngtdm_Strength', 'dwi_log-sigma-3-mm-3D_firstorder_Skewness', 'dwi_square_firstorder_Skewness', 'dwi_log-sigma-3-mm-3D_firstorder_Kurtosis', 'dwi_exponential_ngtdm_Strength', 'dwi_square_ngtdm_Busyness', 'dwi_exponential_firstorder_Skewness', 'dwi_exponential_glcm_Imc1', 'dwi_wavelet2-LL_ngtdm_Strength', 'dwi_exponential_glszm_GrayLevelNonUniformityNormalized', 'dwi_wavelet2-LL_firstorder_Skewness', 'dwi_log-sigma-2-mm-3D_firstorder_Kurtosis', 'dwi_square_glrlm_GrayLevelNonUniformity', 'dwi_square_firstorder_Kurtosis', 'dwi_exponential_glszm_GrayLevelVariance', 'dwi_log-sigma-3-mm-3D_ngtdm_Busyness', 'dwi_exponential_glcm_ClusterProminence', 'dwi_wavelet2-LL_firstorder_Kurtosis', 'dwi_exponential_glrlm_GrayLevelVariance', 'dwi_exponential_gldm_SmallDependenceHighGrayLevelEmphasis', 'dwi_exponential_firstorder_Maximum', 'dwi_wavelet2-LL_glcm_ClusterShade', 'dwi_log-sigma-2-mm-3D_glcm_MCC', 'dwi_log-sigma-3-mm-3D_gldm_LargeDependenceHighGrayLevelEmphasis', 'dwi_square_glszm_SmallAreaHighGrayLevelEmphasis', 'dwi_square_glszm_SizeZoneNonUniformityNormalized', 'dwi_square_glcm_MCC', 'dwi_wavelet2-LL_glszm_GrayLevelNonUniformity', 'dwi_log-sigma-3-mm-3D_glcm_ClusterShade', 'dwi_wavelet2-LH_glcm_MCC', 'adc_logarithm_gldm_GrayLevelNonUniformity', 'dwi_log-sigma-2-mm-3D_ngtdm_Strength', 'dwi_exponential_glszm_SizeZoneNonUniformityNormalized', 'adc_wavelet2-LL_ngtdm_Coarseness', 'dwi_wavelet2-LH_glcm_Imc2', 'dwi_exponential_glszm_LargeAreaEmphasis', 'dwi_log-sigma-2-mm-3D_ngtdm_Busyness', 'dwi_exponential_gldm_SmallDependenceEmphasis', 'dwi_logarithm_gldm_GrayLevelNonUniformity', 'dwi_log-sigma-3-mm-3D_glcm_JointAverage', 't2_original_shape_SurfaceVolumeRatio', 'dwi_log-sigma-0-6-mm-3D_firstorder_Skewness', 'dwi_log-sigma-0-6-mm-3D_glszm_ZoneVariance']","[0.8770053475935828, 0.5181818181818182]","[0.7557603686635944, 0.7125]","[0.8118811881188119, 0.6]","[0.7557603686635944, 0.7125]",SVM
27,6,0.8720352856814275,0.6805736636245111,0.7896401057836036,0.3819471665506951,0.37704309063893016,0.5568181818181818,0.6868597951344431,0.7408637873754153,0.6282051282051282,0.7802690582959642,0.5,0.8571428571428571,0.7042370932505462,43,"['dwi_square_ngtdm_Strength', 'dwi_log-sigma-3-mm-3D_firstorder_Skewness', 'dwi_exponential_glszm_GrayLevelNonUniformityNormalized', 'dwi_exponential_ngtdm_Strength', 'dwi_exponential_glcm_Imc1', 'dwi_wavelet2-LL_firstorder_Skewness', 'dwi_square_firstorder_Skewness', 'dwi_log-sigma-3-mm-3D_firstorder_Kurtosis', 'dwi_exponential_firstorder_Skewness', 'dwi_square_ngtdm_Busyness', 'dwi_exponential_glcm_ClusterProminence', 'dwi_exponential_glrlm_GrayLevelVariance', 'dwi_wavelet2-LL_ngtdm_Strength', 'dwi_exponential_gldm_SmallDependenceHighGrayLevelEmphasis', 'dwi_exponential_firstorder_Maximum', 'dwi_log-sigma-2-mm-3D_firstorder_Kurtosis', 'dwi_wavelet2-LL_glcm_ClusterShade', 'dwi_square_firstorder_Kurtosis', 'dwi_wavelet2-LL_firstorder_Kurtosis', 'dwi_square_glrlm_GrayLevelNonUniformity', 'dwi_exponential_glszm_SizeZoneNonUniformityNormalized', 'dwi_square_glszm_SmallAreaHighGrayLevelEmphasis', 'dwi_log-sigma-3-mm-3D_ngtdm_Busyness', 'dwi_exponential_glszm_LargeAreaHighGrayLevelEmphasis', 'dwi_square_glcm_ClusterProminence', 'dwi_square_glcm_MCC', 'dwi_square_glszm_SizeZoneNonUniformityNormalized', 'dwi_exponential_gldm_SmallDependenceEmphasis', 'adc_logarithm_gldm_GrayLevelNonUniformity', 'dwi_log-sigma-2-mm-3D_glcm_MCC', 'dwi_square_firstorder_Maximum', 'dwi_wavelet2-LH_glcm_Imc2', 'dwi_exponential_glcm_Imc2', 'dwi_log-sigma-2-mm-3D_ngtdm_Strength', 'dwi_wavelet2-LL_glszm_GrayLevelNonUniformity', 'dwi_log-sigma-0-6-mm-3D_glszm_ZoneVariance', 'dwi_wavelet2-LH_glcm_MCC', 'dwi_log-sigma-3-mm-3D_gldm_LargeDependenceHighGrayLevelEmphasis', 'dwi_wavelet2-LH_glcm_Correlation', 'adc_logarithm_ngtdm_Coarseness', 'dwi_log-sigma-2-mm-3D_ngtdm_Busyness', 't2_original_shape_SurfaceVolumeRatio', 't2_squareroot_glszm_SizeZoneNonUniformity']","[0.8571428571428571, 0.5]","[0.7802690582959642, 0.6282051282051282]","[0.8169014084507042, 0.5568181818181818]","[0.7802690582959642, 0.6282051282051282]",SVM
28,6,0.8790575989675393,0.6710182767624021,0.7753594048456823,0.44018296973962,0.4401829697396199,0.6224489795918368,0.72009148486981,0.7541528239202658,0.6224489795918368,0.8177339901477833,0.6224489795918368,0.8177339901477833,0.72009148486981,40,"['dwi_square_ngtdm_Strength', 'dwi_exponential_glcm_Imc1', 'dwi_exponential_glszm_GrayLevelNonUniformityNormalized', 'dwi_exponential_ngtdm_Strength', 'dwi_log-sigma-3-mm-3D_firstorder_Skewness', 'dwi_exponential_glszm_GrayLevelVariance', 'dwi_wavelet2-LL_firstorder_Skewness', 'dwi_exponential_glcm_ClusterProminence', 'dwi_exponential_glrlm_GrayLevelVariance', 'dwi_wavelet2-LL_ngtdm_Strength', 'dwi_exponential_firstorder_Maximum', 'dwi_square_firstorder_Skewness', 'dwi_exponential_gldm_SmallDependenceHighGrayLevelEmphasis', 'dwi_log-sigma-3-mm-3D_firstorder_Kurtosis', 'dwi_wavelet2-LL_glcm_ClusterShade', 'dwi_exponential_firstorder_Skewness', 'dwi_square_ngtdm_Busyness', 'dwi_square_glrlm_GrayLevelNonUniformity', 'dwi_square_glcm_MCC', 'dwi_log-sigma-3-mm-3D_ngtdm_Busyness', 'dwi_exponential_glszm_SizeZoneNonUniformityNormalized', 'dwi_exponential_glcm_Imc2', 'dwi_exponential_glszm_LargeAreaHighGrayLevelEmphasis', 'dwi_square_glszm_SmallAreaHighGrayLevelEmphasis', 'dwi_log-sigma-2-mm-3D_glcm_MCC', 'dwi_exponential_gldm_SmallDependenceEmphasis', 'dwi_square_firstorder_Kurtosis', 'dwi_log-sigma-2-mm-3D_firstorder_Kurtosis', 'dwi_wavelet2-LH_glcm_Imc2', 'dwi_wavelet2-LH_glcm_Correlation', 'dwi_original_firstorder_Kurtosis', 'adc_logarithm_gldm_GrayLevelNonUniformity', 'dwi_wavelet2-LL_glszm_GrayLevelNonUniformity', 'dwi_log-sigma-3-mm-3D_gldm_LargeDependenceHighGrayLevelEmphasis', 'dwi_square_glszm_SizeZoneNonUniformityNormalized', 'adc_wavelet2-LL_ngtdm_Coarseness', 'dwi_wavelet2-LH_glcm_MCC', 't2_squareroot_glszm_SizeZoneNonUniformity', 'dwi_wavelet-LH_glcm_Imc1', 'dwi_exponential_ngtdm_Contrast']","[0.8177339901477833, 0.6224489795918368]","[0.8177339901477833, 0.6224489795918368]","[0.8177339901477833, 0.6224489795918368]","[0.8177339901477833, 0.6224489795918368]",SVM
29,6,0.879791603027526,0.6836086404066074,0.7772058823529412,0.38422587223317156,0.3694703896295931,0.5685279187817259,0.6793256877859246,0.717607973421927,0.7,0.7239819004524887,0.47863247863247865,0.8695652173913043,0.7119909502262443,43,"['dwi_square_ngtdm_Strength', 'dwi_log-sigma-3-mm-3D_firstorder_Skewness', 'dwi_exponential_glcm_Imc1', 'dwi_exponential_glszm_GrayLevelNonUniformityNormalized', 'dwi_exponential_ngtdm_Strength', 'dwi_square_glrlm_GrayLevelNonUniformity', 'dwi_wavelet2-LL_ngtdm_Strength', 'dwi_log-sigma-3-mm-3D_firstorder_Kurtosis', 'dwi_exponential_glszm_GrayLevelVariance', 'dwi_wavelet2-LL_firstorder_Skewness', 'dwi_square_firstorder_Skewness', 'dwi_square_ngtdm_Busyness', 'dwi_exponential_gldm_SmallDependenceHighGrayLevelEmphasis', 'dwi_exponential_glcm_ClusterProminence', 'dwi_exponential_glrlm_GrayLevelVariance', 'dwi_log-sigma-3-mm-3D_ngtdm_Strength', 'dwi_exponential_firstorder_Maximum', 'dwi_exponential_firstorder_Skewness', 'dwi_log-sigma-3-mm-3D_ngtdm_Busyness', 'dwi_exponential_glszm_LargeAreaHighGrayLevelEmphasis', 'adc_logarithm_gldm_GrayLevelNonUniformity', 'dwi_wavelet2-LL_glcm_ClusterShade', 'dwi_log-sigma-2-mm-3D_firstorder_Kurtosis', 'dwi_wavelet2-LL_firstorder_Kurtosis', 'dwi_wavelet2-LL_glszm_GrayLevelNonUniformity', 'dwi_exponential_gldm_SmallDependenceEmphasis', 'adc_wavelet2-LL_ngtdm_Coarseness', 'dwi_wavelet2-LH_glcm_MCC', 'dwi_square_glszm_SmallAreaHighGrayLevelEmphasis', 'dwi_log-sigma-0-6-mm-3D_glszm_ZoneVariance', 'dwi_exponential_glszm_SizeZoneNonUniformityNormalized', 'dwi_exponential_glcm_Imc2', 't2_original_glszm_GrayLevelNonUniformity', 't2_original_shape_SurfaceVolumeRatio', 'dwi_wavelet2-LH_glcm_Correlation', 'dwi_square_firstorder_Kurtosis', 'dwi_wavelet2-LH_glcm_Imc2', 'dwi_square_glszm_SizeZoneNonUniformityNormalized', 'dwi_log-sigma-2-mm-3D_glcm_MCC', 't2_log-sigma-3-mm-3D_glszm_ZoneEntropy', 'dwi_square_glcm_MCC', 't2_logarithm_ngtdm_Coarseness', 'adc_wavelet2-LL_glcm_Imc1']","[0.8695652173913043, 0.47863247863247865]","[0.7239819004524887, 0.7]","[0.7901234567901234, 0.5685279187817259]","[0.7239819004524887, 0.7]",SVM
30,6,0.8654910025352734,0.6658322903629537,0.8361467596783642,0.46940908560841055,0.44184123484013227,0.6431718061674009,0.7130068146118506,0.73,0.8202247191011236,0.6919431279620853,0.5289855072463768,0.9012345679012346,0.7560839235316045,42,"['dwi_square_ngtdm_Strength', 'dwi_log-sigma-3-mm-3D_firstorder_Skewness', 'dwi_exponential_glcm_Imc1', 'dwi_square_glrlm_GrayLevelNonUniformity', 'dwi_square_firstorder_Skewness', 'dwi_exponential_ngtdm_Strength', 'dwi_log-sigma-3-mm-3D_firstorder_Kurtosis', 'dwi_exponential_glszm_GrayLevelNonUniformityNormalized', 'dwi_wavelet2-LL_firstorder_Skewness', 'dwi_exponential_glszm_GrayLevelVariance', 'dwi_square_ngtdm_Busyness', 'dwi_exponential_glcm_ClusterProminence', 'dwi_exponential_firstorder_Skewness', 'dwi_exponential_gldm_SmallDependenceHighGrayLevelEmphasis', 'dwi_exponential_glrlm_GrayLevelVariance', 'dwi_wavelet2-LL_ngtdm_Strength', 'dwi_exponential_firstorder_Range', 'adc_logarithm_gldm_GrayLevelNonUniformity', 'dwi_square_glcm_MCC', 'adc_wavelet2-LL_ngtdm_Coarseness', 'dwi_exponential_glszm_LargeAreaHighGrayLevelEmphasis', 'dwi_square_firstorder_Kurtosis', 'dwi_wavelet2-LL_glcm_ClusterShade', 'dwi_log-sigma-2-mm-3D_firstorder_Kurtosis', 'dwi_wavelet2-LL_glszm_GrayLevelNonUniformity', 'dwi_wavelet2-LL_firstorder_Kurtosis', 't2_original_shape_SurfaceVolumeRatio', 'dwi_exponential_glszm_SizeZoneNonUniformityNormalized', 'dwi_exponential_gldm_DependenceVariance', 't2_original_glszm_GrayLevelNonUniformity', 't2_logarithm_ngtdm_Coarseness', 'dwi_log-sigma-3-mm-3D_ngtdm_Busyness', 'adc_squareroot_firstorder_TotalEnergy', 'dwi_exponential_glcm_Imc2', 'adc_wavelet2-LL_glcm_Imc1', 'dwi_log-sigma-2-mm-3D_glcm_MCC', 't2_logarithm_glszm_SizeZoneNonUniformity', 't2_original_shape_Maximum2DDiameterRow', 'dwi_log-sigma-0-6-mm-3D_glszm_ZoneVariance', 'dwi_exponential_glszm_ZoneVariance', 'dwi_wavelet2-LH_glcm_Correlation', 'dwi_square_glszm_SmallAreaHighGrayLevelEmphasis']","[0.9012345679012346, 0.5289855072463768]","[0.6919431279620853, 0.8202247191011236]","[0.7828418230563002, 0.6431718061674009]","[0.6919431279620853, 0.8202247191011236]",SVM
31,7,0.8799384598515635,0.6753585397653195,0.775608960417573,0.4146442144313647,0.39160839160839156,0.6098654708520179,0.6876820615715615,0.7070707070707071,0.7727272727272727,0.6794258373205742,0.5037037037037037,0.8765432098765432,0.7260765550239234,42,"['dwi_square_ngtdm_Strength', 'dwi_log-sigma-3-mm-3D_firstorder_Skewness', 'dwi_exponential_glcm_Imc1', 'dwi_exponential_glszm_GrayLevelNonUniformityNormalized', 'dwi_exponential_ngtdm_Strength', 'dwi_square_ngtdm_Busyness', 'dwi_wavelet2-LL_ngtdm_Strength', 'dwi_exponential_glszm_GrayLevelVariance', 'dwi_log-sigma-3-mm-3D_firstorder_Kurtosis', 'dwi_square_firstorder_Skewness', 'dwi_wavelet2-LL_firstorder_Skewness', 'dwi_exponential_glcm_ClusterProminence', 'dwi_exponential_gldm_SmallDependenceHighGrayLevelEmphasis', 'dwi_square_glrlm_GrayLevelNonUniformity', 'dwi_exponential_glrlm_GrayLevelVariance', 'dwi_exponential_firstorder_Skewness', 'dwi_exponential_firstorder_Maximum', 'dwi_wavelet2-LL_glcm_ClusterShade', 'dwi_square_glcm_MCC', 'dwi_log-sigma-3-mm-3D_ngtdm_Busyness', 'dwi_exponential_glszm_LargeAreaEmphasis', 'adc_wavelet2-LL_ngtdm_Coarseness', 'dwi_exponential_glszm_SizeZoneNonUniformityNormalized', 'adc_logarithm_glrlm_GrayLevelNonUniformity', 'dwi_wavelet2-LH_glcm_Correlation', 'dwi_wavelet2-LL_firstorder_Kurtosis', 'dwi_exponential_gldm_SmallDependenceEmphasis', 'dwi_square_firstorder_Kurtosis', 'dwi_log-sigma-2-mm-3D_firstorder_Kurtosis', 'dwi_log-sigma-2-mm-3D_glcm_MCC', 'dwi_square_glszm_SmallAreaHighGrayLevelEmphasis', 'dwi_exponential_glcm_Imc2', 'dwi_squareroot_glrlm_GrayLevelNonUniformity', 'dwi_wavelet2-LH_glcm_Imc2', 't2_original_shape_SurfaceVolumeRatio', 'dwi_log-sigma-3-mm-3D_glcm_ClusterShade', 'adc_wavelet2-LL_glcm_Imc1', 'dwi_wavelet2-LH_glcm_MCC', 't2_logarithm_ngtdm_Coarseness', 'dwi_log-sigma-0-6-mm-3D_glszm_ZoneVariance', 'dwi_logarithm_gldm_GrayLevelNonUniformity', 'dwi_square_glszm_SizeZoneNonUniformityNormalized']","[0.8765432098765432, 0.5037037037037037]","[0.6794258373205742, 0.7727272727272727]","[0.7654986522911051, 0.6098654708520179]","[0.6794258373205742, 0.7727272727272727]",SVM
32,7,0.8706066906955731,0.6782608695652174,0.7983641536273114,0.42258766820678983,0.41150139554478915,0.585635359116022,0.7024562337748785,0.7483221476510067,0.6973684210526315,0.7657657657657657,0.5047619047619047,0.8808290155440415,0.7315670934091987,43,"['dwi_square_ngtdm_Strength', 'dwi_log-sigma-3-mm-3D_firstorder_Skewness', 'dwi_wavelet2-LL_firstorder_Skewness', 'dwi_square_firstorder_Skewness', 'dwi_exponential_glcm_Imc1', 'dwi_exponential_ngtdm_Strength', 'dwi_log-sigma-3-mm-3D_firstorder_Kurtosis', 'dwi_exponential_glszm_GrayLevelNonUniformityNormalized', 'dwi_exponential_firstorder_Skewness', 'dwi_exponential_glszm_GrayLevelVariance', 'dwi_wavelet2-LL_ngtdm_Strength', 'dwi_exponential_glcm_ClusterProminence', 'dwi_square_ngtdm_Busyness', 'dwi_log-sigma-2-mm-3D_firstorder_Kurtosis', 'dwi_square_glrlm_GrayLevelNonUniformity', 'dwi_exponential_glrlm_GrayLevelVariance', 'dwi_exponential_gldm_SmallDependenceHighGrayLevelEmphasis', 'dwi_exponential_firstorder_Maximum', 'dwi_wavelet2-LL_firstorder_Kurtosis', 'dwi_square_firstorder_Kurtosis', 'dwi_wavelet2-LL_glcm_ClusterShade', 'dwi_log-sigma-3-mm-3D_ngtdm_Busyness', 'adc_logarithm_gldm_GrayLevelNonUniformity', 'dwi_exponential_glszm_LargeAreaHighGrayLevelEmphasis', 'dwi_square_glszm_SmallAreaHighGrayLevelEmphasis', 'dwi_log-sigma-2-mm-3D_glcm_MCC', 'dwi_square_glcm_MCC', 'dwi_exponential_gldm_SmallDependenceEmphasis', 'dwi_exponential_glszm_SizeZoneNonUniformityNormalized', 'dwi_square_glszm_SizeZoneNonUniformityNormalized', 'dwi_exponential_glcm_Imc2', 'dwi_log-sigma-3-mm-3D_gldm_LargeDependenceHighGrayLevelEmphasis', 'adc_logarithm_ngtdm_Coarseness', 'dwi_wavelet2-LL_glszm_GrayLevelNonUniformity', 'dwi_wavelet2-LH_glcm_Imc2', 'dwi_wavelet2-LH_glcm_MCC', 'dwi_wavelet2-LH_glcm_Correlation', 'dwi_log-sigma-2-mm-3D_ngtdm_Strength', 'dwi_log-sigma-0-6-mm-3D_glszm_ZoneVariance', 'adc_wavelet2-LL_glcm_Imc1', 't2_original_shape_SurfaceVolumeRatio', 't2_squareroot_glszm_SizeZoneNonUniformity', 'dwi_log-sigma-2-mm-3D_ngtdm_Busyness']","[0.8808290155440415, 0.5047619047619047]","[0.7657657657657657, 0.6973684210526315]","[0.8192771084337349, 0.585635359116022]","[0.7657657657657657, 0.6973684210526315]",SVM
33,7,0.8601570801885506,0.6512226512226512,0.8578071054683151,0.4394564111546973,0.43358337844456474,0.6054054054054054,0.7151727266835181,0.7574750830564784,0.6829268292682927,0.7853881278538812,0.5436893203883495,0.8686868686868687,0.7341574785610869,42,"['dwi_square_ngtdm_Strength', 'dwi_log-sigma-3-mm-3D_firstorder_Skewness', 'dwi_exponential_ngtdm_Strength', 'dwi_wavelet2-LL_firstorder_Skewness', 'dwi_exponential_glszm_GrayLevelNonUniformityNormalized', 'dwi_exponential_glcm_Imc1', 'dwi_square_firstorder_Skewness', 'dwi_exponential_glszm_GrayLevelVariance', 'dwi_log-sigma-3-mm-3D_firstorder_Kurtosis', 'dwi_square_ngtdm_Busyness', 'dwi_exponential_firstorder_Skewness', 'dwi_exponential_firstorder_Maximum', 'dwi_exponential_glcm_ClusterProminence', 'dwi_exponential_glrlm_GrayLevelVariance', 'dwi_exponential_gldm_SmallDependenceHighGrayLevelEmphasis', 'dwi_wavelet2-LL_ngtdm_Strength', 'dwi_log-sigma-2-mm-3D_firstorder_Kurtosis', 'dwi_wavelet2-LL_glcm_ClusterShade', 'dwi_square_glrlm_GrayLevelNonUniformity', 'dwi_square_firstorder_Kurtosis', 'dwi_wavelet2-LL_firstorder_Kurtosis', 'dwi_log-sigma-3-mm-3D_ngtdm_Busyness', 'dwi_exponential_glszm_LargeAreaHighGrayLevelEmphasis', 'dwi_exponential_glszm_SizeZoneNonUniformityNormalized', 'dwi_square_glcm_MCC', 'dwi_square_glszm_SmallAreaHighGrayLevelEmphasis', 'dwi_exponential_gldm_SmallDependenceEmphasis', 'adc_logarithm_gldm_GrayLevelNonUniformity', 'dwi_exponential_glcm_Imc2', 'dwi_log-sigma-3-mm-3D_glcm_MCC', 'dwi_wavelet2-LH_glcm_MCC', 'dwi_wavelet2-LL_glszm_GrayLevelNonUniformity', 'dwi_square_glszm_SizeZoneNonUniformityNormalized', 'dwi_log-sigma-3-mm-3D_gldm_LargeDependenceHighGrayLevelEmphasis', 'dwi_wavelet2-LH_glcm_Imc2', 'adc_wavelet2-LL_ngtdm_Coarseness', 't2_original_glszm_GrayLevelNonUniformity', 'dwi_wavelet2-LH_glcm_Correlation', 'dwi_log-sigma-2-mm-3D_ngtdm_Strength', 'dwi_log-sigma-0-6-mm-3D_glszm_ZoneVariance', 't2_original_shape_SurfaceVolumeRatio', 'dwi_logarithm_gldm_GrayLevelNonUniformity']","[0.8686868686868687, 0.5436893203883495]","[0.7853881278538812, 0.6829268292682927]","[0.8249400479616307, 0.6054054054054054]","[0.7853881278538812, 0.6829268292682927]",SVM
34,7,0.8619428927206377,0.6666666666666666,0.805188679245283,0.43349184404600066,0.4266939252336448,0.6176470588235294,0.7113235294117648,0.7417218543046358,0.7,0.7594339622641509,0.5526315789473685,0.8563829787234043,0.7297169811320754,41,"['dwi_square_ngtdm_Strength', 'dwi_exponential_glszm_GrayLevelNonUniformityNormalized', 'dwi_exponential_glcm_Imc1', 'dwi_log-sigma-3-mm-3D_firstorder_Skewness', 'dwi_square_glrlm_GrayLevelNonUniformity', 'dwi_exponential_ngtdm_Strength', 'dwi_exponential_glszm_GrayLevelVariance', 'dwi_square_firstorder_Skewness', 'dwi_exponential_glcm_ClusterProminence', 'dwi_exponential_glrlm_GrayLevelVariance', 'dwi_square_ngtdm_Busyness', 'dwi_exponential_gldm_SmallDependenceHighGrayLevelEmphasis', 'dwi_log-sigma-3-mm-3D_firstorder_Kurtosis', 'dwi_wavelet2-LL_firstorder_Skewness', 'dwi_exponential_firstorder_Maximum', 'dwi_wavelet2-LL_ngtdm_Strength', 'dwi_exponential_glszm_LargeAreaHighGrayLevelEmphasis', 'dwi_exponential_firstorder_Skewness', 'dwi_exponential_glszm_SizeZoneNonUniformityNormalized', 'dwi_wavelet2-LL_glszm_GrayLevelNonUniformity', 'dwi_exponential_gldm_SmallDependenceEmphasis', 'dwi_wavelet2-LL_glcm_ClusterShade', 'dwi_log-sigma-3-mm-3D_ngtdm_Busyness', 'dwi_square_firstorder_Kurtosis', 'dwi_square_glcm_MCC', 'adc_logarithm_gldm_GrayLevelNonUniformity', 'dwi_exponential_glcm_Imc2', 'adc_wavelet2-LL_ngtdm_Coarseness', 'dwi_log-sigma-2-mm-3D_firstorder_Kurtosis', 'dwi_log-sigma-0-6-mm-3D_glszm_ZoneVariance', 'dwi_square_glszm_SmallAreaHighGrayLevelEmphasis', 'dwi_square_glszm_SizeZoneNonUniformityNormalized', 't2_original_shape_SurfaceVolumeRatio', 'dwi_original_firstorder_Kurtosis', 't2_wavelet2-LL_glszm_SizeZoneNonUniformity', 'adc_squareroot_firstorder_TotalEnergy', 'dwi_log-sigma-2-mm-3D_glcm_MCC', 'dwi_exponential_glszm_ZoneVariance', 't2_log-sigma-3-mm-3D_glszm_ZoneEntropy', 'dwi_wavelet2-LH_glcm_Imc2', 'dwi_log-sigma-3-mm-3D_glcm_ClusterShade']","[0.8563829787234043, 0.5526315789473685]","[0.7594339622641509, 0.7]","[0.805, 0.6176470588235294]","[0.7594339622641509, 0.7]",SVM
35,7,0.8719081455087836,0.6821106821106822,0.8008651157883631,0.4766784913039049,0.47080309985685376,0.6432160804020101,0.7339537192133507,0.7649006622516556,0.7191011235955056,0.784037558685446,0.5818181818181818,0.8697916666666666,0.7515693411404758,42,"['dwi_square_ngtdm_Strength', 'dwi_log-sigma-3-mm-3D_firstorder_Skewness', 'dwi_exponential_glcm_Imc1', 'dwi_square_firstorder_Skewness', 'dwi_exponential_ngtdm_Strength', 'dwi_log-sigma-3-mm-3D_firstorder_Kurtosis', 'dwi_exponential_glszm_GrayLevelNonUniformityNormalized', 'dwi_wavelet2-LL_firstorder_Skewness', 'dwi_exponential_firstorder_Skewness', 'dwi_wavelet2-LL_ngtdm_Strength', 'dwi_square_ngtdm_Busyness', 'dwi_square_glrlm_GrayLevelNonUniformity', 'dwi_exponential_glcm_ClusterProminence', 'dwi_exponential_glrlm_GrayLevelVariance', 'dwi_wavelet2-LL_glcm_ClusterShade', 'dwi_log-sigma-2-mm-3D_firstorder_Kurtosis', 'dwi_exponential_gldm_SmallDependenceHighGrayLevelEmphasis', 'dwi_exponential_firstorder_Maximum', 'dwi_log-sigma-3-mm-3D_ngtdm_Busyness', 'dwi_square_firstorder_Kurtosis', 'dwi_wavelet2-LL_firstorder_Kurtosis', 'dwi_square_glszm_SmallAreaHighGrayLevelEmphasis', 'dwi_log-sigma-2-mm-3D_glcm_MCC', 'dwi_square_glcm_MCC', 'dwi_exponential_glszm_SizeZoneNonUniformityNormalized', 'dwi_log-sigma-3-mm-3D_gldm_LargeDependenceHighGrayLevelEmphasis', 'dwi_wavelet2-LH_glcm_MCC', 'adc_logarithm_gldm_GrayLevelNonUniformity', 'dwi_wavelet2-LL_glszm_GrayLevelNonUniformity', 'dwi_wavelet2-LH_glcm_Imc2', 'dwi_square_glszm_SizeZoneNonUniformityNormalized', 'dwi_log-sigma-2-mm-3D_ngtdm_Strength', 'dwi_square_glcm_ClusterShade', 'dwi_wavelet2-LH_glcm_Correlation', 'dwi_exponential_glszm_LargeAreaLowGrayLevelEmphasis', 'dwi_square_firstorder_Range', 'dwi_log-sigma-0-6-mm-3D_firstorder_Skewness', 'dwi_exponential_gldm_SmallDependenceEmphasis', 'adc_wavelet2-LL_ngtdm_Coarseness', 'dwi_exponential_glcm_Imc2', 't2_squareroot_glszm_SizeZoneNonUniformity', 'dwi_log-sigma-2-mm-3D_ngtdm_Busyness']","[0.8697916666666666, 0.5818181818181818]","[0.784037558685446, 0.7191011235955056]","[0.8246913580246914, 0.6432160804020101]","[0.784037558685446, 0.7191011235955056]",SVM
36,8,0.8735136010144272,0.6710182767624021,0.7837068865404715,0.44181736377336,0.4356181248829055,0.6033519553072626,0.7161338089789325,0.7609427609427609,0.6835443037974683,0.7889908256880734,0.54,0.8730964467005076,0.7362675647427709,43,"['dwi_square_ngtdm_Strength', 'dwi_exponential_glcm_Imc1', 'dwi_log-sigma-3-mm-3D_firstorder_Skewness', 'dwi_exponential_ngtdm_Strength', 'dwi_exponential_glszm_GrayLevelNonUniformityNormalized', 'dwi_square_firstorder_Skewness', 'dwi_exponential_glszm_GrayLevelVariance', 'dwi_log-sigma-3-mm-3D_firstorder_Kurtosis', 'dwi_exponential_firstorder_Skewness', 'dwi_wavelet2-LL_firstorder_Skewness', 'dwi_exponential_glcm_ClusterProminence', 'dwi_wavelet2-LL_ngtdm_Strength', 'dwi_exponential_glrlm_GrayLevelVariance', 'dwi_square_ngtdm_Busyness', 'dwi_exponential_firstorder_Maximum', 'dwi_exponential_gldm_SmallDependenceHighGrayLevelEmphasis', 'dwi_square_glrlm_GrayLevelNonUniformity', 'dwi_square_firstorder_Kurtosis', 'dwi_log-sigma-2-mm-3D_firstorder_Kurtosis', 'dwi_square_glcm_MCC', 'dwi_log-sigma-3-mm-3D_ngtdm_Busyness', 'dwi_wavelet2-LL_glcm_ClusterShade', 'dwi_original_firstorder_Kurtosis', 'dwi_exponential_glszm_SizeZoneNonUniformityNormalized', 'dwi_wavelet2-LH_glcm_Correlation', 'dwi_square_glszm_SmallAreaHighGrayLevelEmphasis', 'dwi_log-sigma-2-mm-3D_glcm_MCC', 'dwi_exponential_glszm_LargeAreaHighGrayLevelEmphasis', 'dwi_wavelet2-LH_glcm_Imc2', 'dwi_exponential_glcm_Imc2', 'dwi_exponential_gldm_SmallDependenceEmphasis', 'adc_logarithm_gldm_GrayLevelNonUniformity', 'dwi_wavelet2-LH_glcm_MCC', 'dwi_square_glszm_SizeZoneNonUniformityNormalized', 'dwi_log-sigma-3-mm-3D_gldm_LargeDependenceHighGrayLevelEmphasis', 'dwi_log-sigma-3-mm-3D_glcm_ClusterShade', 'dwi_wavelet2-LL_glszm_GrayLevelNonUniformity', 'adc_wavelet2-LL_ngtdm_Coarseness', 'dwi_log-sigma-2-mm-3D_ngtdm_Strength', 'dwi_log-sigma-0-6-mm-3D_glszm_ZoneVariance', 'dwi_log-sigma-0-6-mm-3D_firstorder_Skewness', 'dwi_log-sigma-2-mm-3D_ngtdm_Busyness', 'dwi_log-sigma-3-mm-3D_glcm_JointAverage']","[0.8730964467005076, 0.54]","[0.7889908256880734, 0.6835443037974683]","[0.8289156626506025, 0.6033519553072626]","[0.7889908256880734, 0.6835443037974683]",SVM
37,8,0.862780346421917,0.6521181001283697,0.8514270613107822,0.5408954795580121,0.5347696879643388,0.6836734693877551,0.7662269785963165,0.7953795379537953,0.7613636363636364,0.8093023255813954,0.6203703703703703,0.8923076923076924,0.7853329809725158,42,"['dwi_square_ngtdm_Strength', 'dwi_log-sigma-3-mm-3D_firstorder_Skewness', 'dwi_exponential_glcm_Imc1', 'dwi_wavelet2-LL_firstorder_Skewness', 'dwi_exponential_glszm_GrayLevelNonUniformityNormalized', 'dwi_square_ngtdm_Busyness', 'dwi_exponential_ngtdm_Strength', 'dwi_square_firstorder_Skewness', 'dwi_log-sigma-3-mm-3D_firstorder_Kurtosis', 'dwi_square_glrlm_GrayLevelNonUniformity', 'dwi_exponential_glcm_ClusterProminence', 'dwi_exponential_glrlm_GrayLevelVariance', 'dwi_exponential_gldm_SmallDependenceHighGrayLevelEmphasis', 'dwi_exponential_firstorder_Skewness', 'dwi_wavelet2-LL_glcm_ClusterShade', 'dwi_exponential_firstorder_Maximum', 'dwi_log-sigma-3-mm-3D_ngtdm_Strength', 'dwi_log-sigma-2-mm-3D_firstorder_Kurtosis', 'dwi_log-sigma-3-mm-3D_ngtdm_Busyness', 'dwi_square_glszm_GrayLevelVariance', 'dwi_wavelet2-LL_firstorder_Kurtosis', 'dwi_wavelet2-LL_glszm_GrayLevelNonUniformity', 'dwi_exponential_glszm_LargeAreaHighGrayLevelEmphasis', 'dwi_square_firstorder_Kurtosis', 'dwi_square_glcm_MCC', 'adc_logarithm_ngtdm_Coarseness', 'adc_logarithm_gldm_GrayLevelNonUniformity', 'dwi_log-sigma-2-mm-3D_glcm_MCC', 'dwi_exponential_glszm_SizeZoneNonUniformityNormalized', 'dwi_exponential_gldm_SmallDependenceEmphasis', 't2_original_glszm_GrayLevelNonUniformity', 'dwi_square_glszm_SizeZoneNonUniformityNormalized', 'dwi_exponential_glcm_Imc2', 't2_original_shape_SurfaceVolumeRatio', 'dwi_log-sigma-3-mm-3D_glcm_ClusterShade', 'dwi_log-sigma-0-6-mm-3D_glszm_ZoneVariance', 'dwi_log-sigma-3-mm-3D_gldm_LargeDependenceHighGrayLevelEmphasis', 'dwi_square_firstorder_Maximum', 'dwi_wavelet2-LH_glcm_Imc2', 'dwi_wavelet2-LH_glcm_MCC', 'dwi_wavelet2-LH_glcm_Correlation', 't2_logarithm_ngtdm_Coarseness']","[0.8923076923076924, 0.6203703703703703]","[0.8093023255813954, 0.7613636363636364]","[0.848780487804878, 0.6836734693877551]","[0.8093023255813954, 0.7613636363636364]",SVM
38,8,0.8622331021351829,0.6609547123623011,0.8270664051555057,0.46125469983099404,0.44554701066732816,0.6268656716417911,0.718496126960136,0.7483221476510067,0.7590361445783133,0.7441860465116279,0.5338983050847458,0.8888888888888888,0.7516110955449706,42,"['dwi_square_ngtdm_Strength', 'dwi_log-sigma-3-mm-3D_firstorder_Skewness', 'dwi_exponential_ngtdm_Strength', 'dwi_exponential_glcm_Imc1', 'dwi_exponential_glszm_GrayLevelNonUniformityNormalized', 'dwi_log-sigma-3-mm-3D_firstorder_Kurtosis', 'dwi_square_firstorder_Skewness', 'dwi_wavelet2-LL_firstorder_Skewness', 'dwi_square_glrlm_GrayLevelNonUniformity', 'dwi_exponential_glszm_GrayLevelVariance', 'dwi_square_ngtdm_Busyness', 'dwi_exponential_firstorder_Skewness', 'dwi_wavelet2-LL_ngtdm_Strength', 'dwi_exponential_glcm_ClusterProminence', 'dwi_exponential_glrlm_GrayLevelVariance', 'dwi_exponential_gldm_SmallDependenceHighGrayLevelEmphasis', 'dwi_exponential_firstorder_Maximum', 'adc_logarithm_gldm_GrayLevelNonUniformity', 'dwi_wavelet2-LL_glcm_ClusterShade', 'dwi_log-sigma-3-mm-3D_ngtdm_Busyness', 'dwi_square_firstorder_Kurtosis', 'dwi_log-sigma-2-mm-3D_firstorder_Kurtosis', 'dwi_wavelet2-LL_glszm_GrayLevelNonUniformity', 'adc_wavelet2-LL_ngtdm_Coarseness', 't2_original_shape_SurfaceVolumeRatio', 'dwi_exponential_glszm_LargeAreaHighGrayLevelEmphasis', 'dwi_square_glcm_MCC', 't2_squareroot_glszm_SizeZoneNonUniformity', 'dwi_wavelet2-LL_firstorder_Kurtosis', 'dwi_exponential_glszm_SizeZoneNonUniformityNormalized', 'dwi_exponential_gldm_SmallDependenceEmphasis', 'dwi_square_glszm_SmallAreaHighGrayLevelEmphasis', 'dwi_exponential_glcm_Imc2', 'dwi_log-sigma-2-mm-3D_glcm_MCC', 'adc_wavelet2-LL_glcm_Imc1', 'dwi_log-sigma-0-6-mm-3D_glszm_ZoneVariance', 't2_log-sigma-2-mm-3D_glrlm_RunLengthNonUniformity', 't2_logarithm_ngtdm_Coarseness', 't2_log-sigma-3-mm-3D_glszm_ZoneEntropy', 'dwi_wavelet2-LH_glcm_Imc2', 'dwi_square_glszm_SizeZoneNonUniformityNormalized', 't2_wavelet-HL_glszm_GrayLevelNonUniformity']","[0.8888888888888888, 0.5338983050847458]","[0.7441860465116279, 0.7590361445783133]","[0.810126582278481, 0.6268656716417911]","[0.7441860465116279, 0.7590361445783133]",SVM
39,8,0.8775065267856528,0.6658097686375322,0.7642347807577693,0.40072420963314637,0.39476215136494786,0.5888324873096447,0.6953942387648469,0.7326732673267327,0.6666666666666666,0.7592592592592593,0.5272727272727272,0.8497409326424871,0.712962962962963,42,"['dwi_square_ngtdm_Strength', 'dwi_log-sigma-3-mm-3D_firstorder_Skewness', 'dwi_exponential_glcm_Imc1', 'dwi_exponential_ngtdm_Strength', 'dwi_square_firstorder_Skewness', 'dwi_exponential_glszm_GrayLevelNonUniformityNormalized', 'dwi_log-sigma-3-mm-3D_firstorder_Kurtosis', 'dwi_wavelet2-LL_firstorder_Skewness', 'dwi_exponential_glszm_GrayLevelVariance', 'dwi_exponential_firstorder_Skewness', 'dwi_exponential_glcm_ClusterProminence', 'dwi_exponential_glrlm_GrayLevelVariance', 'dwi_wavelet2-LL_ngtdm_Strength', 'dwi_log-sigma-2-mm-3D_firstorder_Kurtosis', 'dwi_exponential_gldm_SmallDependenceHighGrayLevelEmphasis', 'dwi_exponential_firstorder_Range', 'dwi_square_firstorder_Kurtosis', 'dwi_wavelet2-LL_firstorder_Kurtosis', 'dwi_square_ngtdm_Busyness', 'dwi_square_glrlm_GrayLevelNonUniformity', 'dwi_wavelet2-LL_glcm_ClusterShade', 'dwi_log-sigma-3-mm-3D_ngtdm_Busyness', 'dwi_square_glszm_SmallAreaHighGrayLevelEmphasis', 'dwi_exponential_glszm_SizeZoneNonUniformityNormalized', 'dwi_exponential_glszm_LargeAreaEmphasis', 'dwi_log-sigma-3-mm-3D_glrlm_LongRunHighGrayLevelEmphasis', 'dwi_wavelet2-LH_glcm_MCC', 'dwi_square_glcm_MCC', 'adc_logarithm_gldm_GrayLevelNonUniformity', 'dwi_square_glszm_SizeZoneNonUniformityNormalized', 'dwi_log-sigma-2-mm-3D_glcm_MCC', 'dwi_exponential_gldm_SmallDependenceEmphasis', 'dwi_exponential_glcm_Imc2', 'dwi_wavelet2-LH_glcm_Imc2', 'dwi_log-sigma-3-mm-3D_glrlm_GrayLevelNonUniformity', 'dwi_wavelet2-LH_glcm_Correlation', 'adc_original_ngtdm_Coarseness', 'dwi_log-sigma-2-mm-3D_ngtdm_Strength', 'dwi_log-sigma-0-6-mm-3D_firstorder_Skewness', 'dwi_log-sigma-3-mm-3D_glcm_JointAverage', 'dwi_log-sigma-3-mm-3D_gldm_LowGrayLevelEmphasis', 'dwi_log-sigma-0-6-mm-3D_glszm_LargeAreaEmphasis']","[0.8497409326424871, 0.5272727272727272]","[0.7592592592592593, 0.6666666666666666]","[0.8019559902200489, 0.5888324873096447]","[0.7592592592592593, 0.6666666666666666]",SVM
40,8,0.8738185514891745,0.6801007556675063,0.7947544161999138,0.3894583397941123,0.37934992307504456,0.5893719806763285,0.6859903381642511,0.7157190635451505,0.6931818181818182,0.7251184834123223,0.5126050420168067,0.85,0.7091501507970703,42,"['dwi_square_ngtdm_Strength', 'dwi_log-sigma-3-mm-3D_firstorder_Skewness', 'dwi_exponential_glszm_GrayLevelNonUniformityNormalized', 'dwi_exponential_glcm_Imc1', 'dwi_square_ngtdm_Busyness', 'dwi_wavelet2-LL_firstorder_Skewness', 'dwi_exponential_ngtdm_Strength', 'dwi_square_glrlm_GrayLevelNonUniformity', 'dwi_square_firstorder_Skewness', 'dwi_log-sigma-3-mm-3D_firstorder_Kurtosis', 'dwi_wavelet2-LL_ngtdm_Strength', 'dwi_exponential_glszm_GrayLevelVariance', 'dwi_exponential_gldm_SmallDependenceHighGrayLevelEmphasis', 'dwi_exponential_glcm_ClusterProminence', 'dwi_exponential_glrlm_GrayLevelVariance', 'dwi_wavelet2-LL_glcm_ClusterShade', 'dwi_exponential_firstorder_Skewness', 'dwi_exponential_firstorder_Range', 'dwi_exponential_glszm_LargeAreaHighGrayLevelEmphasis', 'dwi_log-sigma-3-mm-3D_ngtdm_Busyness', 'dwi_square_glcm_MCC', 'dwi_exponential_glszm_SizeZoneNonUniformityNormalized', 'dwi_log-sigma-2-mm-3D_firstorder_Kurtosis', 'dwi_wavelet2-LL_glszm_GrayLevelNonUniformity', 'dwi_exponential_gldm_SmallDependenceEmphasis', 'adc_logarithm_gldm_GrayLevelNonUniformity', 'dwi_wavelet2-LL_firstorder_Kurtosis', 'dwi_square_firstorder_Kurtosis', 'adc_wavelet2-LL_ngtdm_Coarseness', 'dwi_log-sigma-2-mm-3D_glcm_MCC', 'dwi_square_glszm_SmallAreaHighGrayLevelEmphasis', 'dwi_exponential_glcm_Imc2', 'dwi_log-sigma-0-6-mm-3D_glszm_ZoneVariance', 'dwi_square_glszm_SizeZoneNonUniformityNormalized', 't2_original_glszm_GrayLevelNonUniformity', 't2_original_shape_SurfaceVolumeRatio', 'dwi_wavelet2-LH_glcm_Imc2', 'dwi_logarithm_gldm_GrayLevelNonUniformity', 'dwi_wavelet2-LH_glcm_Correlation', 'dwi_exponential_glszm_ZoneVariance', 'adc_squareroot_firstorder_TotalEnergy', 'dwi_log-sigma-2-mm-3D_ngtdm_Strength']","[0.85, 0.5126050420168067]","[0.7251184834123223, 0.6931818181818182]","[0.782608695652174, 0.5893719806763285]","[0.7251184834123223, 0.6931818181818182]",SVM
41,9,0.8705180688876342,0.6624525916561315,0.7712223052028877,0.4479682391473589,0.44426911490460474,0.6517857142857143,0.7210541474654377,0.738255033557047,0.7087378640776699,0.7538461538461538,0.6033057851239669,0.8305084745762712,0.7312920089619119,40,"['dwi_square_ngtdm_Strength', 'dwi_log-sigma-3-mm-3D_firstorder_Skewness', 'dwi_exponential_glcm_Imc1', 'dwi_wavelet2-LL_firstorder_Skewness', 'dwi_exponential_glszm_GrayLevelNonUniformityNormalized', 'dwi_square_glrlm_GrayLevelNonUniformity', 'dwi_square_firstorder_Skewness', 'dwi_exponential_ngtdm_Strength', 'dwi_square_ngtdm_Busyness', 'dwi_log-sigma-3-mm-3D_firstorder_Kurtosis', 'dwi_wavelet2-LL_ngtdm_Strength', 'dwi_exponential_firstorder_Skewness', 'dwi_exponential_glcm_ClusterProminence', 'dwi_exponential_gldm_SmallDependenceHighGrayLevelEmphasis', 'dwi_exponential_glrlm_GrayLevelVariance', 'dwi_exponential_firstorder_Range', 'dwi_wavelet2-LL_glcm_ClusterShade', 'dwi_exponential_glszm_LargeAreaHighGrayLevelEmphasis', 'dwi_square_firstorder_Kurtosis', 'adc_logarithm_gldm_GrayLevelNonUniformity', 'adc_wavelet2-LL_ngtdm_Coarseness', 'dwi_log-sigma-3-mm-3D_glrlm_GrayLevelNonUniformity', 'dwi_exponential_gldm_DependenceVariance', 'dwi_log-sigma-3-mm-3D_ngtdm_Busyness', 'dwi_log-sigma-2-mm-3D_firstorder_Kurtosis', 'dwi_exponential_glszm_SizeZoneNonUniformityNormalized', 'dwi_original_firstorder_Kurtosis', 'dwi_exponential_glcm_Imc2', 't2_wavelet2-HL_glszm_GrayLevelNonUniformity', 'dwi_log-sigma-2-mm-3D_glcm_MCC', 't2_original_shape_SurfaceVolumeRatio', 'dwi_square_glcm_MCC', 'dwi_square_glszm_SmallAreaHighGrayLevelEmphasis', 'adc_squareroot_firstorder_TotalEnergy', 'dwi_square_glszm_SizeZoneNonUniformityNormalized', 't2_log-sigma-3-mm-3D_glszm_ZoneEntropy', 't2_log-sigma-2-mm-3D_glrlm_RunLengthNonUniformity', 'dwi_exponential_glcm_JointAverage', 'dwi_wavelet2-LH_glcm_MCC', 'dwi_log-sigma-0-6-mm-3D_glszm_LargeAreaEmphasis']","[0.8305084745762712, 0.6033057851239669]","[0.7538461538461538, 0.7087378640776699]","[0.7903225806451613, 0.6517857142857143]","[0.7538461538461538, 0.7087378640776699]",SVM
42,9,0.8699409098267767,0.6726572528883183,0.8083687612835595,0.38177497052852033,0.3815495619309397,0.5443037974683544,0.6907039349332722,0.76,0.5584415584415584,0.8295964125560538,0.5308641975308642,0.8447488584474886,0.6940189854988061,43,"['dwi_square_ngtdm_Strength', 'dwi_exponential_glcm_Imc1', 'dwi_log-sigma-3-mm-3D_firstorder_Skewness', 'dwi_exponential_ngtdm_Strength', 'dwi_exponential_glszm_GrayLevelNonUniformityNormalized', 'dwi_exponential_glszm_GrayLevelVariance', 'dwi_log-sigma-3-mm-3D_firstorder_Kurtosis', 'dwi_wavelet2-LL_firstorder_Skewness', 'dwi_square_firstorder_Skewness', 'dwi_exponential_glcm_ClusterProminence', 'dwi_exponential_glrlm_GrayLevelVariance', 'dwi_exponential_gldm_SmallDependenceHighGrayLevelEmphasis', 'dwi_exponential_firstorder_Maximum', 'dwi_wavelet2-LL_ngtdm_Strength', 'dwi_exponential_firstorder_Skewness', 'dwi_square_glrlm_GrayLevelNonUniformity', 'dwi_square_ngtdm_Busyness', 'dwi_wavelet2-LL_firstorder_Kurtosis', 'dwi_log-sigma-2-mm-3D_firstorder_Kurtosis', 'dwi_exponential_glszm_LargeAreaEmphasis', 'dwi_wavelet2-LL_glcm_ClusterShade', 'dwi_square_glcm_MCC', 'dwi_exponential_glszm_SizeZoneNonUniformityNormalized', 'dwi_square_firstorder_Kurtosis', 'dwi_log-sigma-3-mm-3D_ngtdm_Busyness', 'adc_logarithm_gldm_GrayLevelNonUniformity', 'dwi_exponential_gldm_SmallDependenceEmphasis', 'dwi_exponential_glcm_Imc2', 'dwi_square_glszm_SmallAreaHighGrayLevelEmphasis', 'dwi_wavelet2-LL_glszm_GrayLevelNonUniformity', 'dwi_log-sigma-2-mm-3D_glcm_MCC', 'adc_logarithm_ngtdm_Coarseness', 'dwi_wavelet2-LH_glcm_Correlation', 'dwi_square_glszm_SizeZoneNonUniformityNormalized', 'dwi_log-sigma-0-6-mm-3D_glszm_ZoneVariance', 'dwi_log-sigma-3-mm-3D_gldm_LargeDependenceHighGrayLevelEmphasis', 'dwi_wavelet2-LH_glcm_Imc2', 't2_original_shape_SurfaceVolumeRatio', 't2_original_glszm_GrayLevelNonUniformity', 'dwi_log-sigma-3-mm-3D_ngtdm_Coarseness', 'dwi_wavelet2-LH_glcm_MCC', 'dwi_log-sigma-2-mm-3D_ngtdm_Strength', 't2_logarithm_ngtdm_Coarseness']","[0.8447488584474886, 0.5308641975308642]","[0.8295964125560538, 0.5584415584415584]","[0.8371040723981901, 0.5443037974683544]","[0.8295964125560538, 0.5584415584415584]",SVM
43,9,0.8769743936914656,0.675224646983312,0.7941933318415754,0.4248349139498048,0.4095650462507381,0.6,0.7,0.7333333333333333,0.7317073170731707,0.7339449541284404,0.5084745762711864,0.8791208791208791,0.7328261356008056,42,"['dwi_square_ngtdm_Strength', 'dwi_log-sigma-3-mm-3D_firstorder_Skewness', 'dwi_exponential_ngtdm_Strength', 'dwi_exponential_glszm_GrayLevelNonUniformityNormalized', 'dwi_square_ngtdm_Busyness', 'dwi_exponential_glcm_Imc1', 'dwi_wavelet2-LL_ngtdm_Strength', 'dwi_log-sigma-3-mm-3D_firstorder_Kurtosis', 'dwi_square_firstorder_Skewness', 'dwi_wavelet2-LL_firstorder_Skewness', 'dwi_square_glrlm_GrayLevelNonUniformity', 'dwi_exponential_glszm_GrayLevelVariance', 'dwi_exponential_glcm_ClusterProminence', 'dwi_exponential_gldm_SmallDependenceHighGrayLevelEmphasis', 'dwi_exponential_glrlm_GrayLevelVariance', 'dwi_exponential_firstorder_Skewness', 'dwi_wavelet2-LL_glcm_ClusterShade', 'dwi_exponential_firstorder_Maximum', 'dwi_log-sigma-3-mm-3D_ngtdm_Busyness', 'dwi_log-sigma-2-mm-3D_firstorder_Kurtosis', 'dwi_square_glcm_MCC', 'adc_logarithm_gldm_GrayLevelNonUniformity', 'dwi_exponential_glszm_LargeAreaHighGrayLevelEmphasis', 'dwi_log-sigma-2-mm-3D_glcm_MCC', 'dwi_wavelet2-LH_glcm_Imc2', 'dwi_wavelet2-LH_glcm_Correlation', 'dwi_wavelet2-LL_glszm_GrayLevelNonUniformity', 'dwi_square_glszm_SmallAreaHighGrayLevelEmphasis', 'dwi_square_firstorder_Kurtosis', 'dwi_exponential_glszm_SizeZoneNonUniformityNormalized', 'dwi_wavelet2-LH_glcm_MCC', 'dwi_log-sigma-3-mm-3D_glcm_ClusterShade', 'dwi_exponential_gldm_SmallDependenceEmphasis', 'adc_original_ngtdm_Coarseness', 'dwi_wavelet2-LL_firstorder_Kurtosis', 'dwi_log-sigma-0-6-mm-3D_glszm_ZoneVariance', 'dwi_square_glszm_SizeZoneNonUniformityNormalized', 'dwi_exponential_glcm_Imc2', 'dwi_log-sigma-2-mm-3D_ngtdm_Strength', 't2_original_glszm_GrayLevelNonUniformity', 'dwi_log-sigma-3-mm-3D_gldm_LargeDependenceHighGrayLevelEmphasis', 'dwi_wavelet-LH_glcm_Imc1']","[0.8791208791208791, 0.5084745762711864]","[0.7339449541284404, 0.7317073170731707]","[0.8, 0.6]","[0.7339449541284404, 0.7317073170731707]",SVM
44,9,0.858277465099597,0.654911838790932,0.8365221539113844,0.506071871294809,0.4998139834817332,0.6633165829145728,0.7485317405888001,0.7774086378737541,0.7415730337078652,0.7924528301886793,0.6,0.8795811518324608,0.7670129319482722,42,"['dwi_square_ngtdm_Strength', 'dwi_log-sigma-3-mm-3D_firstorder_Skewness', 'dwi_square_firstorder_Skewness', 'dwi_exponential_ngtdm_Strength', 'dwi_log-sigma-3-mm-3D_firstorder_Kurtosis', 'dwi_exponential_glcm_Imc1', 'dwi_exponential_glszm_GrayLevelNonUniformityNormalized', 'dwi_exponential_glszm_GrayLevelVariance', 'dwi_original_firstorder_Skewness', 'dwi_exponential_firstorder_Skewness', 'dwi_square_glrlm_GrayLevelNonUniformity', 'dwi_square_ngtdm_Busyness', 'dwi_wavelet2-LL_firstorder_Kurtosis', 'dwi_wavelet2-LL_ngtdm_Strength', 'dwi_square_firstorder_Kurtosis', 'dwi_exponential_glrlm_GrayLevelVariance', 'dwi_exponential_glcm_ClusterProminence', 'dwi_exponential_gldm_SmallDependenceHighGrayLevelEmphasis', 'dwi_exponential_firstorder_Maximum', 'dwi_log-sigma-2-mm-3D_firstorder_Kurtosis', 'dwi_wavelet2-LL_glcm_ClusterShade', 'dwi_log-sigma-3-mm-3D_ngtdm_Busyness', 'adc_logarithm_gldm_GrayLevelNonUniformity', 'dwi_exponential_glszm_SizeZoneNonUniformityNormalized', 'dwi_square_glcm_MCC', 'adc_wavelet2-LL_ngtdm_Coarseness', 'dwi_wavelet2-LL_glszm_GrayLevelNonUniformity', 'dwi_square_glszm_SmallAreaHighGrayLevelEmphasis', 'dwi_exponential_glszm_LargeAreaHighGrayLevelEmphasis', 'dwi_square_glszm_SizeZoneNonUniformityNormalized', 'dwi_exponential_gldm_SmallDependenceEmphasis', 'dwi_log-sigma-2-mm-3D_glcm_MCC', 'dwi_log-sigma-3-mm-3D_glcm_ClusterShade', 'dwi_logarithm_gldm_GrayLevelNonUniformity', 't2_original_shape_SurfaceVolumeRatio', 't2_squareroot_glszm_SizeZoneNonUniformity', 'dwi_log-sigma-2-mm-3D_ngtdm_Strength', 'dwi_log-sigma-0-6-mm-3D_glszm_ZoneVariance', 'dwi_log-sigma-3-mm-3D_glrlm_LongRunHighGrayLevelEmphasis', 'dwi_exponential_glcm_Imc2', 'adc_wavelet2-LL_glcm_Imc1', 'dwi_wavelet2-LH_glcm_Imc2']","[0.8795811518324608, 0.6]","[0.7924528301886793, 0.7415730337078652]","[0.8337468982630273, 0.6633165829145728]","[0.7924528301886793, 0.7415730337078652]",SVM
45,9,0.8679312476482288,0.6758104738154613,0.8082509822597927,0.43370658889361485,0.4141748603493164,0.5882352941176471,0.7013465627214741,0.7441860465116279,0.7432432432432432,0.7444933920704846,0.48672566371681414,0.898936170212766,0.7438683176568639,43,"['dwi_square_ngtdm_Strength', 'dwi_log-sigma-3-mm-3D_firstorder_Skewness', 'dwi_exponential_glcm_Imc1', 'dwi_exponential_ngtdm_Strength', 'dwi_exponential_glszm_GrayLevelNonUniformityNormalized', 'dwi_square_firstorder_Skewness', 'dwi_exponential_glszm_GrayLevelVariance', 'dwi_log-sigma-3-mm-3D_firstorder_Kurtosis', 'dwi_wavelet2-LL_firstorder_Skewness', 'dwi_exponential_firstorder_Skewness', 'dwi_wavelet2-LL_ngtdm_Strength', 'dwi_exponential_glcm_ClusterProminence', 'dwi_square_ngtdm_Busyness', 'dwi_exponential_glrlm_GrayLevelVariance', 'dwi_exponential_firstorder_Maximum', 'dwi_exponential_gldm_SmallDependenceHighGrayLevelEmphasis', 'dwi_wavelet2-LL_glcm_ClusterShade', 'dwi_log-sigma-3-mm-3D_ngtdm_Busyness', 'dwi_log-sigma-2-mm-3D_firstorder_Kurtosis', 'dwi_square_firstorder_Kurtosis', 'dwi_square_glrlm_GrayLevelNonUniformity', 'dwi_square_glszm_SmallAreaHighGrayLevelEmphasis', 'dwi_square_glcm_MCC', 'dwi_wavelet2-LL_firstorder_Kurtosis', 'dwi_exponential_glszm_SizeZoneNonUniformityNormalized', 'dwi_square_glcm_ClusterShade', 'dwi_square_glszm_SizeZoneNonUniformityNormalized', 'dwi_log-sigma-3-mm-3D_gldm_LargeDependenceHighGrayLevelEmphasis', 'dwi_exponential_glcm_Imc2', 'dwi_exponential_glszm_LargeAreaEmphasis', 'dwi_exponential_gldm_SmallDependenceEmphasis', 'dwi_log-sigma-2-mm-3D_glcm_MCC', 'dwi_wavelet2-LH_glcm_Imc2', 'dwi_wavelet2-LH_glcm_MCC', 'dwi_log-sigma-2-mm-3D_ngtdm_Strength', 'dwi_wavelet2-LH_glcm_Correlation', 'adc_logarithm_gldm_GrayLevelNonUniformity', 'dwi_wavelet2-LL_glszm_GrayLevelNonUniformity', 'dwi_log-sigma-2-mm-3D_ngtdm_Busyness', 'dwi_log-sigma-3-mm-3D_glcm_JointAverage', 'dwi_log-sigma-3-mm-3D_gldm_LowGrayLevelEmphasis', 'adc_wavelet2-LL_ngtdm_Coarseness', 'dwi_log-sigma-3-mm-3D_glrlm_ShortRunLowGrayLevelEmphasis']","[0.898936170212766, 0.48672566371681414]","[0.7444933920704846, 0.7432432432432432]","[0.8144578313253013, 0.5882352941176471]","[0.7444933920704846, 0.7432432432432432]",SVM
46,10,0.8679692856163445,0.6811224489795918,0.791217132014096,0.39063959139848187,0.3749940529996669,0.583732057416268,0.681739446429653,0.7119205298013245,0.7176470588235294,0.7096774193548387,0.49193548387096775,0.8651685393258427,0.713662239089184,42,"['dwi_square_ngtdm_Strength', 'dwi_log-sigma-3-mm-3D_firstorder_Skewness', 'dwi_wavelet2-LL_firstorder_Skewness', 'dwi_exponential_glcm_Imc1', 'dwi_exponential_ngtdm_Strength', 'dwi_exponential_glszm_GrayLevelNonUniformityNormalized', 'dwi_log-sigma-3-mm-3D_firstorder_Kurtosis', 'dwi_square_ngtdm_Busyness', 'dwi_exponential_glszm_GrayLevelVariance', 'dwi_square_firstorder_Skewness', 'dwi_wavelet2-LL_ngtdm_Strength', 'dwi_square_glrlm_GrayLevelNonUniformity', 'dwi_exponential_glcm_ClusterProminence', 'dwi_exponential_firstorder_Skewness', 'dwi_exponential_glrlm_GrayLevelVariance', 'dwi_exponential_gldm_SmallDependenceHighGrayLevelEmphasis', 'dwi_wavelet2-LL_glcm_ClusterShade', 'dwi_exponential_firstorder_Maximum', 'dwi_wavelet2-LL_firstorder_Kurtosis', 'dwi_log-sigma-3-mm-3D_ngtdm_Busyness', 'dwi_log-sigma-2-mm-3D_firstorder_Kurtosis', 'dwi_wavelet2-LL_glszm_GrayLevelNonUniformity', 'dwi_exponential_glszm_LargeAreaHighGrayLevelEmphasis', 'dwi_exponential_glszm_SizeZoneNonUniformityNormalized', 'adc_logarithm_gldm_GrayLevelNonUniformity', 'dwi_square_firstorder_Kurtosis', 'dwi_square_glcm_MCC', 'dwi_exponential_gldm_SmallDependenceEmphasis', 'dwi_square_glszm_SmallAreaHighGrayLevelEmphasis', 'adc_logarithm_ngtdm_Coarseness', 'dwi_exponential_glcm_Imc2', 'dwi_log-sigma-2-mm-3D_glcm_MCC', 'dwi_log-sigma-0-6-mm-3D_glszm_ZoneVariance', 'dwi_log-sigma-3-mm-3D_gldm_LargeDependenceHighGrayLevelEmphasis', 't2_original_glszm_GrayLevelNonUniformity', 'dwi_wavelet2-LH_glcm_Imc2', 'dwi_wavelet2-LH_glcm_Correlation', 'dwi_log-sigma-2-mm-3D_ngtdm_Strength', 'dwi_logarithm_ngtdm_Coarseness', 'dwi_square_glszm_SizeZoneNonUniformityNormalized', 't2_log-sigma-3-mm-3D_glszm_ZoneEntropy', 't2_original_shape_SurfaceVolumeRatio']","[0.8651685393258427, 0.49193548387096775]","[0.7096774193548387, 0.7176470588235294]","[0.779746835443038, 0.583732057416268]","[0.7096774193548387, 0.7176470588235294]",SVM
47,10,0.8715208034433286,0.6751592356687898,0.8241891148982958,0.5226667885753332,0.5070256170485026,0.6699507389162561,0.7501652428758496,0.7759197324414716,0.8,0.7663551401869159,0.576271186440678,0.9060773480662984,0.783177570093458,42,"['dwi_square_ngtdm_Strength', 'dwi_log-sigma-3-mm-3D_firstorder_Skewness', 'dwi_square_firstorder_Skewness', 'dwi_exponential_glcm_Imc1', 'dwi_log-sigma-3-mm-3D_firstorder_Kurtosis', 'dwi_square_ngtdm_Busyness', 'dwi_exponential_ngtdm_Strength', 'dwi_wavelet2-LL_ngtdm_Strength', 'dwi_wavelet2-LL_firstorder_Skewness', 'dwi_exponential_glszm_GrayLevelNonUniformityNormalized', 'dwi_square_glrlm_GrayLevelNonUniformity', 'dwi_exponential_firstorder_Skewness', 'dwi_square_firstorder_Kurtosis', 'dwi_wavelet2-LL_firstorder_Kurtosis', 'dwi_exponential_glcm_ClusterProminence', 'dwi_wavelet2-LL_glcm_ClusterShade', 'dwi_log-sigma-2-mm-3D_firstorder_Kurtosis', 'dwi_exponential_gldm_SmallDependenceHighGrayLevelEmphasis', 'dwi_exponential_glrlm_GrayLevelVariance', 'dwi_exponential_firstorder_Maximum', 'dwi_log-sigma-3-mm-3D_ngtdm_Busyness', 'dwi_square_glcm_MCC', 'dwi_log-sigma-2-mm-3D_glcm_MCC', 'dwi_square_glszm_SmallAreaHighGrayLevelEmphasis', 'dwi_exponential_glszm_LargeAreaHighGrayLevelEmphasis', 'adc_logarithm_gldm_GrayLevelNonUniformity', 'dwi_wavelet2-LH_glcm_Imc2', 'adc_wavelet2-LL_ngtdm_Coarseness', 'dwi_logarithm_glrlm_GrayLevelNonUniformity', 'dwi_exponential_glszm_SizeZoneNonUniformityNormalized', 'dwi_wavelet2-LH_glcm_Correlation', 'dwi_logarithm_gldm_GrayLevelNonUniformity', 'dwi_log-sigma-2-mm-3D_ngtdm_Strength', 'dwi_log-sigma-3-mm-3D_gldm_LargeDependenceHighGrayLevelEmphasis', 'dwi_log-sigma-0-6-mm-3D_glszm_ZoneVariance', 'dwi_wavelet2-LH_glcm_MCC', 'dwi_square_glszm_SizeZoneNonUniformityNormalized', 'dwi_exponential_gldm_SmallDependenceEmphasis', 't2_original_glszm_GrayLevelNonUniformity', 't2_original_shape_SurfaceVolumeRatio', 'adc_squareroot_firstorder_TotalEnergy', 'dwi_exponential_glcm_Imc2']","[0.9060773480662984, 0.576271186440678]","[0.7663551401869159, 0.8]","[0.830379746835443, 0.6699507389162561]","[0.7663551401869159, 0.8]",SVM
48,10,0.8691851626634235,0.6584766584766585,0.8229262672811058,0.5303110982310991,0.5216128436006442,0.6666666666666666,0.7591240875912408,0.7946127946127947,0.7625,0.8064516129032258,0.5922330097087378,0.9020618556701031,0.7844758064516129,43,"['dwi_square_ngtdm_Strength', 'dwi_log-sigma-3-mm-3D_firstorder_Skewness', 'dwi_exponential_glcm_Imc1', 'dwi_exponential_ngtdm_Strength', 'dwi_exponential_glszm_GrayLevelNonUniformityNormalized', 'dwi_square_firstorder_Skewness', 'dwi_log-sigma-3-mm-3D_firstorder_Kurtosis', 'dwi_wavelet2-LL_firstorder_Skewness', 'dwi_square_glrlm_GrayLevelNonUniformity', 'dwi_exponential_glszm_GrayLevelVariance', 'dwi_wavelet2-LL_ngtdm_Strength', 'dwi_square_ngtdm_Busyness', 'dwi_exponential_firstorder_Skewness', 'dwi_exponential_glcm_ClusterProminence', 'dwi_exponential_glrlm_GrayLevelVariance', 'dwi_exponential_gldm_SmallDependenceHighGrayLevelEmphasis', 'dwi_exponential_firstorder_Maximum', 'dwi_wavelet2-LL_firstorder_Kurtosis', 'dwi_log-sigma-2-mm-3D_firstorder_Kurtosis', 'dwi_square_firstorder_Kurtosis', 'adc_logarithm_gldm_GrayLevelNonUniformity', 'dwi_square_glcm_MCC', 'dwi_exponential_glszm_LargeAreaHighGrayLevelEmphasis', 'dwi_log-sigma-3-mm-3D_ngtdm_Busyness', 'dwi_wavelet2-LL_glcm_ClusterShade', 'adc_wavelet2-LL_ngtdm_Coarseness', 'dwi_wavelet2-LL_glszm_GrayLevelNonUniformity', 'dwi_exponential_gldm_SmallDependenceEmphasis', 't2_original_shape_SurfaceVolumeRatio', 'dwi_exponential_glszm_SizeZoneNonUniformityNormalized', 'dwi_exponential_glcm_Imc2', 'dwi_square_glszm_SmallAreaHighGrayLevelEmphasis', 't2_squareroot_glszm_SizeZoneNonUniformity', 'dwi_square_glszm_SizeZoneNonUniformityNormalized', 'dwi_wavelet2-LH_glcm_Correlation', 'dwi_log-sigma-2-mm-3D_glcm_MCC', 'dwi_log-sigma-0-6-mm-3D_glszm_ZoneVariance', 'dwi_wavelet2-LH_glcm_MCC', 'dwi_square_glcm_ClusterShade', 't2_logarithm_ngtdm_Coarseness', 'dwi_wavelet2-LH_glcm_Imc2', 'adc_wavelet2-LL_glcm_Imc1', 'dwi_log-sigma-3-mm-3D_glrlm_LongRunHighGrayLevelEmphasis']","[0.9020618556701031, 0.5922330097087378]","[0.8064516129032258, 0.7625]","[0.851581508515815, 0.6666666666666666]","[0.8064516129032258, 0.7625]",SVM
49,10,0.8744458874023068,0.6776649746192893,0.7854580243960775,0.39413105215248034,0.3848530038346827,0.56,0.6894117647058824,0.7433333333333333,0.6621621621621622,0.7699115044247787,0.48514851485148514,0.8743718592964824,0.7160368332934705,43,"['dwi_square_ngtdm_Strength', 'dwi_log-sigma-3-mm-3D_firstorder_Skewness', 'dwi_exponential_glcm_Imc1', 'dwi_exponential_glszm_GrayLevelNonUniformityNormalized', 'dwi_square_firstorder_Skewness', 'dwi_log-sigma-3-mm-3D_firstorder_Kurtosis', 'dwi_wavelet2-LL_firstorder_Skewness', 'dwi_exponential_ngtdm_Strength', 'dwi_exponential_glszm_GrayLevelVariance', 'dwi_square_glrlm_GrayLevelNonUniformity', 'dwi_exponential_glrlm_GrayLevelVariance', 'dwi_exponential_glcm_ClusterProminence', 'dwi_exponential_gldm_SmallDependenceHighGrayLevelEmphasis', 'dwi_exponential_firstorder_Skewness', 'dwi_square_ngtdm_Busyness', 'dwi_exponential_firstorder_Range', 'dwi_wavelet2-LL_ngtdm_Strength', 'dwi_log-sigma-2-mm-3D_firstorder_Kurtosis', 'dwi_wavelet2-LL_glcm_ClusterShade', 'dwi_square_firstorder_Kurtosis', 'dwi_exponential_glszm_SizeZoneNonUniformityNormalized', 'dwi_log-sigma-3-mm-3D_ngtdm_Strength', 'dwi_exponential_glszm_LargeAreaHighGrayLevelEmphasis', 'dwi_square_glcm_MCC', 'dwi_original_firstorder_Kurtosis', 'adc_logarithm_gldm_GrayLevelNonUniformity', 'dwi_square_glszm_SmallAreaHighGrayLevelEmphasis', 'dwi_log-sigma-3-mm-3D_ngtdm_Busyness', 'dwi_exponential_gldm_SmallDependenceEmphasis', 'dwi_square_glszm_SizeZoneNonUniformityNormalized', 'dwi_wavelet2-LL_glszm_GrayLevelNonUniformity', 'dwi_exponential_glcm_Imc2', 'dwi_log-sigma-2-mm-3D_glcm_MCC', 'adc_wavelet2-LL_ngtdm_Coarseness', 'dwi_wavelet2-LH_glcm_MCC', 't2_original_shape_SurfaceVolumeRatio', 'dwi_wavelet2-LH_glcm_Imc2', 't2_squareroot_glszm_SizeZoneNonUniformity', 'dwi_wavelet2-LH_glcm_Correlation', 'dwi_log-sigma-0-6-mm-3D_glszm_ZoneVariance', 'dwi_squareroot_ngtdm_Coarseness', 'dwi_log-sigma-3-mm-3D_gldm_LargeDependenceHighGrayLevelEmphasis', 't2_original_firstorder_TotalEnergy']","[0.8743718592964824, 0.48514851485148514]","[0.7699115044247787, 0.6621621621621622]","[0.8188235294117647, 0.56]","[0.7699115044247787, 0.6621621621621622]",SVM
50,10,0.8640951210554566,0.6612685560053981,0.8044923895374612,0.38726434787175323,0.38716933157302813,0.5951219512195122,0.6935509505470994,0.7251655629139073,0.6039603960396039,0.7860696517412935,0.5865384615384616,0.797979797979798,0.6950150238904487,40,"['dwi_square_ngtdm_Strength', 'dwi_exponential_ngtdm_Strength', 'dwi_exponential_glszm_GrayLevelNonUniformityNormalized', 'dwi_exponential_glszm_GrayLevelVariance', 'dwi_exponential_glcm_Imc1', 'dwi_log-sigma-3-mm-3D_firstorder_Skewness', 'dwi_exponential_glcm_ClusterProminence', 'dwi_exponential_firstorder_Skewness', 'dwi_exponential_glrlm_GrayLevelVariance', 'dwi_exponential_firstorder_Maximum', 'dwi_square_firstorder_Skewness', 'dwi_exponential_gldm_SmallDependenceHighGrayLevelEmphasis', 'dwi_log-sigma-3-mm-3D_firstorder_Kurtosis', 'dwi_wavelet2-LL_ngtdm_Strength', 'dwi_wavelet2-LL_firstorder_Skewness', 'dwi_square_ngtdm_Busyness', 'dwi_wavelet2-LL_glcm_ClusterShade', 'dwi_log-sigma-2-mm-3D_firstorder_Kurtosis', 'dwi_log-sigma-3-mm-3D_ngtdm_Busyness', 'dwi_square_glrlm_GrayLevelNonUniformity', 'dwi_exponential_glszm_SizeZoneNonUniformityNormalized', 'dwi_square_firstorder_Kurtosis', 'dwi_square_glszm_SmallAreaHighGrayLevelEmphasis', 'dwi_exponential_glszm_LargeAreaEmphasis', 'dwi_square_glcm_MCC', 'dwi_exponential_gldm_SmallDependenceEmphasis', 'dwi_log-sigma-2-mm-3D_glcm_MCC', 'dwi_square_glszm_SizeZoneNonUniformityNormalized', 'dwi_exponential_glcm_Imc2', 'adc_logarithm_gldm_GrayLevelNonUniformity', 'dwi_log-sigma-3-mm-3D_gldm_LargeDependenceHighGrayLevelEmphasis', 'dwi_wavelet2-LH_glcm_Imc2', 'dwi_log-sigma-2-mm-3D_ngtdm_Strength', 'dwi_wavelet2-LH_glcm_Correlation', 'dwi_original_firstorder_Kurtosis', 'dwi_wavelet2-LH_glcm_MCC', 'dwi_wavelet2-LL_glszm_GrayLevelNonUniformity', 'adc_wavelet2-LL_ngtdm_Coarseness', 'dwi_log-sigma-2-mm-3D_ngtdm_Busyness', 'dwi_log-sigma-0-6-mm-3D_glszm_ZoneVariance']","[0.797979797979798, 0.5865384615384616]","[0.7860696517412935, 0.6039603960396039]","[0.7919799498746867, 0.5951219512195122]","[0.7860696517412935, 0.6039603960396039]",SVM
1,1,0.8211348529798339,0.628361858190709,0.8076499118165785,0.43975667421469256,0.42793462109955416,0.6130653266331658,0.7105226882542388,0.7433333333333333,0.7261904761904762,0.75,0.5304347826086957,0.8756756756756757,0.7380952380952381,42,"['dwi_square_ngtdm_Strength', 'dwi_log-sigma-3-mm-3D_firstorder_Skewness', 'dwi_wavelet2-LL_firstorder_Skewness', 'dwi_square_firstorder_Skewness', 'dwi_exponential_glcm_Imc1', 'dwi_exponential_glszm_GrayLevelNonUniformityNormalized', 'dwi_log-sigma-3-mm-3D_firstorder_Kurtosis', 'dwi_square_ngtdm_Busyness', 'dwi_exponential_ngtdm_Strength', 'dwi_wavelet2-LL_ngtdm_Strength', 'dwi_exponential_glszm_GrayLevelVariance', 'dwi_wavelet2-LL_glcm_ClusterShade', 'dwi_exponential_firstorder_Skewness', 'dwi_exponential_glcm_ClusterProminence', 'dwi_exponential_glrlm_GrayLevelVariance', 'dwi_exponential_gldm_SmallDependenceHighGrayLevelEmphasis', 'dwi_square_glrlm_GrayLevelNonUniformity', 'dwi_exponential_firstorder_Maximum', 'dwi_log-sigma-2-mm-3D_firstorder_Kurtosis', 'dwi_square_firstorder_Kurtosis', 'dwi_log-sigma-3-mm-3D_ngtdm_Busyness', 'dwi_wavelet2-LL_firstorder_Kurtosis', 'dwi_square_glcm_MCC', 'dwi_square_glszm_SmallAreaHighGrayLevelEmphasis', 'dwi_exponential_glszm_LargeAreaHighGrayLevelEmphasis', 'adc_logarithm_gldm_GrayLevelNonUniformity', 'dwi_log-sigma-2-mm-3D_glcm_MCC', 'dwi_square_glszm_SizeZoneNonUniformityNormalized', 'dwi_exponential_glszm_SizeZoneNonUniformityNormalized', 'dwi_wavelet2-LH_glcm_Imc2', 'dwi_exponential_gldm_SmallDependenceEmphasis', 'dwi_log-sigma-3-mm-3D_glcm_ClusterShade', 'dwi_log-sigma-3-mm-3D_gldm_LargeDependenceHighGrayLevelEmphasis', 'dwi_wavelet2-LH_glcm_MCC', 'dwi_wavelet2-LL_glszm_GrayLevelNonUniformity', 'dwi_exponential_glcm_Imc2', 'adc_wavelet2-LL_ngtdm_Coarseness', 'dwi_log-sigma-2-mm-3D_ngtdm_Strength', 'dwi_wavelet2-LH_glcm_Correlation', 't2_original_shape_SurfaceVolumeRatio', 'dwi_log-sigma-0-6-mm-3D_glszm_ZoneVariance', 'dwi_log-sigma-2-mm-3D_ngtdm_Busyness']","[0.8756756756756757, 0.5304347826086957]","[0.75, 0.7261904761904762]","[0.8079800498753117, 0.6130653266331658]","[0.75, 0.7261904761904762]",Logistic Regression
2,1,0.8280487804878048,0.6266829865361077,0.7879604178119846,0.344657587626602,0.32665639445300465,0.5581395348837209,0.6550488797134009,0.6822742474916388,0.7058823529411765,0.6728971962616822,0.46153846153846156,0.8520710059171598,0.6893897746014294,42,"['dwi_square_ngtdm_Strength', 'dwi_log-sigma-3-mm-3D_firstorder_Skewness', 'dwi_exponential_glcm_Imc1', 'dwi_exponential_ngtdm_Strength', 'dwi_exponential_glszm_GrayLevelNonUniformityNormalized', 'dwi_log-sigma-3-mm-3D_firstorder_Kurtosis', 'dwi_square_firstorder_Skewness', 'dwi_exponential_glszm_GrayLevelVariance', 'dwi_wavelet2-LL_ngtdm_Strength', 'dwi_wavelet2-LL_firstorder_Skewness', 'dwi_exponential_firstorder_Skewness', 'dwi_exponential_glcm_ClusterProminence', 'dwi_exponential_glrlm_GrayLevelVariance', 'dwi_square_glrlm_GrayLevelNonUniformity', 'dwi_exponential_firstorder_Range', 'dwi_log-sigma-3-mm-3D_ngtdm_Busyness', 'dwi_square_ngtdm_Busyness', 'dwi_exponential_gldm_SmallDependenceHighGrayLevelEmphasis', 'dwi_wavelet2-LL_glcm_ClusterShade', 'dwi_log-sigma-2-mm-3D_firstorder_Kurtosis', 'dwi_square_firstorder_Kurtosis', 'dwi_wavelet2-LL_firstorder_Kurtosis', 'dwi_square_glszm_SmallAreaHighGrayLevelEmphasis', 'dwi_square_glcm_MCC', 'dwi_log-sigma-2-mm-3D_glcm_MCC', 'dwi_wavelet2-LL_glszm_GrayLevelNonUniformity', 'adc_logarithm_gldm_GrayLevelNonUniformity', 'dwi_exponential_glszm_LargeAreaHighGrayLevelEmphasis', 'dwi_exponential_glszm_SizeZoneNonUniformityNormalized', 'adc_wavelet2-LL_ngtdm_Coarseness', 'dwi_wavelet2-LH_glcm_Correlation', 'dwi_log-sigma-3-mm-3D_gldm_LargeDependenceHighGrayLevelEmphasis', 'dwi_square_glszm_SizeZoneNonUniformityNormalized', 'dwi_wavelet2-LH_glcm_Imc2', 'dwi_exponential_gldm_SmallDependenceEmphasis', 'dwi_log-sigma-0-6-mm-3D_glszm_ZoneVariance', 'dwi_log-sigma-2-mm-3D_ngtdm_Strength', 'dwi_exponential_glcm_Imc2', 'dwi_wavelet2-LH_glcm_MCC', 'dwi_log-sigma-2-mm-3D_ngtdm_Busyness', 'dwi_logarithm_gldm_GrayLevelNonUniformity', 't2_original_glszm_GrayLevelNonUniformity']","[0.8520710059171598, 0.46153846153846156]","[0.6728971962616822, 0.7058823529411765]","[0.7519582245430809, 0.5581395348837209]","[0.6728971962616822, 0.7058823529411765]",Logistic Regression
3,1,0.8356426133342482,0.6369268897149938,0.7667748917748919,0.38805085022982944,0.3872838464782792,0.5760869565217391,0.6933832840861123,0.738255033557047,0.6022727272727273,0.7952380952380952,0.5520833333333334,0.8267326732673267,0.6987554112554113,42,"['dwi_square_ngtdm_Strength', 'dwi_log-sigma-3-mm-3D_firstorder_Skewness', 'dwi_exponential_glcm_Imc1', 'dwi_exponential_ngtdm_Strength', 'dwi_exponential_glszm_GrayLevelNonUniformityNormalized', 'dwi_log-sigma-3-mm-3D_firstorder_Kurtosis', 'dwi_wavelet2-LL_firstorder_Skewness', 'dwi_exponential_glszm_GrayLevelVariance', 'dwi_square_firstorder_Skewness', 'dwi_exponential_glcm_ClusterProminence', 'dwi_wavelet2-LL_ngtdm_Strength', 'dwi_exponential_glrlm_GrayLevelVariance', 'dwi_square_glrlm_GrayLevelNonUniformity', 'dwi_exponential_gldm_SmallDependenceHighGrayLevelEmphasis', 'dwi_exponential_firstorder_Skewness', 'dwi_exponential_firstorder_Maximum', 'dwi_square_ngtdm_Busyness', 'dwi_log-sigma-2-mm-3D_firstorder_Kurtosis', 'dwi_wavelet2-LL_glcm_ClusterShade', 'dwi_square_glcm_MCC', 'dwi_wavelet2-LL_firstorder_Kurtosis', 'dwi_log-sigma-3-mm-3D_ngtdm_Busyness', 'dwi_square_firstorder_Kurtosis', 'adc_logarithm_gldm_GrayLevelNonUniformity', 'dwi_exponential_glszm_LargeAreaHighGrayLevelEmphasis', 'dwi_log-sigma-2-mm-3D_glcm_MCC', 'dwi_exponential_glszm_SizeZoneNonUniformityNormalized', 'dwi_square_glszm_SmallAreaHighGrayLevelEmphasis', 'dwi_exponential_glcm_Imc2', 'dwi_exponential_gldm_SmallDependenceEmphasis', 'dwi_wavelet2-LL_glszm_GrayLevelNonUniformity', 'adc_wavelet2-LL_ngtdm_Coarseness', 'dwi_log-sigma-3-mm-3D_glrlm_LongRunHighGrayLevelEmphasis', 'dwi_wavelet2-LH_glcm_Correlation', 'dwi_square_glszm_SizeZoneNonUniformityNormalized', 'dwi_square_glcm_ClusterShade', 'dwi_wavelet2-LH_glcm_MCC', 't2_squareroot_glszm_SizeZoneNonUniformity', 'dwi_wavelet2-LH_glcm_Imc2', 'dwi_log-sigma-0-6-mm-3D_glszm_ZoneVariance', 'adc_wavelet2-LL_glcm_Imc1', 't2_original_shape_SurfaceVolumeRatio']","[0.8267326732673267, 0.5520833333333334]","[0.7952380952380952, 0.6022727272727273]","[0.8106796116504854, 0.5760869565217391]","[0.7952380952380952, 0.6022727272727273]",Logistic Regression
4,1,0.8229721098573557,0.6259168704156479,0.7899159663865546,0.3977922366159328,0.3780702567429789,0.5849056603773585,0.6819000663695838,0.7114754098360656,0.7380952380952381,0.7013574660633484,0.484375,0.8757062146892656,0.7197263520792933,42,"['dwi_square_ngtdm_Strength', 'dwi_exponential_ngtdm_Strength', 'dwi_exponential_glcm_Imc1', 'dwi_log-sigma-3-mm-3D_firstorder_Skewness', 'dwi_exponential_glszm_GrayLevelNonUniformityNormalized', 'dwi_square_firstorder_Skewness', 'dwi_exponential_glszm_GrayLevelVariance', 'dwi_exponential_firstorder_Skewness', 'dwi_exponential_gldm_SmallDependenceHighGrayLevelEmphasis', 'dwi_square_glrlm_GrayLevelNonUniformity', 'dwi_square_ngtdm_Busyness', 'dwi_exponential_glcm_ClusterProminence', 'dwi_exponential_glrlm_GrayLevelVariance', 'dwi_log-sigma-3-mm-3D_firstorder_Kurtosis', 'dwi_exponential_firstorder_Maximum', 'dwi_wavelet2-LL_firstorder_Skewness', 'dwi_wavelet2-LL_ngtdm_Strength', 'dwi_exponential_glszm_LargeAreaHighGrayLevelEmphasis', 'dwi_exponential_glszm_SizeZoneNonUniformityNormalized', 'dwi_exponential_gldm_SmallDependenceEmphasis', 'dwi_wavelet2-LL_glcm_ClusterShade', 'dwi_square_firstorder_Kurtosis', 'dwi_log-sigma-2-mm-3D_firstorder_Kurtosis', 'dwi_wavelet2-LL_firstorder_Kurtosis', 'dwi_square_glszm_GrayLevelVariance', 'adc_logarithm_gldm_GrayLevelNonUniformity', 'dwi_log-sigma-3-mm-3D_ngtdm_Strength', 'dwi_exponential_glcm_Imc2', 'dwi_log-sigma-3-mm-3D_ngtdm_Busyness', 'dwi_wavelet2-LL_glszm_GrayLevelNonUniformity', 'dwi_square_glcm_MCC', 'adc_wavelet2-LL_ngtdm_Coarseness', 't2_original_shape_SurfaceVolumeRatio', 't2_wavelet2-LL_glszm_SizeZoneNonUniformity', 'dwi_square_glszm_SizeZoneNonUniformityNormalized', 'dwi_log-sigma-0-6-mm-3D_glszm_ZoneVariance', 'dwi_wavelet2-LH_glcm_Imc2', 'dwi_exponential_glszm_ZoneVariance', 'dwi_log-sigma-2-mm-3D_glcm_MCC', 'dwi_exponential_glszm_SizeZoneNonUniformity', 'dwi_wavelet2-LH_glcm_Correlation', 'dwi_wavelet2-LH_glcm_MCC']","[0.8757062146892656, 0.484375]","[0.7013574660633484, 0.7380952380952381]","[0.7788944723618091, 0.5849056603773585]","[0.7013574660633484, 0.7380952380952381]",Logistic Regression
5,1,0.8200653267529743,0.6180048661800487,0.8302736982643525,0.4588905817455594,0.4426068123646387,0.6274509803921569,0.7167867146858744,0.7449664429530202,0.7619047619047619,0.7383177570093458,0.5333333333333333,0.8876404494382022,0.7501112594570538,42,"['dwi_square_ngtdm_Strength', 'dwi_log-sigma-3-mm-3D_firstorder_Skewness', 'dwi_exponential_glcm_Imc1', 'dwi_exponential_ngtdm_Strength', 'dwi_exponential_glszm_GrayLevelNonUniformityNormalized', 'dwi_wavelet2-LL_firstorder_Skewness', 'dwi_square_firstorder_Skewness', 'dwi_square_ngtdm_Busyness', 'dwi_log-sigma-3-mm-3D_firstorder_Kurtosis', 'dwi_square_glrlm_GrayLevelNonUniformity', 'dwi_wavelet2-LL_ngtdm_Strength', 'dwi_exponential_glcm_ClusterProminence', 'dwi_exponential_firstorder_Skewness', 'dwi_exponential_glrlm_GrayLevelVariance', 'dwi_exponential_gldm_SmallDependenceHighGrayLevelEmphasis', 'dwi_log-sigma-2-mm-3D_firstorder_Kurtosis', 'dwi_exponential_firstorder_Maximum', 'dwi_square_firstorder_Kurtosis', 'dwi_wavelet2-LL_glcm_ClusterShade', 'dwi_original_firstorder_Kurtosis', 'dwi_log-sigma-3-mm-3D_ngtdm_Busyness', 'dwi_wavelet2-LL_glszm_GrayLevelNonUniformity', 'dwi_square_glcm_MCC', 'dwi_exponential_glszm_SizeZoneNonUniformityNormalized', 'dwi_exponential_glszm_LargeAreaEmphasis', 'adc_wavelet2-LL_ngtdm_Coarseness', 'dwi_log-sigma-2-mm-3D_glcm_MCC', 'adc_logarithm_gldm_GrayLevelNonUniformity', 'dwi_square_glszm_SmallAreaHighGrayLevelEmphasis', 't2_original_glszm_GrayLevelNonUniformity', 'dwi_exponential_gldm_SmallDependenceEmphasis', 't2_original_shape_SurfaceVolumeRatio', 'dwi_exponential_glcm_Imc2', 'dwi_square_glszm_SizeZoneNonUniformityNormalized', 'dwi_log-sigma-0-6-mm-3D_glszm_ZoneVariance', 'dwi_wavelet2-LH_glcm_Imc2', 't2_logarithm_ngtdm_Coarseness', 'dwi_wavelet2-LH_glcm_Correlation', 'dwi_wavelet2-LH_glcm_MCC', 't2_log-sigma-3-mm-3D_glszm_ZoneEntropy', 'dwi_squareroot_ngtdm_Coarseness', 'dwi_log-sigma-2-mm-3D_ngtdm_Strength']","[0.8876404494382022, 0.5333333333333333]","[0.7383177570093458, 0.7619047619047619]","[0.8061224489795918, 0.6274509803921569]","[0.7383177570093458, 0.7619047619047619]",Logistic Regression
6,2,0.8249977449504237,0.6227106227106227,0.7852477710968276,0.4064873916367444,0.3931532370749883,0.6055045871559633,0.6919275513099404,0.7161716171617162,0.7252747252747253,0.7122641509433962,0.5196850393700787,0.8579545454545454,0.7187694381090608,41,"['dwi_square_ngtdm_Strength', 'dwi_exponential_glcm_Imc1', 'dwi_log-sigma-3-mm-3D_firstorder_Skewness', 'dwi_exponential_glszm_GrayLevelNonUniformityNormalized', 'dwi_exponential_ngtdm_Strength', 'dwi_square_glrlm_GrayLevelNonUniformity', 'dwi_square_firstorder_Skewness', 'dwi_log-sigma-3-mm-3D_firstorder_Kurtosis', 'dwi_wavelet2-LL_firstorder_Skewness', 'dwi_exponential_glcm_ClusterProminence', 'dwi_exponential_firstorder_Skewness', 'dwi_exponential_gldm_SmallDependenceHighGrayLevelEmphasis', 'dwi_exponential_glrlm_GrayLevelVariance', 'dwi_square_ngtdm_Busyness', 'dwi_wavelet2-LL_ngtdm_Strength', 'dwi_exponential_firstorder_Maximum', 'dwi_exponential_glszm_LargeAreaEmphasis', 'dwi_square_glcm_MCC', 'dwi_exponential_glszm_SizeZoneNonUniformityNormalized', 'adc_logarithm_gldm_GrayLevelNonUniformity', 'dwi_log-sigma-2-mm-3D_firstorder_Kurtosis', 'dwi_wavelet2-LL_glcm_ClusterShade', 'dwi_square_firstorder_Kurtosis', 'dwi_wavelet2-LL_glszm_GrayLevelNonUniformity', 'dwi_exponential_gldm_SmallDependenceEmphasis', 'adc_wavelet2-LL_ngtdm_Coarseness', 'dwi_log-sigma-3-mm-3D_ngtdm_Busyness', 'dwi_exponential_glcm_Imc2', 'dwi_wavelet2-LL_firstorder_Kurtosis', 't2_original_shape_SurfaceVolumeRatio', 't2_original_glszm_GrayLevelNonUniformity', 'dwi_log-sigma-2-mm-3D_glcm_MCC', 'dwi_square_glszm_SmallAreaHighGrayLevelEmphasis', 't2_logarithm_ngtdm_Coarseness', 'dwi_wavelet2-LH_glcm_Correlation', 'dwi_squareroot_ngtdm_Coarseness', 'dwi_log-sigma-0-6-mm-3D_glszm_ZoneVariance', 'dwi_wavelet2-LH_glcm_MCC', 'dwi_wavelet2-LH_glcm_Imc2', 'dwi_square_glszm_SizeZoneNonUniformityNormalized', 'dwi_original_ngtdm_Coarseness']","[0.8579545454545454, 0.5196850393700787]","[0.7122641509433962, 0.7252747252747253]","[0.7783505154639175, 0.6055045871559633]","[0.7122641509433962, 0.7252747252747253]",Logistic Regression
7,2,0.8233746398694851,0.6177215189873417,0.8241792600312663,0.45501835797892165,0.4518108350793175,0.6407766990291263,0.725027524772295,0.7508417508417509,0.6947368421052632,0.7772277227722773,0.5945945945945946,0.8440860215053764,0.7359822824387703,41,"['dwi_square_ngtdm_Strength', 'dwi_log-sigma-3-mm-3D_firstorder_Skewness', 'dwi_square_firstorder_Skewness', 'dwi_wavelet2-LL_firstorder_Skewness', 'dwi_exponential_ngtdm_Strength', 'dwi_exponential_glcm_Imc1', 'dwi_log-sigma-3-mm-3D_firstorder_Kurtosis', 'dwi_exponential_glszm_GrayLevelNonUniformityNormalized', 'dwi_exponential_glszm_GrayLevelVariance', 'dwi_wavelet2-LL_ngtdm_Strength', 'dwi_square_ngtdm_Busyness', 'dwi_exponential_firstorder_Skewness', 'dwi_square_glrlm_GrayLevelNonUniformity', 'dwi_exponential_gldm_SmallDependenceHighGrayLevelEmphasis', 'dwi_wavelet2-LL_glcm_ClusterShade', 'dwi_exponential_glcm_ClusterProminence', 'dwi_exponential_glrlm_GrayLevelVariance', 'dwi_exponential_firstorder_Maximum', 'dwi_log-sigma-2-mm-3D_firstorder_Kurtosis', 'dwi_square_firstorder_Kurtosis', 'dwi_wavelet2-LL_firstorder_Kurtosis', 'dwi_square_glcm_MCC', 'dwi_log-sigma-3-mm-3D_ngtdm_Busyness', 'dwi_square_glszm_SmallAreaHighGrayLevelEmphasis', 'dwi_log-sigma-2-mm-3D_glcm_MCC', 'adc_logarithm_gldm_GrayLevelNonUniformity', 'dwi_exponential_glszm_LargeAreaHighGrayLevelEmphasis', 'dwi_exponential_glszm_SizeZoneNonUniformityNormalized', 'adc_wavelet2-LL_ngtdm_Coarseness', 'dwi_square_glszm_SizeZoneNonUniformityNormalized', 'dwi_wavelet2-LL_glszm_GrayLevelNonUniformity', 'dwi_wavelet2-LH_glcm_Imc2', 'dwi_log-sigma-0-6-mm-3D_glszm_ZoneVariance', 'dwi_exponential_gldm_SmallDependenceEmphasis', 'dwi_wavelet2-LH_glcm_Correlation', 't2_original_shape_SurfaceVolumeRatio', 'dwi_log-sigma-3-mm-3D_glcm_ClusterShade', 'dwi_log-sigma-2-mm-3D_ngtdm_Strength', 't2_wavelet2-LL_glszm_SizeZoneNonUniformity', 'dwi_exponential_glcm_Imc2', 'dwi_log-sigma-0-6-mm-3D_firstorder_Skewness']","[0.8440860215053764, 0.5945945945945946]","[0.7772277227722773, 0.6947368421052632]","[0.8092783505154639, 0.6407766990291263]","[0.7772277227722773, 0.6947368421052632]",Logistic Regression
8,2,0.8327612425200118,0.6148148148148148,0.7667822779145222,0.41053432558450187,0.3935113016367887,0.5911330049261084,0.6910324974252708,0.7233333333333334,0.7317073170731707,0.7201834862385321,0.49586776859504134,0.8770949720670391,0.7259454016558514,42,"['dwi_square_ngtdm_Strength', 'dwi_log-sigma-3-mm-3D_firstorder_Skewness', 'dwi_square_firstorder_Skewness', 'dwi_wavelet2-LL_firstorder_Skewness', 'dwi_exponential_glcm_Imc1', 'dwi_exponential_ngtdm_Strength', 'dwi_square_ngtdm_Busyness', 'dwi_exponential_glszm_GrayLevelNonUniformityNormalized', 'dwi_log-sigma-3-mm-3D_firstorder_Kurtosis', 'dwi_exponential_glszm_GrayLevelVariance', 'dwi_wavelet2-LL_ngtdm_Strength', 'dwi_square_glrlm_GrayLevelNonUniformity', 'dwi_exponential_firstorder_Skewness', 'dwi_exponential_glcm_ClusterProminence', 'dwi_exponential_glrlm_GrayLevelVariance', 'dwi_exponential_gldm_SmallDependenceHighGrayLevelEmphasis', 'dwi_exponential_firstorder_Maximum', 'dwi_log-sigma-2-mm-3D_firstorder_Kurtosis', 'dwi_square_firstorder_Kurtosis', 'dwi_original_firstorder_Kurtosis', 'dwi_wavelet2-LL_glcm_ClusterShade', 'dwi_log-sigma-3-mm-3D_ngtdm_Busyness', 'adc_logarithm_gldm_GrayLevelNonUniformity', 'dwi_exponential_glszm_LargeAreaHighGrayLevelEmphasis', 'dwi_wavelet2-LL_glszm_GrayLevelNonUniformity', 'dwi_square_glcm_MCC', 'dwi_square_glszm_SmallAreaHighGrayLevelEmphasis', 'dwi_exponential_glszm_SizeZoneNonUniformityNormalized', 'dwi_log-sigma-2-mm-3D_glcm_MCC', 'dwi_square_glszm_SizeZoneNonUniformityNormalized', 'adc_wavelet2-LL_ngtdm_Coarseness', 'dwi_exponential_gldm_SmallDependenceEmphasis', 'dwi_log-sigma-3-mm-3D_gldm_LargeDependenceHighGrayLevelEmphasis', 'dwi_exponential_glcm_Imc2', 'dwi_log-sigma-0-6-mm-3D_glszm_ZoneVariance', 't2_original_shape_SurfaceVolumeRatio', 'dwi_wavelet2-LH_glcm_Correlation', 'dwi_wavelet2-LH_glcm_Imc2', 't2_original_glszm_GrayLevelNonUniformity', 'dwi_logarithm_gldm_GrayLevelNonUniformity', 'dwi_wavelet2-LH_glcm_MCC', 'adc_wavelet2-LL_glcm_Imc1']","[0.8770949720670391, 0.49586776859504134]","[0.7201834862385321, 0.7317073170731707]","[0.7909319899244333, 0.5911330049261084]","[0.7201834862385321, 0.7317073170731707]",Logistic Regression
9,2,0.8297461908391284,0.6294046172539489,0.7668679595865753,0.34288806098255775,0.3267319333383155,0.542713567839196,0.6561669105018765,0.6936026936026936,0.6835443037974683,0.6972477064220184,0.45,0.8587570621468926,0.6903960051097433,43,"['dwi_square_ngtdm_Strength', 'dwi_log-sigma-3-mm-3D_firstorder_Skewness', 'dwi_exponential_ngtdm_Strength', 'dwi_exponential_glszm_GrayLevelNonUniformityNormalized', 'dwi_exponential_glcm_Imc1', 'dwi_exponential_glszm_GrayLevelVariance', 'dwi_wavelet2-LL_firstorder_Skewness', 'dwi_log-sigma-3-mm-3D_firstorder_Kurtosis', 'dwi_square_firstorder_Skewness', 'dwi_exponential_glcm_ClusterProminence', 'dwi_exponential_glrlm_GrayLevelVariance', 'dwi_wavelet2-LL_ngtdm_Strength', 'dwi_exponential_firstorder_Skewness', 'dwi_square_glrlm_GrayLevelNonUniformity', 'dwi_exponential_gldm_SmallDependenceHighGrayLevelEmphasis', 'dwi_square_ngtdm_Busyness', 'dwi_exponential_firstorder_Maximum', 'dwi_wavelet2-LL_glcm_ClusterShade', 'dwi_log-sigma-3-mm-3D_ngtdm_Busyness', 'dwi_exponential_glszm_LargeAreaHighGrayLevelEmphasis', 'dwi_log-sigma-2-mm-3D_firstorder_Kurtosis', 'dwi_square_glszm_SmallAreaHighGrayLevelEmphasis', 'dwi_wavelet2-LL_firstorder_Kurtosis', 'dwi_square_firstorder_Kurtosis', 'dwi_exponential_glszm_SizeZoneNonUniformityNormalized', 'dwi_wavelet2-LL_glszm_GrayLevelNonUniformity', 'dwi_exponential_gldm_SmallDependenceEmphasis', 'adc_logarithm_gldm_GrayLevelNonUniformity', 'dwi_square_glcm_MCC', 'dwi_log-sigma-2-mm-3D_glcm_MCC', 'adc_original_ngtdm_Coarseness', 'dwi_square_glszm_SizeZoneNonUniformityNormalized', 'dwi_exponential_glcm_Imc2', 'dwi_square_glcm_ClusterShade', 'dwi_log-sigma-0-6-mm-3D_glszm_ZoneVariance', 't2_squareroot_glszm_SizeZoneNonUniformity', 'dwi_log-sigma-3-mm-3D_gldm_LargeDependenceHighGrayLevelEmphasis', 'dwi_log-sigma-2-mm-3D_ngtdm_Strength', 't2_logarithm_ngtdm_Coarseness', 'dwi_log-sigma-2-mm-3D_ngtdm_Busyness', 'dwi_wavelet2-LH_glcm_Imc2', 'dwi_logarithm_ngtdm_Coarseness', 'dwi_wavelet2-LH_glcm_MCC']","[0.8587570621468926, 0.45]","[0.6972477064220184, 0.6835443037974683]","[0.769620253164557, 0.542713567839196]","[0.6972477064220184, 0.6835443037974683]",Logistic Regression
10,2,0.82740464485506,0.6340269277845777,0.8282621082621081,0.4589258289694201,0.452510016497761,0.6101694915254238,0.7246651653431315,0.7722772277227723,0.6923076923076923,0.8,0.5454545454545454,0.8823529411764706,0.7461538461538462,43,"['dwi_square_ngtdm_Strength', 'dwi_log-sigma-3-mm-3D_firstorder_Skewness', 'dwi_exponential_glcm_Imc1', 'dwi_exponential_ngtdm_Strength', 'dwi_exponential_glszm_GrayLevelNonUniformityNormalized', 'dwi_square_firstorder_Skewness', 'dwi_log-sigma-3-mm-3D_firstorder_Kurtosis', 'dwi_exponential_glszm_GrayLevelVariance', 'dwi_wavelet2-LL_ngtdm_Strength', 'dwi_wavelet2-LL_firstorder_Skewness', 'dwi_exponential_glcm_ClusterProminence', 'dwi_exponential_glrlm_GrayLevelVariance', 'dwi_square_ngtdm_Busyness', 'dwi_exponential_gldm_SmallDependenceHighGrayLevelEmphasis', 'dwi_exponential_firstorder_Skewness', 'dwi_exponential_firstorder_Maximum', 'dwi_log-sigma-3-mm-3D_ngtdm_Strength', 'dwi_log-sigma-2-mm-3D_firstorder_Kurtosis', 'dwi_wavelet2-LL_glcm_ClusterShade', 'dwi_log-sigma-3-mm-3D_ngtdm_Busyness', 'dwi_square_glrlm_GrayLevelNonUniformity', 'dwi_square_firstorder_Kurtosis', 'dwi_wavelet2-LH_glcm_Correlation', 'dwi_wavelet2-LH_glcm_MCC', 'dwi_wavelet2-LL_firstorder_Kurtosis', 'dwi_wavelet2-LH_glcm_Imc2', 'dwi_square_glcm_MCC', 'dwi_exponential_glszm_SizeZoneNonUniformityNormalized', 'dwi_square_glszm_SmallAreaHighGrayLevelEmphasis', 'dwi_log-sigma-2-mm-3D_glcm_MCC', 'dwi_exponential_glszm_LargeAreaHighGrayLevelEmphasis', 'dwi_exponential_glcm_Imc2', 'dwi_exponential_gldm_SmallDependenceEmphasis', 'dwi_square_glszm_SizeZoneNonUniformityNormalized', 'dwi_log-sigma-3-mm-3D_gldm_LargeDependenceHighGrayLevelEmphasis', 'adc_logarithm_gldm_GrayLevelNonUniformity', 'dwi_wavelet2-LL_glszm_GrayLevelNonUniformity', 'dwi_wavelet-LH_glcm_Imc1', 't2_squareroot_glszm_SizeZoneNonUniformity', 'adc_wavelet2-LL_ngtdm_Coarseness', 'dwi_log-sigma-2-mm-3D_ngtdm_Busyness', 'dwi_wavelet2-LH_glcm_Imc1', 'dwi_logarithm_gldm_GrayLevelNonUniformity']","[0.8823529411764706, 0.5454545454545454]","[0.8, 0.6923076923076923]","[0.8391608391608392, 0.6101694915254238]","[0.8, 0.6923076923076923]",Logistic Regression
11,3,0.83,0.6354916067146283,0.7861285500747384,0.32311306499357156,0.30860231502728064,0.5185185185185185,0.6474656474656475,0.6946308724832215,0.6533333333333333,0.7085201793721974,0.4298245614035088,0.8586956521739131,0.6809267563527653,43,"['dwi_square_ngtdm_Strength', 'dwi_log-sigma-3-mm-3D_firstorder_Skewness', 'dwi_wavelet2-LL_firstorder_Skewness', 'dwi_log-sigma-3-mm-3D_firstorder_Kurtosis', 'dwi_square_firstorder_Skewness', 'dwi_exponential_glcm_Imc1', 'dwi_exponential_ngtdm_Strength', 'dwi_exponential_glszm_GrayLevelNonUniformityNormalized', 'dwi_exponential_firstorder_Skewness', 'dwi_exponential_glszm_GrayLevelVariance', 'dwi_log-sigma-2-mm-3D_firstorder_Kurtosis', 'dwi_square_glrlm_GrayLevelNonUniformity', 'dwi_square_ngtdm_Busyness', 'dwi_square_firstorder_Kurtosis', 'dwi_wavelet2-LL_ngtdm_Strength', 'dwi_exponential_glcm_ClusterProminence', 'dwi_wavelet2-LL_glcm_ClusterShade', 'dwi_exponential_glrlm_GrayLevelVariance', 'dwi_wavelet2-LL_firstorder_Kurtosis', 'dwi_exponential_gldm_SmallDependenceHighGrayLevelEmphasis', 'dwi_exponential_firstorder_Maximum', 'dwi_log-sigma-3-mm-3D_ngtdm_Busyness', 'dwi_exponential_glszm_LargeAreaHighGrayLevelEmphasis', 'dwi_square_glcm_MCC', 'adc_logarithm_gldm_GrayLevelNonUniformity', 'dwi_square_glszm_SmallAreaHighGrayLevelEmphasis', 'dwi_exponential_glszm_SizeZoneNonUniformityNormalized', 'dwi_log-sigma-3-mm-3D_glrlm_LongRunHighGrayLevelEmphasis', 'dwi_wavelet2-LL_glszm_GrayLevelNonUniformity', 'dwi_exponential_gldm_SmallDependenceEmphasis', 'dwi_square_glszm_SizeZoneNonUniformityNormalized', 'dwi_log-sigma-2-mm-3D_glcm_MCC', 'dwi_exponential_glcm_Imc2', 'dwi_log-sigma-3-mm-3D_glcm_ClusterShade', 'dwi_wavelet2-LH_glcm_Correlation', 't2_squareroot_glszm_SizeZoneNonUniformity', 'adc_wavelet2-LL_ngtdm_Coarseness', 'dwi_wavelet2-LH_glcm_Imc2', 'dwi_log-sigma-0-6-mm-3D_glszm_ZoneVariance', 'dwi_wavelet2-LH_glcm_MCC', 'dwi_log-sigma-2-mm-3D_ngtdm_Strength', 'dwi_logarithm_gldm_GrayLevelNonUniformity', 't2_original_shape_SurfaceVolumeRatio']","[0.8586956521739131, 0.4298245614035088]","[0.7085201793721974, 0.6533333333333333]","[0.7764127764127764, 0.5185185185185185]","[0.7085201793721974, 0.6533333333333333]",Logistic Regression
12,3,0.829088631551716,0.6273062730627307,0.7928380187416331,0.41021836574119996,0.39968880188726597,0.5918367346938775,0.6964158797847497,0.7324414715719063,0.6987951807228916,0.7453703703703703,0.5132743362831859,0.8655913978494624,0.722082775546631,42,"['dwi_square_ngtdm_Strength', 'dwi_log-sigma-3-mm-3D_firstorder_Skewness', 'dwi_exponential_glcm_Imc1', 'dwi_log-sigma-3-mm-3D_firstorder_Kurtosis', 'dwi_wavelet2-LL_firstorder_Skewness', 'dwi_square_firstorder_Skewness', 'dwi_exponential_ngtdm_Strength', 'dwi_exponential_glszm_GrayLevelNonUniformityNormalized', 'dwi_exponential_firstorder_Skewness', 'dwi_exponential_glszm_GrayLevelVariance', 'dwi_log-sigma-2-mm-3D_firstorder_Kurtosis', 'dwi_square_glrlm_GrayLevelNonUniformity', 'dwi_wavelet2-LL_ngtdm_Strength', 'dwi_wavelet2-LL_firstorder_Kurtosis', 'dwi_square_ngtdm_Busyness', 'dwi_exponential_glcm_ClusterProminence', 'dwi_exponential_glrlm_GrayLevelVariance', 'dwi_square_firstorder_Kurtosis', 'dwi_wavelet2-LL_glcm_ClusterShade', 'dwi_exponential_firstorder_Maximum', 'dwi_exponential_gldm_SmallDependenceHighGrayLevelEmphasis', 'dwi_log-sigma-3-mm-3D_ngtdm_Strength', 'dwi_square_glcm_MCC', 'dwi_log-sigma-3-mm-3D_ngtdm_Busyness', 'adc_logarithm_gldm_GrayLevelNonUniformity', 'dwi_log-sigma-2-mm-3D_glcm_MCC', 'dwi_exponential_glszm_LargeAreaHighGrayLevelEmphasis', 'dwi_wavelet2-LH_glcm_Correlation', 'dwi_wavelet2-LH_glcm_MCC', 'dwi_wavelet2-LH_glcm_Imc2', 'adc_logarithm_ngtdm_Coarseness', 'dwi_square_glszm_SmallAreaHighGrayLevelEmphasis', 'dwi_exponential_glszm_SizeZoneNonUniformityNormalized', 'dwi_log-sigma-3-mm-3D_glrlm_GrayLevelNonUniformity', 'dwi_log-sigma-3-mm-3D_glrlm_LongRunHighGrayLevelEmphasis', 'dwi_exponential_gldm_SmallDependenceEmphasis', 'dwi_exponential_glcm_Imc2', 'dwi_square_glszm_SizeZoneNonUniformityNormalized', 't2_original_shape_SurfaceVolumeRatio', 'dwi_log-sigma-3-mm-3D_gldm_LargeDependenceHighGrayLevelEmphasis', 'dwi_square_firstorder_Maximum', 'dwi_wavelet-LH_glcm_Imc1']","[0.8655913978494624, 0.5132743362831859]","[0.7453703703703703, 0.6987951807228916]","[0.8009950248756219, 0.5918367346938775]","[0.7453703703703703, 0.6987951807228916]",Logistic Regression
13,3,0.8250299823633157,0.6206896551724138,0.7861386138613862,0.37204475803348985,0.3667009538058724,0.6017699115044248,0.6812041046883826,0.7009966777408638,0.6732673267326733,0.715,0.544,0.8125,0.6941336633663366,40,"['dwi_square_ngtdm_Strength', 'dwi_exponential_glcm_Imc1', 'dwi_square_ngtdm_Busyness', 'dwi_log-sigma-3-mm-3D_firstorder_Skewness', 'dwi_exponential_glszm_GrayLevelNonUniformityNormalized', 'dwi_exponential_ngtdm_Strength', 'dwi_exponential_glszm_GrayLevelVariance', 'dwi_square_glrlm_GrayLevelNonUniformity', 'dwi_wavelet2-LL_ngtdm_Strength', 'dwi_square_firstorder_Skewness', 'dwi_log-sigma-3-mm-3D_firstorder_Kurtosis', 'dwi_wavelet2-LL_firstorder_Skewness', 'dwi_exponential_glcm_ClusterProminence', 'dwi_exponential_glrlm_GrayLevelVariance', 'dwi_exponential_gldm_SmallDependenceHighGrayLevelEmphasis', 'dwi_exponential_firstorder_Skewness', 'dwi_exponential_firstorder_Maximum', 'dwi_log-sigma-3-mm-3D_ngtdm_Busyness', 'dwi_wavelet2-LL_glcm_ClusterShade', 'dwi_exponential_glszm_SizeZoneNonUniformityNormalized', 'dwi_log-sigma-2-mm-3D_firstorder_Kurtosis', 'dwi_exponential_glszm_LargeAreaHighGrayLevelEmphasis', 'dwi_square_glcm_MCC', 'dwi_square_glszm_SmallAreaHighGrayLevelEmphasis', 'dwi_wavelet2-LL_glszm_GrayLevelNonUniformity', 'dwi_square_firstorder_Kurtosis', 'dwi_log-sigma-2-mm-3D_glcm_MCC', 'adc_logarithm_gldm_GrayLevelNonUniformity', 'adc_wavelet2-LL_ngtdm_Coarseness', 'dwi_exponential_gldm_SmallDependenceEmphasis', 'dwi_wavelet2-LL_firstorder_Kurtosis', 'dwi_exponential_glcm_Imc2', 'dwi_square_glszm_SizeZoneNonUniformityNormalized', 't2_original_glszm_GrayLevelNonUniformity', 'dwi_log-sigma-3-mm-3D_gldm_LargeDependenceHighGrayLevelEmphasis', 'dwi_wavelet2-LH_glcm_Imc2', 'dwi_wavelet2-LH_glcm_MCC', 'dwi_log-sigma-2-mm-3D_ngtdm_Strength', 'dwi_log-sigma-0-6-mm-3D_glszm_ZoneVariance', 't2_log-sigma-3-mm-3D_glszm_ZoneEntropy']","[0.8125, 0.544]","[0.715, 0.6732673267326733]","[0.7606382978723404, 0.6017699115044248]","[0.715, 0.6732673267326733]",Logistic Regression
14,3,0.8234413295282861,0.6298076923076923,0.8089285714285714,0.4147575310031266,0.39534883720930236,0.5789473684210527,0.6914344685242518,0.7324414715719063,0.7333333333333333,0.7321428571428571,0.4782608695652174,0.8913043478260869,0.7327380952380952,43,"['dwi_square_ngtdm_Strength', 'dwi_exponential_glszm_GrayLevelNonUniformityNormalized', 'dwi_wavelet2-LL_ngtdm_Strength', 'dwi_exponential_glcm_Imc1', 'dwi_log-sigma-3-mm-3D_firstorder_Skewness', 'dwi_exponential_ngtdm_Strength', 'dwi_square_ngtdm_Busyness', 'dwi_exponential_glcm_ClusterProminence', 'dwi_exponential_gldm_SmallDependenceHighGrayLevelEmphasis', 'dwi_exponential_glrlm_GrayLevelVariance', 'dwi_square_glrlm_GrayLevelNonUniformity', 'dwi_wavelet2-LL_firstorder_Skewness', 'dwi_square_firstorder_Skewness', 'dwi_log-sigma-3-mm-3D_ngtdm_Busyness', 'dwi_wavelet2-LL_glcm_ClusterShade', 'dwi_exponential_firstorder_Maximum', 'dwi_exponential_firstorder_Skewness', 'dwi_square_glcm_MCC', 'dwi_exponential_glszm_LargeAreaEmphasis', 'dwi_square_glszm_SmallAreaHighGrayLevelEmphasis', 'dwi_wavelet2-LH_glcm_Imc2', 'dwi_square_glszm_SizeZoneNonUniformityNormalized', 'dwi_log-sigma-2-mm-3D_glcm_MCC', 'dwi_exponential_gldm_SmallDependenceEmphasis', 'dwi_exponential_glszm_SizeZoneNonUniformityNormalized', 'dwi_wavelet2-LL_glszm_GrayLevelNonUniformity', 'adc_logarithm_gldm_GrayLevelNonUniformity', 'dwi_wavelet2-LH_glcm_Correlation', 'dwi_exponential_glcm_Imc2', 'dwi_logarithm_gldm_GrayLevelNonUniformity', 'dwi_log-sigma-2-mm-3D_ngtdm_Strength', 'dwi_log-sigma-2-mm-3D_firstorder_Kurtosis', 'dwi_log-sigma-0-6-mm-3D_glszm_ZoneVariance', 'dwi_log-sigma-3-mm-3D_gldm_LargeDependenceHighGrayLevelEmphasis', 'dwi_square_firstorder_Kurtosis', 'dwi_wavelet2-LH_glcm_MCC', 'adc_wavelet2-LL_ngtdm_Coarseness', 'dwi_log-sigma-2-mm-3D_ngtdm_Busyness', 'dwi_wavelet2-LL_firstorder_Kurtosis', 't2_squareroot_glszm_SizeZoneNonUniformity', 'dwi_log-sigma-3-mm-3D_glcm_JointAverage', 't2_logarithm_ngtdm_Coarseness', 'dwi_exponential_glszm_ZoneVariance']","[0.8913043478260869, 0.4782608695652174]","[0.7321428571428571, 0.7333333333333333]","[0.803921568627451, 0.5789473684210527]","[0.7321428571428571, 0.7333333333333333]",Logistic Regression
15,3,0.8235683904496915,0.6294416243654822,0.7913642960812771,0.42227199145905187,0.415734670266101,0.6116504854368932,0.7058252427184466,0.735973597359736,0.6923076923076923,0.7547169811320755,0.5478260869565217,0.851063829787234,0.7235123367198839,41,"['dwi_square_ngtdm_Strength', 'dwi_exponential_ngtdm_Strength', 'dwi_log-sigma-3-mm-3D_firstorder_Skewness', 'dwi_exponential_glszm_GrayLevelNonUniformityNormalized', 'dwi_exponential_glcm_Imc1', 'dwi_square_firstorder_Skewness', 'dwi_exponential_glszm_GrayLevelVariance', 'dwi_log-sigma-3-mm-3D_firstorder_Kurtosis', 'dwi_exponential_firstorder_Skewness', 'dwi_exponential_glcm_ClusterProminence', 'dwi_exponential_glrlm_GrayLevelVariance', 'dwi_exponential_gldm_SmallDependenceHighGrayLevelEmphasis', 'dwi_exponential_firstorder_Maximum', 'dwi_wavelet2-LL_firstorder_Skewness', 'dwi_square_glrlm_GrayLevelNonUniformity', 'dwi_wavelet2-LL_ngtdm_Strength', 'dwi_square_ngtdm_Busyness', 'dwi_wavelet2-LL_firstorder_Kurtosis', 'dwi_square_firstorder_Kurtosis', 'dwi_log-sigma-2-mm-3D_firstorder_Kurtosis', 'dwi_exponential_glszm_SizeZoneNonUniformityNormalized', 'dwi_exponential_glszm_LargeAreaEmphasis', 'adc_logarithm_gldm_GrayLevelNonUniformity', 'adc_wavelet2-LL_ngtdm_Coarseness', 'dwi_exponential_gldm_SmallDependenceEmphasis', 'dwi_wavelet2-LL_glszm_GrayLevelNonUniformity', 'dwi_wavelet2-LL_glcm_ClusterShade', 'dwi_log-sigma-3-mm-3D_ngtdm_Busyness', 'dwi_exponential_glcm_Imc2', 't2_original_glszm_GrayLevelNonUniformity', 't2_original_shape_SurfaceVolumeRatio', 'dwi_square_glcm_MCC', 'adc_wavelet2-LL_glcm_Imc1', 'dwi_log-sigma-2-mm-3D_glcm_MCC', 't2_logarithm_ngtdm_Coarseness', 'dwi_log-sigma-0-6-mm-3D_glszm_ZoneVariance', 'dwi_square_glrlm_GrayLevelVariance', 'dwi_squareroot_ngtdm_Coarseness', 'adc_squareroot_firstorder_TotalEnergy', 'dwi_square_glszm_SizeZoneNonUniformityNormalized', 'dwi_original_ngtdm_Coarseness']","[0.851063829787234, 0.5478260869565217]","[0.7547169811320755, 0.6923076923076923]","[0.8, 0.6116504854368932]","[0.7547169811320755, 0.6923076923076923]",Logistic Regression
16,4,0.8274280599746965,0.6450060168471721,0.8060175118998648,0.35707225291671896,0.3353757168766237,0.5472636815920398,0.6584419673782984,0.6946308724832215,0.7142857142857143,0.6877828054298643,0.4435483870967742,0.8735632183908046,0.7010342598577892,43,"['dwi_square_ngtdm_Strength', 'dwi_log-sigma-3-mm-3D_firstorder_Skewness', 'dwi_exponential_glcm_Imc1', 'dwi_square_ngtdm_Busyness', 'dwi_exponential_ngtdm_Strength', 'dwi_wavelet2-LL_firstorder_Skewness', 'dwi_exponential_glszm_GrayLevelNonUniformityNormalized', 'dwi_wavelet2-LL_ngtdm_Strength', 'dwi_square_glrlm_GrayLevelNonUniformity', 'dwi_square_firstorder_Skewness', 'dwi_exponential_glszm_GrayLevelVariance', 'dwi_wavelet2-LL_glcm_ClusterShade', 'dwi_log-sigma-3-mm-3D_firstorder_Kurtosis', 'dwi_exponential_glcm_ClusterProminence', 'dwi_exponential_gldm_SmallDependenceHighGrayLevelEmphasis', 'dwi_exponential_glrlm_GrayLevelVariance', 'dwi_exponential_firstorder_Skewness', 'dwi_square_glcm_MCC', 'dwi_exponential_firstorder_Maximum', 'dwi_log-sigma-3-mm-3D_ngtdm_Busyness', 'adc_logarithm_gldm_GrayLevelNonUniformity', 'dwi_wavelet2-LL_glszm_GrayLevelNonUniformity', 'dwi_exponential_glszm_LargeAreaHighGrayLevelEmphasis', 'adc_wavelet2-LL_ngtdm_Coarseness', 'dwi_square_firstorder_Kurtosis', 't2_squareroot_glszm_SizeZoneNonUniformity', 'dwi_exponential_glszm_SizeZoneNonUniformityNormalized', 'dwi_log-sigma-2-mm-3D_glcm_MCC', 'dwi_square_glszm_SmallAreaHighGrayLevelEmphasis', 'dwi_wavelet2-LH_glcm_Correlation', 'dwi_exponential_gldm_DependenceVariance', 'dwi_log-sigma-0-6-mm-3D_glszm_ZoneVariance', 'dwi_log-sigma-2-mm-3D_firstorder_Kurtosis', 'dwi_wavelet2-LL_firstorder_Kurtosis', 'dwi_square_glcm_ClusterShade', 'dwi_wavelet2-LH_glcm_Imc2', 'dwi_exponential_glcm_Imc2', 'dwi_logarithm_gldm_GrayLevelNonUniformity', 'dwi_square_glszm_SizeZoneNonUniformityNormalized', 't2_original_shape_SurfaceVolumeRatio', 't2_wavelet-HL_glszm_GrayLevelNonUniformity', 't2_logarithm_ngtdm_Coarseness', 'dwi_logarithm_ngtdm_Coarseness']","[0.8735632183908046, 0.4435483870967742]","[0.6877828054298643, 0.7142857142857143]","[0.769620253164557, 0.5472636815920398]","[0.6877828054298643, 0.7142857142857143]",Logistic Regression
17,4,0.8346437069633584,0.6117936117936118,0.767416225749559,0.34174578472445805,0.3258749282845669,0.5523809523809524,0.6556776556776557,0.6866666666666666,0.6904761904761905,0.6851851851851852,0.4603174603174603,0.8505747126436781,0.6878306878306879,42,"['dwi_square_ngtdm_Strength', 'dwi_log-sigma-3-mm-3D_firstorder_Skewness', 'dwi_exponential_glcm_Imc1', 'dwi_exponential_ngtdm_Strength', 'dwi_exponential_glszm_GrayLevelNonUniformityNormalized', 'dwi_square_firstorder_Skewness', 'dwi_log-sigma-3-mm-3D_firstorder_Kurtosis', 'dwi_wavelet2-LL_firstorder_Skewness', 'dwi_exponential_firstorder_Skewness', 'dwi_exponential_glcm_ClusterProminence', 'dwi_exponential_glrlm_GrayLevelVariance', 'dwi_exponential_gldm_SmallDependenceHighGrayLevelEmphasis', 'dwi_exponential_firstorder_Maximum', 'dwi_square_glrlm_GrayLevelNonUniformity', 'dwi_square_ngtdm_Busyness', 'dwi_wavelet2-LL_ngtdm_Strength', 'dwi_log-sigma-2-mm-3D_firstorder_Kurtosis', 'dwi_square_firstorder_Kurtosis', 'dwi_wavelet2-LL_firstorder_Kurtosis', 'dwi_wavelet2-LL_glcm_ClusterShade', 'dwi_exponential_glszm_SizeZoneNonUniformityNormalized', 'dwi_exponential_glszm_LargeAreaEmphasis', 'dwi_log-sigma-3-mm-3D_ngtdm_Strength', 'dwi_exponential_gldm_SmallDependenceEmphasis', 'dwi_exponential_glcm_Imc2', 'adc_logarithm_gldm_GrayLevelNonUniformity', 'dwi_square_glcm_MCC', 'dwi_log-sigma-3-mm-3D_ngtdm_Busyness', 'dwi_square_glszm_SmallAreaHighGrayLevelEmphasis', 'dwi_wavelet2-LL_glszm_GrayLevelNonUniformity', 'dwi_square_glszm_SizeZoneNonUniformityNormalized', 'adc_logarithm_ngtdm_Coarseness', 'dwi_wavelet2-LH_glcm_MCC', 'dwi_wavelet2-LH_glcm_Correlation', 'dwi_log-sigma-0-6-mm-3D_firstorder_Skewness', 'dwi_square_firstorder_Maximum', 'dwi_log-sigma-3-mm-3D_glrlm_LongRunHighGrayLevelEmphasis', 'dwi_log-sigma-2-mm-3D_glcm_MCC', 't2_squareroot_glszm_SizeZoneNonUniformity', 'adc_wavelet2-LL_glcm_Imc1', 'dwi_log-sigma-3-mm-3D_gldm_LargeDependenceHighGrayLevelEmphasis', 'dwi_log-sigma-0-6-mm-3D_glszm_ZoneVariance']","[0.8505747126436781, 0.4603174603174603]","[0.6851851851851852, 0.6904761904761905]","[0.7589743589743589, 0.5523809523809524]","[0.6851851851851852, 0.6904761904761905]",Logistic Regression
18,4,0.8287412811338354,0.6195121951219512,0.7597903176071539,0.34368897153994754,0.33475971033574714,0.5727272727272728,0.6633269871489766,0.6877076411960132,0.6702127659574468,0.6956521739130435,0.5,0.8228571428571428,0.6829324699352451,41,"['dwi_square_ngtdm_Strength', 'dwi_log-sigma-3-mm-3D_firstorder_Skewness', 'dwi_square_ngtdm_Busyness', 'dwi_exponential_glszm_GrayLevelNonUniformityNormalized', 'dwi_square_firstorder_Skewness', 'dwi_wavelet2-LL_firstorder_Skewness', 'dwi_exponential_glcm_Imc1', 'dwi_exponential_ngtdm_Strength', 'dwi_wavelet2-LL_ngtdm_Strength', 'dwi_exponential_glszm_GrayLevelVariance', 'dwi_square_glrlm_GrayLevelNonUniformity', 'dwi_log-sigma-3-mm-3D_firstorder_Kurtosis', 'dwi_exponential_firstorder_Skewness', 'dwi_exponential_gldm_SmallDependenceHighGrayLevelEmphasis', 'dwi_exponential_glrlm_GrayLevelVariance', 'dwi_exponential_glcm_ClusterProminence', 'dwi_wavelet2-LL_glcm_ClusterShade', 'dwi_exponential_firstorder_Maximum', 'dwi_log-sigma-3-mm-3D_ngtdm_Busyness', 'dwi_square_firstorder_Kurtosis', 'dwi_log-sigma-2-mm-3D_firstorder_Kurtosis', 'dwi_exponential_glszm_LargeAreaHighGrayLevelEmphasis', 'dwi_exponential_glszm_SizeZoneNonUniformityNormalized', 'dwi_square_glcm_MCC', 'dwi_wavelet2-LL_glszm_GrayLevelNonUniformity', 'dwi_wavelet2-LL_firstorder_Kurtosis', 'dwi_square_glszm_SmallAreaHighGrayLevelEmphasis', 'dwi_log-sigma-2-mm-3D_glcm_MCC', 'adc_logarithm_gldm_GrayLevelNonUniformity', 'dwi_exponential_gldm_SmallDependenceEmphasis', 'dwi_square_glszm_SizeZoneNonUniformityNormalized', 'adc_wavelet2-LL_ngtdm_Coarseness', 'dwi_log-sigma-0-6-mm-3D_glszm_ZoneVariance', 'dwi_logarithm_gldm_GrayLevelNonUniformity', 'dwi_wavelet2-LH_glcm_Imc2', 'dwi_exponential_glcm_Imc2', 'dwi_wavelet2-LH_glcm_MCC', 'dwi_log-sigma-3-mm-3D_gldm_LargeDependenceHighGrayLevelEmphasis', 'dwi_log-sigma-2-mm-3D_ngtdm_Strength', 't2_original_shape_SurfaceVolumeRatio', 'dwi_log-sigma-2-mm-3D_ngtdm_Busyness']","[0.8228571428571428, 0.5]","[0.6956521739130435, 0.6702127659574468]","[0.7539267015706806, 0.5727272727272728]","[0.6956521739130435, 0.6702127659574468]",Logistic Regression
19,4,0.8225180459963067,0.6298076923076923,0.7892857142857141,0.4023593535932649,0.3936062336553343,0.5681818181818182,0.6940435157259802,0.745819397993311,0.6666666666666666,0.7723214285714286,0.49504950495049505,0.8737373737373737,0.7194940476190477,43,"['dwi_square_ngtdm_Strength', 'dwi_exponential_glcm_Imc1', 'dwi_log-sigma-3-mm-3D_firstorder_Skewness', 'dwi_exponential_glszm_GrayLevelNonUniformityNormalized', 'dwi_exponential_ngtdm_Strength', 'dwi_exponential_glszm_GrayLevelVariance', 'dwi_wavelet2-LL_firstorder_Skewness', 'dwi_log-sigma-3-mm-3D_firstorder_Kurtosis', 'dwi_exponential_glcm_ClusterProminence', 'dwi_exponential_glrlm_GrayLevelVariance', 'dwi_wavelet2-LL_ngtdm_Strength', 'dwi_square_glrlm_GrayLevelNonUniformity', 'dwi_exponential_gldm_SmallDependenceHighGrayLevelEmphasis', 'dwi_square_firstorder_Skewness', 'dwi_exponential_firstorder_Maximum', 'dwi_exponential_firstorder_Skewness', 'dwi_square_ngtdm_Busyness', 'dwi_log-sigma-3-mm-3D_ngtdm_Busyness', 'dwi_exponential_glszm_LargeAreaHighGrayLevelEmphasis', 'dwi_wavelet2-LL_glcm_ClusterShade', 'dwi_log-sigma-2-mm-3D_firstorder_Kurtosis', 'dwi_wavelet2-LL_glszm_GrayLevelNonUniformity', 'adc_logarithm_gldm_GrayLevelNonUniformity', 'dwi_log-sigma-2-mm-3D_glcm_MCC', 't2_original_shape_SurfaceVolumeRatio', 'adc_wavelet2-LL_ngtdm_Coarseness', 'dwi_exponential_glcm_Imc2', 'dwi_square_glcm_MCC', 'dwi_original_firstorder_Kurtosis', 'dwi_exponential_gldm_SmallDependenceEmphasis', 'dwi_wavelet2-LH_glcm_Correlation', 'dwi_square_firstorder_Kurtosis', 'dwi_exponential_glszm_SizeZoneNonUniformityNormalized', 'dwi_square_glszm_SmallAreaHighGrayLevelEmphasis', 'dwi_wavelet2-LH_glcm_Imc2', 't2_squareroot_glszm_SizeZoneNonUniformity', 'dwi_log-sigma-0-6-mm-3D_glszm_ZoneVariance', 'dwi_wavelet2-LH_glcm_MCC', 't2_logarithm_ngtdm_Coarseness', 'dwi_logarithm_ngtdm_Coarseness', 'adc_squareroot_firstorder_TotalEnergy', 'dwi_square_glszm_SizeZoneNonUniformityNormalized', 'dwi_log-sigma-3-mm-3D_gldm_LargeDependenceHighGrayLevelEmphasis']","[0.8737373737373737, 0.49504950495049505]","[0.7723214285714286, 0.6666666666666666]","[0.8199052132701422, 0.5681818181818182]","[0.7723214285714286, 0.6666666666666666]",Logistic Regression
20,4,0.8180631196760229,0.6142131979695431,0.83162979913552,0.45802505207368854,0.4564863665499729,0.6368159203980099,0.7278372405960273,0.7582781456953642,0.6736842105263158,0.7971014492753623,0.6037735849056604,0.8418367346938775,0.735392829900839,41,"['dwi_square_ngtdm_Strength', 'dwi_log-sigma-3-mm-3D_firstorder_Skewness', 'dwi_log-sigma-3-mm-3D_firstorder_Kurtosis', 'dwi_square_firstorder_Skewness', 'dwi_exponential_ngtdm_Strength', 'dwi_exponential_glcm_Imc1', 'dwi_exponential_glszm_GrayLevelNonUniformityNormalized', 'dwi_log-sigma-2-mm-3D_firstorder_Kurtosis', 'dwi_original_firstorder_Skewness', 'dwi_exponential_firstorder_Skewness', 'dwi_exponential_glszm_GrayLevelVariance', 'dwi_square_firstorder_Kurtosis', 'dwi_wavelet2-LL_ngtdm_Strength', 'dwi_wavelet2-LL_firstorder_Kurtosis', 'dwi_square_ngtdm_Busyness', 'dwi_exponential_glrlm_GrayLevelVariance', 'dwi_exponential_glcm_ClusterProminence', 'dwi_exponential_firstorder_Maximum', 'dwi_exponential_gldm_SmallDependenceHighGrayLevelEmphasis', 'dwi_square_glrlm_GrayLevelNonUniformity', 'dwi_wavelet2-LL_glcm_ClusterShade', 'dwi_log-sigma-3-mm-3D_ngtdm_Busyness', 'dwi_square_glszm_SmallAreaHighGrayLevelEmphasis', 'dwi_square_glcm_MCC', 'dwi_exponential_glszm_SizeZoneNonUniformityNormalized', 'dwi_square_glszm_SizeZoneNonUniformityNormalized', 'dwi_log-sigma-3-mm-3D_glrlm_LongRunHighGrayLevelEmphasis', 'adc_logarithm_gldm_GrayLevelNonUniformity', 'dwi_log-sigma-2-mm-3D_glcm_MCC', 'dwi_log-sigma-3-mm-3D_glcm_ClusterShade', 'dwi_exponential_glszm_LargeAreaHighGrayLevelEmphasis', 'dwi_wavelet2-LH_glcm_Imc2', 'dwi_log-sigma-2-mm-3D_ngtdm_Strength', 'dwi_wavelet2-LH_glcm_MCC', 'dwi_exponential_gldm_SmallDependenceEmphasis', 't2_squareroot_glszm_GrayLevelNonUniformity', 'adc_wavelet2-LL_ngtdm_Coarseness', 'adc_wavelet2-LL_glcm_Imc1', 'dwi_exponential_glcm_Imc2', 'dwi_logarithm_glrlm_GrayLevelNonUniformity', 'dwi_wavelet2-LH_glcm_Correlation']","[0.8418367346938775, 0.6037735849056604]","[0.7971014492753623, 0.6736842105263158]","[0.8188585607940446, 0.6368159203980099]","[0.7971014492753623, 0.6736842105263158]",Logistic Regression
21,5,0.8358796137779908,0.6464155528554071,0.7686274509803922,0.3201883152571094,0.3167640082634089,0.5291005291005291,0.6568020805308941,0.7043189368770764,0.5882352941176471,0.75,0.4807692307692308,0.8223350253807107,0.6691176470588236,42,"['dwi_square_ngtdm_Strength', 'dwi_log-sigma-3-mm-3D_firstorder_Skewness', 'dwi_exponential_glszm_GrayLevelNonUniformityNormalized', 'dwi_exponential_ngtdm_Strength', 'dwi_exponential_glcm_Imc1', 'dwi_exponential_glszm_GrayLevelVariance', 'dwi_wavelet2-LL_firstorder_Skewness', 'dwi_square_firstorder_Skewness', 'dwi_wavelet2-LL_ngtdm_Strength', 'dwi_exponential_glrlm_GrayLevelVariance', 'dwi_exponential_glcm_ClusterProminence', 'dwi_square_ngtdm_Busyness', 'dwi_exponential_gldm_SmallDependenceHighGrayLevelEmphasis', 'dwi_log-sigma-3-mm-3D_firstorder_Kurtosis', 'dwi_exponential_firstorder_Maximum', 'dwi_exponential_firstorder_Skewness', 'dwi_wavelet2-LL_glcm_ClusterShade', 'dwi_square_glrlm_GrayLevelNonUniformity', 'dwi_exponential_glszm_SizeZoneNonUniformityNormalized', 'dwi_log-sigma-3-mm-3D_ngtdm_Busyness', 'dwi_square_firstorder_Kurtosis', 'dwi_wavelet2-LL_firstorder_Kurtosis', 'dwi_log-sigma-2-mm-3D_firstorder_Kurtosis', 'dwi_square_glszm_SmallAreaHighGrayLevelEmphasis', 'dwi_exponential_glszm_LargeAreaHighGrayLevelEmphasis', 'dwi_square_glcm_MCC', 'adc_logarithm_gldm_GrayLevelNonUniformity', 'dwi_exponential_gldm_SmallDependenceEmphasis', 'dwi_log-sigma-3-mm-3D_glcm_MCC', 'dwi_square_glszm_SizeZoneNonUniformityNormalized', 'dwi_exponential_glcm_Imc2', 'dwi_wavelet2-LL_glszm_GrayLevelNonUniformity', 'dwi_wavelet2-LH_glcm_Imc2', 'dwi_wavelet2-LH_glcm_MCC', 'adc_wavelet2-LL_ngtdm_Coarseness', 'dwi_log-sigma-2-mm-3D_ngtdm_Strength', 'dwi_log-sigma-3-mm-3D_gldm_LargeDependenceHighGrayLevelEmphasis', 't2_original_shape_SurfaceVolumeRatio', 'dwi_wavelet2-LH_glcm_Correlation', 'dwi_logarithm_gldm_GrayLevelNonUniformity', 't2_wavelet2-LL_glszm_SizeZoneNonUniformity', 'dwi_log-sigma-2-mm-3D_ngtdm_Busyness']","[0.8223350253807107, 0.4807692307692308]","[0.75, 0.5882352941176471]","[0.784503631961259, 0.5291005291005291]","[0.75, 0.5882352941176471]",Logistic Regression
22,5,0.832710919599193,0.6487148102815178,0.7824753559693318,0.41552883240667343,0.3902574422316286,0.5953488372093023,0.6864212216737049,0.7128712871287128,0.7710843373493976,0.6909090909090909,0.48484848484848486,0.8888888888888888,0.7309967141292443,42,"['dwi_square_ngtdm_Strength', 'dwi_exponential_glcm_Imc1', 'dwi_square_glrlm_GrayLevelNonUniformity', 'dwi_log-sigma-3-mm-3D_firstorder_Skewness', 'dwi_exponential_glszm_GrayLevelNonUniformityNormalized', 'dwi_square_firstorder_Skewness', 'dwi_exponential_ngtdm_Strength', 'dwi_square_ngtdm_Busyness', 'dwi_exponential_glszm_GrayLevelVariance', 'dwi_log-sigma-3-mm-3D_firstorder_Kurtosis', 'dwi_exponential_glcm_ClusterProminence', 'dwi_exponential_gldm_SmallDependenceHighGrayLevelEmphasis', 'dwi_exponential_glrlm_GrayLevelVariance', 'dwi_exponential_firstorder_Skewness', 'dwi_wavelet2-LL_firstorder_Skewness', 'adc_logarithm_gldm_GrayLevelNonUniformity', 'dwi_exponential_glszm_LargeAreaHighGrayLevelEmphasis', 'dwi_wavelet2-LL_ngtdm_Strength', 'dwi_exponential_firstorder_Maximum', 'dwi_square_firstorder_Kurtosis', 'adc_original_ngtdm_Coarseness', 'dwi_wavelet2-LL_glszm_GrayLevelNonUniformity', 'dwi_exponential_gldm_DependenceVariance', 'dwi_wavelet2-LL_firstorder_Kurtosis', 'dwi_log-sigma-2-mm-3D_firstorder_Kurtosis', 't2_squareroot_glszm_SizeZoneNonUniformity', 'dwi_exponential_glszm_SizeZoneNonUniformityNormalized', 'dwi_exponential_glcm_Imc2', 'dwi_log-sigma-3-mm-3D_ngtdm_Busyness', 'dwi_square_glcm_MCC', 'dwi_wavelet2-LL_glcm_ClusterShade', 'dwi_log-sigma-0-6-mm-3D_glszm_ZoneVariance', 't2_logarithm_ngtdm_Coarseness', 'dwi_wavelet2-LH_glcm_Correlation', 'dwi_wavelet2-LH_glcm_Imc1', 'dwi_exponential_glszm_ZoneVariance', 'adc_wavelet-HH_ngtdm_Coarseness', 'dwi_exponential_glcm_JointAverage', 'adc_wavelet2-LL_glcm_Imc1', 't2_original_shape_MinorAxisLength', 'dwi_wavelet2-LH_glcm_Imc2', 't2_log-sigma-3-mm-3D_glszm_ZoneEntropy']","[0.8888888888888888, 0.48484848484848486]","[0.6909090909090909, 0.7710843373493976]","[0.7774936061381074, 0.5953488372093023]","[0.6909090909090909, 0.7710843373493976]",Logistic Regression
23,5,0.8269619269619268,0.6219512195121951,0.8182027649769585,0.4744756506422743,0.45328358208955233,0.63,0.7210913705583757,0.7508417508417509,0.7875,0.7373271889400922,0.525,0.903954802259887,0.7624135944700461,43,"['dwi_square_ngtdm_Strength', 'dwi_log-sigma-3-mm-3D_firstorder_Skewness', 'dwi_log-sigma-3-mm-3D_firstorder_Kurtosis', 'dwi_square_firstorder_Skewness', 'dwi_wavelet2-LL_firstorder_Skewness', 'dwi_exponential_glcm_Imc1', 'dwi_exponential_ngtdm_Strength', 'dwi_exponential_glszm_GrayLevelNonUniformityNormalized', 'dwi_exponential_firstorder_Skewness', 'dwi_wavelet2-LL_ngtdm_Strength', 'dwi_exponential_glszm_GrayLevelVariance', 'dwi_log-sigma-2-mm-3D_firstorder_Kurtosis', 'dwi_square_glrlm_GrayLevelNonUniformity', 'dwi_square_ngtdm_Busyness', 'dwi_exponential_glcm_ClusterProminence', 'dwi_square_firstorder_Kurtosis', 'dwi_wavelet2-LL_glcm_ClusterShade', 'dwi_exponential_glrlm_GrayLevelVariance', 'dwi_exponential_gldm_SmallDependenceHighGrayLevelEmphasis', 'dwi_exponential_firstorder_Maximum', 'dwi_original_firstorder_Kurtosis', 'dwi_log-sigma-3-mm-3D_ngtdm_Busyness', 'dwi_exponential_glszm_SizeZoneNonUniformityNormalized', 'adc_logarithm_gldm_GrayLevelNonUniformity', 'dwi_square_glszm_SizeZoneNonUniformityNormalized', 'dwi_exponential_glszm_LargeAreaHighGrayLevelEmphasis', 'dwi_square_glszm_SmallAreaHighGrayLevelEmphasis', 'dwi_logarithm_glrlm_GrayLevelNonUniformity', 'dwi_log-sigma-2-mm-3D_glcm_MCC', 'dwi_square_glcm_MCC', 'adc_wavelet2-LL_ngtdm_Coarseness', 'dwi_log-sigma-3-mm-3D_glrlm_LongRunHighGrayLevelEmphasis', 'dwi_wavelet2-LH_glcm_MCC', 'dwi_exponential_gldm_SmallDependenceEmphasis', 't2_original_glszm_GrayLevelNonUniformity', 'dwi_exponential_glcm_Imc2', 'dwi_square_glcm_ClusterShade', 'dwi_log-sigma-0-6-mm-3D_glszm_ZoneVariance', 'dwi_wavelet2-LH_glcm_Correlation', 'dwi_log-sigma-2-mm-3D_ngtdm_Strength', 'adc_wavelet2-LL_glcm_Imc1', 'dwi_wavelet2-LH_glcm_Imc2', 'dwi_logarithm_gldm_GrayLevelNonUniformity']","[0.903954802259887, 0.525]","[0.7373271889400922, 0.7875]","[0.8121827411167513, 0.63]","[0.7373271889400922, 0.7875]",Logistic Regression
24,5,0.8254690868580034,0.6062111801242236,0.7901479416809605,0.4851379239799213,0.471065597526809,0.6507177033492823,0.7320084680429275,0.7566666666666667,0.7727272727272727,0.75,0.5619834710743802,0.888268156424581,0.7613636363636364,42,"['dwi_square_ngtdm_Strength', 'dwi_log-sigma-3-mm-3D_firstorder_Skewness', 'dwi_exponential_glcm_Imc1', 'dwi_exponential_glszm_GrayLevelNonUniformityNormalized', 'dwi_wavelet2-LL_firstorder_Skewness', 'dwi_exponential_ngtdm_Strength', 'dwi_log-sigma-3-mm-3D_firstorder_Kurtosis', 'dwi_square_firstorder_Skewness', 'dwi_exponential_glszm_GrayLevelVariance', 'dwi_square_ngtdm_Busyness', 'dwi_square_glrlm_GrayLevelNonUniformity', 'dwi_wavelet2-LL_ngtdm_Strength', 'dwi_exponential_glcm_ClusterProminence', 'dwi_exponential_glrlm_GrayLevelVariance', 'dwi_exponential_gldm_SmallDependenceHighGrayLevelEmphasis', 'dwi_exponential_firstorder_Maximum', 'dwi_exponential_firstorder_Skewness', 'dwi_wavelet2-LL_glcm_ClusterShade', 'dwi_log-sigma-2-mm-3D_firstorder_Kurtosis', 'dwi_square_glcm_MCC', 'dwi_log-sigma-3-mm-3D_ngtdm_Strength', 'dwi_wavelet2-LL_firstorder_Kurtosis', 'dwi_exponential_glszm_LargeAreaHighGrayLevelEmphasis', 'dwi_log-sigma-3-mm-3D_ngtdm_Busyness', 'dwi_wavelet2-LL_glszm_GrayLevelNonUniformity', 'dwi_square_firstorder_Kurtosis', 'adc_logarithm_gldm_GrayLevelNonUniformity', 'dwi_exponential_glszm_SizeZoneNonUniformityNormalized', 'dwi_exponential_gldm_SmallDependenceEmphasis', 'dwi_square_glszm_SmallAreaHighGrayLevelEmphasis', 'adc_wavelet2-LL_ngtdm_Coarseness', 'dwi_exponential_glcm_Imc2', 'dwi_log-sigma-0-6-mm-3D_glszm_ZoneVariance', 'dwi_log-sigma-2-mm-3D_glcm_MCC', 'dwi_wavelet2-LH_glcm_Correlation', 'dwi_wavelet2-LH_glcm_Imc2', 't2_wavelet2-LL_glszm_SizeZoneNonUniformity', 'dwi_square_firstorder_Maximum', 'dwi_square_glszm_SizeZoneNonUniformityNormalized', 'dwi_log-sigma-0-6-mm-3D_firstorder_Skewness', 'dwi_log-sigma-3-mm-3D_gldm_LargeDependenceHighGrayLevelEmphasis', 'dwi_logarithm_ngtdm_Coarseness']","[0.888268156424581, 0.5619834710743802]","[0.75, 0.7727272727272727]","[0.8132992327365729, 0.6507177033492823]","[0.75, 0.7727272727272727]",Logistic Regression
25,5,0.8181255161023947,0.6222222222222222,0.8321562332798288,0.4448054170923372,0.44066939683502704,0.6224489795918368,0.7191846888008935,0.7525083612040134,0.6853932584269663,0.780952380952381,0.5700934579439252,0.8541666666666666,0.7331728196896736,42,"['dwi_square_ngtdm_Strength', 'dwi_log-sigma-3-mm-3D_firstorder_Skewness', 'dwi_exponential_ngtdm_Strength', 'dwi_exponential_glcm_Imc1', 'dwi_exponential_glszm_GrayLevelNonUniformityNormalized', 'dwi_wavelet2-LL_firstorder_Skewness', 'dwi_wavelet2-LL_ngtdm_Strength', 'dwi_square_ngtdm_Busyness', 'dwi_log-sigma-3-mm-3D_firstorder_Kurtosis', 'dwi_exponential_firstorder_Skewness', 'dwi_square_firstorder_Skewness', 'dwi_exponential_firstorder_Maximum', 'dwi_exponential_glcm_ClusterProminence', 'dwi_exponential_glrlm_GrayLevelVariance', 'dwi_exponential_gldm_SmallDependenceHighGrayLevelEmphasis', 'dwi_wavelet2-LL_glcm_ClusterShade', 'dwi_log-sigma-3-mm-3D_ngtdm_Busyness', 'dwi_square_glszm_SmallAreaHighGrayLevelEmphasis', 'dwi_square_glrlm_GrayLevelNonUniformity', 'dwi_log-sigma-2-mm-3D_glcm_MCC', 'dwi_log-sigma-2-mm-3D_firstorder_Kurtosis', 'dwi_square_glcm_MCC', 'dwi_square_firstorder_Kurtosis', 'dwi_square_glszm_SizeZoneNonUniformityNormalized', 'dwi_log-sigma-3-mm-3D_gldm_LargeDependenceHighGrayLevelEmphasis', 'dwi_wavelet2-LL_firstorder_Kurtosis', 'dwi_exponential_glszm_SizeZoneNonUniformityNormalized', 'dwi_wavelet2-LH_glcm_Imc2', 'dwi_exponential_glszm_LargeAreaHighGrayLevelEmphasis', 'dwi_wavelet2-LH_glcm_MCC', 'dwi_log-sigma-2-mm-3D_ngtdm_Strength', 'dwi_exponential_gldm_SmallDependenceEmphasis', 'dwi_wavelet2-LH_glcm_Correlation', 'dwi_exponential_glcm_Imc2', 'dwi_wavelet2-LL_glszm_GrayLevelNonUniformity', 'adc_logarithm_gldm_GrayLevelNonUniformity', 'dwi_log-sigma-2-mm-3D_ngtdm_Busyness', 'dwi_log-sigma-3-mm-3D_firstorder_Minimum', 'adc_wavelet2-LL_ngtdm_Coarseness', 'dwi_log-sigma-3-mm-3D_gldm_LowGrayLevelEmphasis', 'dwi_log-sigma-0-6-mm-3D_glszm_ZoneVariance', 'dwi_log-sigma-3-mm-3D_glrlm_ShortRunLowGrayLevelEmphasis']","[0.8541666666666666, 0.5700934579439252]","[0.780952380952381, 0.6853932584269663]","[0.8159203980099502, 0.6224489795918368]","[0.780952380952381, 0.6853932584269663]",Logistic Regression
26,6,0.8193642106685585,0.6233453670276775,0.814573732718894,0.4082813383572937,0.4004718836020449,0.5837837837837838,0.6977598625520386,0.7407407407407407,0.675,0.7649769585253456,0.5142857142857142,0.8645833333333334,0.7199884792626728,43,"['dwi_square_ngtdm_Strength', 'dwi_log-sigma-3-mm-3D_firstorder_Skewness', 'dwi_square_firstorder_Skewness', 'dwi_log-sigma-3-mm-3D_firstorder_Kurtosis', 'dwi_exponential_ngtdm_Strength', 'dwi_square_ngtdm_Busyness', 'dwi_exponential_firstorder_Skewness', 'dwi_exponential_glcm_Imc1', 'dwi_wavelet2-LL_ngtdm_Strength', 'dwi_exponential_glszm_GrayLevelNonUniformityNormalized', 'dwi_wavelet2-LL_firstorder_Skewness', 'dwi_log-sigma-2-mm-3D_firstorder_Kurtosis', 'dwi_square_glrlm_GrayLevelNonUniformity', 'dwi_square_firstorder_Kurtosis', 'dwi_exponential_glszm_GrayLevelVariance', 'dwi_log-sigma-3-mm-3D_ngtdm_Busyness', 'dwi_exponential_glcm_ClusterProminence', 'dwi_wavelet2-LL_firstorder_Kurtosis', 'dwi_exponential_glrlm_GrayLevelVariance', 'dwi_exponential_gldm_SmallDependenceHighGrayLevelEmphasis', 'dwi_exponential_firstorder_Maximum', 'dwi_wavelet2-LL_glcm_ClusterShade', 'dwi_log-sigma-2-mm-3D_glcm_MCC', 'dwi_log-sigma-3-mm-3D_gldm_LargeDependenceHighGrayLevelEmphasis', 'dwi_square_glszm_SmallAreaHighGrayLevelEmphasis', 'dwi_square_glszm_SizeZoneNonUniformityNormalized', 'dwi_square_glcm_MCC', 'dwi_wavelet2-LL_glszm_GrayLevelNonUniformity', 'dwi_log-sigma-3-mm-3D_glcm_ClusterShade', 'dwi_wavelet2-LH_glcm_MCC', 'adc_logarithm_gldm_GrayLevelNonUniformity', 'dwi_log-sigma-2-mm-3D_ngtdm_Strength', 'dwi_exponential_glszm_SizeZoneNonUniformityNormalized', 'adc_wavelet2-LL_ngtdm_Coarseness', 'dwi_wavelet2-LH_glcm_Imc2', 'dwi_exponential_glszm_LargeAreaEmphasis', 'dwi_log-sigma-2-mm-3D_ngtdm_Busyness', 'dwi_exponential_gldm_SmallDependenceEmphasis', 'dwi_logarithm_gldm_GrayLevelNonUniformity', 'dwi_log-sigma-3-mm-3D_glcm_JointAverage', 't2_original_shape_SurfaceVolumeRatio', 'dwi_log-sigma-0-6-mm-3D_firstorder_Skewness', 'dwi_log-sigma-0-6-mm-3D_glszm_ZoneVariance']","[0.8645833333333334, 0.5142857142857142]","[0.7649769585253456, 0.675]","[0.8117359413202934, 0.5837837837837838]","[0.7649769585253456, 0.675]",Logistic Regression
27,6,0.8349095533817699,0.6360248447204969,0.7875704265838795,0.39946425037621947,0.3822663996241624,0.5743589743589743,0.6852138852138852,0.7242524916943521,0.717948717948718,0.726457399103139,0.47863247863247865,0.8804347826086957,0.7222030585259285,43,"['dwi_square_ngtdm_Strength', 'dwi_log-sigma-3-mm-3D_firstorder_Skewness', 'dwi_exponential_glszm_GrayLevelNonUniformityNormalized', 'dwi_exponential_ngtdm_Strength', 'dwi_exponential_glcm_Imc1', 'dwi_wavelet2-LL_firstorder_Skewness', 'dwi_square_firstorder_Skewness', 'dwi_log-sigma-3-mm-3D_firstorder_Kurtosis', 'dwi_exponential_firstorder_Skewness', 'dwi_square_ngtdm_Busyness', 'dwi_exponential_glcm_ClusterProminence', 'dwi_exponential_glrlm_GrayLevelVariance', 'dwi_wavelet2-LL_ngtdm_Strength', 'dwi_exponential_gldm_SmallDependenceHighGrayLevelEmphasis', 'dwi_exponential_firstorder_Maximum', 'dwi_log-sigma-2-mm-3D_firstorder_Kurtosis', 'dwi_wavelet2-LL_glcm_ClusterShade', 'dwi_square_firstorder_Kurtosis', 'dwi_wavelet2-LL_firstorder_Kurtosis', 'dwi_square_glrlm_GrayLevelNonUniformity', 'dwi_exponential_glszm_SizeZoneNonUniformityNormalized', 'dwi_square_glszm_SmallAreaHighGrayLevelEmphasis', 'dwi_log-sigma-3-mm-3D_ngtdm_Busyness', 'dwi_exponential_glszm_LargeAreaHighGrayLevelEmphasis', 'dwi_square_glcm_ClusterProminence', 'dwi_square_glcm_MCC', 'dwi_square_glszm_SizeZoneNonUniformityNormalized', 'dwi_exponential_gldm_SmallDependenceEmphasis', 'adc_logarithm_gldm_GrayLevelNonUniformity', 'dwi_log-sigma-2-mm-3D_glcm_MCC', 'dwi_square_firstorder_Maximum', 'dwi_wavelet2-LH_glcm_Imc2', 'dwi_exponential_glcm_Imc2', 'dwi_log-sigma-2-mm-3D_ngtdm_Strength', 'dwi_wavelet2-LL_glszm_GrayLevelNonUniformity', 'dwi_log-sigma-0-6-mm-3D_glszm_ZoneVariance', 'dwi_wavelet2-LH_glcm_MCC', 'dwi_log-sigma-3-mm-3D_gldm_LargeDependenceHighGrayLevelEmphasis', 'dwi_wavelet2-LH_glcm_Correlation', 'adc_logarithm_ngtdm_Coarseness', 'dwi_log-sigma-2-mm-3D_ngtdm_Busyness', 't2_original_shape_SurfaceVolumeRatio', 't2_squareroot_glszm_SizeZoneNonUniformity']","[0.8804347826086957, 0.47863247863247865]","[0.726457399103139, 0.717948717948718]","[0.7960687960687961, 0.5743589743589743]","[0.726457399103139, 0.717948717948718]",Logistic Regression
28,6,0.8363107763095137,0.6436781609195402,0.7751583391977481,0.4023343123633668,0.401443547001203,0.6048780487804878,0.700423911040118,0.7308970099667774,0.6326530612244898,0.7783251231527094,0.5794392523364486,0.8144329896907216,0.7054890921885997,40,"['dwi_square_ngtdm_Strength', 'dwi_exponential_glcm_Imc1', 'dwi_exponential_glszm_GrayLevelNonUniformityNormalized', 'dwi_exponential_ngtdm_Strength', 'dwi_log-sigma-3-mm-3D_firstorder_Skewness', 'dwi_exponential_glszm_GrayLevelVariance', 'dwi_wavelet2-LL_firstorder_Skewness', 'dwi_exponential_glcm_ClusterProminence', 'dwi_exponential_glrlm_GrayLevelVariance', 'dwi_wavelet2-LL_ngtdm_Strength', 'dwi_exponential_firstorder_Maximum', 'dwi_square_firstorder_Skewness', 'dwi_exponential_gldm_SmallDependenceHighGrayLevelEmphasis', 'dwi_log-sigma-3-mm-3D_firstorder_Kurtosis', 'dwi_wavelet2-LL_glcm_ClusterShade', 'dwi_exponential_firstorder_Skewness', 'dwi_square_ngtdm_Busyness', 'dwi_square_glrlm_GrayLevelNonUniformity', 'dwi_square_glcm_MCC', 'dwi_log-sigma-3-mm-3D_ngtdm_Busyness', 'dwi_exponential_glszm_SizeZoneNonUniformityNormalized', 'dwi_exponential_glcm_Imc2', 'dwi_exponential_glszm_LargeAreaHighGrayLevelEmphasis', 'dwi_square_glszm_SmallAreaHighGrayLevelEmphasis', 'dwi_log-sigma-2-mm-3D_glcm_MCC', 'dwi_exponential_gldm_SmallDependenceEmphasis', 'dwi_square_firstorder_Kurtosis', 'dwi_log-sigma-2-mm-3D_firstorder_Kurtosis', 'dwi_wavelet2-LH_glcm_Imc2', 'dwi_wavelet2-LH_glcm_Correlation', 'dwi_original_firstorder_Kurtosis', 'adc_logarithm_gldm_GrayLevelNonUniformity', 'dwi_wavelet2-LL_glszm_GrayLevelNonUniformity', 'dwi_log-sigma-3-mm-3D_gldm_LargeDependenceHighGrayLevelEmphasis', 'dwi_square_glszm_SizeZoneNonUniformityNormalized', 'adc_wavelet2-LL_ngtdm_Coarseness', 'dwi_wavelet2-LH_glcm_MCC', 't2_squareroot_glszm_SizeZoneNonUniformity', 'dwi_wavelet-LH_glcm_Imc1', 'dwi_exponential_ngtdm_Contrast']","[0.8144329896907216, 0.5794392523364486]","[0.7783251231527094, 0.6326530612244898]","[0.7959697732997482, 0.6048780487804878]","[0.7783251231527094, 0.6326530612244898]",Logistic Regression
29,6,0.8330787767708652,0.6446886446886447,0.7471153846153847,0.2916549110201102,0.2804544446361238,0.5076142131979695,0.6340540201792317,0.6777408637873754,0.625,0.6968325791855203,0.42735042735042733,0.8369565217391305,0.6609162895927602,43,"['dwi_square_ngtdm_Strength', 'dwi_log-sigma-3-mm-3D_firstorder_Skewness', 'dwi_exponential_glcm_Imc1', 'dwi_exponential_glszm_GrayLevelNonUniformityNormalized', 'dwi_exponential_ngtdm_Strength', 'dwi_square_glrlm_GrayLevelNonUniformity', 'dwi_wavelet2-LL_ngtdm_Strength', 'dwi_log-sigma-3-mm-3D_firstorder_Kurtosis', 'dwi_exponential_glszm_GrayLevelVariance', 'dwi_wavelet2-LL_firstorder_Skewness', 'dwi_square_firstorder_Skewness', 'dwi_square_ngtdm_Busyness', 'dwi_exponential_gldm_SmallDependenceHighGrayLevelEmphasis', 'dwi_exponential_glcm_ClusterProminence', 'dwi_exponential_glrlm_GrayLevelVariance', 'dwi_log-sigma-3-mm-3D_ngtdm_Strength', 'dwi_exponential_firstorder_Maximum', 'dwi_exponential_firstorder_Skewness', 'dwi_log-sigma-3-mm-3D_ngtdm_Busyness', 'dwi_exponential_glszm_LargeAreaHighGrayLevelEmphasis', 'adc_logarithm_gldm_GrayLevelNonUniformity', 'dwi_wavelet2-LL_glcm_ClusterShade', 'dwi_log-sigma-2-mm-3D_firstorder_Kurtosis', 'dwi_wavelet2-LL_firstorder_Kurtosis', 'dwi_wavelet2-LL_glszm_GrayLevelNonUniformity', 'dwi_exponential_gldm_SmallDependenceEmphasis', 'adc_wavelet2-LL_ngtdm_Coarseness', 'dwi_wavelet2-LH_glcm_MCC', 'dwi_square_glszm_SmallAreaHighGrayLevelEmphasis', 'dwi_log-sigma-0-6-mm-3D_glszm_ZoneVariance', 'dwi_exponential_glszm_SizeZoneNonUniformityNormalized', 'dwi_exponential_glcm_Imc2', 't2_original_glszm_GrayLevelNonUniformity', 't2_original_shape_SurfaceVolumeRatio', 'dwi_wavelet2-LH_glcm_Correlation', 'dwi_square_firstorder_Kurtosis', 'dwi_wavelet2-LH_glcm_Imc2', 'dwi_square_glszm_SizeZoneNonUniformityNormalized', 'dwi_log-sigma-2-mm-3D_glcm_MCC', 't2_log-sigma-3-mm-3D_glszm_ZoneEntropy', 'dwi_square_glcm_MCC', 't2_logarithm_ngtdm_Coarseness', 'adc_wavelet2-LL_glcm_Imc1']","[0.8369565217391305, 0.42735042735042733]","[0.6968325791855203, 0.625]","[0.7604938271604939, 0.5076142131979695]","[0.6968325791855203, 0.625]",Logistic Regression
30,6,0.8130614803791887,0.6098765432098765,0.8266680866925821,0.4860990766651384,0.4510707508809976,0.6523605150214592,0.7158260340774871,0.73,0.8539325842696629,0.6777251184834123,0.5277777777777778,0.9166666666666666,0.7658288513765377,42,"['dwi_square_ngtdm_Strength', 'dwi_log-sigma-3-mm-3D_firstorder_Skewness', 'dwi_exponential_glcm_Imc1', 'dwi_square_glrlm_GrayLevelNonUniformity', 'dwi_square_firstorder_Skewness', 'dwi_exponential_ngtdm_Strength', 'dwi_log-sigma-3-mm-3D_firstorder_Kurtosis', 'dwi_exponential_glszm_GrayLevelNonUniformityNormalized', 'dwi_wavelet2-LL_firstorder_Skewness', 'dwi_exponential_glszm_GrayLevelVariance', 'dwi_square_ngtdm_Busyness', 'dwi_exponential_glcm_ClusterProminence', 'dwi_exponential_firstorder_Skewness', 'dwi_exponential_gldm_SmallDependenceHighGrayLevelEmphasis', 'dwi_exponential_glrlm_GrayLevelVariance', 'dwi_wavelet2-LL_ngtdm_Strength', 'dwi_exponential_firstorder_Range', 'adc_logarithm_gldm_GrayLevelNonUniformity', 'dwi_square_glcm_MCC', 'adc_wavelet2-LL_ngtdm_Coarseness', 'dwi_exponential_glszm_LargeAreaHighGrayLevelEmphasis', 'dwi_square_firstorder_Kurtosis', 'dwi_wavelet2-LL_glcm_ClusterShade', 'dwi_log-sigma-2-mm-3D_firstorder_Kurtosis', 'dwi_wavelet2-LL_glszm_GrayLevelNonUniformity', 'dwi_wavelet2-LL_firstorder_Kurtosis', 't2_original_shape_SurfaceVolumeRatio', 'dwi_exponential_glszm_SizeZoneNonUniformityNormalized', 'dwi_exponential_gldm_DependenceVariance', 't2_original_glszm_GrayLevelNonUniformity', 't2_logarithm_ngtdm_Coarseness', 'dwi_log-sigma-3-mm-3D_ngtdm_Busyness', 'adc_squareroot_firstorder_TotalEnergy', 'dwi_exponential_glcm_Imc2', 'adc_wavelet2-LL_glcm_Imc1', 'dwi_log-sigma-2-mm-3D_glcm_MCC', 't2_logarithm_glszm_SizeZoneNonUniformity', 't2_original_shape_Maximum2DDiameterRow', 'dwi_log-sigma-0-6-mm-3D_glszm_ZoneVariance', 'dwi_exponential_glszm_ZoneVariance', 'dwi_wavelet2-LH_glcm_Correlation', 'dwi_square_glszm_SmallAreaHighGrayLevelEmphasis']","[0.9166666666666666, 0.5277777777777778]","[0.6777251184834123, 0.8539325842696629]","[0.779291553133515, 0.6523605150214592]","[0.6777251184834123, 0.8539325842696629]",Logistic Regression
31,7,0.8396324038349517,0.6334164588528678,0.739723792953458,0.35646844302731,0.33436055469953774,0.5752212389380531,0.6571758368603309,0.6767676767676768,0.7386363636363636,0.6507177033492823,0.47101449275362317,0.8553459119496856,0.694677033492823,42,"['dwi_square_ngtdm_Strength', 'dwi_log-sigma-3-mm-3D_firstorder_Skewness', 'dwi_exponential_glcm_Imc1', 'dwi_exponential_glszm_GrayLevelNonUniformityNormalized', 'dwi_exponential_ngtdm_Strength', 'dwi_square_ngtdm_Busyness', 'dwi_wavelet2-LL_ngtdm_Strength', 'dwi_exponential_glszm_GrayLevelVariance', 'dwi_log-sigma-3-mm-3D_firstorder_Kurtosis', 'dwi_square_firstorder_Skewness', 'dwi_wavelet2-LL_firstorder_Skewness', 'dwi_exponential_glcm_ClusterProminence', 'dwi_exponential_gldm_SmallDependenceHighGrayLevelEmphasis', 'dwi_square_glrlm_GrayLevelNonUniformity', 'dwi_exponential_glrlm_GrayLevelVariance', 'dwi_exponential_firstorder_Skewness', 'dwi_exponential_firstorder_Maximum', 'dwi_wavelet2-LL_glcm_ClusterShade', 'dwi_square_glcm_MCC', 'dwi_log-sigma-3-mm-3D_ngtdm_Busyness', 'dwi_exponential_glszm_LargeAreaEmphasis', 'adc_wavelet2-LL_ngtdm_Coarseness', 'dwi_exponential_glszm_SizeZoneNonUniformityNormalized', 'adc_logarithm_glrlm_GrayLevelNonUniformity', 'dwi_wavelet2-LH_glcm_Correlation', 'dwi_wavelet2-LL_firstorder_Kurtosis', 'dwi_exponential_gldm_SmallDependenceEmphasis', 'dwi_square_firstorder_Kurtosis', 'dwi_log-sigma-2-mm-3D_firstorder_Kurtosis', 'dwi_log-sigma-2-mm-3D_glcm_MCC', 'dwi_square_glszm_SmallAreaHighGrayLevelEmphasis', 'dwi_exponential_glcm_Imc2', 'dwi_squareroot_glrlm_GrayLevelNonUniformity', 'dwi_wavelet2-LH_glcm_Imc2', 't2_original_shape_SurfaceVolumeRatio', 'dwi_log-sigma-3-mm-3D_glcm_ClusterShade', 'adc_wavelet2-LL_glcm_Imc1', 'dwi_wavelet2-LH_glcm_MCC', 't2_logarithm_ngtdm_Coarseness', 'dwi_log-sigma-0-6-mm-3D_glszm_ZoneVariance', 'dwi_logarithm_gldm_GrayLevelNonUniformity', 'dwi_square_glszm_SizeZoneNonUniformityNormalized']","[0.8553459119496856, 0.47101449275362317]","[0.6507177033492823, 0.7386363636363636]","[0.7391304347826086, 0.5752212389380531]","[0.6507177033492823, 0.7386363636363636]",Logistic Regression
32,7,0.8200956005603013,0.6212664277180406,0.7824205784732101,0.4114863009704678,0.4013533516599703,0.5777777777777777,0.697542735042735,0.7449664429530202,0.6842105263157895,0.7657657657657657,0.5,0.8762886597938144,0.7249881460407777,43,"['dwi_square_ngtdm_Strength', 'dwi_log-sigma-3-mm-3D_firstorder_Skewness', 'dwi_wavelet2-LL_firstorder_Skewness', 'dwi_square_firstorder_Skewness', 'dwi_exponential_glcm_Imc1', 'dwi_exponential_ngtdm_Strength', 'dwi_log-sigma-3-mm-3D_firstorder_Kurtosis', 'dwi_exponential_glszm_GrayLevelNonUniformityNormalized', 'dwi_exponential_firstorder_Skewness', 'dwi_exponential_glszm_GrayLevelVariance', 'dwi_wavelet2-LL_ngtdm_Strength', 'dwi_exponential_glcm_ClusterProminence', 'dwi_square_ngtdm_Busyness', 'dwi_log-sigma-2-mm-3D_firstorder_Kurtosis', 'dwi_square_glrlm_GrayLevelNonUniformity', 'dwi_exponential_glrlm_GrayLevelVariance', 'dwi_exponential_gldm_SmallDependenceHighGrayLevelEmphasis', 'dwi_exponential_firstorder_Maximum', 'dwi_wavelet2-LL_firstorder_Kurtosis', 'dwi_square_firstorder_Kurtosis', 'dwi_wavelet2-LL_glcm_ClusterShade', 'dwi_log-sigma-3-mm-3D_ngtdm_Busyness', 'adc_logarithm_gldm_GrayLevelNonUniformity', 'dwi_exponential_glszm_LargeAreaHighGrayLevelEmphasis', 'dwi_square_glszm_SmallAreaHighGrayLevelEmphasis', 'dwi_log-sigma-2-mm-3D_glcm_MCC', 'dwi_square_glcm_MCC', 'dwi_exponential_gldm_SmallDependenceEmphasis', 'dwi_exponential_glszm_SizeZoneNonUniformityNormalized', 'dwi_square_glszm_SizeZoneNonUniformityNormalized', 'dwi_exponential_glcm_Imc2', 'dwi_log-sigma-3-mm-3D_gldm_LargeDependenceHighGrayLevelEmphasis', 'adc_logarithm_ngtdm_Coarseness', 'dwi_wavelet2-LL_glszm_GrayLevelNonUniformity', 'dwi_wavelet2-LH_glcm_Imc2', 'dwi_wavelet2-LH_glcm_MCC', 'dwi_wavelet2-LH_glcm_Correlation', 'dwi_log-sigma-2-mm-3D_ngtdm_Strength', 'dwi_log-sigma-0-6-mm-3D_glszm_ZoneVariance', 'adc_wavelet2-LL_glcm_Imc1', 't2_original_shape_SurfaceVolumeRatio', 't2_squareroot_glszm_SizeZoneNonUniformity', 'dwi_log-sigma-2-mm-3D_ngtdm_Busyness']","[0.8762886597938144, 0.5]","[0.7657657657657657, 0.6842105263157895]","[0.8173076923076923, 0.5777777777777777]","[0.7657657657657657, 0.6842105263157895]",Logistic Regression
33,7,0.8203420887714231,0.6180469715698393,0.8322196235660988,0.47572622613252796,0.46628501950453416,0.631578947368421,0.7308380173735309,0.7674418604651163,0.7317073170731707,0.7808219178082192,0.5555555555555556,0.8860103626943006,0.756264617440695,42,"['dwi_square_ngtdm_Strength', 'dwi_log-sigma-3-mm-3D_firstorder_Skewness', 'dwi_exponential_ngtdm_Strength', 'dwi_wavelet2-LL_firstorder_Skewness', 'dwi_exponential_glszm_GrayLevelNonUniformityNormalized', 'dwi_exponential_glcm_Imc1', 'dwi_square_firstorder_Skewness', 'dwi_exponential_glszm_GrayLevelVariance', 'dwi_log-sigma-3-mm-3D_firstorder_Kurtosis', 'dwi_square_ngtdm_Busyness', 'dwi_exponential_firstorder_Skewness', 'dwi_exponential_firstorder_Maximum', 'dwi_exponential_glcm_ClusterProminence', 'dwi_exponential_glrlm_GrayLevelVariance', 'dwi_exponential_gldm_SmallDependenceHighGrayLevelEmphasis', 'dwi_wavelet2-LL_ngtdm_Strength', 'dwi_log-sigma-2-mm-3D_firstorder_Kurtosis', 'dwi_wavelet2-LL_glcm_ClusterShade', 'dwi_square_glrlm_GrayLevelNonUniformity', 'dwi_square_firstorder_Kurtosis', 'dwi_wavelet2-LL_firstorder_Kurtosis', 'dwi_log-sigma-3-mm-3D_ngtdm_Busyness', 'dwi_exponential_glszm_LargeAreaHighGrayLevelEmphasis', 'dwi_exponential_glszm_SizeZoneNonUniformityNormalized', 'dwi_square_glcm_MCC', 'dwi_square_glszm_SmallAreaHighGrayLevelEmphasis', 'dwi_exponential_gldm_SmallDependenceEmphasis', 'adc_logarithm_gldm_GrayLevelNonUniformity', 'dwi_exponential_glcm_Imc2', 'dwi_log-sigma-3-mm-3D_glcm_MCC', 'dwi_wavelet2-LH_glcm_MCC', 'dwi_wavelet2-LL_glszm_GrayLevelNonUniformity', 'dwi_square_glszm_SizeZoneNonUniformityNormalized', 'dwi_log-sigma-3-mm-3D_gldm_LargeDependenceHighGrayLevelEmphasis', 'dwi_wavelet2-LH_glcm_Imc2', 'adc_wavelet2-LL_ngtdm_Coarseness', 't2_original_glszm_GrayLevelNonUniformity', 'dwi_wavelet2-LH_glcm_Correlation', 'dwi_log-sigma-2-mm-3D_ngtdm_Strength', 'dwi_log-sigma-0-6-mm-3D_glszm_ZoneVariance', 't2_original_shape_SurfaceVolumeRatio', 'dwi_logarithm_gldm_GrayLevelNonUniformity']","[0.8860103626943006, 0.5555555555555556]","[0.7808219178082192, 0.7317073170731707]","[0.8300970873786407, 0.631578947368421]","[0.7808219178082192, 0.7317073170731707]",Logistic Regression
34,7,0.8242195742031442,0.6157697121401752,0.8005765199161426,0.4087896676683283,0.4028706732412245,0.6009852216748769,0.6994951046030244,0.7317880794701986,0.6777777777777778,0.7547169811320755,0.5398230088495575,0.8465608465608465,0.7162473794549267,41,"['dwi_square_ngtdm_Strength', 'dwi_exponential_glszm_GrayLevelNonUniformityNormalized', 'dwi_exponential_glcm_Imc1', 'dwi_log-sigma-3-mm-3D_firstorder_Skewness', 'dwi_square_glrlm_GrayLevelNonUniformity', 'dwi_exponential_ngtdm_Strength', 'dwi_exponential_glszm_GrayLevelVariance', 'dwi_square_firstorder_Skewness', 'dwi_exponential_glcm_ClusterProminence', 'dwi_exponential_glrlm_GrayLevelVariance', 'dwi_square_ngtdm_Busyness', 'dwi_exponential_gldm_SmallDependenceHighGrayLevelEmphasis', 'dwi_log-sigma-3-mm-3D_firstorder_Kurtosis', 'dwi_wavelet2-LL_firstorder_Skewness', 'dwi_exponential_firstorder_Maximum', 'dwi_wavelet2-LL_ngtdm_Strength', 'dwi_exponential_glszm_LargeAreaHighGrayLevelEmphasis', 'dwi_exponential_firstorder_Skewness', 'dwi_exponential_glszm_SizeZoneNonUniformityNormalized', 'dwi_wavelet2-LL_glszm_GrayLevelNonUniformity', 'dwi_exponential_gldm_SmallDependenceEmphasis', 'dwi_wavelet2-LL_glcm_ClusterShade', 'dwi_log-sigma-3-mm-3D_ngtdm_Busyness', 'dwi_square_firstorder_Kurtosis', 'dwi_square_glcm_MCC', 'adc_logarithm_gldm_GrayLevelNonUniformity', 'dwi_exponential_glcm_Imc2', 'adc_wavelet2-LL_ngtdm_Coarseness', 'dwi_log-sigma-2-mm-3D_firstorder_Kurtosis', 'dwi_log-sigma-0-6-mm-3D_glszm_ZoneVariance', 'dwi_square_glszm_SmallAreaHighGrayLevelEmphasis', 'dwi_square_glszm_SizeZoneNonUniformityNormalized', 't2_original_shape_SurfaceVolumeRatio', 'dwi_original_firstorder_Kurtosis', 't2_wavelet2-LL_glszm_SizeZoneNonUniformity', 'adc_squareroot_firstorder_TotalEnergy', 'dwi_log-sigma-2-mm-3D_glcm_MCC', 'dwi_exponential_glszm_ZoneVariance', 't2_log-sigma-3-mm-3D_glszm_ZoneEntropy', 'dwi_wavelet2-LH_glcm_Imc2', 'dwi_log-sigma-3-mm-3D_glcm_ClusterShade']","[0.8465608465608465, 0.5398230088495575]","[0.7547169811320755, 0.6777777777777778]","[0.7980049875311721, 0.6009852216748769]","[0.7547169811320755, 0.6777777777777778]",Logistic Regression
35,7,0.8330985526461163,0.6327543424317618,0.7860948462309438,0.3905234966114943,0.3833438669842967,0.5882352941176471,0.6891176470588236,0.7218543046357616,0.6741573033707865,0.7417840375586855,0.5217391304347826,0.8449197860962567,0.7079706704647359,42,"['dwi_square_ngtdm_Strength', 'dwi_log-sigma-3-mm-3D_firstorder_Skewness', 'dwi_exponential_glcm_Imc1', 'dwi_square_firstorder_Skewness', 'dwi_exponential_ngtdm_Strength', 'dwi_log-sigma-3-mm-3D_firstorder_Kurtosis', 'dwi_exponential_glszm_GrayLevelNonUniformityNormalized', 'dwi_wavelet2-LL_firstorder_Skewness', 'dwi_exponential_firstorder_Skewness', 'dwi_wavelet2-LL_ngtdm_Strength', 'dwi_square_ngtdm_Busyness', 'dwi_square_glrlm_GrayLevelNonUniformity', 'dwi_exponential_glcm_ClusterProminence', 'dwi_exponential_glrlm_GrayLevelVariance', 'dwi_wavelet2-LL_glcm_ClusterShade', 'dwi_log-sigma-2-mm-3D_firstorder_Kurtosis', 'dwi_exponential_gldm_SmallDependenceHighGrayLevelEmphasis', 'dwi_exponential_firstorder_Maximum', 'dwi_log-sigma-3-mm-3D_ngtdm_Busyness', 'dwi_square_firstorder_Kurtosis', 'dwi_wavelet2-LL_firstorder_Kurtosis', 'dwi_square_glszm_SmallAreaHighGrayLevelEmphasis', 'dwi_log-sigma-2-mm-3D_glcm_MCC', 'dwi_square_glcm_MCC', 'dwi_exponential_glszm_SizeZoneNonUniformityNormalized', 'dwi_log-sigma-3-mm-3D_gldm_LargeDependenceHighGrayLevelEmphasis', 'dwi_wavelet2-LH_glcm_MCC', 'adc_logarithm_gldm_GrayLevelNonUniformity', 'dwi_wavelet2-LL_glszm_GrayLevelNonUniformity', 'dwi_wavelet2-LH_glcm_Imc2', 'dwi_square_glszm_SizeZoneNonUniformityNormalized', 'dwi_log-sigma-2-mm-3D_ngtdm_Strength', 'dwi_square_glcm_ClusterShade', 'dwi_wavelet2-LH_glcm_Correlation', 'dwi_exponential_glszm_LargeAreaLowGrayLevelEmphasis', 'dwi_square_firstorder_Range', 'dwi_log-sigma-0-6-mm-3D_firstorder_Skewness', 'dwi_exponential_gldm_SmallDependenceEmphasis', 'adc_wavelet2-LL_ngtdm_Coarseness', 'dwi_exponential_glcm_Imc2', 't2_squareroot_glszm_SizeZoneNonUniformity', 'dwi_log-sigma-2-mm-3D_ngtdm_Busyness']","[0.8449197860962567, 0.5217391304347826]","[0.7417840375586855, 0.6741573033707865]","[0.79, 0.5882352941176471]","[0.7417840375586855, 0.6741573033707865]",Logistic Regression
36,8,0.8324205286622915,0.628361858190709,0.76437115317617,0.33655656314436644,0.32203687445127305,0.5380710659898477,0.6544259612065108,0.6936026936026936,0.6708860759493671,0.7018348623853211,0.4491525423728814,0.8547486033519553,0.6863604691673442,43,"['dwi_square_ngtdm_Strength', 'dwi_exponential_glcm_Imc1', 'dwi_log-sigma-3-mm-3D_firstorder_Skewness', 'dwi_exponential_ngtdm_Strength', 'dwi_exponential_glszm_GrayLevelNonUniformityNormalized', 'dwi_square_firstorder_Skewness', 'dwi_exponential_glszm_GrayLevelVariance', 'dwi_log-sigma-3-mm-3D_firstorder_Kurtosis', 'dwi_exponential_firstorder_Skewness', 'dwi_wavelet2-LL_firstorder_Skewness', 'dwi_exponential_glcm_ClusterProminence', 'dwi_wavelet2-LL_ngtdm_Strength', 'dwi_exponential_glrlm_GrayLevelVariance', 'dwi_square_ngtdm_Busyness', 'dwi_exponential_firstorder_Maximum', 'dwi_exponential_gldm_SmallDependenceHighGrayLevelEmphasis', 'dwi_square_glrlm_GrayLevelNonUniformity', 'dwi_square_firstorder_Kurtosis', 'dwi_log-sigma-2-mm-3D_firstorder_Kurtosis', 'dwi_square_glcm_MCC', 'dwi_log-sigma-3-mm-3D_ngtdm_Busyness', 'dwi_wavelet2-LL_glcm_ClusterShade', 'dwi_original_firstorder_Kurtosis', 'dwi_exponential_glszm_SizeZoneNonUniformityNormalized', 'dwi_wavelet2-LH_glcm_Correlation', 'dwi_square_glszm_SmallAreaHighGrayLevelEmphasis', 'dwi_log-sigma-2-mm-3D_glcm_MCC', 'dwi_exponential_glszm_LargeAreaHighGrayLevelEmphasis', 'dwi_wavelet2-LH_glcm_Imc2', 'dwi_exponential_glcm_Imc2', 'dwi_exponential_gldm_SmallDependenceEmphasis', 'adc_logarithm_gldm_GrayLevelNonUniformity', 'dwi_wavelet2-LH_glcm_MCC', 'dwi_square_glszm_SizeZoneNonUniformityNormalized', 'dwi_log-sigma-3-mm-3D_gldm_LargeDependenceHighGrayLevelEmphasis', 'dwi_log-sigma-3-mm-3D_glcm_ClusterShade', 'dwi_wavelet2-LL_glszm_GrayLevelNonUniformity', 'adc_wavelet2-LL_ngtdm_Coarseness', 'dwi_log-sigma-2-mm-3D_ngtdm_Strength', 'dwi_log-sigma-0-6-mm-3D_glszm_ZoneVariance', 'dwi_log-sigma-0-6-mm-3D_firstorder_Skewness', 'dwi_log-sigma-2-mm-3D_ngtdm_Busyness', 'dwi_log-sigma-3-mm-3D_glcm_JointAverage']","[0.8547486033519553, 0.4491525423728814]","[0.7018348623853211, 0.6708860759493671]","[0.7707808564231738, 0.5380710659898477]","[0.7018348623853211, 0.6708860759493671]",Logistic Regression
37,8,0.8194569042854185,0.6142322097378277,0.845031712473573,0.5086092566868378,0.4991978999562491,0.6633663366336634,0.7475247524752475,0.7755775577557755,0.7613636363636364,0.7813953488372093,0.5877192982456141,0.8888888888888888,0.7713794926004228,42,"['dwi_square_ngtdm_Strength', 'dwi_log-sigma-3-mm-3D_firstorder_Skewness', 'dwi_exponential_glcm_Imc1', 'dwi_wavelet2-LL_firstorder_Skewness', 'dwi_exponential_glszm_GrayLevelNonUniformityNormalized', 'dwi_square_ngtdm_Busyness', 'dwi_exponential_ngtdm_Strength', 'dwi_square_firstorder_Skewness', 'dwi_log-sigma-3-mm-3D_firstorder_Kurtosis', 'dwi_square_glrlm_GrayLevelNonUniformity', 'dwi_exponential_glcm_ClusterProminence', 'dwi_exponential_glrlm_GrayLevelVariance', 'dwi_exponential_gldm_SmallDependenceHighGrayLevelEmphasis', 'dwi_exponential_firstorder_Skewness', 'dwi_wavelet2-LL_glcm_ClusterShade', 'dwi_exponential_firstorder_Maximum', 'dwi_log-sigma-3-mm-3D_ngtdm_Strength', 'dwi_log-sigma-2-mm-3D_firstorder_Kurtosis', 'dwi_log-sigma-3-mm-3D_ngtdm_Busyness', 'dwi_square_glszm_GrayLevelVariance', 'dwi_wavelet2-LL_firstorder_Kurtosis', 'dwi_wavelet2-LL_glszm_GrayLevelNonUniformity', 'dwi_exponential_glszm_LargeAreaHighGrayLevelEmphasis', 'dwi_square_firstorder_Kurtosis', 'dwi_square_glcm_MCC', 'adc_logarithm_ngtdm_Coarseness', 'adc_logarithm_gldm_GrayLevelNonUniformity', 'dwi_log-sigma-2-mm-3D_glcm_MCC', 'dwi_exponential_glszm_SizeZoneNonUniformityNormalized', 'dwi_exponential_gldm_SmallDependenceEmphasis', 't2_original_glszm_GrayLevelNonUniformity', 'dwi_square_glszm_SizeZoneNonUniformityNormalized', 'dwi_exponential_glcm_Imc2', 't2_original_shape_SurfaceVolumeRatio', 'dwi_log-sigma-3-mm-3D_glcm_ClusterShade', 'dwi_log-sigma-0-6-mm-3D_glszm_ZoneVariance', 'dwi_log-sigma-3-mm-3D_gldm_LargeDependenceHighGrayLevelEmphasis', 'dwi_square_firstorder_Maximum', 'dwi_wavelet2-LH_glcm_Imc2', 'dwi_wavelet2-LH_glcm_MCC', 'dwi_wavelet2-LH_glcm_Correlation', 't2_logarithm_ngtdm_Coarseness']","[0.8888888888888888, 0.5877192982456141]","[0.7813953488372093, 0.7613636363636364]","[0.8316831683168316, 0.6633663366336634]","[0.7813953488372093, 0.7613636363636364]",Logistic Regression
38,8,0.814922480620155,0.6231884057971014,0.841916503222191,0.4865562030002112,0.47165759376716776,0.6432160804020101,0.7321873852891663,0.761744966442953,0.7710843373493976,0.7581395348837209,0.5517241379310345,0.8956043956043956,0.7646119361165593,42,"['dwi_square_ngtdm_Strength', 'dwi_log-sigma-3-mm-3D_firstorder_Skewness', 'dwi_exponential_ngtdm_Strength', 'dwi_exponential_glcm_Imc1', 'dwi_exponential_glszm_GrayLevelNonUniformityNormalized', 'dwi_log-sigma-3-mm-3D_firstorder_Kurtosis', 'dwi_square_firstorder_Skewness', 'dwi_wavelet2-LL_firstorder_Skewness', 'dwi_square_glrlm_GrayLevelNonUniformity', 'dwi_exponential_glszm_GrayLevelVariance', 'dwi_square_ngtdm_Busyness', 'dwi_exponential_firstorder_Skewness', 'dwi_wavelet2-LL_ngtdm_Strength', 'dwi_exponential_glcm_ClusterProminence', 'dwi_exponential_glrlm_GrayLevelVariance', 'dwi_exponential_gldm_SmallDependenceHighGrayLevelEmphasis', 'dwi_exponential_firstorder_Maximum', 'adc_logarithm_gldm_GrayLevelNonUniformity', 'dwi_wavelet2-LL_glcm_ClusterShade', 'dwi_log-sigma-3-mm-3D_ngtdm_Busyness', 'dwi_square_firstorder_Kurtosis', 'dwi_log-sigma-2-mm-3D_firstorder_Kurtosis', 'dwi_wavelet2-LL_glszm_GrayLevelNonUniformity', 'adc_wavelet2-LL_ngtdm_Coarseness', 't2_original_shape_SurfaceVolumeRatio', 'dwi_exponential_glszm_LargeAreaHighGrayLevelEmphasis', 'dwi_square_glcm_MCC', 't2_squareroot_glszm_SizeZoneNonUniformity', 'dwi_wavelet2-LL_firstorder_Kurtosis', 'dwi_exponential_glszm_SizeZoneNonUniformityNormalized', 'dwi_exponential_gldm_SmallDependenceEmphasis', 'dwi_square_glszm_SmallAreaHighGrayLevelEmphasis', 'dwi_exponential_glcm_Imc2', 'dwi_log-sigma-2-mm-3D_glcm_MCC', 'adc_wavelet2-LL_glcm_Imc1', 'dwi_log-sigma-0-6-mm-3D_glszm_ZoneVariance', 't2_log-sigma-2-mm-3D_glrlm_RunLengthNonUniformity', 't2_logarithm_ngtdm_Coarseness', 't2_log-sigma-3-mm-3D_glszm_ZoneEntropy', 'dwi_wavelet2-LH_glcm_Imc2', 'dwi_square_glszm_SizeZoneNonUniformityNormalized', 't2_wavelet-HL_glszm_GrayLevelNonUniformity']","[0.8956043956043956, 0.5517241379310345]","[0.7581395348837209, 0.7710843373493976]","[0.8211586901763224, 0.6432160804020101]","[0.7581395348837209, 0.7710843373493976]",Logistic Regression
39,8,0.8371678916588023,0.635,0.7625585355470413,0.3858030379572232,0.3813863161039738,0.5773195876288659,0.6891452307076369,0.7293729372937293,0.6436781609195402,0.7638888888888888,0.5233644859813084,0.8418367346938775,0.7037835249042146,42,"['dwi_square_ngtdm_Strength', 'dwi_log-sigma-3-mm-3D_firstorder_Skewness', 'dwi_exponential_glcm_Imc1', 'dwi_exponential_ngtdm_Strength', 'dwi_square_firstorder_Skewness', 'dwi_exponential_glszm_GrayLevelNonUniformityNormalized', 'dwi_log-sigma-3-mm-3D_firstorder_Kurtosis', 'dwi_wavelet2-LL_firstorder_Skewness', 'dwi_exponential_glszm_GrayLevelVariance', 'dwi_exponential_firstorder_Skewness', 'dwi_exponential_glcm_ClusterProminence', 'dwi_exponential_glrlm_GrayLevelVariance', 'dwi_wavelet2-LL_ngtdm_Strength', 'dwi_log-sigma-2-mm-3D_firstorder_Kurtosis', 'dwi_exponential_gldm_SmallDependenceHighGrayLevelEmphasis', 'dwi_exponential_firstorder_Range', 'dwi_square_firstorder_Kurtosis', 'dwi_wavelet2-LL_firstorder_Kurtosis', 'dwi_square_ngtdm_Busyness', 'dwi_square_glrlm_GrayLevelNonUniformity', 'dwi_wavelet2-LL_glcm_ClusterShade', 'dwi_log-sigma-3-mm-3D_ngtdm_Busyness', 'dwi_square_glszm_SmallAreaHighGrayLevelEmphasis', 'dwi_exponential_glszm_SizeZoneNonUniformityNormalized', 'dwi_exponential_glszm_LargeAreaEmphasis', 'dwi_log-sigma-3-mm-3D_glrlm_LongRunHighGrayLevelEmphasis', 'dwi_wavelet2-LH_glcm_MCC', 'dwi_square_glcm_MCC', 'adc_logarithm_gldm_GrayLevelNonUniformity', 'dwi_square_glszm_SizeZoneNonUniformityNormalized', 'dwi_log-sigma-2-mm-3D_glcm_MCC', 'dwi_exponential_gldm_SmallDependenceEmphasis', 'dwi_exponential_glcm_Imc2', 'dwi_wavelet2-LH_glcm_Imc2', 'dwi_log-sigma-3-mm-3D_glrlm_GrayLevelNonUniformity', 'dwi_wavelet2-LH_glcm_Correlation', 'adc_original_ngtdm_Coarseness', 'dwi_log-sigma-2-mm-3D_ngtdm_Strength', 'dwi_log-sigma-0-6-mm-3D_firstorder_Skewness', 'dwi_log-sigma-3-mm-3D_glcm_JointAverage', 'dwi_log-sigma-3-mm-3D_gldm_LowGrayLevelEmphasis', 'dwi_log-sigma-0-6-mm-3D_glszm_LargeAreaEmphasis']","[0.8418367346938775, 0.5233644859813084]","[0.7638888888888888, 0.6436781609195402]","[0.8009708737864077, 0.5773195876288659]","[0.7638888888888888, 0.6436781609195402]",Logistic Regression
40,8,0.8334157599736236,0.6408977556109726,0.7882916846186988,0.40949218805843257,0.3975725209370069,0.6028708133971292,0.6947516020713153,0.7224080267558528,0.7159090909090909,0.7251184834123223,0.5206611570247934,0.8595505617977528,0.7205137871607066,42,"['dwi_square_ngtdm_Strength', 'dwi_log-sigma-3-mm-3D_firstorder_Skewness', 'dwi_exponential_glszm_GrayLevelNonUniformityNormalized', 'dwi_exponential_glcm_Imc1', 'dwi_square_ngtdm_Busyness', 'dwi_wavelet2-LL_firstorder_Skewness', 'dwi_exponential_ngtdm_Strength', 'dwi_square_glrlm_GrayLevelNonUniformity', 'dwi_square_firstorder_Skewness', 'dwi_log-sigma-3-mm-3D_firstorder_Kurtosis', 'dwi_wavelet2-LL_ngtdm_Strength', 'dwi_exponential_glszm_GrayLevelVariance', 'dwi_exponential_gldm_SmallDependenceHighGrayLevelEmphasis', 'dwi_exponential_glcm_ClusterProminence', 'dwi_exponential_glrlm_GrayLevelVariance', 'dwi_wavelet2-LL_glcm_ClusterShade', 'dwi_exponential_firstorder_Skewness', 'dwi_exponential_firstorder_Range', 'dwi_exponential_glszm_LargeAreaHighGrayLevelEmphasis', 'dwi_log-sigma-3-mm-3D_ngtdm_Busyness', 'dwi_square_glcm_MCC', 'dwi_exponential_glszm_SizeZoneNonUniformityNormalized', 'dwi_log-sigma-2-mm-3D_firstorder_Kurtosis', 'dwi_wavelet2-LL_glszm_GrayLevelNonUniformity', 'dwi_exponential_gldm_SmallDependenceEmphasis', 'adc_logarithm_gldm_GrayLevelNonUniformity', 'dwi_wavelet2-LL_firstorder_Kurtosis', 'dwi_square_firstorder_Kurtosis', 'adc_wavelet2-LL_ngtdm_Coarseness', 'dwi_log-sigma-2-mm-3D_glcm_MCC', 'dwi_square_glszm_SmallAreaHighGrayLevelEmphasis', 'dwi_exponential_glcm_Imc2', 'dwi_log-sigma-0-6-mm-3D_glszm_ZoneVariance', 'dwi_square_glszm_SizeZoneNonUniformityNormalized', 't2_original_glszm_GrayLevelNonUniformity', 't2_original_shape_SurfaceVolumeRatio', 'dwi_wavelet2-LH_glcm_Imc2', 'dwi_logarithm_gldm_GrayLevelNonUniformity', 'dwi_wavelet2-LH_glcm_Correlation', 'dwi_exponential_glszm_ZoneVariance', 'adc_squareroot_firstorder_TotalEnergy', 'dwi_log-sigma-2-mm-3D_ngtdm_Strength']","[0.8595505617977528, 0.5206611570247934]","[0.7251184834123223, 0.7159090909090909]","[0.7866323907455013, 0.6028708133971292]","[0.7251184834123223, 0.7159090909090909]",Logistic Regression
41,9,0.8318711180124223,0.6234096692111959,0.7665421956684093,0.3688441544024254,0.3643646016021235,0.6052631578947368,0.6803489702517163,0.697986577181208,0.6699029126213593,0.7128205128205128,0.552,0.8034682080924855,0.691361712720936,40,"['dwi_square_ngtdm_Strength', 'dwi_log-sigma-3-mm-3D_firstorder_Skewness', 'dwi_exponential_glcm_Imc1', 'dwi_wavelet2-LL_firstorder_Skewness', 'dwi_exponential_glszm_GrayLevelNonUniformityNormalized', 'dwi_square_glrlm_GrayLevelNonUniformity', 'dwi_square_firstorder_Skewness', 'dwi_exponential_ngtdm_Strength', 'dwi_square_ngtdm_Busyness', 'dwi_log-sigma-3-mm-3D_firstorder_Kurtosis', 'dwi_wavelet2-LL_ngtdm_Strength', 'dwi_exponential_firstorder_Skewness', 'dwi_exponential_glcm_ClusterProminence', 'dwi_exponential_gldm_SmallDependenceHighGrayLevelEmphasis', 'dwi_exponential_glrlm_GrayLevelVariance', 'dwi_exponential_firstorder_Range', 'dwi_wavelet2-LL_glcm_ClusterShade', 'dwi_exponential_glszm_LargeAreaHighGrayLevelEmphasis', 'dwi_square_firstorder_Kurtosis', 'adc_logarithm_gldm_GrayLevelNonUniformity', 'adc_wavelet2-LL_ngtdm_Coarseness', 'dwi_log-sigma-3-mm-3D_glrlm_GrayLevelNonUniformity', 'dwi_exponential_gldm_DependenceVariance', 'dwi_log-sigma-3-mm-3D_ngtdm_Busyness', 'dwi_log-sigma-2-mm-3D_firstorder_Kurtosis', 'dwi_exponential_glszm_SizeZoneNonUniformityNormalized', 'dwi_original_firstorder_Kurtosis', 'dwi_exponential_glcm_Imc2', 't2_wavelet2-HL_glszm_GrayLevelNonUniformity', 'dwi_log-sigma-2-mm-3D_glcm_MCC', 't2_original_shape_SurfaceVolumeRatio', 'dwi_square_glcm_MCC', 'dwi_square_glszm_SmallAreaHighGrayLevelEmphasis', 'adc_squareroot_firstorder_TotalEnergy', 'dwi_square_glszm_SizeZoneNonUniformityNormalized', 't2_log-sigma-3-mm-3D_glszm_ZoneEntropy', 't2_log-sigma-2-mm-3D_glrlm_RunLengthNonUniformity', 'dwi_exponential_glcm_JointAverage', 'dwi_wavelet2-LH_glcm_MCC', 'dwi_log-sigma-0-6-mm-3D_glszm_LargeAreaEmphasis']","[0.8034682080924855, 0.552]","[0.7128205128205128, 0.6699029126213593]","[0.7554347826086957, 0.6052631578947368]","[0.7128205128205128, 0.6699029126213593]",Logistic Regression
42,9,0.8307869246128109,0.6388206388206388,0.7804437714751616,0.3927706121465153,0.38898544427547255,0.5614035087719298,0.6932891669733775,0.75,0.6233766233766234,0.7937219730941704,0.5106382978723404,0.8592233009708737,0.7085492982353969,43,"['dwi_square_ngtdm_Strength', 'dwi_exponential_glcm_Imc1', 'dwi_log-sigma-3-mm-3D_firstorder_Skewness', 'dwi_exponential_ngtdm_Strength', 'dwi_exponential_glszm_GrayLevelNonUniformityNormalized', 'dwi_exponential_glszm_GrayLevelVariance', 'dwi_log-sigma-3-mm-3D_firstorder_Kurtosis', 'dwi_wavelet2-LL_firstorder_Skewness', 'dwi_square_firstorder_Skewness', 'dwi_exponential_glcm_ClusterProminence', 'dwi_exponential_glrlm_GrayLevelVariance', 'dwi_exponential_gldm_SmallDependenceHighGrayLevelEmphasis', 'dwi_exponential_firstorder_Maximum', 'dwi_wavelet2-LL_ngtdm_Strength', 'dwi_exponential_firstorder_Skewness', 'dwi_square_glrlm_GrayLevelNonUniformity', 'dwi_square_ngtdm_Busyness', 'dwi_wavelet2-LL_firstorder_Kurtosis', 'dwi_log-sigma-2-mm-3D_firstorder_Kurtosis', 'dwi_exponential_glszm_LargeAreaEmphasis', 'dwi_wavelet2-LL_glcm_ClusterShade', 'dwi_square_glcm_MCC', 'dwi_exponential_glszm_SizeZoneNonUniformityNormalized', 'dwi_square_firstorder_Kurtosis', 'dwi_log-sigma-3-mm-3D_ngtdm_Busyness', 'adc_logarithm_gldm_GrayLevelNonUniformity', 'dwi_exponential_gldm_SmallDependenceEmphasis', 'dwi_exponential_glcm_Imc2', 'dwi_square_glszm_SmallAreaHighGrayLevelEmphasis', 'dwi_wavelet2-LL_glszm_GrayLevelNonUniformity', 'dwi_log-sigma-2-mm-3D_glcm_MCC', 'adc_logarithm_ngtdm_Coarseness', 'dwi_wavelet2-LH_glcm_Correlation', 'dwi_square_glszm_SizeZoneNonUniformityNormalized', 'dwi_log-sigma-0-6-mm-3D_glszm_ZoneVariance', 'dwi_log-sigma-3-mm-3D_gldm_LargeDependenceHighGrayLevelEmphasis', 'dwi_wavelet2-LH_glcm_Imc2', 't2_original_shape_SurfaceVolumeRatio', 't2_original_glszm_GrayLevelNonUniformity', 'dwi_log-sigma-3-mm-3D_ngtdm_Coarseness', 'dwi_wavelet2-LH_glcm_MCC', 'dwi_log-sigma-2-mm-3D_ngtdm_Strength', 't2_logarithm_ngtdm_Coarseness']","[0.8592233009708737, 0.5106382978723404]","[0.7937219730941704, 0.6233766233766234]","[0.8251748251748252, 0.5614035087719298]","[0.7937219730941704, 0.6233766233766234]",Logistic Regression
43,9,0.8288728393507762,0.6366950182260024,0.7976057283508615,0.38004155567230813,0.36428293063133277,0.5714285714285714,0.6761424973011875,0.71,0.7073170731707317,0.7110091743119266,0.4793388429752066,0.8659217877094972,0.7091631237413292,42,"['dwi_square_ngtdm_Strength', 'dwi_log-sigma-3-mm-3D_firstorder_Skewness', 'dwi_exponential_ngtdm_Strength', 'dwi_exponential_glszm_GrayLevelNonUniformityNormalized', 'dwi_square_ngtdm_Busyness', 'dwi_exponential_glcm_Imc1', 'dwi_wavelet2-LL_ngtdm_Strength', 'dwi_log-sigma-3-mm-3D_firstorder_Kurtosis', 'dwi_square_firstorder_Skewness', 'dwi_wavelet2-LL_firstorder_Skewness', 'dwi_square_glrlm_GrayLevelNonUniformity', 'dwi_exponential_glszm_GrayLevelVariance', 'dwi_exponential_glcm_ClusterProminence', 'dwi_exponential_gldm_SmallDependenceHighGrayLevelEmphasis', 'dwi_exponential_glrlm_GrayLevelVariance', 'dwi_exponential_firstorder_Skewness', 'dwi_wavelet2-LL_glcm_ClusterShade', 'dwi_exponential_firstorder_Maximum', 'dwi_log-sigma-3-mm-3D_ngtdm_Busyness', 'dwi_log-sigma-2-mm-3D_firstorder_Kurtosis', 'dwi_square_glcm_MCC', 'adc_logarithm_gldm_GrayLevelNonUniformity', 'dwi_exponential_glszm_LargeAreaHighGrayLevelEmphasis', 'dwi_log-sigma-2-mm-3D_glcm_MCC', 'dwi_wavelet2-LH_glcm_Imc2', 'dwi_wavelet2-LH_glcm_Correlation', 'dwi_wavelet2-LL_glszm_GrayLevelNonUniformity', 'dwi_square_glszm_SmallAreaHighGrayLevelEmphasis', 'dwi_square_firstorder_Kurtosis', 'dwi_exponential_glszm_SizeZoneNonUniformityNormalized', 'dwi_wavelet2-LH_glcm_MCC', 'dwi_log-sigma-3-mm-3D_glcm_ClusterShade', 'dwi_exponential_gldm_SmallDependenceEmphasis', 'adc_original_ngtdm_Coarseness', 'dwi_wavelet2-LL_firstorder_Kurtosis', 'dwi_log-sigma-0-6-mm-3D_glszm_ZoneVariance', 'dwi_square_glszm_SizeZoneNonUniformityNormalized', 'dwi_exponential_glcm_Imc2', 'dwi_log-sigma-2-mm-3D_ngtdm_Strength', 't2_original_glszm_GrayLevelNonUniformity', 'dwi_log-sigma-3-mm-3D_gldm_LargeDependenceHighGrayLevelEmphasis', 'dwi_wavelet-LH_glcm_Imc1']","[0.8659217877094972, 0.4793388429752066]","[0.7110091743119266, 0.7073170731707317]","[0.7808564231738035, 0.5714285714285714]","[0.7110091743119266, 0.7073170731707317]",Logistic Regression
44,9,0.8171246482370469,0.6058394160583942,0.8335806656773374,0.4784483793513832,0.4654924169706278,0.6476190476190476,0.729421768707483,0.7541528239202658,0.7640449438202247,0.75,0.5619834710743802,0.8833333333333333,0.7570224719101124,42,"['dwi_square_ngtdm_Strength', 'dwi_log-sigma-3-mm-3D_firstorder_Skewness', 'dwi_square_firstorder_Skewness', 'dwi_exponential_ngtdm_Strength', 'dwi_log-sigma-3-mm-3D_firstorder_Kurtosis', 'dwi_exponential_glcm_Imc1', 'dwi_exponential_glszm_GrayLevelNonUniformityNormalized', 'dwi_exponential_glszm_GrayLevelVariance', 'dwi_original_firstorder_Skewness', 'dwi_exponential_firstorder_Skewness', 'dwi_square_glrlm_GrayLevelNonUniformity', 'dwi_square_ngtdm_Busyness', 'dwi_wavelet2-LL_firstorder_Kurtosis', 'dwi_wavelet2-LL_ngtdm_Strength', 'dwi_square_firstorder_Kurtosis', 'dwi_exponential_glrlm_GrayLevelVariance', 'dwi_exponential_glcm_ClusterProminence', 'dwi_exponential_gldm_SmallDependenceHighGrayLevelEmphasis', 'dwi_exponential_firstorder_Maximum', 'dwi_log-sigma-2-mm-3D_firstorder_Kurtosis', 'dwi_wavelet2-LL_glcm_ClusterShade', 'dwi_log-sigma-3-mm-3D_ngtdm_Busyness', 'adc_logarithm_gldm_GrayLevelNonUniformity', 'dwi_exponential_glszm_SizeZoneNonUniformityNormalized', 'dwi_square_glcm_MCC', 'adc_wavelet2-LL_ngtdm_Coarseness', 'dwi_wavelet2-LL_glszm_GrayLevelNonUniformity', 'dwi_square_glszm_SmallAreaHighGrayLevelEmphasis', 'dwi_exponential_glszm_LargeAreaHighGrayLevelEmphasis', 'dwi_square_glszm_SizeZoneNonUniformityNormalized', 'dwi_exponential_gldm_SmallDependenceEmphasis', 'dwi_log-sigma-2-mm-3D_glcm_MCC', 'dwi_log-sigma-3-mm-3D_glcm_ClusterShade', 'dwi_logarithm_gldm_GrayLevelNonUniformity', 't2_original_shape_SurfaceVolumeRatio', 't2_squareroot_glszm_SizeZoneNonUniformity', 'dwi_log-sigma-2-mm-3D_ngtdm_Strength', 'dwi_log-sigma-0-6-mm-3D_glszm_ZoneVariance', 'dwi_log-sigma-3-mm-3D_glrlm_LongRunHighGrayLevelEmphasis', 'dwi_exponential_glcm_Imc2', 'adc_wavelet2-LL_glcm_Imc1', 'dwi_wavelet2-LH_glcm_Imc2']","[0.8833333333333333, 0.5619834710743802]","[0.75, 0.7640449438202247]","[0.8112244897959183, 0.6476190476190476]","[0.75, 0.7640449438202247]",Logistic Regression
45,9,0.8299837391818523,0.6306748466257669,0.7933682581259673,0.4043285900306047,0.37738787628063175,0.5685279187817259,0.6793256877859246,0.717607973421927,0.7567567567567568,0.7048458149779736,0.45528455284552843,0.898876404494382,0.7308012858673651,43,"['dwi_square_ngtdm_Strength', 'dwi_log-sigma-3-mm-3D_firstorder_Skewness', 'dwi_exponential_glcm_Imc1', 'dwi_exponential_ngtdm_Strength', 'dwi_exponential_glszm_GrayLevelNonUniformityNormalized', 'dwi_square_firstorder_Skewness', 'dwi_exponential_glszm_GrayLevelVariance', 'dwi_log-sigma-3-mm-3D_firstorder_Kurtosis', 'dwi_wavelet2-LL_firstorder_Skewness', 'dwi_exponential_firstorder_Skewness', 'dwi_wavelet2-LL_ngtdm_Strength', 'dwi_exponential_glcm_ClusterProminence', 'dwi_square_ngtdm_Busyness', 'dwi_exponential_glrlm_GrayLevelVariance', 'dwi_exponential_firstorder_Maximum', 'dwi_exponential_gldm_SmallDependenceHighGrayLevelEmphasis', 'dwi_wavelet2-LL_glcm_ClusterShade', 'dwi_log-sigma-3-mm-3D_ngtdm_Busyness', 'dwi_log-sigma-2-mm-3D_firstorder_Kurtosis', 'dwi_square_firstorder_Kurtosis', 'dwi_square_glrlm_GrayLevelNonUniformity', 'dwi_square_glszm_SmallAreaHighGrayLevelEmphasis', 'dwi_square_glcm_MCC', 'dwi_wavelet2-LL_firstorder_Kurtosis', 'dwi_exponential_glszm_SizeZoneNonUniformityNormalized', 'dwi_square_glcm_ClusterShade', 'dwi_square_glszm_SizeZoneNonUniformityNormalized', 'dwi_log-sigma-3-mm-3D_gldm_LargeDependenceHighGrayLevelEmphasis', 'dwi_exponential_glcm_Imc2', 'dwi_exponential_glszm_LargeAreaEmphasis', 'dwi_exponential_gldm_SmallDependenceEmphasis', 'dwi_log-sigma-2-mm-3D_glcm_MCC', 'dwi_wavelet2-LH_glcm_Imc2', 'dwi_wavelet2-LH_glcm_MCC', 'dwi_log-sigma-2-mm-3D_ngtdm_Strength', 'dwi_wavelet2-LH_glcm_Correlation', 'adc_logarithm_gldm_GrayLevelNonUniformity', 'dwi_wavelet2-LL_glszm_GrayLevelNonUniformity', 'dwi_log-sigma-2-mm-3D_ngtdm_Busyness', 'dwi_log-sigma-3-mm-3D_glcm_JointAverage', 'dwi_log-sigma-3-mm-3D_gldm_LowGrayLevelEmphasis', 'adc_wavelet2-LL_ngtdm_Coarseness', 'dwi_log-sigma-3-mm-3D_glrlm_ShortRunLowGrayLevelEmphasis']","[0.898876404494382, 0.45528455284552843]","[0.7048458149779736, 0.7567567567567568]","[0.7901234567901234, 0.5685279187817259]","[0.7048458149779736, 0.7567567567567568]",Logistic Regression
46,10,0.8316604963663787,0.6387176325524044,0.7671455679045812,0.30174392487762386,0.29596746193145185,0.5204081632653061,0.6450080032012806,0.6887417218543046,0.6,0.7235023041474654,0.4594594594594595,0.8219895287958116,0.6617511520737327,42,"['dwi_square_ngtdm_Strength', 'dwi_log-sigma-3-mm-3D_firstorder_Skewness', 'dwi_wavelet2-LL_firstorder_Skewness', 'dwi_exponential_glcm_Imc1', 'dwi_exponential_ngtdm_Strength', 'dwi_exponential_glszm_GrayLevelNonUniformityNormalized', 'dwi_log-sigma-3-mm-3D_firstorder_Kurtosis', 'dwi_square_ngtdm_Busyness', 'dwi_exponential_glszm_GrayLevelVariance', 'dwi_square_firstorder_Skewness', 'dwi_wavelet2-LL_ngtdm_Strength', 'dwi_square_glrlm_GrayLevelNonUniformity', 'dwi_exponential_glcm_ClusterProminence', 'dwi_exponential_firstorder_Skewness', 'dwi_exponential_glrlm_GrayLevelVariance', 'dwi_exponential_gldm_SmallDependenceHighGrayLevelEmphasis', 'dwi_wavelet2-LL_glcm_ClusterShade', 'dwi_exponential_firstorder_Maximum', 'dwi_wavelet2-LL_firstorder_Kurtosis', 'dwi_log-sigma-3-mm-3D_ngtdm_Busyness', 'dwi_log-sigma-2-mm-3D_firstorder_Kurtosis', 'dwi_wavelet2-LL_glszm_GrayLevelNonUniformity', 'dwi_exponential_glszm_LargeAreaHighGrayLevelEmphasis', 'dwi_exponential_glszm_SizeZoneNonUniformityNormalized', 'adc_logarithm_gldm_GrayLevelNonUniformity', 'dwi_square_firstorder_Kurtosis', 'dwi_square_glcm_MCC', 'dwi_exponential_gldm_SmallDependenceEmphasis', 'dwi_square_glszm_SmallAreaHighGrayLevelEmphasis', 'adc_logarithm_ngtdm_Coarseness', 'dwi_exponential_glcm_Imc2', 'dwi_log-sigma-2-mm-3D_glcm_MCC', 'dwi_log-sigma-0-6-mm-3D_glszm_ZoneVariance', 'dwi_log-sigma-3-mm-3D_gldm_LargeDependenceHighGrayLevelEmphasis', 't2_original_glszm_GrayLevelNonUniformity', 'dwi_wavelet2-LH_glcm_Imc2', 'dwi_wavelet2-LH_glcm_Correlation', 'dwi_log-sigma-2-mm-3D_ngtdm_Strength', 'dwi_logarithm_ngtdm_Coarseness', 'dwi_square_glszm_SizeZoneNonUniformityNormalized', 't2_log-sigma-3-mm-3D_glszm_ZoneEntropy', 't2_original_shape_SurfaceVolumeRatio']","[0.8219895287958116, 0.4594594594594595]","[0.7235023041474654, 0.6]","[0.7696078431372549, 0.5204081632653061]","[0.7235023041474654, 0.6]",Logistic Regression
47,10,0.8323426931748309,0.6318407960199005,0.789114898295767,0.44186540389468726,0.4279056076141883,0.6176470588235294,0.7098387578381606,0.7391304347826086,0.7411764705882353,0.7383177570093458,0.5294117647058824,0.8777777777777778,0.7397471137987905,42,"['dwi_square_ngtdm_Strength', 'dwi_log-sigma-3-mm-3D_firstorder_Skewness', 'dwi_square_firstorder_Skewness', 'dwi_exponential_glcm_Imc1', 'dwi_log-sigma-3-mm-3D_firstorder_Kurtosis', 'dwi_square_ngtdm_Busyness', 'dwi_exponential_ngtdm_Strength', 'dwi_wavelet2-LL_ngtdm_Strength', 'dwi_wavelet2-LL_firstorder_Skewness', 'dwi_exponential_glszm_GrayLevelNonUniformityNormalized', 'dwi_square_glrlm_GrayLevelNonUniformity', 'dwi_exponential_firstorder_Skewness', 'dwi_square_firstorder_Kurtosis', 'dwi_wavelet2-LL_firstorder_Kurtosis', 'dwi_exponential_glcm_ClusterProminence', 'dwi_wavelet2-LL_glcm_ClusterShade', 'dwi_log-sigma-2-mm-3D_firstorder_Kurtosis', 'dwi_exponential_gldm_SmallDependenceHighGrayLevelEmphasis', 'dwi_exponential_glrlm_GrayLevelVariance', 'dwi_exponential_firstorder_Maximum', 'dwi_log-sigma-3-mm-3D_ngtdm_Busyness', 'dwi_square_glcm_MCC', 'dwi_log-sigma-2-mm-3D_glcm_MCC', 'dwi_square_glszm_SmallAreaHighGrayLevelEmphasis', 'dwi_exponential_glszm_LargeAreaHighGrayLevelEmphasis', 'adc_logarithm_gldm_GrayLevelNonUniformity', 'dwi_wavelet2-LH_glcm_Imc2', 'adc_wavelet2-LL_ngtdm_Coarseness', 'dwi_logarithm_glrlm_GrayLevelNonUniformity', 'dwi_exponential_glszm_SizeZoneNonUniformityNormalized', 'dwi_wavelet2-LH_glcm_Correlation', 'dwi_logarithm_gldm_GrayLevelNonUniformity', 'dwi_log-sigma-2-mm-3D_ngtdm_Strength', 'dwi_log-sigma-3-mm-3D_gldm_LargeDependenceHighGrayLevelEmphasis', 'dwi_log-sigma-0-6-mm-3D_glszm_ZoneVariance', 'dwi_wavelet2-LH_glcm_MCC', 'dwi_square_glszm_SizeZoneNonUniformityNormalized', 'dwi_exponential_gldm_SmallDependenceEmphasis', 't2_original_glszm_GrayLevelNonUniformity', 't2_original_shape_SurfaceVolumeRatio', 'adc_squareroot_firstorder_TotalEnergy', 'dwi_exponential_glcm_Imc2']","[0.8777777777777778, 0.5294117647058824]","[0.7383177570093458, 0.7411764705882353]","[0.8020304568527918, 0.6176470588235294]","[0.7383177570093458, 0.7411764705882353]",Logistic Regression
48,10,0.8208236208236209,0.6289156626506024,0.7994815668202765,0.38397442840352825,0.3718049998725823,0.5699481865284974,0.6814828214437998,0.7205387205387206,0.6875,0.7327188940092166,0.48672566371681414,0.8641304347826086,0.7101094470046083,43,"['dwi_square_ngtdm_Strength', 'dwi_log-sigma-3-mm-3D_firstorder_Skewness', 'dwi_exponential_glcm_Imc1', 'dwi_exponential_ngtdm_Strength', 'dwi_exponential_glszm_GrayLevelNonUniformityNormalized', 'dwi_square_firstorder_Skewness', 'dwi_log-sigma-3-mm-3D_firstorder_Kurtosis', 'dwi_wavelet2-LL_firstorder_Skewness', 'dwi_square_glrlm_GrayLevelNonUniformity', 'dwi_exponential_glszm_GrayLevelVariance', 'dwi_wavelet2-LL_ngtdm_Strength', 'dwi_square_ngtdm_Busyness', 'dwi_exponential_firstorder_Skewness', 'dwi_exponential_glcm_ClusterProminence', 'dwi_exponential_glrlm_GrayLevelVariance', 'dwi_exponential_gldm_SmallDependenceHighGrayLevelEmphasis', 'dwi_exponential_firstorder_Maximum', 'dwi_wavelet2-LL_firstorder_Kurtosis', 'dwi_log-sigma-2-mm-3D_firstorder_Kurtosis', 'dwi_square_firstorder_Kurtosis', 'adc_logarithm_gldm_GrayLevelNonUniformity', 'dwi_square_glcm_MCC', 'dwi_exponential_glszm_LargeAreaHighGrayLevelEmphasis', 'dwi_log-sigma-3-mm-3D_ngtdm_Busyness', 'dwi_wavelet2-LL_glcm_ClusterShade', 'adc_wavelet2-LL_ngtdm_Coarseness', 'dwi_wavelet2-LL_glszm_GrayLevelNonUniformity', 'dwi_exponential_gldm_SmallDependenceEmphasis', 't2_original_shape_SurfaceVolumeRatio', 'dwi_exponential_glszm_SizeZoneNonUniformityNormalized', 'dwi_exponential_glcm_Imc2', 'dwi_square_glszm_SmallAreaHighGrayLevelEmphasis', 't2_squareroot_glszm_SizeZoneNonUniformity', 'dwi_square_glszm_SizeZoneNonUniformityNormalized', 'dwi_wavelet2-LH_glcm_Correlation', 'dwi_log-sigma-2-mm-3D_glcm_MCC', 'dwi_log-sigma-0-6-mm-3D_glszm_ZoneVariance', 'dwi_wavelet2-LH_glcm_MCC', 'dwi_square_glcm_ClusterShade', 't2_logarithm_ngtdm_Coarseness', 'dwi_wavelet2-LH_glcm_Imc2', 'adc_wavelet2-LL_glcm_Imc1', 'dwi_log-sigma-3-mm-3D_glrlm_LongRunHighGrayLevelEmphasis']","[0.8641304347826086, 0.48672566371681414]","[0.7327188940092166, 0.6875]","[0.7930174563591023, 0.5699481865284974]","[0.7327188940092166, 0.6875]",Logistic Regression
49,10,0.8303047996805358,0.626360338573156,0.7623176273618752,0.3943182088343746,0.3780712530712531,0.5621621621621622,0.683490719635298,0.73,0.7027027027027027,0.7389380530973452,0.46846846846846846,0.8835978835978836,0.720820377900024,43,"['dwi_square_ngtdm_Strength', 'dwi_log-sigma-3-mm-3D_firstorder_Skewness', 'dwi_exponential_glcm_Imc1', 'dwi_exponential_glszm_GrayLevelNonUniformityNormalized', 'dwi_square_firstorder_Skewness', 'dwi_log-sigma-3-mm-3D_firstorder_Kurtosis', 'dwi_wavelet2-LL_firstorder_Skewness', 'dwi_exponential_ngtdm_Strength', 'dwi_exponential_glszm_GrayLevelVariance', 'dwi_square_glrlm_GrayLevelNonUniformity', 'dwi_exponential_glrlm_GrayLevelVariance', 'dwi_exponential_glcm_ClusterProminence', 'dwi_exponential_gldm_SmallDependenceHighGrayLevelEmphasis', 'dwi_exponential_firstorder_Skewness', 'dwi_square_ngtdm_Busyness', 'dwi_exponential_firstorder_Range', 'dwi_wavelet2-LL_ngtdm_Strength', 'dwi_log-sigma-2-mm-3D_firstorder_Kurtosis', 'dwi_wavelet2-LL_glcm_ClusterShade', 'dwi_square_firstorder_Kurtosis', 'dwi_exponential_glszm_SizeZoneNonUniformityNormalized', 'dwi_log-sigma-3-mm-3D_ngtdm_Strength', 'dwi_exponential_glszm_LargeAreaHighGrayLevelEmphasis', 'dwi_square_glcm_MCC', 'dwi_original_firstorder_Kurtosis', 'adc_logarithm_gldm_GrayLevelNonUniformity', 'dwi_square_glszm_SmallAreaHighGrayLevelEmphasis', 'dwi_log-sigma-3-mm-3D_ngtdm_Busyness', 'dwi_exponential_gldm_SmallDependenceEmphasis', 'dwi_square_glszm_SizeZoneNonUniformityNormalized', 'dwi_wavelet2-LL_glszm_GrayLevelNonUniformity', 'dwi_exponential_glcm_Imc2', 'dwi_log-sigma-2-mm-3D_glcm_MCC', 'adc_wavelet2-LL_ngtdm_Coarseness', 'dwi_wavelet2-LH_glcm_MCC', 't2_original_shape_SurfaceVolumeRatio', 'dwi_wavelet2-LH_glcm_Imc2', 't2_squareroot_glszm_SizeZoneNonUniformity', 'dwi_wavelet2-LH_glcm_Correlation', 'dwi_log-sigma-0-6-mm-3D_glszm_ZoneVariance', 'dwi_squareroot_ngtdm_Coarseness', 'dwi_log-sigma-3-mm-3D_gldm_LargeDependenceHighGrayLevelEmphasis', 't2_original_firstorder_TotalEnergy']","[0.8835978835978836, 0.46846846846846846]","[0.7389380530973452, 0.7027027027027027]","[0.8048192771084337, 0.5621621621621622]","[0.7389380530973452, 0.7027027027027027]",Logistic Regression
50,10,0.8156023109303048,0.5911949685534591,0.8171026057829663,0.46100465912004046,0.45156544526688425,0.658008658008658,0.7231062056799322,0.7384105960264901,0.7524752475247525,0.7313432835820896,0.5846153846153846,0.8546511627906976,0.741909265553421,40,"['dwi_square_ngtdm_Strength', 'dwi_exponential_ngtdm_Strength', 'dwi_exponential_glszm_GrayLevelNonUniformityNormalized', 'dwi_exponential_glszm_GrayLevelVariance', 'dwi_exponential_glcm_Imc1', 'dwi_log-sigma-3-mm-3D_firstorder_Skewness', 'dwi_exponential_glcm_ClusterProminence', 'dwi_exponential_firstorder_Skewness', 'dwi_exponential_glrlm_GrayLevelVariance', 'dwi_exponential_firstorder_Maximum', 'dwi_square_firstorder_Skewness', 'dwi_exponential_gldm_SmallDependenceHighGrayLevelEmphasis', 'dwi_log-sigma-3-mm-3D_firstorder_Kurtosis', 'dwi_wavelet2-LL_ngtdm_Strength', 'dwi_wavelet2-LL_firstorder_Skewness', 'dwi_square_ngtdm_Busyness', 'dwi_wavelet2-LL_glcm_ClusterShade', 'dwi_log-sigma-2-mm-3D_firstorder_Kurtosis', 'dwi_log-sigma-3-mm-3D_ngtdm_Busyness', 'dwi_square_glrlm_GrayLevelNonUniformity', 'dwi_exponential_glszm_SizeZoneNonUniformityNormalized', 'dwi_square_firstorder_Kurtosis', 'dwi_square_glszm_SmallAreaHighGrayLevelEmphasis', 'dwi_exponential_glszm_LargeAreaEmphasis', 'dwi_square_glcm_MCC', 'dwi_exponential_gldm_SmallDependenceEmphasis', 'dwi_log-sigma-2-mm-3D_glcm_MCC', 'dwi_square_glszm_SizeZoneNonUniformityNormalized', 'dwi_exponential_glcm_Imc2', 'adc_logarithm_gldm_GrayLevelNonUniformity', 'dwi_log-sigma-3-mm-3D_gldm_LargeDependenceHighGrayLevelEmphasis', 'dwi_wavelet2-LH_glcm_Imc2', 'dwi_log-sigma-2-mm-3D_ngtdm_Strength', 'dwi_wavelet2-LH_glcm_Correlation', 'dwi_original_firstorder_Kurtosis', 'dwi_wavelet2-LH_glcm_MCC', 'dwi_wavelet2-LL_glszm_GrayLevelNonUniformity', 'adc_wavelet2-LL_ngtdm_Coarseness', 'dwi_log-sigma-2-mm-3D_ngtdm_Busyness', 'dwi_log-sigma-0-6-mm-3D_glszm_ZoneVariance']","[0.8546511627906976, 0.5846153846153846]","[0.7313432835820896, 0.7524752475247525]","[0.7882037533512064, 0.658008658008658]","[0.7313432835820896, 0.7524752475247525]",Logistic Regression
1,1,1.0,1.0,0.8363370811287478,0.4842603538464235,0.47041636230825423,0.5915492957746479,0.7324558705947475,0.8066666666666666,0.5,0.9259259259259259,0.7241379310344828,0.8264462809917356,0.712962962962963,42,"['dwi_square_ngtdm_Strength', 'dwi_log-sigma-3-mm-3D_firstorder_Skewness', 'dwi_wavelet2-LL_firstorder_Skewness', 'dwi_square_firstorder_Skewness', 'dwi_exponential_glcm_Imc1', 'dwi_exponential_glszm_GrayLevelNonUniformityNormalized', 'dwi_log-sigma-3-mm-3D_firstorder_Kurtosis', 'dwi_square_ngtdm_Busyness', 'dwi_exponential_ngtdm_Strength', 'dwi_wavelet2-LL_ngtdm_Strength', 'dwi_exponential_glszm_GrayLevelVariance', 'dwi_wavelet2-LL_glcm_ClusterShade', 'dwi_exponential_firstorder_Skewness', 'dwi_exponential_glcm_ClusterProminence', 'dwi_exponential_glrlm_GrayLevelVariance', 'dwi_exponential_gldm_SmallDependenceHighGrayLevelEmphasis', 'dwi_square_glrlm_GrayLevelNonUniformity', 'dwi_exponential_firstorder_Maximum', 'dwi_log-sigma-2-mm-3D_firstorder_Kurtosis', 'dwi_square_firstorder_Kurtosis', 'dwi_log-sigma-3-mm-3D_ngtdm_Busyness', 'dwi_wavelet2-LL_firstorder_Kurtosis', 'dwi_square_glcm_MCC', 'dwi_square_glszm_SmallAreaHighGrayLevelEmphasis', 'dwi_exponential_glszm_LargeAreaHighGrayLevelEmphasis', 'adc_logarithm_gldm_GrayLevelNonUniformity', 'dwi_log-sigma-2-mm-3D_glcm_MCC', 'dwi_square_glszm_SizeZoneNonUniformityNormalized', 'dwi_exponential_glszm_SizeZoneNonUniformityNormalized', 'dwi_wavelet2-LH_glcm_Imc2', 'dwi_exponential_gldm_SmallDependenceEmphasis', 'dwi_log-sigma-3-mm-3D_glcm_ClusterShade', 'dwi_log-sigma-3-mm-3D_gldm_LargeDependenceHighGrayLevelEmphasis', 'dwi_wavelet2-LH_glcm_MCC', 'dwi_wavelet2-LL_glszm_GrayLevelNonUniformity', 'dwi_exponential_glcm_Imc2', 'adc_wavelet2-LL_ngtdm_Coarseness', 'dwi_log-sigma-2-mm-3D_ngtdm_Strength', 'dwi_wavelet2-LH_glcm_Correlation', 't2_original_shape_SurfaceVolumeRatio', 'dwi_log-sigma-0-6-mm-3D_glszm_ZoneVariance', 'dwi_log-sigma-2-mm-3D_ngtdm_Busyness']","[0.8264462809917356, 0.7241379310344828]","[0.9259259259259259, 0.5]","[0.8733624454148472, 0.5915492957746479]","[0.9259259259259259, 0.5]",Random Forest
2,1,1.0,1.0,0.7958768554150633,0.38345229434604955,0.37600620118060935,0.527027027027027,0.6857357357357357,0.7658862876254181,0.4588235294117647,0.8878504672897196,0.6190476190476191,0.8050847457627118,0.6733369983507421,42,"['dwi_square_ngtdm_Strength', 'dwi_log-sigma-3-mm-3D_firstorder_Skewness', 'dwi_exponential_glcm_Imc1', 'dwi_exponential_ngtdm_Strength', 'dwi_exponential_glszm_GrayLevelNonUniformityNormalized', 'dwi_log-sigma-3-mm-3D_firstorder_Kurtosis', 'dwi_square_firstorder_Skewness', 'dwi_exponential_glszm_GrayLevelVariance', 'dwi_wavelet2-LL_ngtdm_Strength', 'dwi_wavelet2-LL_firstorder_Skewness', 'dwi_exponential_firstorder_Skewness', 'dwi_exponential_glcm_ClusterProminence', 'dwi_exponential_glrlm_GrayLevelVariance', 'dwi_square_glrlm_GrayLevelNonUniformity', 'dwi_exponential_firstorder_Range', 'dwi_log-sigma-3-mm-3D_ngtdm_Busyness', 'dwi_square_ngtdm_Busyness', 'dwi_exponential_gldm_SmallDependenceHighGrayLevelEmphasis', 'dwi_wavelet2-LL_glcm_ClusterShade', 'dwi_log-sigma-2-mm-3D_firstorder_Kurtosis', 'dwi_square_firstorder_Kurtosis', 'dwi_wavelet2-LL_firstorder_Kurtosis', 'dwi_square_glszm_SmallAreaHighGrayLevelEmphasis', 'dwi_square_glcm_MCC', 'dwi_log-sigma-2-mm-3D_glcm_MCC', 'dwi_wavelet2-LL_glszm_GrayLevelNonUniformity', 'adc_logarithm_gldm_GrayLevelNonUniformity', 'dwi_exponential_glszm_LargeAreaHighGrayLevelEmphasis', 'dwi_exponential_glszm_SizeZoneNonUniformityNormalized', 'adc_wavelet2-LL_ngtdm_Coarseness', 'dwi_wavelet2-LH_glcm_Correlation', 'dwi_log-sigma-3-mm-3D_gldm_LargeDependenceHighGrayLevelEmphasis', 'dwi_square_glszm_SizeZoneNonUniformityNormalized', 'dwi_wavelet2-LH_glcm_Imc2', 'dwi_exponential_gldm_SmallDependenceEmphasis', 'dwi_log-sigma-0-6-mm-3D_glszm_ZoneVariance', 'dwi_log-sigma-2-mm-3D_ngtdm_Strength', 'dwi_exponential_glcm_Imc2', 'dwi_wavelet2-LH_glcm_MCC', 'dwi_log-sigma-2-mm-3D_ngtdm_Busyness', 'dwi_logarithm_gldm_GrayLevelNonUniformity', 't2_original_glszm_GrayLevelNonUniformity']","[0.8050847457627118, 0.6190476190476191]","[0.8878504672897196, 0.4588235294117647]","[0.8444444444444444, 0.527027027027027]","[0.8878504672897196, 0.4588235294117647]",Random Forest
3,1,1.0,1.0,0.7860660173160173,0.29408763402689425,0.2593764121102575,0.3937007874015748,0.6147608414619814,0.7416107382550335,0.2840909090909091,0.9333333333333333,0.6410256410256411,0.7567567567567568,0.6087121212121213,42,"['dwi_square_ngtdm_Strength', 'dwi_log-sigma-3-mm-3D_firstorder_Skewness', 'dwi_exponential_glcm_Imc1', 'dwi_exponential_ngtdm_Strength', 'dwi_exponential_glszm_GrayLevelNonUniformityNormalized', 'dwi_log-sigma-3-mm-3D_firstorder_Kurtosis', 'dwi_wavelet2-LL_firstorder_Skewness', 'dwi_exponential_glszm_GrayLevelVariance', 'dwi_square_firstorder_Skewness', 'dwi_exponential_glcm_ClusterProminence', 'dwi_wavelet2-LL_ngtdm_Strength', 'dwi_exponential_glrlm_GrayLevelVariance', 'dwi_square_glrlm_GrayLevelNonUniformity', 'dwi_exponential_gldm_SmallDependenceHighGrayLevelEmphasis', 'dwi_exponential_firstorder_Skewness', 'dwi_exponential_firstorder_Maximum', 'dwi_square_ngtdm_Busyness', 'dwi_log-sigma-2-mm-3D_firstorder_Kurtosis', 'dwi_wavelet2-LL_glcm_ClusterShade', 'dwi_square_glcm_MCC', 'dwi_wavelet2-LL_firstorder_Kurtosis', 'dwi_log-sigma-3-mm-3D_ngtdm_Busyness', 'dwi_square_firstorder_Kurtosis', 'adc_logarithm_gldm_GrayLevelNonUniformity', 'dwi_exponential_glszm_LargeAreaHighGrayLevelEmphasis', 'dwi_log-sigma-2-mm-3D_glcm_MCC', 'dwi_exponential_glszm_SizeZoneNonUniformityNormalized', 'dwi_square_glszm_SmallAreaHighGrayLevelEmphasis', 'dwi_exponential_glcm_Imc2', 'dwi_exponential_gldm_SmallDependenceEmphasis', 'dwi_wavelet2-LL_glszm_GrayLevelNonUniformity', 'adc_wavelet2-LL_ngtdm_Coarseness', 'dwi_log-sigma-3-mm-3D_glrlm_LongRunHighGrayLevelEmphasis', 'dwi_wavelet2-LH_glcm_Correlation', 'dwi_square_glszm_SizeZoneNonUniformityNormalized', 'dwi_square_glcm_ClusterShade', 'dwi_wavelet2-LH_glcm_MCC', 't2_squareroot_glszm_SizeZoneNonUniformity', 'dwi_wavelet2-LH_glcm_Imc2', 'dwi_log-sigma-0-6-mm-3D_glszm_ZoneVariance', 'adc_wavelet2-LL_glcm_Imc1', 't2_original_shape_SurfaceVolumeRatio']","[0.7567567567567568, 0.6410256410256411]","[0.9333333333333333, 0.2840909090909091]","[0.835820895522388, 0.3937007874015748]","[0.9333333333333333, 0.2840909090909091]",Random Forest
4,1,0.9999999999999999,1.0,0.8192199956905839,0.41401855421703676,0.4109627946606078,0.5584415584415584,0.7046593757120072,0.7770491803278688,0.5119047619047619,0.8778280542986425,0.6142857142857143,0.825531914893617,0.6948664081017022,42,"['dwi_square_ngtdm_Strength', 'dwi_exponential_ngtdm_Strength', 'dwi_exponential_glcm_Imc1', 'dwi_log-sigma-3-mm-3D_firstorder_Skewness', 'dwi_exponential_glszm_GrayLevelNonUniformityNormalized', 'dwi_square_firstorder_Skewness', 'dwi_exponential_glszm_GrayLevelVariance', 'dwi_exponential_firstorder_Skewness', 'dwi_exponential_gldm_SmallDependenceHighGrayLevelEmphasis', 'dwi_square_glrlm_GrayLevelNonUniformity', 'dwi_square_ngtdm_Busyness', 'dwi_exponential_glcm_ClusterProminence', 'dwi_exponential_glrlm_GrayLevelVariance', 'dwi_log-sigma-3-mm-3D_firstorder_Kurtosis', 'dwi_exponential_firstorder_Maximum', 'dwi_wavelet2-LL_firstorder_Skewness', 'dwi_wavelet2-LL_ngtdm_Strength', 'dwi_exponential_glszm_LargeAreaHighGrayLevelEmphasis', 'dwi_exponential_glszm_SizeZoneNonUniformityNormalized', 'dwi_exponential_gldm_SmallDependenceEmphasis', 'dwi_wavelet2-LL_glcm_ClusterShade', 'dwi_square_firstorder_Kurtosis', 'dwi_log-sigma-2-mm-3D_firstorder_Kurtosis', 'dwi_wavelet2-LL_firstorder_Kurtosis', 'dwi_square_glszm_GrayLevelVariance', 'adc_logarithm_gldm_GrayLevelNonUniformity', 'dwi_log-sigma-3-mm-3D_ngtdm_Strength', 'dwi_exponential_glcm_Imc2', 'dwi_log-sigma-3-mm-3D_ngtdm_Busyness', 'dwi_wavelet2-LL_glszm_GrayLevelNonUniformity', 'dwi_square_glcm_MCC', 'adc_wavelet2-LL_ngtdm_Coarseness', 't2_original_shape_SurfaceVolumeRatio', 't2_wavelet2-LL_glszm_SizeZoneNonUniformity', 'dwi_square_glszm_SizeZoneNonUniformityNormalized', 'dwi_log-sigma-0-6-mm-3D_glszm_ZoneVariance', 'dwi_wavelet2-LH_glcm_Imc2', 'dwi_exponential_glszm_ZoneVariance', 'dwi_log-sigma-2-mm-3D_glcm_MCC', 'dwi_exponential_glszm_SizeZoneNonUniformity', 'dwi_wavelet2-LH_glcm_Correlation', 'dwi_wavelet2-LH_glcm_MCC']","[0.825531914893617, 0.6142857142857143]","[0.8778280542986425, 0.5119047619047619]","[0.8508771929824561, 0.5584415584415584]","[0.8778280542986425, 0.5119047619047619]",Random Forest
5,1,1.0,1.0,0.831747886070316,0.3912806795028813,0.37453793621953513,0.5109489051094891,0.6824897030994068,0.7751677852348994,0.4166666666666667,0.9158878504672897,0.660377358490566,0.8,0.6662772585669782,42,"['dwi_square_ngtdm_Strength', 'dwi_log-sigma-3-mm-3D_firstorder_Skewness', 'dwi_exponential_glcm_Imc1', 'dwi_exponential_ngtdm_Strength', 'dwi_exponential_glszm_GrayLevelNonUniformityNormalized', 'dwi_wavelet2-LL_firstorder_Skewness', 'dwi_square_firstorder_Skewness', 'dwi_square_ngtdm_Busyness', 'dwi_log-sigma-3-mm-3D_firstorder_Kurtosis', 'dwi_square_glrlm_GrayLevelNonUniformity', 'dwi_wavelet2-LL_ngtdm_Strength', 'dwi_exponential_glcm_ClusterProminence', 'dwi_exponential_firstorder_Skewness', 'dwi_exponential_glrlm_GrayLevelVariance', 'dwi_exponential_gldm_SmallDependenceHighGrayLevelEmphasis', 'dwi_log-sigma-2-mm-3D_firstorder_Kurtosis', 'dwi_exponential_firstorder_Maximum', 'dwi_square_firstorder_Kurtosis', 'dwi_wavelet2-LL_glcm_ClusterShade', 'dwi_original_firstorder_Kurtosis', 'dwi_log-sigma-3-mm-3D_ngtdm_Busyness', 'dwi_wavelet2-LL_glszm_GrayLevelNonUniformity', 'dwi_square_glcm_MCC', 'dwi_exponential_glszm_SizeZoneNonUniformityNormalized', 'dwi_exponential_glszm_LargeAreaEmphasis', 'adc_wavelet2-LL_ngtdm_Coarseness', 'dwi_log-sigma-2-mm-3D_glcm_MCC', 'adc_logarithm_gldm_GrayLevelNonUniformity', 'dwi_square_glszm_SmallAreaHighGrayLevelEmphasis', 't2_original_glszm_GrayLevelNonUniformity', 'dwi_exponential_gldm_SmallDependenceEmphasis', 't2_original_shape_SurfaceVolumeRatio', 'dwi_exponential_glcm_Imc2', 'dwi_square_glszm_SizeZoneNonUniformityNormalized', 'dwi_log-sigma-0-6-mm-3D_glszm_ZoneVariance', 'dwi_wavelet2-LH_glcm_Imc2', 't2_logarithm_ngtdm_Coarseness', 'dwi_wavelet2-LH_glcm_Correlation', 'dwi_wavelet2-LH_glcm_MCC', 't2_log-sigma-3-mm-3D_glszm_ZoneEntropy', 'dwi_squareroot_ngtdm_Coarseness', 'dwi_log-sigma-2-mm-3D_ngtdm_Strength']","[0.8, 0.660377358490566]","[0.9158878504672897, 0.4166666666666667]","[0.8540305010893247, 0.5109489051094891]","[0.9158878504672897, 0.4166666666666667]",Random Forest
6,2,1.0,1.0,0.8013166079203816,0.3995474301805577,0.37591949626316723,0.5138888888888888,0.6811868686868687,0.768976897689769,0.4065934065934066,0.9245283018867925,0.6981132075471698,0.784,0.6655608542400995,41,"['dwi_square_ngtdm_Strength', 'dwi_exponential_glcm_Imc1', 'dwi_log-sigma-3-mm-3D_firstorder_Skewness', 'dwi_exponential_glszm_GrayLevelNonUniformityNormalized', 'dwi_exponential_ngtdm_Strength', 'dwi_square_glrlm_GrayLevelNonUniformity', 'dwi_square_firstorder_Skewness', 'dwi_log-sigma-3-mm-3D_firstorder_Kurtosis', 'dwi_wavelet2-LL_firstorder_Skewness', 'dwi_exponential_glcm_ClusterProminence', 'dwi_exponential_firstorder_Skewness', 'dwi_exponential_gldm_SmallDependenceHighGrayLevelEmphasis', 'dwi_exponential_glrlm_GrayLevelVariance', 'dwi_square_ngtdm_Busyness', 'dwi_wavelet2-LL_ngtdm_Strength', 'dwi_exponential_firstorder_Maximum', 'dwi_exponential_glszm_LargeAreaEmphasis', 'dwi_square_glcm_MCC', 'dwi_exponential_glszm_SizeZoneNonUniformityNormalized', 'adc_logarithm_gldm_GrayLevelNonUniformity', 'dwi_log-sigma-2-mm-3D_firstorder_Kurtosis', 'dwi_wavelet2-LL_glcm_ClusterShade', 'dwi_square_firstorder_Kurtosis', 'dwi_wavelet2-LL_glszm_GrayLevelNonUniformity', 'dwi_exponential_gldm_SmallDependenceEmphasis', 'adc_wavelet2-LL_ngtdm_Coarseness', 'dwi_log-sigma-3-mm-3D_ngtdm_Busyness', 'dwi_exponential_glcm_Imc2', 'dwi_wavelet2-LL_firstorder_Kurtosis', 't2_original_shape_SurfaceVolumeRatio', 't2_original_glszm_GrayLevelNonUniformity', 'dwi_log-sigma-2-mm-3D_glcm_MCC', 'dwi_square_glszm_SmallAreaHighGrayLevelEmphasis', 't2_logarithm_ngtdm_Coarseness', 'dwi_wavelet2-LH_glcm_Correlation', 'dwi_squareroot_ngtdm_Coarseness', 'dwi_log-sigma-0-6-mm-3D_glszm_ZoneVariance', 'dwi_wavelet2-LH_glcm_MCC', 'dwi_wavelet2-LH_glcm_Imc2', 'dwi_square_glszm_SizeZoneNonUniformityNormalized', 'dwi_original_ngtdm_Coarseness']","[0.784, 0.6981132075471698]","[0.9245283018867925, 0.4065934065934066]","[0.8484848484848485, 0.5138888888888888]","[0.9245283018867925, 0.4065934065934066]",Random Forest
7,2,1.0,1.0,0.8578165711307973,0.426980781547555,0.40463670433746834,0.5490196078431373,0.6962785114045619,0.7676767676767676,0.4421052631578947,0.9207920792079208,0.7241379310344828,0.7782426778242678,0.6814486711829078,41,"['dwi_square_ngtdm_Strength', 'dwi_log-sigma-3-mm-3D_firstorder_Skewness', 'dwi_square_firstorder_Skewness', 'dwi_wavelet2-LL_firstorder_Skewness', 'dwi_exponential_ngtdm_Strength', 'dwi_exponential_glcm_Imc1', 'dwi_log-sigma-3-mm-3D_firstorder_Kurtosis', 'dwi_exponential_glszm_GrayLevelNonUniformityNormalized', 'dwi_exponential_glszm_GrayLevelVariance', 'dwi_wavelet2-LL_ngtdm_Strength', 'dwi_square_ngtdm_Busyness', 'dwi_exponential_firstorder_Skewness', 'dwi_square_glrlm_GrayLevelNonUniformity', 'dwi_exponential_gldm_SmallDependenceHighGrayLevelEmphasis', 'dwi_wavelet2-LL_glcm_ClusterShade', 'dwi_exponential_glcm_ClusterProminence', 'dwi_exponential_glrlm_GrayLevelVariance', 'dwi_exponential_firstorder_Maximum', 'dwi_log-sigma-2-mm-3D_firstorder_Kurtosis', 'dwi_square_firstorder_Kurtosis', 'dwi_wavelet2-LL_firstorder_Kurtosis', 'dwi_square_glcm_MCC', 'dwi_log-sigma-3-mm-3D_ngtdm_Busyness', 'dwi_square_glszm_SmallAreaHighGrayLevelEmphasis', 'dwi_log-sigma-2-mm-3D_glcm_MCC', 'adc_logarithm_gldm_GrayLevelNonUniformity', 'dwi_exponential_glszm_LargeAreaHighGrayLevelEmphasis', 'dwi_exponential_glszm_SizeZoneNonUniformityNormalized', 'adc_wavelet2-LL_ngtdm_Coarseness', 'dwi_square_glszm_SizeZoneNonUniformityNormalized', 'dwi_wavelet2-LL_glszm_GrayLevelNonUniformity', 'dwi_wavelet2-LH_glcm_Imc2', 'dwi_log-sigma-0-6-mm-3D_glszm_ZoneVariance', 'dwi_exponential_gldm_SmallDependenceEmphasis', 'dwi_wavelet2-LH_glcm_Correlation', 't2_original_shape_SurfaceVolumeRatio', 'dwi_log-sigma-3-mm-3D_glcm_ClusterShade', 'dwi_log-sigma-2-mm-3D_ngtdm_Strength', 't2_wavelet2-LL_glszm_SizeZoneNonUniformity', 'dwi_exponential_glcm_Imc2', 'dwi_log-sigma-0-6-mm-3D_firstorder_Skewness']","[0.7782426778242678, 0.7241379310344828]","[0.9207920792079208, 0.4421052631578947]","[0.8435374149659864, 0.5490196078431373]","[0.9207920792079208, 0.4421052631578947]",Random Forest
8,2,1.0,1.0,0.803731259789662,0.3511843410752213,0.3416172106824926,0.4892086330935252,0.6675978089545717,0.7633333333333333,0.4146341463414634,0.8944954128440367,0.5964912280701754,0.8024691358024691,0.6545647795927501,42,"['dwi_square_ngtdm_Strength', 'dwi_log-sigma-3-mm-3D_firstorder_Skewness', 'dwi_square_firstorder_Skewness', 'dwi_wavelet2-LL_firstorder_Skewness', 'dwi_exponential_glcm_Imc1', 'dwi_exponential_ngtdm_Strength', 'dwi_square_ngtdm_Busyness', 'dwi_exponential_glszm_GrayLevelNonUniformityNormalized', 'dwi_log-sigma-3-mm-3D_firstorder_Kurtosis', 'dwi_exponential_glszm_GrayLevelVariance', 'dwi_wavelet2-LL_ngtdm_Strength', 'dwi_square_glrlm_GrayLevelNonUniformity', 'dwi_exponential_firstorder_Skewness', 'dwi_exponential_glcm_ClusterProminence', 'dwi_exponential_glrlm_GrayLevelVariance', 'dwi_exponential_gldm_SmallDependenceHighGrayLevelEmphasis', 'dwi_exponential_firstorder_Maximum', 'dwi_log-sigma-2-mm-3D_firstorder_Kurtosis', 'dwi_square_firstorder_Kurtosis', 'dwi_original_firstorder_Kurtosis', 'dwi_wavelet2-LL_glcm_ClusterShade', 'dwi_log-sigma-3-mm-3D_ngtdm_Busyness', 'adc_logarithm_gldm_GrayLevelNonUniformity', 'dwi_exponential_glszm_LargeAreaHighGrayLevelEmphasis', 'dwi_wavelet2-LL_glszm_GrayLevelNonUniformity', 'dwi_square_glcm_MCC', 'dwi_square_glszm_SmallAreaHighGrayLevelEmphasis', 'dwi_exponential_glszm_SizeZoneNonUniformityNormalized', 'dwi_log-sigma-2-mm-3D_glcm_MCC', 'dwi_square_glszm_SizeZoneNonUniformityNormalized', 'adc_wavelet2-LL_ngtdm_Coarseness', 'dwi_exponential_gldm_SmallDependenceEmphasis', 'dwi_log-sigma-3-mm-3D_gldm_LargeDependenceHighGrayLevelEmphasis', 'dwi_exponential_glcm_Imc2', 'dwi_log-sigma-0-6-mm-3D_glszm_ZoneVariance', 't2_original_shape_SurfaceVolumeRatio', 'dwi_wavelet2-LH_glcm_Correlation', 'dwi_wavelet2-LH_glcm_Imc2', 't2_original_glszm_GrayLevelNonUniformity', 'dwi_logarithm_gldm_GrayLevelNonUniformity', 'dwi_wavelet2-LH_glcm_MCC', 'adc_wavelet2-LL_glcm_Imc1']","[0.8024691358024691, 0.5964912280701754]","[0.8944954128440367, 0.4146341463414634]","[0.8459869848156182, 0.4892086330935252]","[0.8944954128440367, 0.4146341463414634]",Random Forest
9,2,1.0,1.0,0.7925908721402857,0.3721731208361725,0.36317086440298274,0.5037037037037037,0.6788671023965142,0.7744107744107744,0.43037974683544306,0.8990825688073395,0.6071428571428571,0.8132780082987552,0.6647311578213912,43,"['dwi_square_ngtdm_Strength', 'dwi_log-sigma-3-mm-3D_firstorder_Skewness', 'dwi_exponential_ngtdm_Strength', 'dwi_exponential_glszm_GrayLevelNonUniformityNormalized', 'dwi_exponential_glcm_Imc1', 'dwi_exponential_glszm_GrayLevelVariance', 'dwi_wavelet2-LL_firstorder_Skewness', 'dwi_log-sigma-3-mm-3D_firstorder_Kurtosis', 'dwi_square_firstorder_Skewness', 'dwi_exponential_glcm_ClusterProminence', 'dwi_exponential_glrlm_GrayLevelVariance', 'dwi_wavelet2-LL_ngtdm_Strength', 'dwi_exponential_firstorder_Skewness', 'dwi_square_glrlm_GrayLevelNonUniformity', 'dwi_exponential_gldm_SmallDependenceHighGrayLevelEmphasis', 'dwi_square_ngtdm_Busyness', 'dwi_exponential_firstorder_Maximum', 'dwi_wavelet2-LL_glcm_ClusterShade', 'dwi_log-sigma-3-mm-3D_ngtdm_Busyness', 'dwi_exponential_glszm_LargeAreaHighGrayLevelEmphasis', 'dwi_log-sigma-2-mm-3D_firstorder_Kurtosis', 'dwi_square_glszm_SmallAreaHighGrayLevelEmphasis', 'dwi_wavelet2-LL_firstorder_Kurtosis', 'dwi_square_firstorder_Kurtosis', 'dwi_exponential_glszm_SizeZoneNonUniformityNormalized', 'dwi_wavelet2-LL_glszm_GrayLevelNonUniformity', 'dwi_exponential_gldm_SmallDependenceEmphasis', 'adc_logarithm_gldm_GrayLevelNonUniformity', 'dwi_square_glcm_MCC', 'dwi_log-sigma-2-mm-3D_glcm_MCC', 'adc_original_ngtdm_Coarseness', 'dwi_square_glszm_SizeZoneNonUniformityNormalized', 'dwi_exponential_glcm_Imc2', 'dwi_square_glcm_ClusterShade', 'dwi_log-sigma-0-6-mm-3D_glszm_ZoneVariance', 't2_squareroot_glszm_SizeZoneNonUniformity', 'dwi_log-sigma-3-mm-3D_gldm_LargeDependenceHighGrayLevelEmphasis', 'dwi_log-sigma-2-mm-3D_ngtdm_Strength', 't2_logarithm_ngtdm_Coarseness', 'dwi_log-sigma-2-mm-3D_ngtdm_Busyness', 'dwi_wavelet2-LH_glcm_Imc2', 'dwi_logarithm_ngtdm_Coarseness', 'dwi_wavelet2-LH_glcm_MCC']","[0.8132780082987552, 0.6071428571428571]","[0.8990825688073395, 0.43037974683544306]","[0.8540305010893247, 0.5037037037037037]","[0.8990825688073395, 0.43037974683544306]",Random Forest
10,2,1.0,1.0,0.8304558404558406,0.4545933767044019,0.4290389764950907,0.5365853658536586,0.7092864717467051,0.8118811881188119,0.4230769230769231,0.9466666666666667,0.7333333333333333,0.8255813953488372,0.6848717948717948,43,"['dwi_square_ngtdm_Strength', 'dwi_log-sigma-3-mm-3D_firstorder_Skewness', 'dwi_exponential_glcm_Imc1', 'dwi_exponential_ngtdm_Strength', 'dwi_exponential_glszm_GrayLevelNonUniformityNormalized', 'dwi_square_firstorder_Skewness', 'dwi_log-sigma-3-mm-3D_firstorder_Kurtosis', 'dwi_exponential_glszm_GrayLevelVariance', 'dwi_wavelet2-LL_ngtdm_Strength', 'dwi_wavelet2-LL_firstorder_Skewness', 'dwi_exponential_glcm_ClusterProminence', 'dwi_exponential_glrlm_GrayLevelVariance', 'dwi_square_ngtdm_Busyness', 'dwi_exponential_gldm_SmallDependenceHighGrayLevelEmphasis', 'dwi_exponential_firstorder_Skewness', 'dwi_exponential_firstorder_Maximum', 'dwi_log-sigma-3-mm-3D_ngtdm_Strength', 'dwi_log-sigma-2-mm-3D_firstorder_Kurtosis', 'dwi_wavelet2-LL_glcm_ClusterShade', 'dwi_log-sigma-3-mm-3D_ngtdm_Busyness', 'dwi_square_glrlm_GrayLevelNonUniformity', 'dwi_square_firstorder_Kurtosis', 'dwi_wavelet2-LH_glcm_Correlation', 'dwi_wavelet2-LH_glcm_MCC', 'dwi_wavelet2-LL_firstorder_Kurtosis', 'dwi_wavelet2-LH_glcm_Imc2', 'dwi_square_glcm_MCC', 'dwi_exponential_glszm_SizeZoneNonUniformityNormalized', 'dwi_square_glszm_SmallAreaHighGrayLevelEmphasis', 'dwi_log-sigma-2-mm-3D_glcm_MCC', 'dwi_exponential_glszm_LargeAreaHighGrayLevelEmphasis', 'dwi_exponential_glcm_Imc2', 'dwi_exponential_gldm_SmallDependenceEmphasis', 'dwi_square_glszm_SizeZoneNonUniformityNormalized', 'dwi_log-sigma-3-mm-3D_gldm_LargeDependenceHighGrayLevelEmphasis', 'adc_logarithm_gldm_GrayLevelNonUniformity', 'dwi_wavelet2-LL_glszm_GrayLevelNonUniformity', 'dwi_wavelet-LH_glcm_Imc1', 't2_squareroot_glszm_SizeZoneNonUniformity', 'adc_wavelet2-LL_ngtdm_Coarseness', 'dwi_log-sigma-2-mm-3D_ngtdm_Busyness', 'dwi_wavelet2-LH_glcm_Imc1', 'dwi_logarithm_gldm_GrayLevelNonUniformity']","[0.8255813953488372, 0.7333333333333333]","[0.9466666666666667, 0.4230769230769231]","[0.8819875776397516, 0.5365853658536586]","[0.9466666666666667, 0.4230769230769231]",Random Forest
11,3,0.9999999999999999,1.0,0.8121674140508222,0.3864080911356186,0.3804976287923082,0.5151515151515151,0.6886102403343782,0.785234899328859,0.4533333333333333,0.8968609865470852,0.5964912280701754,0.8298755186721992,0.6750971599402092,43,"['dwi_square_ngtdm_Strength', 'dwi_log-sigma-3-mm-3D_firstorder_Skewness', 'dwi_wavelet2-LL_firstorder_Skewness', 'dwi_log-sigma-3-mm-3D_firstorder_Kurtosis', 'dwi_square_firstorder_Skewness', 'dwi_exponential_glcm_Imc1', 'dwi_exponential_ngtdm_Strength', 'dwi_exponential_glszm_GrayLevelNonUniformityNormalized', 'dwi_exponential_firstorder_Skewness', 'dwi_exponential_glszm_GrayLevelVariance', 'dwi_log-sigma-2-mm-3D_firstorder_Kurtosis', 'dwi_square_glrlm_GrayLevelNonUniformity', 'dwi_square_ngtdm_Busyness', 'dwi_square_firstorder_Kurtosis', 'dwi_wavelet2-LL_ngtdm_Strength', 'dwi_exponential_glcm_ClusterProminence', 'dwi_wavelet2-LL_glcm_ClusterShade', 'dwi_exponential_glrlm_GrayLevelVariance', 'dwi_wavelet2-LL_firstorder_Kurtosis', 'dwi_exponential_gldm_SmallDependenceHighGrayLevelEmphasis', 'dwi_exponential_firstorder_Maximum', 'dwi_log-sigma-3-mm-3D_ngtdm_Busyness', 'dwi_exponential_glszm_LargeAreaHighGrayLevelEmphasis', 'dwi_square_glcm_MCC', 'adc_logarithm_gldm_GrayLevelNonUniformity', 'dwi_square_glszm_SmallAreaHighGrayLevelEmphasis', 'dwi_exponential_glszm_SizeZoneNonUniformityNormalized', 'dwi_log-sigma-3-mm-3D_glrlm_LongRunHighGrayLevelEmphasis', 'dwi_wavelet2-LL_glszm_GrayLevelNonUniformity', 'dwi_exponential_gldm_SmallDependenceEmphasis', 'dwi_square_glszm_SizeZoneNonUniformityNormalized', 'dwi_log-sigma-2-mm-3D_glcm_MCC', 'dwi_exponential_glcm_Imc2', 'dwi_log-sigma-3-mm-3D_glcm_ClusterShade', 'dwi_wavelet2-LH_glcm_Correlation', 't2_squareroot_glszm_SizeZoneNonUniformity', 'adc_wavelet2-LL_ngtdm_Coarseness', 'dwi_wavelet2-LH_glcm_Imc2', 'dwi_log-sigma-0-6-mm-3D_glszm_ZoneVariance', 'dwi_wavelet2-LH_glcm_MCC', 'dwi_log-sigma-2-mm-3D_ngtdm_Strength', 'dwi_logarithm_gldm_GrayLevelNonUniformity', 't2_original_shape_SurfaceVolumeRatio']","[0.8298755186721992, 0.5964912280701754]","[0.8968609865470852, 0.4533333333333333]","[0.8620689655172413, 0.5151515151515151]","[0.8968609865470852, 0.4533333333333333]",Random Forest
12,3,1.0,1.0,0.8276439089692101,0.3658096493351766,0.3498566161409258,0.4888888888888889,0.6699304055675546,0.7692307692307693,0.39759036144578314,0.9120370370370371,0.6346153846153846,0.7975708502024291,0.6548136992414101,42,"['dwi_square_ngtdm_Strength', 'dwi_log-sigma-3-mm-3D_firstorder_Skewness', 'dwi_exponential_glcm_Imc1', 'dwi_log-sigma-3-mm-3D_firstorder_Kurtosis', 'dwi_wavelet2-LL_firstorder_Skewness', 'dwi_square_firstorder_Skewness', 'dwi_exponential_ngtdm_Strength', 'dwi_exponential_glszm_GrayLevelNonUniformityNormalized', 'dwi_exponential_firstorder_Skewness', 'dwi_exponential_glszm_GrayLevelVariance', 'dwi_log-sigma-2-mm-3D_firstorder_Kurtosis', 'dwi_square_glrlm_GrayLevelNonUniformity', 'dwi_wavelet2-LL_ngtdm_Strength', 'dwi_wavelet2-LL_firstorder_Kurtosis', 'dwi_square_ngtdm_Busyness', 'dwi_exponential_glcm_ClusterProminence', 'dwi_exponential_glrlm_GrayLevelVariance', 'dwi_square_firstorder_Kurtosis', 'dwi_wavelet2-LL_glcm_ClusterShade', 'dwi_exponential_firstorder_Maximum', 'dwi_exponential_gldm_SmallDependenceHighGrayLevelEmphasis', 'dwi_log-sigma-3-mm-3D_ngtdm_Strength', 'dwi_square_glcm_MCC', 'dwi_log-sigma-3-mm-3D_ngtdm_Busyness', 'adc_logarithm_gldm_GrayLevelNonUniformity', 'dwi_log-sigma-2-mm-3D_glcm_MCC', 'dwi_exponential_glszm_LargeAreaHighGrayLevelEmphasis', 'dwi_wavelet2-LH_glcm_Correlation', 'dwi_wavelet2-LH_glcm_MCC', 'dwi_wavelet2-LH_glcm_Imc2', 'adc_logarithm_ngtdm_Coarseness', 'dwi_square_glszm_SmallAreaHighGrayLevelEmphasis', 'dwi_exponential_glszm_SizeZoneNonUniformityNormalized', 'dwi_log-sigma-3-mm-3D_glrlm_GrayLevelNonUniformity', 'dwi_log-sigma-3-mm-3D_glrlm_LongRunHighGrayLevelEmphasis', 'dwi_exponential_gldm_SmallDependenceEmphasis', 'dwi_exponential_glcm_Imc2', 'dwi_square_glszm_SizeZoneNonUniformityNormalized', 't2_original_shape_SurfaceVolumeRatio', 'dwi_log-sigma-3-mm-3D_gldm_LargeDependenceHighGrayLevelEmphasis', 'dwi_square_firstorder_Maximum', 'dwi_wavelet-LH_glcm_Imc1']","[0.7975708502024291, 0.6346153846153846]","[0.9120370370370371, 0.39759036144578314]","[0.8509719222462203, 0.4888888888888889]","[0.9120370370370371, 0.39759036144578314]",Random Forest
13,3,1.0,1.0,0.8040594059405941,0.4011131202763918,0.36496103969169313,0.5098039215686274,0.6713830298266299,0.7508305647840532,0.38613861386138615,0.935,0.75,0.751004016064257,0.660569306930693,40,"['dwi_square_ngtdm_Strength', 'dwi_exponential_glcm_Imc1', 'dwi_square_ngtdm_Busyness', 'dwi_log-sigma-3-mm-3D_firstorder_Skewness', 'dwi_exponential_glszm_GrayLevelNonUniformityNormalized', 'dwi_exponential_ngtdm_Strength', 'dwi_exponential_glszm_GrayLevelVariance', 'dwi_square_glrlm_GrayLevelNonUniformity', 'dwi_wavelet2-LL_ngtdm_Strength', 'dwi_square_firstorder_Skewness', 'dwi_log-sigma-3-mm-3D_firstorder_Kurtosis', 'dwi_wavelet2-LL_firstorder_Skewness', 'dwi_exponential_glcm_ClusterProminence', 'dwi_exponential_glrlm_GrayLevelVariance', 'dwi_exponential_gldm_SmallDependenceHighGrayLevelEmphasis', 'dwi_exponential_firstorder_Skewness', 'dwi_exponential_firstorder_Maximum', 'dwi_log-sigma-3-mm-3D_ngtdm_Busyness', 'dwi_wavelet2-LL_glcm_ClusterShade', 'dwi_exponential_glszm_SizeZoneNonUniformityNormalized', 'dwi_log-sigma-2-mm-3D_firstorder_Kurtosis', 'dwi_exponential_glszm_LargeAreaHighGrayLevelEmphasis', 'dwi_square_glcm_MCC', 'dwi_square_glszm_SmallAreaHighGrayLevelEmphasis', 'dwi_wavelet2-LL_glszm_GrayLevelNonUniformity', 'dwi_square_firstorder_Kurtosis', 'dwi_log-sigma-2-mm-3D_glcm_MCC', 'adc_logarithm_gldm_GrayLevelNonUniformity', 'adc_wavelet2-LL_ngtdm_Coarseness', 'dwi_exponential_gldm_SmallDependenceEmphasis', 'dwi_wavelet2-LL_firstorder_Kurtosis', 'dwi_exponential_glcm_Imc2', 'dwi_square_glszm_SizeZoneNonUniformityNormalized', 't2_original_glszm_GrayLevelNonUniformity', 'dwi_log-sigma-3-mm-3D_gldm_LargeDependenceHighGrayLevelEmphasis', 'dwi_wavelet2-LH_glcm_Imc2', 'dwi_wavelet2-LH_glcm_MCC', 'dwi_log-sigma-2-mm-3D_ngtdm_Strength', 'dwi_log-sigma-0-6-mm-3D_glszm_ZoneVariance', 't2_log-sigma-3-mm-3D_glszm_ZoneEntropy']","[0.751004016064257, 0.75]","[0.935, 0.38613861386138615]","[0.8329621380846325, 0.5098039215686274]","[0.935, 0.38613861386138615]",Random Forest
14,3,1.0,1.0,0.7894345238095238,0.38161116929223987,0.3694728033472804,0.496,0.6814038054968288,0.7892976588628763,0.41333333333333333,0.9151785714285714,0.62,0.8232931726907631,0.6642559523809524,43,"['dwi_square_ngtdm_Strength', 'dwi_exponential_glszm_GrayLevelNonUniformityNormalized', 'dwi_wavelet2-LL_ngtdm_Strength', 'dwi_exponential_glcm_Imc1', 'dwi_log-sigma-3-mm-3D_firstorder_Skewness', 'dwi_exponential_ngtdm_Strength', 'dwi_square_ngtdm_Busyness', 'dwi_exponential_glcm_ClusterProminence', 'dwi_exponential_gldm_SmallDependenceHighGrayLevelEmphasis', 'dwi_exponential_glrlm_GrayLevelVariance', 'dwi_square_glrlm_GrayLevelNonUniformity', 'dwi_wavelet2-LL_firstorder_Skewness', 'dwi_square_firstorder_Skewness', 'dwi_log-sigma-3-mm-3D_ngtdm_Busyness', 'dwi_wavelet2-LL_glcm_ClusterShade', 'dwi_exponential_firstorder_Maximum', 'dwi_exponential_firstorder_Skewness', 'dwi_square_glcm_MCC', 'dwi_exponential_glszm_LargeAreaEmphasis', 'dwi_square_glszm_SmallAreaHighGrayLevelEmphasis', 'dwi_wavelet2-LH_glcm_Imc2', 'dwi_square_glszm_SizeZoneNonUniformityNormalized', 'dwi_log-sigma-2-mm-3D_glcm_MCC', 'dwi_exponential_gldm_SmallDependenceEmphasis', 'dwi_exponential_glszm_SizeZoneNonUniformityNormalized', 'dwi_wavelet2-LL_glszm_GrayLevelNonUniformity', 'adc_logarithm_gldm_GrayLevelNonUniformity', 'dwi_wavelet2-LH_glcm_Correlation', 'dwi_exponential_glcm_Imc2', 'dwi_logarithm_gldm_GrayLevelNonUniformity', 'dwi_log-sigma-2-mm-3D_ngtdm_Strength', 'dwi_log-sigma-2-mm-3D_firstorder_Kurtosis', 'dwi_log-sigma-0-6-mm-3D_glszm_ZoneVariance', 'dwi_log-sigma-3-mm-3D_gldm_LargeDependenceHighGrayLevelEmphasis', 'dwi_square_firstorder_Kurtosis', 'dwi_wavelet2-LH_glcm_MCC', 'adc_wavelet2-LL_ngtdm_Coarseness', 'dwi_log-sigma-2-mm-3D_ngtdm_Busyness', 'dwi_wavelet2-LL_firstorder_Kurtosis', 't2_squareroot_glszm_SizeZoneNonUniformity', 'dwi_log-sigma-3-mm-3D_glcm_JointAverage', 't2_logarithm_ngtdm_Coarseness', 'dwi_exponential_glszm_ZoneVariance']","[0.8232931726907631, 0.62]","[0.9151785714285714, 0.41333333333333333]","[0.8668076109936576, 0.496]","[0.9151785714285714, 0.41333333333333333]",Random Forest
15,3,1.0,1.0,0.791934480613726,0.34521703265825127,0.3272174827626505,0.4794520547945205,0.6571173317450864,0.7491749174917491,0.38461538461538464,0.9056603773584906,0.6363636363636364,0.7741935483870968,0.6451378809869376,41,"['dwi_square_ngtdm_Strength', 'dwi_exponential_ngtdm_Strength', 'dwi_log-sigma-3-mm-3D_firstorder_Skewness', 'dwi_exponential_glszm_GrayLevelNonUniformityNormalized', 'dwi_exponential_glcm_Imc1', 'dwi_square_firstorder_Skewness', 'dwi_exponential_glszm_GrayLevelVariance', 'dwi_log-sigma-3-mm-3D_firstorder_Kurtosis', 'dwi_exponential_firstorder_Skewness', 'dwi_exponential_glcm_ClusterProminence', 'dwi_exponential_glrlm_GrayLevelVariance', 'dwi_exponential_gldm_SmallDependenceHighGrayLevelEmphasis', 'dwi_exponential_firstorder_Maximum', 'dwi_wavelet2-LL_firstorder_Skewness', 'dwi_square_glrlm_GrayLevelNonUniformity', 'dwi_wavelet2-LL_ngtdm_Strength', 'dwi_square_ngtdm_Busyness', 'dwi_wavelet2-LL_firstorder_Kurtosis', 'dwi_square_firstorder_Kurtosis', 'dwi_log-sigma-2-mm-3D_firstorder_Kurtosis', 'dwi_exponential_glszm_SizeZoneNonUniformityNormalized', 'dwi_exponential_glszm_LargeAreaEmphasis', 'adc_logarithm_gldm_GrayLevelNonUniformity', 'adc_wavelet2-LL_ngtdm_Coarseness', 'dwi_exponential_gldm_SmallDependenceEmphasis', 'dwi_wavelet2-LL_glszm_GrayLevelNonUniformity', 'dwi_wavelet2-LL_glcm_ClusterShade', 'dwi_log-sigma-3-mm-3D_ngtdm_Busyness', 'dwi_exponential_glcm_Imc2', 't2_original_glszm_GrayLevelNonUniformity', 't2_original_shape_SurfaceVolumeRatio', 'dwi_square_glcm_MCC', 'adc_wavelet2-LL_glcm_Imc1', 'dwi_log-sigma-2-mm-3D_glcm_MCC', 't2_logarithm_ngtdm_Coarseness', 'dwi_log-sigma-0-6-mm-3D_glszm_ZoneVariance', 'dwi_square_glrlm_GrayLevelVariance', 'dwi_squareroot_ngtdm_Coarseness', 'adc_squareroot_firstorder_TotalEnergy', 'dwi_square_glszm_SizeZoneNonUniformityNormalized', 'dwi_original_ngtdm_Coarseness']","[0.7741935483870968, 0.6363636363636364]","[0.9056603773584906, 0.38461538461538464]","[0.8347826086956521, 0.4794520547945205]","[0.9056603773584906, 0.38461538461538464]",Random Forest
16,4,1.0,1.0,0.8041958041958042,0.4029215730736947,0.40186120065689435,0.547945205479452,0.7006392694063928,0.7785234899328859,0.5194805194805194,0.8687782805429864,0.5797101449275363,0.8384279475982532,0.6941294000117529,43,"['dwi_square_ngtdm_Strength', 'dwi_log-sigma-3-mm-3D_firstorder_Skewness', 'dwi_exponential_glcm_Imc1', 'dwi_square_ngtdm_Busyness', 'dwi_exponential_ngtdm_Strength', 'dwi_wavelet2-LL_firstorder_Skewness', 'dwi_exponential_glszm_GrayLevelNonUniformityNormalized', 'dwi_wavelet2-LL_ngtdm_Strength', 'dwi_square_glrlm_GrayLevelNonUniformity', 'dwi_square_firstorder_Skewness', 'dwi_exponential_glszm_GrayLevelVariance', 'dwi_wavelet2-LL_glcm_ClusterShade', 'dwi_log-sigma-3-mm-3D_firstorder_Kurtosis', 'dwi_exponential_glcm_ClusterProminence', 'dwi_exponential_gldm_SmallDependenceHighGrayLevelEmphasis', 'dwi_exponential_glrlm_GrayLevelVariance', 'dwi_exponential_firstorder_Skewness', 'dwi_square_glcm_MCC', 'dwi_exponential_firstorder_Maximum', 'dwi_log-sigma-3-mm-3D_ngtdm_Busyness', 'adc_logarithm_gldm_GrayLevelNonUniformity', 'dwi_wavelet2-LL_glszm_GrayLevelNonUniformity', 'dwi_exponential_glszm_LargeAreaHighGrayLevelEmphasis', 'adc_wavelet2-LL_ngtdm_Coarseness', 'dwi_square_firstorder_Kurtosis', 't2_squareroot_glszm_SizeZoneNonUniformity', 'dwi_exponential_glszm_SizeZoneNonUniformityNormalized', 'dwi_log-sigma-2-mm-3D_glcm_MCC', 'dwi_square_glszm_SmallAreaHighGrayLevelEmphasis', 'dwi_wavelet2-LH_glcm_Correlation', 'dwi_exponential_gldm_DependenceVariance', 'dwi_log-sigma-0-6-mm-3D_glszm_ZoneVariance', 'dwi_log-sigma-2-mm-3D_firstorder_Kurtosis', 'dwi_wavelet2-LL_firstorder_Kurtosis', 'dwi_square_glcm_ClusterShade', 'dwi_wavelet2-LH_glcm_Imc2', 'dwi_exponential_glcm_Imc2', 'dwi_logarithm_gldm_GrayLevelNonUniformity', 'dwi_square_glszm_SizeZoneNonUniformityNormalized', 't2_original_shape_SurfaceVolumeRatio', 't2_wavelet-HL_glszm_GrayLevelNonUniformity', 't2_logarithm_ngtdm_Coarseness', 'dwi_logarithm_ngtdm_Coarseness']","[0.8384279475982532, 0.5797101449275363]","[0.8687782805429864, 0.5194805194805194]","[0.8533333333333334, 0.547945205479452]","[0.8687782805429864, 0.5194805194805194]",Random Forest
17,4,1.0,1.0,0.7815255731922399,0.382516489387696,0.37249909057839214,0.5174825174825175,0.6832489173845848,0.77,0.44047619047619047,0.8981481481481481,0.6271186440677966,0.8049792531120332,0.6693121693121693,42,"['dwi_square_ngtdm_Strength', 'dwi_log-sigma-3-mm-3D_firstorder_Skewness', 'dwi_exponential_glcm_Imc1', 'dwi_exponential_ngtdm_Strength', 'dwi_exponential_glszm_GrayLevelNonUniformityNormalized', 'dwi_square_firstorder_Skewness', 'dwi_log-sigma-3-mm-3D_firstorder_Kurtosis', 'dwi_wavelet2-LL_firstorder_Skewness', 'dwi_exponential_firstorder_Skewness', 'dwi_exponential_glcm_ClusterProminence', 'dwi_exponential_glrlm_GrayLevelVariance', 'dwi_exponential_gldm_SmallDependenceHighGrayLevelEmphasis', 'dwi_exponential_firstorder_Maximum', 'dwi_square_glrlm_GrayLevelNonUniformity', 'dwi_square_ngtdm_Busyness', 'dwi_wavelet2-LL_ngtdm_Strength', 'dwi_log-sigma-2-mm-3D_firstorder_Kurtosis', 'dwi_square_firstorder_Kurtosis', 'dwi_wavelet2-LL_firstorder_Kurtosis', 'dwi_wavelet2-LL_glcm_ClusterShade', 'dwi_exponential_glszm_SizeZoneNonUniformityNormalized', 'dwi_exponential_glszm_LargeAreaEmphasis', 'dwi_log-sigma-3-mm-3D_ngtdm_Strength', 'dwi_exponential_gldm_SmallDependenceEmphasis', 'dwi_exponential_glcm_Imc2', 'adc_logarithm_gldm_GrayLevelNonUniformity', 'dwi_square_glcm_MCC', 'dwi_log-sigma-3-mm-3D_ngtdm_Busyness', 'dwi_square_glszm_SmallAreaHighGrayLevelEmphasis', 'dwi_wavelet2-LL_glszm_GrayLevelNonUniformity', 'dwi_square_glszm_SizeZoneNonUniformityNormalized', 'adc_logarithm_ngtdm_Coarseness', 'dwi_wavelet2-LH_glcm_MCC', 'dwi_wavelet2-LH_glcm_Correlation', 'dwi_log-sigma-0-6-mm-3D_firstorder_Skewness', 'dwi_square_firstorder_Maximum', 'dwi_log-sigma-3-mm-3D_glrlm_LongRunHighGrayLevelEmphasis', 'dwi_log-sigma-2-mm-3D_glcm_MCC', 't2_squareroot_glszm_SizeZoneNonUniformity', 'adc_wavelet2-LL_glcm_Imc1', 'dwi_log-sigma-3-mm-3D_gldm_LargeDependenceHighGrayLevelEmphasis', 'dwi_log-sigma-0-6-mm-3D_glszm_ZoneVariance']","[0.8049792531120332, 0.6271186440677966]","[0.8981481481481481, 0.44047619047619047]","[0.849015317286652, 0.5174825174825175]","[0.8981481481481481, 0.44047619047619047]",Random Forest
18,4,1.0,0.9984871406959153,0.7919107821975538,0.4147126110752899,0.39142741609381315,0.5333333333333333,0.6892330383480826,0.7674418604651163,0.425531914893617,0.9227053140096618,0.7142857142857143,0.7795918367346939,0.6741186144516395,41,"['dwi_square_ngtdm_Strength', 'dwi_log-sigma-3-mm-3D_firstorder_Skewness', 'dwi_square_ngtdm_Busyness', 'dwi_exponential_glszm_GrayLevelNonUniformityNormalized', 'dwi_square_firstorder_Skewness', 'dwi_wavelet2-LL_firstorder_Skewness', 'dwi_exponential_glcm_Imc1', 'dwi_exponential_ngtdm_Strength', 'dwi_wavelet2-LL_ngtdm_Strength', 'dwi_exponential_glszm_GrayLevelVariance', 'dwi_square_glrlm_GrayLevelNonUniformity', 'dwi_log-sigma-3-mm-3D_firstorder_Kurtosis', 'dwi_exponential_firstorder_Skewness', 'dwi_exponential_gldm_SmallDependenceHighGrayLevelEmphasis', 'dwi_exponential_glrlm_GrayLevelVariance', 'dwi_exponential_glcm_ClusterProminence', 'dwi_wavelet2-LL_glcm_ClusterShade', 'dwi_exponential_firstorder_Maximum', 'dwi_log-sigma-3-mm-3D_ngtdm_Busyness', 'dwi_square_firstorder_Kurtosis', 'dwi_log-sigma-2-mm-3D_firstorder_Kurtosis', 'dwi_exponential_glszm_LargeAreaHighGrayLevelEmphasis', 'dwi_exponential_glszm_SizeZoneNonUniformityNormalized', 'dwi_square_glcm_MCC', 'dwi_wavelet2-LL_glszm_GrayLevelNonUniformity', 'dwi_wavelet2-LL_firstorder_Kurtosis', 'dwi_square_glszm_SmallAreaHighGrayLevelEmphasis', 'dwi_log-sigma-2-mm-3D_glcm_MCC', 'adc_logarithm_gldm_GrayLevelNonUniformity', 'dwi_exponential_gldm_SmallDependenceEmphasis', 'dwi_square_glszm_SizeZoneNonUniformityNormalized', 'adc_wavelet2-LL_ngtdm_Coarseness', 'dwi_log-sigma-0-6-mm-3D_glszm_ZoneVariance', 'dwi_logarithm_gldm_GrayLevelNonUniformity', 'dwi_wavelet2-LH_glcm_Imc2', 'dwi_exponential_glcm_Imc2', 'dwi_wavelet2-LH_glcm_MCC', 'dwi_log-sigma-3-mm-3D_gldm_LargeDependenceHighGrayLevelEmphasis', 'dwi_log-sigma-2-mm-3D_ngtdm_Strength', 't2_original_shape_SurfaceVolumeRatio', 'dwi_log-sigma-2-mm-3D_ngtdm_Busyness']","[0.7795918367346939, 0.7142857142857143]","[0.9227053140096618, 0.425531914893617]","[0.8451327433628318, 0.5333333333333333]","[0.9227053140096618, 0.425531914893617]",Random Forest
19,4,1.0,1.0,0.8234523809523809,0.371516892734774,0.34346224677716397,0.45614035087719296,0.664020588661737,0.7926421404682275,0.3466666666666667,0.9419642857142857,0.6666666666666666,0.8115384615384615,0.6443154761904761,43,"['dwi_square_ngtdm_Strength', 'dwi_exponential_glcm_Imc1', 'dwi_log-sigma-3-mm-3D_firstorder_Skewness', 'dwi_exponential_glszm_GrayLevelNonUniformityNormalized', 'dwi_exponential_ngtdm_Strength', 'dwi_exponential_glszm_GrayLevelVariance', 'dwi_wavelet2-LL_firstorder_Skewness', 'dwi_log-sigma-3-mm-3D_firstorder_Kurtosis', 'dwi_exponential_glcm_ClusterProminence', 'dwi_exponential_glrlm_GrayLevelVariance', 'dwi_wavelet2-LL_ngtdm_Strength', 'dwi_square_glrlm_GrayLevelNonUniformity', 'dwi_exponential_gldm_SmallDependenceHighGrayLevelEmphasis', 'dwi_square_firstorder_Skewness', 'dwi_exponential_firstorder_Maximum', 'dwi_exponential_firstorder_Skewness', 'dwi_square_ngtdm_Busyness', 'dwi_log-sigma-3-mm-3D_ngtdm_Busyness', 'dwi_exponential_glszm_LargeAreaHighGrayLevelEmphasis', 'dwi_wavelet2-LL_glcm_ClusterShade', 'dwi_log-sigma-2-mm-3D_firstorder_Kurtosis', 'dwi_wavelet2-LL_glszm_GrayLevelNonUniformity', 'adc_logarithm_gldm_GrayLevelNonUniformity', 'dwi_log-sigma-2-mm-3D_glcm_MCC', 't2_original_shape_SurfaceVolumeRatio', 'adc_wavelet2-LL_ngtdm_Coarseness', 'dwi_exponential_glcm_Imc2', 'dwi_square_glcm_MCC', 'dwi_original_firstorder_Kurtosis', 'dwi_exponential_gldm_SmallDependenceEmphasis', 'dwi_wavelet2-LH_glcm_Correlation', 'dwi_square_firstorder_Kurtosis', 'dwi_exponential_glszm_SizeZoneNonUniformityNormalized', 'dwi_square_glszm_SmallAreaHighGrayLevelEmphasis', 'dwi_wavelet2-LH_glcm_Imc2', 't2_squareroot_glszm_SizeZoneNonUniformity', 'dwi_log-sigma-0-6-mm-3D_glszm_ZoneVariance', 'dwi_wavelet2-LH_glcm_MCC', 't2_logarithm_ngtdm_Coarseness', 'dwi_logarithm_ngtdm_Coarseness', 'adc_squareroot_firstorder_TotalEnergy', 'dwi_square_glszm_SizeZoneNonUniformityNormalized', 'dwi_log-sigma-3-mm-3D_gldm_LargeDependenceHighGrayLevelEmphasis']","[0.8115384615384615, 0.6666666666666666]","[0.9419642857142857, 0.3466666666666667]","[0.871900826446281, 0.45614035087719296]","[0.9419642857142857, 0.3466666666666667]",Random Forest
20,4,1.0,1.0,0.8217645563183321,0.33865213886520595,0.3062378512104611,0.4507042253521127,0.640936528260472,0.7417218543046358,0.3368421052631579,0.927536231884058,0.6808510638297872,0.7529411764705882,0.632189168573608,41,"['dwi_square_ngtdm_Strength', 'dwi_log-sigma-3-mm-3D_firstorder_Skewness', 'dwi_log-sigma-3-mm-3D_firstorder_Kurtosis', 'dwi_square_firstorder_Skewness', 'dwi_exponential_ngtdm_Strength', 'dwi_exponential_glcm_Imc1', 'dwi_exponential_glszm_GrayLevelNonUniformityNormalized', 'dwi_log-sigma-2-mm-3D_firstorder_Kurtosis', 'dwi_original_firstorder_Skewness', 'dwi_exponential_firstorder_Skewness', 'dwi_exponential_glszm_GrayLevelVariance', 'dwi_square_firstorder_Kurtosis', 'dwi_wavelet2-LL_ngtdm_Strength', 'dwi_wavelet2-LL_firstorder_Kurtosis', 'dwi_square_ngtdm_Busyness', 'dwi_exponential_glrlm_GrayLevelVariance', 'dwi_exponential_glcm_ClusterProminence', 'dwi_exponential_firstorder_Maximum', 'dwi_exponential_gldm_SmallDependenceHighGrayLevelEmphasis', 'dwi_square_glrlm_GrayLevelNonUniformity', 'dwi_wavelet2-LL_glcm_ClusterShade', 'dwi_log-sigma-3-mm-3D_ngtdm_Busyness', 'dwi_square_glszm_SmallAreaHighGrayLevelEmphasis', 'dwi_square_glcm_MCC', 'dwi_exponential_glszm_SizeZoneNonUniformityNormalized', 'dwi_square_glszm_SizeZoneNonUniformityNormalized', 'dwi_log-sigma-3-mm-3D_glrlm_LongRunHighGrayLevelEmphasis', 'adc_logarithm_gldm_GrayLevelNonUniformity', 'dwi_log-sigma-2-mm-3D_glcm_MCC', 'dwi_log-sigma-3-mm-3D_glcm_ClusterShade', 'dwi_exponential_glszm_LargeAreaHighGrayLevelEmphasis', 'dwi_wavelet2-LH_glcm_Imc2', 'dwi_log-sigma-2-mm-3D_ngtdm_Strength', 'dwi_wavelet2-LH_glcm_MCC', 'dwi_exponential_gldm_SmallDependenceEmphasis', 't2_squareroot_glszm_GrayLevelNonUniformity', 'adc_wavelet2-LL_ngtdm_Coarseness', 'adc_wavelet2-LL_glcm_Imc1', 'dwi_exponential_glcm_Imc2', 'dwi_logarithm_glrlm_GrayLevelNonUniformity', 'dwi_wavelet2-LH_glcm_Correlation']","[0.7529411764705882, 0.6808510638297872]","[0.927536231884058, 0.3368421052631579]","[0.8311688311688312, 0.4507042253521127]","[0.927536231884058, 0.3368421052631579]",Random Forest
21,5,1.0,1.0,0.7747004357298475,0.288779542701956,0.2610156350949736,0.3968253968253968,0.6185807656395892,0.7475083056478405,0.29411764705882354,0.9259259259259259,0.6097560975609756,0.7692307692307693,0.6100217864923747,42,"['dwi_square_ngtdm_Strength', 'dwi_log-sigma-3-mm-3D_firstorder_Skewness', 'dwi_exponential_glszm_GrayLevelNonUniformityNormalized', 'dwi_exponential_ngtdm_Strength', 'dwi_exponential_glcm_Imc1', 'dwi_exponential_glszm_GrayLevelVariance', 'dwi_wavelet2-LL_firstorder_Skewness', 'dwi_square_firstorder_Skewness', 'dwi_wavelet2-LL_ngtdm_Strength', 'dwi_exponential_glrlm_GrayLevelVariance', 'dwi_exponential_glcm_ClusterProminence', 'dwi_square_ngtdm_Busyness', 'dwi_exponential_gldm_SmallDependenceHighGrayLevelEmphasis', 'dwi_log-sigma-3-mm-3D_firstorder_Kurtosis', 'dwi_exponential_firstorder_Maximum', 'dwi_exponential_firstorder_Skewness', 'dwi_wavelet2-LL_glcm_ClusterShade', 'dwi_square_glrlm_GrayLevelNonUniformity', 'dwi_exponential_glszm_SizeZoneNonUniformityNormalized', 'dwi_log-sigma-3-mm-3D_ngtdm_Busyness', 'dwi_square_firstorder_Kurtosis', 'dwi_wavelet2-LL_firstorder_Kurtosis', 'dwi_log-sigma-2-mm-3D_firstorder_Kurtosis', 'dwi_square_glszm_SmallAreaHighGrayLevelEmphasis', 'dwi_exponential_glszm_LargeAreaHighGrayLevelEmphasis', 'dwi_square_glcm_MCC', 'adc_logarithm_gldm_GrayLevelNonUniformity', 'dwi_exponential_gldm_SmallDependenceEmphasis', 'dwi_log-sigma-3-mm-3D_glcm_MCC', 'dwi_square_glszm_SizeZoneNonUniformityNormalized', 'dwi_exponential_glcm_Imc2', 'dwi_wavelet2-LL_glszm_GrayLevelNonUniformity', 'dwi_wavelet2-LH_glcm_Imc2', 'dwi_wavelet2-LH_glcm_MCC', 'adc_wavelet2-LL_ngtdm_Coarseness', 'dwi_log-sigma-2-mm-3D_ngtdm_Strength', 'dwi_log-sigma-3-mm-3D_gldm_LargeDependenceHighGrayLevelEmphasis', 't2_original_shape_SurfaceVolumeRatio', 'dwi_wavelet2-LH_glcm_Correlation', 'dwi_logarithm_gldm_GrayLevelNonUniformity', 't2_wavelet2-LL_glszm_SizeZoneNonUniformity', 'dwi_log-sigma-2-mm-3D_ngtdm_Busyness']","[0.7692307692307693, 0.6097560975609756]","[0.9259259259259259, 0.29411764705882354]","[0.8403361344537815, 0.3968253968253968]","[0.9259259259259259, 0.29411764705882354]",Random Forest
22,5,1.0,1.0,0.81078860898138,0.423902959939429,0.4116147824503915,0.5428571428571428,0.7027590435315757,0.7887788778877888,0.4578313253012048,0.9136363636363637,0.6666666666666666,0.8170731707317073,0.6857338444687843,42,"['dwi_square_ngtdm_Strength', 'dwi_exponential_glcm_Imc1', 'dwi_square_glrlm_GrayLevelNonUniformity', 'dwi_log-sigma-3-mm-3D_firstorder_Skewness', 'dwi_exponential_glszm_GrayLevelNonUniformityNormalized', 'dwi_square_firstorder_Skewness', 'dwi_exponential_ngtdm_Strength', 'dwi_square_ngtdm_Busyness', 'dwi_exponential_glszm_GrayLevelVariance', 'dwi_log-sigma-3-mm-3D_firstorder_Kurtosis', 'dwi_exponential_glcm_ClusterProminence', 'dwi_exponential_gldm_SmallDependenceHighGrayLevelEmphasis', 'dwi_exponential_glrlm_GrayLevelVariance', 'dwi_exponential_firstorder_Skewness', 'dwi_wavelet2-LL_firstorder_Skewness', 'adc_logarithm_gldm_GrayLevelNonUniformity', 'dwi_exponential_glszm_LargeAreaHighGrayLevelEmphasis', 'dwi_wavelet2-LL_ngtdm_Strength', 'dwi_exponential_firstorder_Maximum', 'dwi_square_firstorder_Kurtosis', 'adc_original_ngtdm_Coarseness', 'dwi_wavelet2-LL_glszm_GrayLevelNonUniformity', 'dwi_exponential_gldm_DependenceVariance', 'dwi_wavelet2-LL_firstorder_Kurtosis', 'dwi_log-sigma-2-mm-3D_firstorder_Kurtosis', 't2_squareroot_glszm_SizeZoneNonUniformity', 'dwi_exponential_glszm_SizeZoneNonUniformityNormalized', 'dwi_exponential_glcm_Imc2', 'dwi_log-sigma-3-mm-3D_ngtdm_Busyness', 'dwi_square_glcm_MCC', 'dwi_wavelet2-LL_glcm_ClusterShade', 'dwi_log-sigma-0-6-mm-3D_glszm_ZoneVariance', 't2_logarithm_ngtdm_Coarseness', 'dwi_wavelet2-LH_glcm_Correlation', 'dwi_wavelet2-LH_glcm_Imc1', 'dwi_exponential_glszm_ZoneVariance', 'adc_wavelet-HH_ngtdm_Coarseness', 'dwi_exponential_glcm_JointAverage', 'adc_wavelet2-LL_glcm_Imc1', 't2_original_shape_MinorAxisLength', 'dwi_wavelet2-LH_glcm_Imc2', 't2_log-sigma-3-mm-3D_glszm_ZoneEntropy']","[0.8170731707317073, 0.6666666666666666]","[0.9136363636363637, 0.4578313253012048]","[0.8626609442060086, 0.5428571428571428]","[0.9136363636363637, 0.4578313253012048]",Random Forest
23,5,1.0,1.0,0.8241935483870968,0.37485089899977353,0.3641476274165203,0.5037037037037037,0.6788671023965142,0.7744107744107744,0.425,0.9032258064516129,0.6181818181818182,0.8099173553719008,0.6641129032258064,43,"['dwi_square_ngtdm_Strength', 'dwi_log-sigma-3-mm-3D_firstorder_Skewness', 'dwi_log-sigma-3-mm-3D_firstorder_Kurtosis', 'dwi_square_firstorder_Skewness', 'dwi_wavelet2-LL_firstorder_Skewness', 'dwi_exponential_glcm_Imc1', 'dwi_exponential_ngtdm_Strength', 'dwi_exponential_glszm_GrayLevelNonUniformityNormalized', 'dwi_exponential_firstorder_Skewness', 'dwi_wavelet2-LL_ngtdm_Strength', 'dwi_exponential_glszm_GrayLevelVariance', 'dwi_log-sigma-2-mm-3D_firstorder_Kurtosis', 'dwi_square_glrlm_GrayLevelNonUniformity', 'dwi_square_ngtdm_Busyness', 'dwi_exponential_glcm_ClusterProminence', 'dwi_square_firstorder_Kurtosis', 'dwi_wavelet2-LL_glcm_ClusterShade', 'dwi_exponential_glrlm_GrayLevelVariance', 'dwi_exponential_gldm_SmallDependenceHighGrayLevelEmphasis', 'dwi_exponential_firstorder_Maximum', 'dwi_original_firstorder_Kurtosis', 'dwi_log-sigma-3-mm-3D_ngtdm_Busyness', 'dwi_exponential_glszm_SizeZoneNonUniformityNormalized', 'adc_logarithm_gldm_GrayLevelNonUniformity', 'dwi_square_glszm_SizeZoneNonUniformityNormalized', 'dwi_exponential_glszm_LargeAreaHighGrayLevelEmphasis', 'dwi_square_glszm_SmallAreaHighGrayLevelEmphasis', 'dwi_logarithm_glrlm_GrayLevelNonUniformity', 'dwi_log-sigma-2-mm-3D_glcm_MCC', 'dwi_square_glcm_MCC', 'adc_wavelet2-LL_ngtdm_Coarseness', 'dwi_log-sigma-3-mm-3D_glrlm_LongRunHighGrayLevelEmphasis', 'dwi_wavelet2-LH_glcm_MCC', 'dwi_exponential_gldm_SmallDependenceEmphasis', 't2_original_glszm_GrayLevelNonUniformity', 'dwi_exponential_glcm_Imc2', 'dwi_square_glcm_ClusterShade', 'dwi_log-sigma-0-6-mm-3D_glszm_ZoneVariance', 'dwi_wavelet2-LH_glcm_Correlation', 'dwi_log-sigma-2-mm-3D_ngtdm_Strength', 'adc_wavelet2-LL_glcm_Imc1', 'dwi_wavelet2-LH_glcm_Imc2', 'dwi_logarithm_gldm_GrayLevelNonUniformity']","[0.8099173553719008, 0.6181818181818182]","[0.9032258064516129, 0.425]","[0.8540305010893247, 0.5037037037037037]","[0.9032258064516129, 0.425]",Random Forest
24,5,0.9999999999999999,1.0,0.8036556603773584,0.31263067660540594,0.2940960762742941,0.4460431654676259,0.6395074829507327,0.7433333333333333,0.3522727272727273,0.9056603773584906,0.6078431372549019,0.7710843373493976,0.6289665523156089,42,"['dwi_square_ngtdm_Strength', 'dwi_log-sigma-3-mm-3D_firstorder_Skewness', 'dwi_exponential_glcm_Imc1', 'dwi_exponential_glszm_GrayLevelNonUniformityNormalized', 'dwi_wavelet2-LL_firstorder_Skewness', 'dwi_exponential_ngtdm_Strength', 'dwi_log-sigma-3-mm-3D_firstorder_Kurtosis', 'dwi_square_firstorder_Skewness', 'dwi_exponential_glszm_GrayLevelVariance', 'dwi_square_ngtdm_Busyness', 'dwi_square_glrlm_GrayLevelNonUniformity', 'dwi_wavelet2-LL_ngtdm_Strength', 'dwi_exponential_glcm_ClusterProminence', 'dwi_exponential_glrlm_GrayLevelVariance', 'dwi_exponential_gldm_SmallDependenceHighGrayLevelEmphasis', 'dwi_exponential_firstorder_Maximum', 'dwi_exponential_firstorder_Skewness', 'dwi_wavelet2-LL_glcm_ClusterShade', 'dwi_log-sigma-2-mm-3D_firstorder_Kurtosis', 'dwi_square_glcm_MCC', 'dwi_log-sigma-3-mm-3D_ngtdm_Strength', 'dwi_wavelet2-LL_firstorder_Kurtosis', 'dwi_exponential_glszm_LargeAreaHighGrayLevelEmphasis', 'dwi_log-sigma-3-mm-3D_ngtdm_Busyness', 'dwi_wavelet2-LL_glszm_GrayLevelNonUniformity', 'dwi_square_firstorder_Kurtosis', 'adc_logarithm_gldm_GrayLevelNonUniformity', 'dwi_exponential_glszm_SizeZoneNonUniformityNormalized', 'dwi_exponential_gldm_SmallDependenceEmphasis', 'dwi_square_glszm_SmallAreaHighGrayLevelEmphasis', 'adc_wavelet2-LL_ngtdm_Coarseness', 'dwi_exponential_glcm_Imc2', 'dwi_log-sigma-0-6-mm-3D_glszm_ZoneVariance', 'dwi_log-sigma-2-mm-3D_glcm_MCC', 'dwi_wavelet2-LH_glcm_Correlation', 'dwi_wavelet2-LH_glcm_Imc2', 't2_wavelet2-LL_glszm_SizeZoneNonUniformity', 'dwi_square_firstorder_Maximum', 'dwi_square_glszm_SizeZoneNonUniformityNormalized', 'dwi_log-sigma-0-6-mm-3D_firstorder_Skewness', 'dwi_log-sigma-3-mm-3D_gldm_LargeDependenceHighGrayLevelEmphasis', 'dwi_logarithm_ngtdm_Coarseness']","[0.7710843373493976, 0.6078431372549019]","[0.9056603773584906, 0.3522727272727273]","[0.8329718004338394, 0.4460431654676259]","[0.9056603773584906, 0.3522727272727273]",Random Forest
25,5,1.0,1.0,0.8347512038523275,0.492323550130033,0.45987569272220685,0.5755395683453237,0.7234996316672153,0.802675585284281,0.449438202247191,0.9523809523809523,0.8,0.8032128514056225,0.7009095773140717,42,"['dwi_square_ngtdm_Strength', 'dwi_log-sigma-3-mm-3D_firstorder_Skewness', 'dwi_exponential_ngtdm_Strength', 'dwi_exponential_glcm_Imc1', 'dwi_exponential_glszm_GrayLevelNonUniformityNormalized', 'dwi_wavelet2-LL_firstorder_Skewness', 'dwi_wavelet2-LL_ngtdm_Strength', 'dwi_square_ngtdm_Busyness', 'dwi_log-sigma-3-mm-3D_firstorder_Kurtosis', 'dwi_exponential_firstorder_Skewness', 'dwi_square_firstorder_Skewness', 'dwi_exponential_firstorder_Maximum', 'dwi_exponential_glcm_ClusterProminence', 'dwi_exponential_glrlm_GrayLevelVariance', 'dwi_exponential_gldm_SmallDependenceHighGrayLevelEmphasis', 'dwi_wavelet2-LL_glcm_ClusterShade', 'dwi_log-sigma-3-mm-3D_ngtdm_Busyness', 'dwi_square_glszm_SmallAreaHighGrayLevelEmphasis', 'dwi_square_glrlm_GrayLevelNonUniformity', 'dwi_log-sigma-2-mm-3D_glcm_MCC', 'dwi_log-sigma-2-mm-3D_firstorder_Kurtosis', 'dwi_square_glcm_MCC', 'dwi_square_firstorder_Kurtosis', 'dwi_square_glszm_SizeZoneNonUniformityNormalized', 'dwi_log-sigma-3-mm-3D_gldm_LargeDependenceHighGrayLevelEmphasis', 'dwi_wavelet2-LL_firstorder_Kurtosis', 'dwi_exponential_glszm_SizeZoneNonUniformityNormalized', 'dwi_wavelet2-LH_glcm_Imc2', 'dwi_exponential_glszm_LargeAreaHighGrayLevelEmphasis', 'dwi_wavelet2-LH_glcm_MCC', 'dwi_log-sigma-2-mm-3D_ngtdm_Strength', 'dwi_exponential_gldm_SmallDependenceEmphasis', 'dwi_wavelet2-LH_glcm_Correlation', 'dwi_exponential_glcm_Imc2', 'dwi_wavelet2-LL_glszm_GrayLevelNonUniformity', 'adc_logarithm_gldm_GrayLevelNonUniformity', 'dwi_log-sigma-2-mm-3D_ngtdm_Busyness', 'dwi_log-sigma-3-mm-3D_firstorder_Minimum', 'adc_wavelet2-LL_ngtdm_Coarseness', 'dwi_log-sigma-3-mm-3D_gldm_LowGrayLevelEmphasis', 'dwi_log-sigma-0-6-mm-3D_glszm_ZoneVariance', 'dwi_log-sigma-3-mm-3D_glrlm_ShortRunLowGrayLevelEmphasis']","[0.8032128514056225, 0.8]","[0.9523809523809523, 0.449438202247191]","[0.8714596949891068, 0.5755395683453237]","[0.9523809523809523, 0.449438202247191]",Random Forest
26,6,1.0,1.0,0.7992223502304148,0.40522026377666875,0.39891646168695705,0.5390070921985816,0.6977596167394674,0.7811447811447811,0.475,0.8940092165898618,0.6229508196721312,0.8220338983050848,0.6845046082949309,43,"['dwi_square_ngtdm_Strength', 'dwi_log-sigma-3-mm-3D_firstorder_Skewness', 'dwi_square_firstorder_Skewness', 'dwi_log-sigma-3-mm-3D_firstorder_Kurtosis', 'dwi_exponential_ngtdm_Strength', 'dwi_square_ngtdm_Busyness', 'dwi_exponential_firstorder_Skewness', 'dwi_exponential_glcm_Imc1', 'dwi_wavelet2-LL_ngtdm_Strength', 'dwi_exponential_glszm_GrayLevelNonUniformityNormalized', 'dwi_wavelet2-LL_firstorder_Skewness', 'dwi_log-sigma-2-mm-3D_firstorder_Kurtosis', 'dwi_square_glrlm_GrayLevelNonUniformity', 'dwi_square_firstorder_Kurtosis', 'dwi_exponential_glszm_GrayLevelVariance', 'dwi_log-sigma-3-mm-3D_ngtdm_Busyness', 'dwi_exponential_glcm_ClusterProminence', 'dwi_wavelet2-LL_firstorder_Kurtosis', 'dwi_exponential_glrlm_GrayLevelVariance', 'dwi_exponential_gldm_SmallDependenceHighGrayLevelEmphasis', 'dwi_exponential_firstorder_Maximum', 'dwi_wavelet2-LL_glcm_ClusterShade', 'dwi_log-sigma-2-mm-3D_glcm_MCC', 'dwi_log-sigma-3-mm-3D_gldm_LargeDependenceHighGrayLevelEmphasis', 'dwi_square_glszm_SmallAreaHighGrayLevelEmphasis', 'dwi_square_glszm_SizeZoneNonUniformityNormalized', 'dwi_square_glcm_MCC', 'dwi_wavelet2-LL_glszm_GrayLevelNonUniformity', 'dwi_log-sigma-3-mm-3D_glcm_ClusterShade', 'dwi_wavelet2-LH_glcm_MCC', 'adc_logarithm_gldm_GrayLevelNonUniformity', 'dwi_log-sigma-2-mm-3D_ngtdm_Strength', 'dwi_exponential_glszm_SizeZoneNonUniformityNormalized', 'adc_wavelet2-LL_ngtdm_Coarseness', 'dwi_wavelet2-LH_glcm_Imc2', 'dwi_exponential_glszm_LargeAreaEmphasis', 'dwi_log-sigma-2-mm-3D_ngtdm_Busyness', 'dwi_exponential_gldm_SmallDependenceEmphasis', 'dwi_logarithm_gldm_GrayLevelNonUniformity', 'dwi_log-sigma-3-mm-3D_glcm_JointAverage', 't2_original_shape_SurfaceVolumeRatio', 'dwi_log-sigma-0-6-mm-3D_firstorder_Skewness', 'dwi_log-sigma-0-6-mm-3D_glszm_ZoneVariance']","[0.8220338983050848, 0.6229508196721312]","[0.8940092165898618, 0.475]","[0.8565121412803532, 0.5390070921985816]","[0.8940092165898618, 0.475]",Random Forest
27,6,1.0,1.0,0.7805277681959297,0.2640801768193161,0.25626544299329324,0.4122137404580153,0.6243658935835724,0.7441860465116279,0.34615384615384615,0.8834080717488789,0.5094339622641509,0.7943548387096774,0.6147809589513625,43,"['dwi_square_ngtdm_Strength', 'dwi_log-sigma-3-mm-3D_firstorder_Skewness', 'dwi_exponential_glszm_GrayLevelNonUniformityNormalized', 'dwi_exponential_ngtdm_Strength', 'dwi_exponential_glcm_Imc1', 'dwi_wavelet2-LL_firstorder_Skewness', 'dwi_square_firstorder_Skewness', 'dwi_log-sigma-3-mm-3D_firstorder_Kurtosis', 'dwi_exponential_firstorder_Skewness', 'dwi_square_ngtdm_Busyness', 'dwi_exponential_glcm_ClusterProminence', 'dwi_exponential_glrlm_GrayLevelVariance', 'dwi_wavelet2-LL_ngtdm_Strength', 'dwi_exponential_gldm_SmallDependenceHighGrayLevelEmphasis', 'dwi_exponential_firstorder_Maximum', 'dwi_log-sigma-2-mm-3D_firstorder_Kurtosis', 'dwi_wavelet2-LL_glcm_ClusterShade', 'dwi_square_firstorder_Kurtosis', 'dwi_wavelet2-LL_firstorder_Kurtosis', 'dwi_square_glrlm_GrayLevelNonUniformity', 'dwi_exponential_glszm_SizeZoneNonUniformityNormalized', 'dwi_square_glszm_SmallAreaHighGrayLevelEmphasis', 'dwi_log-sigma-3-mm-3D_ngtdm_Busyness', 'dwi_exponential_glszm_LargeAreaHighGrayLevelEmphasis', 'dwi_square_glcm_ClusterProminence', 'dwi_square_glcm_MCC', 'dwi_square_glszm_SizeZoneNonUniformityNormalized', 'dwi_exponential_gldm_SmallDependenceEmphasis', 'adc_logarithm_gldm_GrayLevelNonUniformity', 'dwi_log-sigma-2-mm-3D_glcm_MCC', 'dwi_square_firstorder_Maximum', 'dwi_wavelet2-LH_glcm_Imc2', 'dwi_exponential_glcm_Imc2', 'dwi_log-sigma-2-mm-3D_ngtdm_Strength', 'dwi_wavelet2-LL_glszm_GrayLevelNonUniformity', 'dwi_log-sigma-0-6-mm-3D_glszm_ZoneVariance', 'dwi_wavelet2-LH_glcm_MCC', 'dwi_log-sigma-3-mm-3D_gldm_LargeDependenceHighGrayLevelEmphasis', 'dwi_wavelet2-LH_glcm_Correlation', 'adc_logarithm_ngtdm_Coarseness', 'dwi_log-sigma-2-mm-3D_ngtdm_Busyness', 't2_original_shape_SurfaceVolumeRatio', 't2_squareroot_glszm_SizeZoneNonUniformity']","[0.7943548387096774, 0.5094339622641509]","[0.8834080717488789, 0.34615384615384615]","[0.8365180467091295, 0.4122137404580153]","[0.8834080717488789, 0.34615384615384615]",Random Forest
28,6,1.0,1.0,0.7794812506283303,0.4139061222526932,0.3800560672807368,0.52,0.680353982300885,0.760797342192691,0.3979591836734694,0.9359605911330049,0.75,0.7630522088353414,0.6669598874032372,40,"['dwi_square_ngtdm_Strength', 'dwi_exponential_glcm_Imc1', 'dwi_exponential_glszm_GrayLevelNonUniformityNormalized', 'dwi_exponential_ngtdm_Strength', 'dwi_log-sigma-3-mm-3D_firstorder_Skewness', 'dwi_exponential_glszm_GrayLevelVariance', 'dwi_wavelet2-LL_firstorder_Skewness', 'dwi_exponential_glcm_ClusterProminence', 'dwi_exponential_glrlm_GrayLevelVariance', 'dwi_wavelet2-LL_ngtdm_Strength', 'dwi_exponential_firstorder_Maximum', 'dwi_square_firstorder_Skewness', 'dwi_exponential_gldm_SmallDependenceHighGrayLevelEmphasis', 'dwi_log-sigma-3-mm-3D_firstorder_Kurtosis', 'dwi_wavelet2-LL_glcm_ClusterShade', 'dwi_exponential_firstorder_Skewness', 'dwi_square_ngtdm_Busyness', 'dwi_square_glrlm_GrayLevelNonUniformity', 'dwi_square_glcm_MCC', 'dwi_log-sigma-3-mm-3D_ngtdm_Busyness', 'dwi_exponential_glszm_SizeZoneNonUniformityNormalized', 'dwi_exponential_glcm_Imc2', 'dwi_exponential_glszm_LargeAreaHighGrayLevelEmphasis', 'dwi_square_glszm_SmallAreaHighGrayLevelEmphasis', 'dwi_log-sigma-2-mm-3D_glcm_MCC', 'dwi_exponential_gldm_SmallDependenceEmphasis', 'dwi_square_firstorder_Kurtosis', 'dwi_log-sigma-2-mm-3D_firstorder_Kurtosis', 'dwi_wavelet2-LH_glcm_Imc2', 'dwi_wavelet2-LH_glcm_Correlation', 'dwi_original_firstorder_Kurtosis', 'adc_logarithm_gldm_GrayLevelNonUniformity', 'dwi_wavelet2-LL_glszm_GrayLevelNonUniformity', 'dwi_log-sigma-3-mm-3D_gldm_LargeDependenceHighGrayLevelEmphasis', 'dwi_square_glszm_SizeZoneNonUniformityNormalized', 'adc_wavelet2-LL_ngtdm_Coarseness', 'dwi_wavelet2-LH_glcm_MCC', 't2_squareroot_glszm_SizeZoneNonUniformity', 'dwi_wavelet-LH_glcm_Imc1', 'dwi_exponential_ngtdm_Contrast']","[0.7630522088353414, 0.75]","[0.9359605911330049, 0.3979591836734694]","[0.8407079646017699, 0.52]","[0.9359605911330049, 0.3979591836734694]",Random Forest
29,6,1.0,1.0,0.7982466063348417,0.3618394046006047,0.35333312575894393,0.49635036496350365,0.6739816340946551,0.770764119601329,0.425,0.8959276018099548,0.5964912280701754,0.8114754098360656,0.6604638009049774,43,"['dwi_square_ngtdm_Strength', 'dwi_log-sigma-3-mm-3D_firstorder_Skewness', 'dwi_exponential_glcm_Imc1', 'dwi_exponential_glszm_GrayLevelNonUniformityNormalized', 'dwi_exponential_ngtdm_Strength', 'dwi_square_glrlm_GrayLevelNonUniformity', 'dwi_wavelet2-LL_ngtdm_Strength', 'dwi_log-sigma-3-mm-3D_firstorder_Kurtosis', 'dwi_exponential_glszm_GrayLevelVariance', 'dwi_wavelet2-LL_firstorder_Skewness', 'dwi_square_firstorder_Skewness', 'dwi_square_ngtdm_Busyness', 'dwi_exponential_gldm_SmallDependenceHighGrayLevelEmphasis', 'dwi_exponential_glcm_ClusterProminence', 'dwi_exponential_glrlm_GrayLevelVariance', 'dwi_log-sigma-3-mm-3D_ngtdm_Strength', 'dwi_exponential_firstorder_Maximum', 'dwi_exponential_firstorder_Skewness', 'dwi_log-sigma-3-mm-3D_ngtdm_Busyness', 'dwi_exponential_glszm_LargeAreaHighGrayLevelEmphasis', 'adc_logarithm_gldm_GrayLevelNonUniformity', 'dwi_wavelet2-LL_glcm_ClusterShade', 'dwi_log-sigma-2-mm-3D_firstorder_Kurtosis', 'dwi_wavelet2-LL_firstorder_Kurtosis', 'dwi_wavelet2-LL_glszm_GrayLevelNonUniformity', 'dwi_exponential_gldm_SmallDependenceEmphasis', 'adc_wavelet2-LL_ngtdm_Coarseness', 'dwi_wavelet2-LH_glcm_MCC', 'dwi_square_glszm_SmallAreaHighGrayLevelEmphasis', 'dwi_log-sigma-0-6-mm-3D_glszm_ZoneVariance', 'dwi_exponential_glszm_SizeZoneNonUniformityNormalized', 'dwi_exponential_glcm_Imc2', 't2_original_glszm_GrayLevelNonUniformity', 't2_original_shape_SurfaceVolumeRatio', 'dwi_wavelet2-LH_glcm_Correlation', 'dwi_square_firstorder_Kurtosis', 'dwi_wavelet2-LH_glcm_Imc2', 'dwi_square_glszm_SizeZoneNonUniformityNormalized', 'dwi_log-sigma-2-mm-3D_glcm_MCC', 't2_log-sigma-3-mm-3D_glszm_ZoneEntropy', 'dwi_square_glcm_MCC', 't2_logarithm_ngtdm_Coarseness', 'adc_wavelet2-LL_glcm_Imc1']","[0.8114754098360656, 0.5964912280701754]","[0.8959276018099548, 0.425]","[0.8516129032258064, 0.49635036496350365]","[0.8959276018099548, 0.425]",Random Forest
30,6,1.0,1.0,0.8523084296288408,0.45552172033177357,0.44556742708634134,0.5844155844155844,0.7204589132840253,0.7866666666666666,0.5056179775280899,0.9052132701421801,0.6923076923076923,0.8127659574468085,0.705415623835135,42,"['dwi_square_ngtdm_Strength', 'dwi_log-sigma-3-mm-3D_firstorder_Skewness', 'dwi_exponential_glcm_Imc1', 'dwi_square_glrlm_GrayLevelNonUniformity', 'dwi_square_firstorder_Skewness', 'dwi_exponential_ngtdm_Strength', 'dwi_log-sigma-3-mm-3D_firstorder_Kurtosis', 'dwi_exponential_glszm_GrayLevelNonUniformityNormalized', 'dwi_wavelet2-LL_firstorder_Skewness', 'dwi_exponential_glszm_GrayLevelVariance', 'dwi_square_ngtdm_Busyness', 'dwi_exponential_glcm_ClusterProminence', 'dwi_exponential_firstorder_Skewness', 'dwi_exponential_gldm_SmallDependenceHighGrayLevelEmphasis', 'dwi_exponential_glrlm_GrayLevelVariance', 'dwi_wavelet2-LL_ngtdm_Strength', 'dwi_exponential_firstorder_Range', 'adc_logarithm_gldm_GrayLevelNonUniformity', 'dwi_square_glcm_MCC', 'adc_wavelet2-LL_ngtdm_Coarseness', 'dwi_exponential_glszm_LargeAreaHighGrayLevelEmphasis', 'dwi_square_firstorder_Kurtosis', 'dwi_wavelet2-LL_glcm_ClusterShade', 'dwi_log-sigma-2-mm-3D_firstorder_Kurtosis', 'dwi_wavelet2-LL_glszm_GrayLevelNonUniformity', 'dwi_wavelet2-LL_firstorder_Kurtosis', 't2_original_shape_SurfaceVolumeRatio', 'dwi_exponential_glszm_SizeZoneNonUniformityNormalized', 'dwi_exponential_gldm_DependenceVariance', 't2_original_glszm_GrayLevelNonUniformity', 't2_logarithm_ngtdm_Coarseness', 'dwi_log-sigma-3-mm-3D_ngtdm_Busyness', 'adc_squareroot_firstorder_TotalEnergy', 'dwi_exponential_glcm_Imc2', 'adc_wavelet2-LL_glcm_Imc1', 'dwi_log-sigma-2-mm-3D_glcm_MCC', 't2_logarithm_glszm_SizeZoneNonUniformity', 't2_original_shape_Maximum2DDiameterRow', 'dwi_log-sigma-0-6-mm-3D_glszm_ZoneVariance', 'dwi_exponential_glszm_ZoneVariance', 'dwi_wavelet2-LH_glcm_Correlation', 'dwi_square_glszm_SmallAreaHighGrayLevelEmphasis']","[0.8127659574468085, 0.6923076923076923]","[0.9052132701421801, 0.5056179775280899]","[0.8565022421524664, 0.5844155844155844]","[0.9052132701421801, 0.5056179775280899]",Random Forest
31,7,1.0,1.0,0.7662570682905611,0.33421662716578765,0.3274021352313168,0.49673202614379086,0.6610644257703081,0.7407407407407407,0.4318181818181818,0.8708133971291866,0.5846153846153846,0.7844827586206896,0.6513157894736842,42,"['dwi_square_ngtdm_Strength', 'dwi_log-sigma-3-mm-3D_firstorder_Skewness', 'dwi_exponential_glcm_Imc1', 'dwi_exponential_glszm_GrayLevelNonUniformityNormalized', 'dwi_exponential_ngtdm_Strength', 'dwi_square_ngtdm_Busyness', 'dwi_wavelet2-LL_ngtdm_Strength', 'dwi_exponential_glszm_GrayLevelVariance', 'dwi_log-sigma-3-mm-3D_firstorder_Kurtosis', 'dwi_square_firstorder_Skewness', 'dwi_wavelet2-LL_firstorder_Skewness', 'dwi_exponential_glcm_ClusterProminence', 'dwi_exponential_gldm_SmallDependenceHighGrayLevelEmphasis', 'dwi_square_glrlm_GrayLevelNonUniformity', 'dwi_exponential_glrlm_GrayLevelVariance', 'dwi_exponential_firstorder_Skewness', 'dwi_exponential_firstorder_Maximum', 'dwi_wavelet2-LL_glcm_ClusterShade', 'dwi_square_glcm_MCC', 'dwi_log-sigma-3-mm-3D_ngtdm_Busyness', 'dwi_exponential_glszm_LargeAreaEmphasis', 'adc_wavelet2-LL_ngtdm_Coarseness', 'dwi_exponential_glszm_SizeZoneNonUniformityNormalized', 'adc_logarithm_glrlm_GrayLevelNonUniformity', 'dwi_wavelet2-LH_glcm_Correlation', 'dwi_wavelet2-LL_firstorder_Kurtosis', 'dwi_exponential_gldm_SmallDependenceEmphasis', 'dwi_square_firstorder_Kurtosis', 'dwi_log-sigma-2-mm-3D_firstorder_Kurtosis', 'dwi_log-sigma-2-mm-3D_glcm_MCC', 'dwi_square_glszm_SmallAreaHighGrayLevelEmphasis', 'dwi_exponential_glcm_Imc2', 'dwi_squareroot_glrlm_GrayLevelNonUniformity', 'dwi_wavelet2-LH_glcm_Imc2', 't2_original_shape_SurfaceVolumeRatio', 'dwi_log-sigma-3-mm-3D_glcm_ClusterShade', 'adc_wavelet2-LL_glcm_Imc1', 'dwi_wavelet2-LH_glcm_MCC', 't2_logarithm_ngtdm_Coarseness', 'dwi_log-sigma-0-6-mm-3D_glszm_ZoneVariance', 'dwi_logarithm_gldm_GrayLevelNonUniformity', 'dwi_square_glszm_SizeZoneNonUniformityNormalized']","[0.7844827586206896, 0.5846153846153846]","[0.8708133971291866, 0.4318181818181818]","[0.8253968253968254, 0.49673202614379086]","[0.8708133971291866, 0.4318181818181818]",Random Forest
32,7,1.0,1.0,0.8103070175438597,0.37651999065885455,0.3686029076210966,0.5038167938931297,0.6820159238282852,0.7818791946308725,0.4342105263157895,0.9009009009009009,0.6,0.823045267489712,0.6675557136083452,43,"['dwi_square_ngtdm_Strength', 'dwi_log-sigma-3-mm-3D_firstorder_Skewness', 'dwi_wavelet2-LL_firstorder_Skewness', 'dwi_square_firstorder_Skewness', 'dwi_exponential_glcm_Imc1', 'dwi_exponential_ngtdm_Strength', 'dwi_log-sigma-3-mm-3D_firstorder_Kurtosis', 'dwi_exponential_glszm_GrayLevelNonUniformityNormalized', 'dwi_exponential_firstorder_Skewness', 'dwi_exponential_glszm_GrayLevelVariance', 'dwi_wavelet2-LL_ngtdm_Strength', 'dwi_exponential_glcm_ClusterProminence', 'dwi_square_ngtdm_Busyness', 'dwi_log-sigma-2-mm-3D_firstorder_Kurtosis', 'dwi_square_glrlm_GrayLevelNonUniformity', 'dwi_exponential_glrlm_GrayLevelVariance', 'dwi_exponential_gldm_SmallDependenceHighGrayLevelEmphasis', 'dwi_exponential_firstorder_Maximum', 'dwi_wavelet2-LL_firstorder_Kurtosis', 'dwi_square_firstorder_Kurtosis', 'dwi_wavelet2-LL_glcm_ClusterShade', 'dwi_log-sigma-3-mm-3D_ngtdm_Busyness', 'adc_logarithm_gldm_GrayLevelNonUniformity', 'dwi_exponential_glszm_LargeAreaHighGrayLevelEmphasis', 'dwi_square_glszm_SmallAreaHighGrayLevelEmphasis', 'dwi_log-sigma-2-mm-3D_glcm_MCC', 'dwi_square_glcm_MCC', 'dwi_exponential_gldm_SmallDependenceEmphasis', 'dwi_exponential_glszm_SizeZoneNonUniformityNormalized', 'dwi_square_glszm_SizeZoneNonUniformityNormalized', 'dwi_exponential_glcm_Imc2', 'dwi_log-sigma-3-mm-3D_gldm_LargeDependenceHighGrayLevelEmphasis', 'adc_logarithm_ngtdm_Coarseness', 'dwi_wavelet2-LL_glszm_GrayLevelNonUniformity', 'dwi_wavelet2-LH_glcm_Imc2', 'dwi_wavelet2-LH_glcm_MCC', 'dwi_wavelet2-LH_glcm_Correlation', 'dwi_log-sigma-2-mm-3D_ngtdm_Strength', 'dwi_log-sigma-0-6-mm-3D_glszm_ZoneVariance', 'adc_wavelet2-LL_glcm_Imc1', 't2_original_shape_SurfaceVolumeRatio', 't2_squareroot_glszm_SizeZoneNonUniformity', 'dwi_log-sigma-2-mm-3D_ngtdm_Busyness']","[0.823045267489712, 0.6]","[0.9009009009009009, 0.4342105263157895]","[0.8602150537634409, 0.5038167938931297]","[0.9009009009009009, 0.4342105263157895]",Random Forest
33,7,1.0,1.0,0.8326929502171734,0.4452346586558007,0.41711851278079004,0.53125,0.7023338607594937,0.8006644518272426,0.4146341463414634,0.9452054794520548,0.7391304347826086,0.8117647058823529,0.6799198128967591,42,"['dwi_square_ngtdm_Strength', 'dwi_log-sigma-3-mm-3D_firstorder_Skewness', 'dwi_exponential_ngtdm_Strength', 'dwi_wavelet2-LL_firstorder_Skewness', 'dwi_exponential_glszm_GrayLevelNonUniformityNormalized', 'dwi_exponential_glcm_Imc1', 'dwi_square_firstorder_Skewness', 'dwi_exponential_glszm_GrayLevelVariance', 'dwi_log-sigma-3-mm-3D_firstorder_Kurtosis', 'dwi_square_ngtdm_Busyness', 'dwi_exponential_firstorder_Skewness', 'dwi_exponential_firstorder_Maximum', 'dwi_exponential_glcm_ClusterProminence', 'dwi_exponential_glrlm_GrayLevelVariance', 'dwi_exponential_gldm_SmallDependenceHighGrayLevelEmphasis', 'dwi_wavelet2-LL_ngtdm_Strength', 'dwi_log-sigma-2-mm-3D_firstorder_Kurtosis', 'dwi_wavelet2-LL_glcm_ClusterShade', 'dwi_square_glrlm_GrayLevelNonUniformity', 'dwi_square_firstorder_Kurtosis', 'dwi_wavelet2-LL_firstorder_Kurtosis', 'dwi_log-sigma-3-mm-3D_ngtdm_Busyness', 'dwi_exponential_glszm_LargeAreaHighGrayLevelEmphasis', 'dwi_exponential_glszm_SizeZoneNonUniformityNormalized', 'dwi_square_glcm_MCC', 'dwi_square_glszm_SmallAreaHighGrayLevelEmphasis', 'dwi_exponential_gldm_SmallDependenceEmphasis', 'adc_logarithm_gldm_GrayLevelNonUniformity', 'dwi_exponential_glcm_Imc2', 'dwi_log-sigma-3-mm-3D_glcm_MCC', 'dwi_wavelet2-LH_glcm_MCC', 'dwi_wavelet2-LL_glszm_GrayLevelNonUniformity', 'dwi_square_glszm_SizeZoneNonUniformityNormalized', 'dwi_log-sigma-3-mm-3D_gldm_LargeDependenceHighGrayLevelEmphasis', 'dwi_wavelet2-LH_glcm_Imc2', 'adc_wavelet2-LL_ngtdm_Coarseness', 't2_original_glszm_GrayLevelNonUniformity', 'dwi_wavelet2-LH_glcm_Correlation', 'dwi_log-sigma-2-mm-3D_ngtdm_Strength', 'dwi_log-sigma-0-6-mm-3D_glszm_ZoneVariance', 't2_original_shape_SurfaceVolumeRatio', 'dwi_logarithm_gldm_GrayLevelNonUniformity']","[0.8117647058823529, 0.7391304347826086]","[0.9452054794520548, 0.4146341463414634]","[0.8734177215189873, 0.53125]","[0.9452054794520548, 0.4146341463414634]",Random Forest
34,7,1.0,1.0,0.8200995807127882,0.3783493737105401,0.3606962248618135,0.5068493150684932,0.6748220374469103,0.7615894039735099,0.4111111111111111,0.910377358490566,0.6607142857142857,0.7845528455284553,0.6607442348008385,41,"['dwi_square_ngtdm_Strength', 'dwi_exponential_glszm_GrayLevelNonUniformityNormalized', 'dwi_exponential_glcm_Imc1', 'dwi_log-sigma-3-mm-3D_firstorder_Skewness', 'dwi_square_glrlm_GrayLevelNonUniformity', 'dwi_exponential_ngtdm_Strength', 'dwi_exponential_glszm_GrayLevelVariance', 'dwi_square_firstorder_Skewness', 'dwi_exponential_glcm_ClusterProminence', 'dwi_exponential_glrlm_GrayLevelVariance', 'dwi_square_ngtdm_Busyness', 'dwi_exponential_gldm_SmallDependenceHighGrayLevelEmphasis', 'dwi_log-sigma-3-mm-3D_firstorder_Kurtosis', 'dwi_wavelet2-LL_firstorder_Skewness', 'dwi_exponential_firstorder_Maximum', 'dwi_wavelet2-LL_ngtdm_Strength', 'dwi_exponential_glszm_LargeAreaHighGrayLevelEmphasis', 'dwi_exponential_firstorder_Skewness', 'dwi_exponential_glszm_SizeZoneNonUniformityNormalized', 'dwi_wavelet2-LL_glszm_GrayLevelNonUniformity', 'dwi_exponential_gldm_SmallDependenceEmphasis', 'dwi_wavelet2-LL_glcm_ClusterShade', 'dwi_log-sigma-3-mm-3D_ngtdm_Busyness', 'dwi_square_firstorder_Kurtosis', 'dwi_square_glcm_MCC', 'adc_logarithm_gldm_GrayLevelNonUniformity', 'dwi_exponential_glcm_Imc2', 'adc_wavelet2-LL_ngtdm_Coarseness', 'dwi_log-sigma-2-mm-3D_firstorder_Kurtosis', 'dwi_log-sigma-0-6-mm-3D_glszm_ZoneVariance', 'dwi_square_glszm_SmallAreaHighGrayLevelEmphasis', 'dwi_square_glszm_SizeZoneNonUniformityNormalized', 't2_original_shape_SurfaceVolumeRatio', 'dwi_original_firstorder_Kurtosis', 't2_wavelet2-LL_glszm_SizeZoneNonUniformity', 'adc_squareroot_firstorder_TotalEnergy', 'dwi_log-sigma-2-mm-3D_glcm_MCC', 'dwi_exponential_glszm_ZoneVariance', 't2_log-sigma-3-mm-3D_glszm_ZoneEntropy', 'dwi_wavelet2-LH_glcm_Imc2', 'dwi_log-sigma-3-mm-3D_glcm_ClusterShade']","[0.7845528455284553, 0.6607142857142857]","[0.910377358490566, 0.4111111111111111]","[0.8427947598253275, 0.5068493150684932]","[0.910377358490566, 0.4111111111111111]",Random Forest
35,7,1.0,1.0,0.7997045946088516,0.4289070088008024,0.4085108908540567,0.5416666666666666,0.6990942028985507,0.7814569536423841,0.43820224719101125,0.9248826291079812,0.7090909090909091,0.7975708502024291,0.6815424381494962,42,"['dwi_square_ngtdm_Strength', 'dwi_log-sigma-3-mm-3D_firstorder_Skewness', 'dwi_exponential_glcm_Imc1', 'dwi_square_firstorder_Skewness', 'dwi_exponential_ngtdm_Strength', 'dwi_log-sigma-3-mm-3D_firstorder_Kurtosis', 'dwi_exponential_glszm_GrayLevelNonUniformityNormalized', 'dwi_wavelet2-LL_firstorder_Skewness', 'dwi_exponential_firstorder_Skewness', 'dwi_wavelet2-LL_ngtdm_Strength', 'dwi_square_ngtdm_Busyness', 'dwi_square_glrlm_GrayLevelNonUniformity', 'dwi_exponential_glcm_ClusterProminence', 'dwi_exponential_glrlm_GrayLevelVariance', 'dwi_wavelet2-LL_glcm_ClusterShade', 'dwi_log-sigma-2-mm-3D_firstorder_Kurtosis', 'dwi_exponential_gldm_SmallDependenceHighGrayLevelEmphasis', 'dwi_exponential_firstorder_Maximum', 'dwi_log-sigma-3-mm-3D_ngtdm_Busyness', 'dwi_square_firstorder_Kurtosis', 'dwi_wavelet2-LL_firstorder_Kurtosis', 'dwi_square_glszm_SmallAreaHighGrayLevelEmphasis', 'dwi_log-sigma-2-mm-3D_glcm_MCC', 'dwi_square_glcm_MCC', 'dwi_exponential_glszm_SizeZoneNonUniformityNormalized', 'dwi_log-sigma-3-mm-3D_gldm_LargeDependenceHighGrayLevelEmphasis', 'dwi_wavelet2-LH_glcm_MCC', 'adc_logarithm_gldm_GrayLevelNonUniformity', 'dwi_wavelet2-LL_glszm_GrayLevelNonUniformity', 'dwi_wavelet2-LH_glcm_Imc2', 'dwi_square_glszm_SizeZoneNonUniformityNormalized', 'dwi_log-sigma-2-mm-3D_ngtdm_Strength', 'dwi_square_glcm_ClusterShade', 'dwi_wavelet2-LH_glcm_Correlation', 'dwi_exponential_glszm_LargeAreaLowGrayLevelEmphasis', 'dwi_square_firstorder_Range', 'dwi_log-sigma-0-6-mm-3D_firstorder_Skewness', 'dwi_exponential_gldm_SmallDependenceEmphasis', 'adc_wavelet2-LL_ngtdm_Coarseness', 'dwi_exponential_glcm_Imc2', 't2_squareroot_glszm_SizeZoneNonUniformity', 'dwi_log-sigma-2-mm-3D_ngtdm_Busyness']","[0.7975708502024291, 0.7090909090909091]","[0.9248826291079812, 0.43820224719101125]","[0.8565217391304348, 0.5416666666666666]","[0.9248826291079812, 0.43820224719101125]",Random Forest
36,8,1.0,1.0,0.7802520032516549,0.3774299645486525,0.3593827775012445,0.4881889763779528,0.6745013404373703,0.7811447811447811,0.3924050632911392,0.9220183486238532,0.6458333333333334,0.8072289156626506,0.6572117059574962,43,"['dwi_square_ngtdm_Strength', 'dwi_exponential_glcm_Imc1', 'dwi_log-sigma-3-mm-3D_firstorder_Skewness', 'dwi_exponential_ngtdm_Strength', 'dwi_exponential_glszm_GrayLevelNonUniformityNormalized', 'dwi_square_firstorder_Skewness', 'dwi_exponential_glszm_GrayLevelVariance', 'dwi_log-sigma-3-mm-3D_firstorder_Kurtosis', 'dwi_exponential_firstorder_Skewness', 'dwi_wavelet2-LL_firstorder_Skewness', 'dwi_exponential_glcm_ClusterProminence', 'dwi_wavelet2-LL_ngtdm_Strength', 'dwi_exponential_glrlm_GrayLevelVariance', 'dwi_square_ngtdm_Busyness', 'dwi_exponential_firstorder_Maximum', 'dwi_exponential_gldm_SmallDependenceHighGrayLevelEmphasis', 'dwi_square_glrlm_GrayLevelNonUniformity', 'dwi_square_firstorder_Kurtosis', 'dwi_log-sigma-2-mm-3D_firstorder_Kurtosis', 'dwi_square_glcm_MCC', 'dwi_log-sigma-3-mm-3D_ngtdm_Busyness', 'dwi_wavelet2-LL_glcm_ClusterShade', 'dwi_original_firstorder_Kurtosis', 'dwi_exponential_glszm_SizeZoneNonUniformityNormalized', 'dwi_wavelet2-LH_glcm_Correlation', 'dwi_square_glszm_SmallAreaHighGrayLevelEmphasis', 'dwi_log-sigma-2-mm-3D_glcm_MCC', 'dwi_exponential_glszm_LargeAreaHighGrayLevelEmphasis', 'dwi_wavelet2-LH_glcm_Imc2', 'dwi_exponential_glcm_Imc2', 'dwi_exponential_gldm_SmallDependenceEmphasis', 'adc_logarithm_gldm_GrayLevelNonUniformity', 'dwi_wavelet2-LH_glcm_MCC', 'dwi_square_glszm_SizeZoneNonUniformityNormalized', 'dwi_log-sigma-3-mm-3D_gldm_LargeDependenceHighGrayLevelEmphasis', 'dwi_log-sigma-3-mm-3D_glcm_ClusterShade', 'dwi_wavelet2-LL_glszm_GrayLevelNonUniformity', 'adc_wavelet2-LL_ngtdm_Coarseness', 'dwi_log-sigma-2-mm-3D_ngtdm_Strength', 'dwi_log-sigma-0-6-mm-3D_glszm_ZoneVariance', 'dwi_log-sigma-0-6-mm-3D_firstorder_Skewness', 'dwi_log-sigma-2-mm-3D_ngtdm_Busyness', 'dwi_log-sigma-3-mm-3D_glcm_JointAverage']","[0.8072289156626506, 0.6458333333333334]","[0.9220183486238532, 0.3924050632911392]","[0.860813704496788, 0.4881889763779528]","[0.9220183486238532, 0.3924050632911392]",Random Forest
37,8,1.0,1.0,0.8676268498942917,0.4720340253915911,0.45071175963624477,0.5734265734265734,0.7208385566916884,0.7986798679867987,0.4659090909090909,0.9348837209302325,0.7454545454545455,0.8104838709677419,0.7003964059196617,42,"['dwi_square_ngtdm_Strength', 'dwi_log-sigma-3-mm-3D_firstorder_Skewness', 'dwi_exponential_glcm_Imc1', 'dwi_wavelet2-LL_firstorder_Skewness', 'dwi_exponential_glszm_GrayLevelNonUniformityNormalized', 'dwi_square_ngtdm_Busyness', 'dwi_exponential_ngtdm_Strength', 'dwi_square_firstorder_Skewness', 'dwi_log-sigma-3-mm-3D_firstorder_Kurtosis', 'dwi_square_glrlm_GrayLevelNonUniformity', 'dwi_exponential_glcm_ClusterProminence', 'dwi_exponential_glrlm_GrayLevelVariance', 'dwi_exponential_gldm_SmallDependenceHighGrayLevelEmphasis', 'dwi_exponential_firstorder_Skewness', 'dwi_wavelet2-LL_glcm_ClusterShade', 'dwi_exponential_firstorder_Maximum', 'dwi_log-sigma-3-mm-3D_ngtdm_Strength', 'dwi_log-sigma-2-mm-3D_firstorder_Kurtosis', 'dwi_log-sigma-3-mm-3D_ngtdm_Busyness', 'dwi_square_glszm_GrayLevelVariance', 'dwi_wavelet2-LL_firstorder_Kurtosis', 'dwi_wavelet2-LL_glszm_GrayLevelNonUniformity', 'dwi_exponential_glszm_LargeAreaHighGrayLevelEmphasis', 'dwi_square_firstorder_Kurtosis', 'dwi_square_glcm_MCC', 'adc_logarithm_ngtdm_Coarseness', 'adc_logarithm_gldm_GrayLevelNonUniformity', 'dwi_log-sigma-2-mm-3D_glcm_MCC', 'dwi_exponential_glszm_SizeZoneNonUniformityNormalized', 'dwi_exponential_gldm_SmallDependenceEmphasis', 't2_original_glszm_GrayLevelNonUniformity', 'dwi_square_glszm_SizeZoneNonUniformityNormalized', 'dwi_exponential_glcm_Imc2', 't2_original_shape_SurfaceVolumeRatio', 'dwi_log-sigma-3-mm-3D_glcm_ClusterShade', 'dwi_log-sigma-0-6-mm-3D_glszm_ZoneVariance', 'dwi_log-sigma-3-mm-3D_gldm_LargeDependenceHighGrayLevelEmphasis', 'dwi_square_firstorder_Maximum', 'dwi_wavelet2-LH_glcm_Imc2', 'dwi_wavelet2-LH_glcm_MCC', 'dwi_wavelet2-LH_glcm_Correlation', 't2_logarithm_ngtdm_Coarseness']","[0.8104838709677419, 0.7454545454545455]","[0.9348837209302325, 0.4659090909090909]","[0.8682505399568035, 0.5734265734265734]","[0.9348837209302325, 0.4659090909090909]",Random Forest
38,8,1.0,1.0,0.8254132810311011,0.38980404109221733,0.38193131214542786,0.5277777777777778,0.6886676499508357,0.7718120805369127,0.4578313253012048,0.8930232558139535,0.6229508196721312,0.810126582278481,0.6754272905575791,42,"['dwi_square_ngtdm_Strength', 'dwi_log-sigma-3-mm-3D_firstorder_Skewness', 'dwi_exponential_ngtdm_Strength', 'dwi_exponential_glcm_Imc1', 'dwi_exponential_glszm_GrayLevelNonUniformityNormalized', 'dwi_log-sigma-3-mm-3D_firstorder_Kurtosis', 'dwi_square_firstorder_Skewness', 'dwi_wavelet2-LL_firstorder_Skewness', 'dwi_square_glrlm_GrayLevelNonUniformity', 'dwi_exponential_glszm_GrayLevelVariance', 'dwi_square_ngtdm_Busyness', 'dwi_exponential_firstorder_Skewness', 'dwi_wavelet2-LL_ngtdm_Strength', 'dwi_exponential_glcm_ClusterProminence', 'dwi_exponential_glrlm_GrayLevelVariance', 'dwi_exponential_gldm_SmallDependenceHighGrayLevelEmphasis', 'dwi_exponential_firstorder_Maximum', 'adc_logarithm_gldm_GrayLevelNonUniformity', 'dwi_wavelet2-LL_glcm_ClusterShade', 'dwi_log-sigma-3-mm-3D_ngtdm_Busyness', 'dwi_square_firstorder_Kurtosis', 'dwi_log-sigma-2-mm-3D_firstorder_Kurtosis', 'dwi_wavelet2-LL_glszm_GrayLevelNonUniformity', 'adc_wavelet2-LL_ngtdm_Coarseness', 't2_original_shape_SurfaceVolumeRatio', 'dwi_exponential_glszm_LargeAreaHighGrayLevelEmphasis', 'dwi_square_glcm_MCC', 't2_squareroot_glszm_SizeZoneNonUniformity', 'dwi_wavelet2-LL_firstorder_Kurtosis', 'dwi_exponential_glszm_SizeZoneNonUniformityNormalized', 'dwi_exponential_gldm_SmallDependenceEmphasis', 'dwi_square_glszm_SmallAreaHighGrayLevelEmphasis', 'dwi_exponential_glcm_Imc2', 'dwi_log-sigma-2-mm-3D_glcm_MCC', 'adc_wavelet2-LL_glcm_Imc1', 'dwi_log-sigma-0-6-mm-3D_glszm_ZoneVariance', 't2_log-sigma-2-mm-3D_glrlm_RunLengthNonUniformity', 't2_logarithm_ngtdm_Coarseness', 't2_log-sigma-3-mm-3D_glszm_ZoneEntropy', 'dwi_wavelet2-LH_glcm_Imc2', 'dwi_square_glszm_SizeZoneNonUniformityNormalized', 't2_wavelet-HL_glszm_GrayLevelNonUniformity']","[0.810126582278481, 0.6229508196721312]","[0.8930232558139535, 0.4578313253012048]","[0.8495575221238938, 0.5277777777777778]","[0.8930232558139535, 0.4578313253012048]",Random Forest
39,8,1.0,1.0,0.765990847169008,0.3384007450060724,0.31930783242258653,0.463768115942029,0.6528242289111854,0.7557755775577558,0.367816091954023,0.9120370370370371,0.6274509803921569,0.7817460317460317,0.6399265644955301,42,"['dwi_square_ngtdm_Strength', 'dwi_log-sigma-3-mm-3D_firstorder_Skewness', 'dwi_exponential_glcm_Imc1', 'dwi_exponential_ngtdm_Strength', 'dwi_square_firstorder_Skewness', 'dwi_exponential_glszm_GrayLevelNonUniformityNormalized', 'dwi_log-sigma-3-mm-3D_firstorder_Kurtosis', 'dwi_wavelet2-LL_firstorder_Skewness', 'dwi_exponential_glszm_GrayLevelVariance', 'dwi_exponential_firstorder_Skewness', 'dwi_exponential_glcm_ClusterProminence', 'dwi_exponential_glrlm_GrayLevelVariance', 'dwi_wavelet2-LL_ngtdm_Strength', 'dwi_log-sigma-2-mm-3D_firstorder_Kurtosis', 'dwi_exponential_gldm_SmallDependenceHighGrayLevelEmphasis', 'dwi_exponential_firstorder_Range', 'dwi_square_firstorder_Kurtosis', 'dwi_wavelet2-LL_firstorder_Kurtosis', 'dwi_square_ngtdm_Busyness', 'dwi_square_glrlm_GrayLevelNonUniformity', 'dwi_wavelet2-LL_glcm_ClusterShade', 'dwi_log-sigma-3-mm-3D_ngtdm_Busyness', 'dwi_square_glszm_SmallAreaHighGrayLevelEmphasis', 'dwi_exponential_glszm_SizeZoneNonUniformityNormalized', 'dwi_exponential_glszm_LargeAreaEmphasis', 'dwi_log-sigma-3-mm-3D_glrlm_LongRunHighGrayLevelEmphasis', 'dwi_wavelet2-LH_glcm_MCC', 'dwi_square_glcm_MCC', 'adc_logarithm_gldm_GrayLevelNonUniformity', 'dwi_square_glszm_SizeZoneNonUniformityNormalized', 'dwi_log-sigma-2-mm-3D_glcm_MCC', 'dwi_exponential_gldm_SmallDependenceEmphasis', 'dwi_exponential_glcm_Imc2', 'dwi_wavelet2-LH_glcm_Imc2', 'dwi_log-sigma-3-mm-3D_glrlm_GrayLevelNonUniformity', 'dwi_wavelet2-LH_glcm_Correlation', 'adc_original_ngtdm_Coarseness', 'dwi_log-sigma-2-mm-3D_ngtdm_Strength', 'dwi_log-sigma-0-6-mm-3D_firstorder_Skewness', 'dwi_log-sigma-3-mm-3D_glcm_JointAverage', 'dwi_log-sigma-3-mm-3D_gldm_LowGrayLevelEmphasis', 'dwi_log-sigma-0-6-mm-3D_glszm_LargeAreaEmphasis']","[0.7817460317460317, 0.6274509803921569]","[0.9120370370370371, 0.367816091954023]","[0.8418803418803419, 0.463768115942029]","[0.9120370370370371, 0.367816091954023]",Random Forest
40,8,1.0,1.0,0.7929771650150798,0.3861495342367726,0.3767358562578903,0.5298013245033113,0.68548231773264,0.7625418060200669,0.45454545454545453,0.8909952606635071,0.6349206349206349,0.7966101694915254,0.6727703576044808,42,"['dwi_square_ngtdm_Strength', 'dwi_log-sigma-3-mm-3D_firstorder_Skewness', 'dwi_exponential_glszm_GrayLevelNonUniformityNormalized', 'dwi_exponential_glcm_Imc1', 'dwi_square_ngtdm_Busyness', 'dwi_wavelet2-LL_firstorder_Skewness', 'dwi_exponential_ngtdm_Strength', 'dwi_square_glrlm_GrayLevelNonUniformity', 'dwi_square_firstorder_Skewness', 'dwi_log-sigma-3-mm-3D_firstorder_Kurtosis', 'dwi_wavelet2-LL_ngtdm_Strength', 'dwi_exponential_glszm_GrayLevelVariance', 'dwi_exponential_gldm_SmallDependenceHighGrayLevelEmphasis', 'dwi_exponential_glcm_ClusterProminence', 'dwi_exponential_glrlm_GrayLevelVariance', 'dwi_wavelet2-LL_glcm_ClusterShade', 'dwi_exponential_firstorder_Skewness', 'dwi_exponential_firstorder_Range', 'dwi_exponential_glszm_LargeAreaHighGrayLevelEmphasis', 'dwi_log-sigma-3-mm-3D_ngtdm_Busyness', 'dwi_square_glcm_MCC', 'dwi_exponential_glszm_SizeZoneNonUniformityNormalized', 'dwi_log-sigma-2-mm-3D_firstorder_Kurtosis', 'dwi_wavelet2-LL_glszm_GrayLevelNonUniformity', 'dwi_exponential_gldm_SmallDependenceEmphasis', 'adc_logarithm_gldm_GrayLevelNonUniformity', 'dwi_wavelet2-LL_firstorder_Kurtosis', 'dwi_square_firstorder_Kurtosis', 'adc_wavelet2-LL_ngtdm_Coarseness', 'dwi_log-sigma-2-mm-3D_glcm_MCC', 'dwi_square_glszm_SmallAreaHighGrayLevelEmphasis', 'dwi_exponential_glcm_Imc2', 'dwi_log-sigma-0-6-mm-3D_glszm_ZoneVariance', 'dwi_square_glszm_SizeZoneNonUniformityNormalized', 't2_original_glszm_GrayLevelNonUniformity', 't2_original_shape_SurfaceVolumeRatio', 'dwi_wavelet2-LH_glcm_Imc2', 'dwi_logarithm_gldm_GrayLevelNonUniformity', 'dwi_wavelet2-LH_glcm_Correlation', 'dwi_exponential_glszm_ZoneVariance', 'adc_squareroot_firstorder_TotalEnergy', 'dwi_log-sigma-2-mm-3D_ngtdm_Strength']","[0.7966101694915254, 0.6349206349206349]","[0.8909952606635071, 0.45454545454545453]","[0.8411633109619687, 0.5298013245033113]","[0.8909952606635071, 0.45454545454545453]",Random Forest
41,9,1.0,1.0,0.8077669902912622,0.3817744977221375,0.34989092129551946,0.5063291139240507,0.6641234610716144,0.738255033557047,0.3883495145631068,0.9230769230769231,0.7272727272727273,0.7407407407407407,0.655713218820015,40,"['dwi_square_ngtdm_Strength', 'dwi_log-sigma-3-mm-3D_firstorder_Skewness', 'dwi_exponential_glcm_Imc1', 'dwi_wavelet2-LL_firstorder_Skewness', 'dwi_exponential_glszm_GrayLevelNonUniformityNormalized', 'dwi_square_glrlm_GrayLevelNonUniformity', 'dwi_square_firstorder_Skewness', 'dwi_exponential_ngtdm_Strength', 'dwi_square_ngtdm_Busyness', 'dwi_log-sigma-3-mm-3D_firstorder_Kurtosis', 'dwi_wavelet2-LL_ngtdm_Strength', 'dwi_exponential_firstorder_Skewness', 'dwi_exponential_glcm_ClusterProminence', 'dwi_exponential_gldm_SmallDependenceHighGrayLevelEmphasis', 'dwi_exponential_glrlm_GrayLevelVariance', 'dwi_exponential_firstorder_Range', 'dwi_wavelet2-LL_glcm_ClusterShade', 'dwi_exponential_glszm_LargeAreaHighGrayLevelEmphasis', 'dwi_square_firstorder_Kurtosis', 'adc_logarithm_gldm_GrayLevelNonUniformity', 'adc_wavelet2-LL_ngtdm_Coarseness', 'dwi_log-sigma-3-mm-3D_glrlm_GrayLevelNonUniformity', 'dwi_exponential_gldm_DependenceVariance', 'dwi_log-sigma-3-mm-3D_ngtdm_Busyness', 'dwi_log-sigma-2-mm-3D_firstorder_Kurtosis', 'dwi_exponential_glszm_SizeZoneNonUniformityNormalized', 'dwi_original_firstorder_Kurtosis', 'dwi_exponential_glcm_Imc2', 't2_wavelet2-HL_glszm_GrayLevelNonUniformity', 'dwi_log-sigma-2-mm-3D_glcm_MCC', 't2_original_shape_SurfaceVolumeRatio', 'dwi_square_glcm_MCC', 'dwi_square_glszm_SmallAreaHighGrayLevelEmphasis', 'adc_squareroot_firstorder_TotalEnergy', 'dwi_square_glszm_SizeZoneNonUniformityNormalized', 't2_log-sigma-3-mm-3D_glszm_ZoneEntropy', 't2_log-sigma-2-mm-3D_glrlm_RunLengthNonUniformity', 'dwi_exponential_glcm_JointAverage', 'dwi_wavelet2-LH_glcm_MCC', 'dwi_log-sigma-0-6-mm-3D_glszm_LargeAreaEmphasis']","[0.7407407407407407, 0.7272727272727273]","[0.9230769230769231, 0.3883495145631068]","[0.821917808219178, 0.5063291139240507]","[0.9230769230769231, 0.3883495145631068]",Random Forest
42,9,1.0,1.0,0.8003901927668744,0.2956711775750144,0.27855304159328,0.4132231404958678,0.6324988353836333,0.7633333333333333,0.3246753246753247,0.9147982062780269,0.5681818181818182,0.796875,0.6197367654766758,43,"['dwi_square_ngtdm_Strength', 'dwi_exponential_glcm_Imc1', 'dwi_log-sigma-3-mm-3D_firstorder_Skewness', 'dwi_exponential_ngtdm_Strength', 'dwi_exponential_glszm_GrayLevelNonUniformityNormalized', 'dwi_exponential_glszm_GrayLevelVariance', 'dwi_log-sigma-3-mm-3D_firstorder_Kurtosis', 'dwi_wavelet2-LL_firstorder_Skewness', 'dwi_square_firstorder_Skewness', 'dwi_exponential_glcm_ClusterProminence', 'dwi_exponential_glrlm_GrayLevelVariance', 'dwi_exponential_gldm_SmallDependenceHighGrayLevelEmphasis', 'dwi_exponential_firstorder_Maximum', 'dwi_wavelet2-LL_ngtdm_Strength', 'dwi_exponential_firstorder_Skewness', 'dwi_square_glrlm_GrayLevelNonUniformity', 'dwi_square_ngtdm_Busyness', 'dwi_wavelet2-LL_firstorder_Kurtosis', 'dwi_log-sigma-2-mm-3D_firstorder_Kurtosis', 'dwi_exponential_glszm_LargeAreaEmphasis', 'dwi_wavelet2-LL_glcm_ClusterShade', 'dwi_square_glcm_MCC', 'dwi_exponential_glszm_SizeZoneNonUniformityNormalized', 'dwi_square_firstorder_Kurtosis', 'dwi_log-sigma-3-mm-3D_ngtdm_Busyness', 'adc_logarithm_gldm_GrayLevelNonUniformity', 'dwi_exponential_gldm_SmallDependenceEmphasis', 'dwi_exponential_glcm_Imc2', 'dwi_square_glszm_SmallAreaHighGrayLevelEmphasis', 'dwi_wavelet2-LL_glszm_GrayLevelNonUniformity', 'dwi_log-sigma-2-mm-3D_glcm_MCC', 'adc_logarithm_ngtdm_Coarseness', 'dwi_wavelet2-LH_glcm_Correlation', 'dwi_square_glszm_SizeZoneNonUniformityNormalized', 'dwi_log-sigma-0-6-mm-3D_glszm_ZoneVariance', 'dwi_log-sigma-3-mm-3D_gldm_LargeDependenceHighGrayLevelEmphasis', 'dwi_wavelet2-LH_glcm_Imc2', 't2_original_shape_SurfaceVolumeRatio', 't2_original_glszm_GrayLevelNonUniformity', 'dwi_log-sigma-3-mm-3D_ngtdm_Coarseness', 'dwi_wavelet2-LH_glcm_MCC', 'dwi_log-sigma-2-mm-3D_ngtdm_Strength', 't2_logarithm_ngtdm_Coarseness']","[0.796875, 0.5681818181818182]","[0.9147982062780269, 0.3246753246753247]","[0.8517745302713987, 0.4132231404958678]","[0.9147982062780269, 0.3246753246753247]",Random Forest
43,9,1.0,0.9985401459854014,0.8143880062653838,0.35144157428258954,0.33695377620611255,0.47761194029850745,0.6636986740119146,0.7666666666666667,0.3902439024390244,0.908256880733945,0.6153846153846154,0.7983870967741935,0.6492503915864847,42,"['dwi_square_ngtdm_Strength', 'dwi_log-sigma-3-mm-3D_firstorder_Skewness', 'dwi_exponential_ngtdm_Strength', 'dwi_exponential_glszm_GrayLevelNonUniformityNormalized', 'dwi_square_ngtdm_Busyness', 'dwi_exponential_glcm_Imc1', 'dwi_wavelet2-LL_ngtdm_Strength', 'dwi_log-sigma-3-mm-3D_firstorder_Kurtosis', 'dwi_square_firstorder_Skewness', 'dwi_wavelet2-LL_firstorder_Skewness', 'dwi_square_glrlm_GrayLevelNonUniformity', 'dwi_exponential_glszm_GrayLevelVariance', 'dwi_exponential_glcm_ClusterProminence', 'dwi_exponential_gldm_SmallDependenceHighGrayLevelEmphasis', 'dwi_exponential_glrlm_GrayLevelVariance', 'dwi_exponential_firstorder_Skewness', 'dwi_wavelet2-LL_glcm_ClusterShade', 'dwi_exponential_firstorder_Maximum', 'dwi_log-sigma-3-mm-3D_ngtdm_Busyness', 'dwi_log-sigma-2-mm-3D_firstorder_Kurtosis', 'dwi_square_glcm_MCC', 'adc_logarithm_gldm_GrayLevelNonUniformity', 'dwi_exponential_glszm_LargeAreaHighGrayLevelEmphasis', 'dwi_log-sigma-2-mm-3D_glcm_MCC', 'dwi_wavelet2-LH_glcm_Imc2', 'dwi_wavelet2-LH_glcm_Correlation', 'dwi_wavelet2-LL_glszm_GrayLevelNonUniformity', 'dwi_square_glszm_SmallAreaHighGrayLevelEmphasis', 'dwi_square_firstorder_Kurtosis', 'dwi_exponential_glszm_SizeZoneNonUniformityNormalized', 'dwi_wavelet2-LH_glcm_MCC', 'dwi_log-sigma-3-mm-3D_glcm_ClusterShade', 'dwi_exponential_gldm_SmallDependenceEmphasis', 'adc_original_ngtdm_Coarseness', 'dwi_wavelet2-LL_firstorder_Kurtosis', 'dwi_log-sigma-0-6-mm-3D_glszm_ZoneVariance', 'dwi_square_glszm_SizeZoneNonUniformityNormalized', 'dwi_exponential_glcm_Imc2', 'dwi_log-sigma-2-mm-3D_ngtdm_Strength', 't2_original_glszm_GrayLevelNonUniformity', 'dwi_log-sigma-3-mm-3D_gldm_LargeDependenceHighGrayLevelEmphasis', 'dwi_wavelet-LH_glcm_Imc1']","[0.7983870967741935, 0.6153846153846154]","[0.908256880733945, 0.3902439024390244]","[0.8497854077253219, 0.47761194029850745]","[0.908256880733945, 0.3902439024390244]",Random Forest
44,9,1.0,1.0,0.8345346618613525,0.4486623676510594,0.43005917159763307,0.5616438356164384,0.710646479211728,0.7873754152823921,0.4606741573033708,0.9245283018867925,0.7192982456140351,0.8032786885245902,0.6926012295950816,42,"['dwi_square_ngtdm_Strength', 'dwi_log-sigma-3-mm-3D_firstorder_Skewness', 'dwi_square_firstorder_Skewness', 'dwi_exponential_ngtdm_Strength', 'dwi_log-sigma-3-mm-3D_firstorder_Kurtosis', 'dwi_exponential_glcm_Imc1', 'dwi_exponential_glszm_GrayLevelNonUniformityNormalized', 'dwi_exponential_glszm_GrayLevelVariance', 'dwi_original_firstorder_Skewness', 'dwi_exponential_firstorder_Skewness', 'dwi_square_glrlm_GrayLevelNonUniformity', 'dwi_square_ngtdm_Busyness', 'dwi_wavelet2-LL_firstorder_Kurtosis', 'dwi_wavelet2-LL_ngtdm_Strength', 'dwi_square_firstorder_Kurtosis', 'dwi_exponential_glrlm_GrayLevelVariance', 'dwi_exponential_glcm_ClusterProminence', 'dwi_exponential_gldm_SmallDependenceHighGrayLevelEmphasis', 'dwi_exponential_firstorder_Maximum', 'dwi_log-sigma-2-mm-3D_firstorder_Kurtosis', 'dwi_wavelet2-LL_glcm_ClusterShade', 'dwi_log-sigma-3-mm-3D_ngtdm_Busyness', 'adc_logarithm_gldm_GrayLevelNonUniformity', 'dwi_exponential_glszm_SizeZoneNonUniformityNormalized', 'dwi_square_glcm_MCC', 'adc_wavelet2-LL_ngtdm_Coarseness', 'dwi_wavelet2-LL_glszm_GrayLevelNonUniformity', 'dwi_square_glszm_SmallAreaHighGrayLevelEmphasis', 'dwi_exponential_glszm_LargeAreaHighGrayLevelEmphasis', 'dwi_square_glszm_SizeZoneNonUniformityNormalized', 'dwi_exponential_gldm_SmallDependenceEmphasis', 'dwi_log-sigma-2-mm-3D_glcm_MCC', 'dwi_log-sigma-3-mm-3D_glcm_ClusterShade', 'dwi_logarithm_gldm_GrayLevelNonUniformity', 't2_original_shape_SurfaceVolumeRatio', 't2_squareroot_glszm_SizeZoneNonUniformity', 'dwi_log-sigma-2-mm-3D_ngtdm_Strength', 'dwi_log-sigma-0-6-mm-3D_glszm_ZoneVariance', 'dwi_log-sigma-3-mm-3D_glrlm_LongRunHighGrayLevelEmphasis', 'dwi_exponential_glcm_Imc2', 'adc_wavelet2-LL_glcm_Imc1', 'dwi_wavelet2-LH_glcm_Imc2']","[0.8032786885245902, 0.7192982456140351]","[0.9245283018867925, 0.4606741573033708]","[0.8596491228070176, 0.5616438356164384]","[0.9245283018867925, 0.4606741573033708]",Random Forest
45,9,1.0,1.0,0.7922074056435291,0.37694184748892534,0.37449622166246854,0.5147058823529411,0.6865374905326938,0.7807308970099668,0.47297297297297297,0.8810572687224669,0.5645161290322581,0.8368200836820083,0.67701512084772,43,"['dwi_square_ngtdm_Strength', 'dwi_log-sigma-3-mm-3D_firstorder_Skewness', 'dwi_exponential_glcm_Imc1', 'dwi_exponential_ngtdm_Strength', 'dwi_exponential_glszm_GrayLevelNonUniformityNormalized', 'dwi_square_firstorder_Skewness', 'dwi_exponential_glszm_GrayLevelVariance', 'dwi_log-sigma-3-mm-3D_firstorder_Kurtosis', 'dwi_wavelet2-LL_firstorder_Skewness', 'dwi_exponential_firstorder_Skewness', 'dwi_wavelet2-LL_ngtdm_Strength', 'dwi_exponential_glcm_ClusterProminence', 'dwi_square_ngtdm_Busyness', 'dwi_exponential_glrlm_GrayLevelVariance', 'dwi_exponential_firstorder_Maximum', 'dwi_exponential_gldm_SmallDependenceHighGrayLevelEmphasis', 'dwi_wavelet2-LL_glcm_ClusterShade', 'dwi_log-sigma-3-mm-3D_ngtdm_Busyness', 'dwi_log-sigma-2-mm-3D_firstorder_Kurtosis', 'dwi_square_firstorder_Kurtosis', 'dwi_square_glrlm_GrayLevelNonUniformity', 'dwi_square_glszm_SmallAreaHighGrayLevelEmphasis', 'dwi_square_glcm_MCC', 'dwi_wavelet2-LL_firstorder_Kurtosis', 'dwi_exponential_glszm_SizeZoneNonUniformityNormalized', 'dwi_square_glcm_ClusterShade', 'dwi_square_glszm_SizeZoneNonUniformityNormalized', 'dwi_log-sigma-3-mm-3D_gldm_LargeDependenceHighGrayLevelEmphasis', 'dwi_exponential_glcm_Imc2', 'dwi_exponential_glszm_LargeAreaEmphasis', 'dwi_exponential_gldm_SmallDependenceEmphasis', 'dwi_log-sigma-2-mm-3D_glcm_MCC', 'dwi_wavelet2-LH_glcm_Imc2', 'dwi_wavelet2-LH_glcm_MCC', 'dwi_log-sigma-2-mm-3D_ngtdm_Strength', 'dwi_wavelet2-LH_glcm_Correlation', 'adc_logarithm_gldm_GrayLevelNonUniformity', 'dwi_wavelet2-LL_glszm_GrayLevelNonUniformity', 'dwi_log-sigma-2-mm-3D_ngtdm_Busyness', 'dwi_log-sigma-3-mm-3D_glcm_JointAverage', 'dwi_log-sigma-3-mm-3D_gldm_LowGrayLevelEmphasis', 'adc_wavelet2-LL_ngtdm_Coarseness', 'dwi_log-sigma-3-mm-3D_glrlm_ShortRunLowGrayLevelEmphasis']","[0.8368200836820083, 0.5645161290322581]","[0.8810572687224669, 0.47297297297297297]","[0.8583690987124464, 0.5147058823529411]","[0.8810572687224669, 0.47297297297297297]",Random Forest
46,10,1.0,1.0,0.7849552724315533,0.38203831121052895,0.3731095427317479,0.5205479452054794,0.6838547586289405,0.7682119205298014,0.4470588235294118,0.8940092165898618,0.6229508196721312,0.8049792531120332,0.6705340200596368,42,"['dwi_square_ngtdm_Strength', 'dwi_log-sigma-3-mm-3D_firstorder_Skewness', 'dwi_wavelet2-LL_firstorder_Skewness', 'dwi_exponential_glcm_Imc1', 'dwi_exponential_ngtdm_Strength', 'dwi_exponential_glszm_GrayLevelNonUniformityNormalized', 'dwi_log-sigma-3-mm-3D_firstorder_Kurtosis', 'dwi_square_ngtdm_Busyness', 'dwi_exponential_glszm_GrayLevelVariance', 'dwi_square_firstorder_Skewness', 'dwi_wavelet2-LL_ngtdm_Strength', 'dwi_square_glrlm_GrayLevelNonUniformity', 'dwi_exponential_glcm_ClusterProminence', 'dwi_exponential_firstorder_Skewness', 'dwi_exponential_glrlm_GrayLevelVariance', 'dwi_exponential_gldm_SmallDependenceHighGrayLevelEmphasis', 'dwi_wavelet2-LL_glcm_ClusterShade', 'dwi_exponential_firstorder_Maximum', 'dwi_wavelet2-LL_firstorder_Kurtosis', 'dwi_log-sigma-3-mm-3D_ngtdm_Busyness', 'dwi_log-sigma-2-mm-3D_firstorder_Kurtosis', 'dwi_wavelet2-LL_glszm_GrayLevelNonUniformity', 'dwi_exponential_glszm_LargeAreaHighGrayLevelEmphasis', 'dwi_exponential_glszm_SizeZoneNonUniformityNormalized', 'adc_logarithm_gldm_GrayLevelNonUniformity', 'dwi_square_firstorder_Kurtosis', 'dwi_square_glcm_MCC', 'dwi_exponential_gldm_SmallDependenceEmphasis', 'dwi_square_glszm_SmallAreaHighGrayLevelEmphasis', 'adc_logarithm_ngtdm_Coarseness', 'dwi_exponential_glcm_Imc2', 'dwi_log-sigma-2-mm-3D_glcm_MCC', 'dwi_log-sigma-0-6-mm-3D_glszm_ZoneVariance', 'dwi_log-sigma-3-mm-3D_gldm_LargeDependenceHighGrayLevelEmphasis', 't2_original_glszm_GrayLevelNonUniformity', 'dwi_wavelet2-LH_glcm_Imc2', 'dwi_wavelet2-LH_glcm_Correlation', 'dwi_log-sigma-2-mm-3D_ngtdm_Strength', 'dwi_logarithm_ngtdm_Coarseness', 'dwi_square_glszm_SizeZoneNonUniformityNormalized', 't2_log-sigma-3-mm-3D_glszm_ZoneEntropy', 't2_original_shape_SurfaceVolumeRatio']","[0.8049792531120332, 0.6229508196721312]","[0.8940092165898618, 0.4470588235294118]","[0.8471615720524017, 0.5205479452054794]","[0.8940092165898618, 0.4470588235294118]",Random Forest
47,10,1.0,1.0,0.8309785596481584,0.44578145426943594,0.43623739263161043,0.5714285714285714,0.7158694963573012,0.7892976588628763,0.49411764705882355,0.9065420560747663,0.6774193548387096,0.8185654008438819,0.700329851566795,42,"['dwi_square_ngtdm_Strength', 'dwi_log-sigma-3-mm-3D_firstorder_Skewness', 'dwi_square_firstorder_Skewness', 'dwi_exponential_glcm_Imc1', 'dwi_log-sigma-3-mm-3D_firstorder_Kurtosis', 'dwi_square_ngtdm_Busyness', 'dwi_exponential_ngtdm_Strength', 'dwi_wavelet2-LL_ngtdm_Strength', 'dwi_wavelet2-LL_firstorder_Skewness', 'dwi_exponential_glszm_GrayLevelNonUniformityNormalized', 'dwi_square_glrlm_GrayLevelNonUniformity', 'dwi_exponential_firstorder_Skewness', 'dwi_square_firstorder_Kurtosis', 'dwi_wavelet2-LL_firstorder_Kurtosis', 'dwi_exponential_glcm_ClusterProminence', 'dwi_wavelet2-LL_glcm_ClusterShade', 'dwi_log-sigma-2-mm-3D_firstorder_Kurtosis', 'dwi_exponential_gldm_SmallDependenceHighGrayLevelEmphasis', 'dwi_exponential_glrlm_GrayLevelVariance', 'dwi_exponential_firstorder_Maximum', 'dwi_log-sigma-3-mm-3D_ngtdm_Busyness', 'dwi_square_glcm_MCC', 'dwi_log-sigma-2-mm-3D_glcm_MCC', 'dwi_square_glszm_SmallAreaHighGrayLevelEmphasis', 'dwi_exponential_glszm_LargeAreaHighGrayLevelEmphasis', 'adc_logarithm_gldm_GrayLevelNonUniformity', 'dwi_wavelet2-LH_glcm_Imc2', 'adc_wavelet2-LL_ngtdm_Coarseness', 'dwi_logarithm_glrlm_GrayLevelNonUniformity', 'dwi_exponential_glszm_SizeZoneNonUniformityNormalized', 'dwi_wavelet2-LH_glcm_Correlation', 'dwi_logarithm_gldm_GrayLevelNonUniformity', 'dwi_log-sigma-2-mm-3D_ngtdm_Strength', 'dwi_log-sigma-3-mm-3D_gldm_LargeDependenceHighGrayLevelEmphasis', 'dwi_log-sigma-0-6-mm-3D_glszm_ZoneVariance', 'dwi_wavelet2-LH_glcm_MCC', 'dwi_square_glszm_SizeZoneNonUniformityNormalized', 'dwi_exponential_gldm_SmallDependenceEmphasis', 't2_original_glszm_GrayLevelNonUniformity', 't2_original_shape_SurfaceVolumeRatio', 'adc_squareroot_firstorder_TotalEnergy', 'dwi_exponential_glcm_Imc2']","[0.8185654008438819, 0.6774193548387096]","[0.9065420560747663, 0.49411764705882355]","[0.8603104212860311, 0.5714285714285714]","[0.9065420560747663, 0.49411764705882355]",Random Forest
48,10,1.0,1.0,0.8316532258064515,0.42535266984262005,0.40547369802776223,0.5271317829457365,0.6979744936234058,0.7946127946127947,0.425,0.9308755760368663,0.6938775510204082,0.8145161290322581,0.6779377880184332,43,"['dwi_square_ngtdm_Strength', 'dwi_log-sigma-3-mm-3D_firstorder_Skewness', 'dwi_exponential_glcm_Imc1', 'dwi_exponential_ngtdm_Strength', 'dwi_exponential_glszm_GrayLevelNonUniformityNormalized', 'dwi_square_firstorder_Skewness', 'dwi_log-sigma-3-mm-3D_firstorder_Kurtosis', 'dwi_wavelet2-LL_firstorder_Skewness', 'dwi_square_glrlm_GrayLevelNonUniformity', 'dwi_exponential_glszm_GrayLevelVariance', 'dwi_wavelet2-LL_ngtdm_Strength', 'dwi_square_ngtdm_Busyness', 'dwi_exponential_firstorder_Skewness', 'dwi_exponential_glcm_ClusterProminence', 'dwi_exponential_glrlm_GrayLevelVariance', 'dwi_exponential_gldm_SmallDependenceHighGrayLevelEmphasis', 'dwi_exponential_firstorder_Maximum', 'dwi_wavelet2-LL_firstorder_Kurtosis', 'dwi_log-sigma-2-mm-3D_firstorder_Kurtosis', 'dwi_square_firstorder_Kurtosis', 'adc_logarithm_gldm_GrayLevelNonUniformity', 'dwi_square_glcm_MCC', 'dwi_exponential_glszm_LargeAreaHighGrayLevelEmphasis', 'dwi_log-sigma-3-mm-3D_ngtdm_Busyness', 'dwi_wavelet2-LL_glcm_ClusterShade', 'adc_wavelet2-LL_ngtdm_Coarseness', 'dwi_wavelet2-LL_glszm_GrayLevelNonUniformity', 'dwi_exponential_gldm_SmallDependenceEmphasis', 't2_original_shape_SurfaceVolumeRatio', 'dwi_exponential_glszm_SizeZoneNonUniformityNormalized', 'dwi_exponential_glcm_Imc2', 'dwi_square_glszm_SmallAreaHighGrayLevelEmphasis', 't2_squareroot_glszm_SizeZoneNonUniformity', 'dwi_square_glszm_SizeZoneNonUniformityNormalized', 'dwi_wavelet2-LH_glcm_Correlation', 'dwi_log-sigma-2-mm-3D_glcm_MCC', 'dwi_log-sigma-0-6-mm-3D_glszm_ZoneVariance', 'dwi_wavelet2-LH_glcm_MCC', 'dwi_square_glcm_ClusterShade', 't2_logarithm_ngtdm_Coarseness', 'dwi_wavelet2-LH_glcm_Imc2', 'adc_wavelet2-LL_glcm_Imc1', 'dwi_log-sigma-3-mm-3D_glrlm_LongRunHighGrayLevelEmphasis']","[0.8145161290322581, 0.6938775510204082]","[0.9308755760368663, 0.425]","[0.8688172043010752, 0.5271317829457365]","[0.9308755760368663, 0.425]",Random Forest
49,10,1.0,1.0,0.7953539823008849,0.3284070358200116,0.32264397905759157,0.46511627906976744,0.6593097318915716,0.77,0.40540540540540543,0.8893805309734514,0.5454545454545454,0.8204081632653061,0.6473929681894284,43,"['dwi_square_ngtdm_Strength', 'dwi_log-sigma-3-mm-3D_firstorder_Skewness', 'dwi_exponential_glcm_Imc1', 'dwi_exponential_glszm_GrayLevelNonUniformityNormalized', 'dwi_square_firstorder_Skewness', 'dwi_log-sigma-3-mm-3D_firstorder_Kurtosis', 'dwi_wavelet2-LL_firstorder_Skewness', 'dwi_exponential_ngtdm_Strength', 'dwi_exponential_glszm_GrayLevelVariance', 'dwi_square_glrlm_GrayLevelNonUniformity', 'dwi_exponential_glrlm_GrayLevelVariance', 'dwi_exponential_glcm_ClusterProminence', 'dwi_exponential_gldm_SmallDependenceHighGrayLevelEmphasis', 'dwi_exponential_firstorder_Skewness', 'dwi_square_ngtdm_Busyness', 'dwi_exponential_firstorder_Range', 'dwi_wavelet2-LL_ngtdm_Strength', 'dwi_log-sigma-2-mm-3D_firstorder_Kurtosis', 'dwi_wavelet2-LL_glcm_ClusterShade', 'dwi_square_firstorder_Kurtosis', 'dwi_exponential_glszm_SizeZoneNonUniformityNormalized', 'dwi_log-sigma-3-mm-3D_ngtdm_Strength', 'dwi_exponential_glszm_LargeAreaHighGrayLevelEmphasis', 'dwi_square_glcm_MCC', 'dwi_original_firstorder_Kurtosis', 'adc_logarithm_gldm_GrayLevelNonUniformity', 'dwi_square_glszm_SmallAreaHighGrayLevelEmphasis', 'dwi_log-sigma-3-mm-3D_ngtdm_Busyness', 'dwi_exponential_gldm_SmallDependenceEmphasis', 'dwi_square_glszm_SizeZoneNonUniformityNormalized', 'dwi_wavelet2-LL_glszm_GrayLevelNonUniformity', 'dwi_exponential_glcm_Imc2', 'dwi_log-sigma-2-mm-3D_glcm_MCC', 'adc_wavelet2-LL_ngtdm_Coarseness', 'dwi_wavelet2-LH_glcm_MCC', 't2_original_shape_SurfaceVolumeRatio', 'dwi_wavelet2-LH_glcm_Imc2', 't2_squareroot_glszm_SizeZoneNonUniformity', 'dwi_wavelet2-LH_glcm_Correlation', 'dwi_log-sigma-0-6-mm-3D_glszm_ZoneVariance', 'dwi_squareroot_ngtdm_Coarseness', 'dwi_log-sigma-3-mm-3D_gldm_LargeDependenceHighGrayLevelEmphasis', 't2_original_firstorder_TotalEnergy']","[0.8204081632653061, 0.5454545454545454]","[0.8893805309734514, 0.40540540540540543]","[0.8535031847133758, 0.46511627906976744]","[0.8893805309734514, 0.40540540540540543]",Random Forest
50,10,1.0,1.0,0.7988769026156347,0.32735421800590514,0.29791048120553465,0.45751633986928103,0.6367404315754387,0.7251655629139073,0.3465346534653465,0.9154228855721394,0.6730769230769231,0.736,0.630978769518743,40,"['dwi_square_ngtdm_Strength', 'dwi_exponential_ngtdm_Strength', 'dwi_exponential_glszm_GrayLevelNonUniformityNormalized', 'dwi_exponential_glszm_GrayLevelVariance', 'dwi_exponential_glcm_Imc1', 'dwi_log-sigma-3-mm-3D_firstorder_Skewness', 'dwi_exponential_glcm_ClusterProminence', 'dwi_exponential_firstorder_Skewness', 'dwi_exponential_glrlm_GrayLevelVariance', 'dwi_exponential_firstorder_Maximum', 'dwi_square_firstorder_Skewness', 'dwi_exponential_gldm_SmallDependenceHighGrayLevelEmphasis', 'dwi_log-sigma-3-mm-3D_firstorder_Kurtosis', 'dwi_wavelet2-LL_ngtdm_Strength', 'dwi_wavelet2-LL_firstorder_Skewness', 'dwi_square_ngtdm_Busyness', 'dwi_wavelet2-LL_glcm_ClusterShade', 'dwi_log-sigma-2-mm-3D_firstorder_Kurtosis', 'dwi_log-sigma-3-mm-3D_ngtdm_Busyness', 'dwi_square_glrlm_GrayLevelNonUniformity', 'dwi_exponential_glszm_SizeZoneNonUniformityNormalized', 'dwi_square_firstorder_Kurtosis', 'dwi_square_glszm_SmallAreaHighGrayLevelEmphasis', 'dwi_exponential_glszm_LargeAreaEmphasis', 'dwi_square_glcm_MCC', 'dwi_exponential_gldm_SmallDependenceEmphasis', 'dwi_log-sigma-2-mm-3D_glcm_MCC', 'dwi_square_glszm_SizeZoneNonUniformityNormalized', 'dwi_exponential_glcm_Imc2', 'adc_logarithm_gldm_GrayLevelNonUniformity', 'dwi_log-sigma-3-mm-3D_gldm_LargeDependenceHighGrayLevelEmphasis', 'dwi_wavelet2-LH_glcm_Imc2', 'dwi_log-sigma-2-mm-3D_ngtdm_Strength', 'dwi_wavelet2-LH_glcm_Correlation', 'dwi_original_firstorder_Kurtosis', 'dwi_wavelet2-LH_glcm_MCC', 'dwi_wavelet2-LL_glszm_GrayLevelNonUniformity', 'adc_wavelet2-LL_ngtdm_Coarseness', 'dwi_log-sigma-2-mm-3D_ngtdm_Busyness', 'dwi_log-sigma-0-6-mm-3D_glszm_ZoneVariance']","[0.736, 0.6730769230769231]","[0.9154228855721394, 0.3465346534653465]","[0.8159645232815964, 0.45751633986928103]","[0.9154228855721394, 0.3465346534653465]",Random Forest
1,1,0.768528159661886,0.5438401775804661,0.779486331569665,0.3582574672489139,0.32541824069077174,0.5652173913043478,0.6474735605170387,0.6666666666666666,0.7738095238095238,0.625,0.4452054794520548,0.8766233766233766,0.6994047619047619,42,"['dwi_square_ngtdm_Strength', 'dwi_log-sigma-3-mm-3D_firstorder_Skewness', 'dwi_wavelet2-LL_firstorder_Skewness', 'dwi_square_firstorder_Skewness', 'dwi_exponential_glcm_Imc1', 'dwi_exponential_glszm_GrayLevelNonUniformityNormalized', 'dwi_log-sigma-3-mm-3D_firstorder_Kurtosis', 'dwi_square_ngtdm_Busyness', 'dwi_exponential_ngtdm_Strength', 'dwi_wavelet2-LL_ngtdm_Strength', 'dwi_exponential_glszm_GrayLevelVariance', 'dwi_wavelet2-LL_glcm_ClusterShade', 'dwi_exponential_firstorder_Skewness', 'dwi_exponential_glcm_ClusterProminence', 'dwi_exponential_glrlm_GrayLevelVariance', 'dwi_exponential_gldm_SmallDependenceHighGrayLevelEmphasis', 'dwi_square_glrlm_GrayLevelNonUniformity', 'dwi_exponential_firstorder_Maximum', 'dwi_log-sigma-2-mm-3D_firstorder_Kurtosis', 'dwi_square_firstorder_Kurtosis', 'dwi_log-sigma-3-mm-3D_ngtdm_Busyness', 'dwi_wavelet2-LL_firstorder_Kurtosis', 'dwi_square_glcm_MCC', 'dwi_square_glszm_SmallAreaHighGrayLevelEmphasis', 'dwi_exponential_glszm_LargeAreaHighGrayLevelEmphasis', 'adc_logarithm_gldm_GrayLevelNonUniformity', 'dwi_log-sigma-2-mm-3D_glcm_MCC', 'dwi_square_glszm_SizeZoneNonUniformityNormalized', 'dwi_exponential_glszm_SizeZoneNonUniformityNormalized', 'dwi_wavelet2-LH_glcm_Imc2', 'dwi_exponential_gldm_SmallDependenceEmphasis', 'dwi_log-sigma-3-mm-3D_glcm_ClusterShade', 'dwi_log-sigma-3-mm-3D_gldm_LargeDependenceHighGrayLevelEmphasis', 'dwi_wavelet2-LH_glcm_MCC', 'dwi_wavelet2-LL_glszm_GrayLevelNonUniformity', 'dwi_exponential_glcm_Imc2', 'adc_wavelet2-LL_ngtdm_Coarseness', 'dwi_log-sigma-2-mm-3D_ngtdm_Strength', 'dwi_wavelet2-LH_glcm_Correlation', 't2_original_shape_SurfaceVolumeRatio', 'dwi_log-sigma-0-6-mm-3D_glszm_ZoneVariance', 'dwi_log-sigma-2-mm-3D_ngtdm_Busyness']","[0.8766233766233766, 0.4452054794520548]","[0.625, 0.7738095238095238]","[0.7297297297297297, 0.5652173913043478]","[0.625, 0.7738095238095238]",Naive Bayes
2,1,0.7699204071872652,0.5567620927936822,0.7598955470038483,0.31655335865610096,0.2651093418482029,0.5447470817120622,0.6008192886566176,0.6086956521739131,0.8235294117647058,0.5233644859813084,0.4069767441860465,0.8818897637795275,0.673446948873007,42,"['dwi_square_ngtdm_Strength', 'dwi_log-sigma-3-mm-3D_firstorder_Skewness', 'dwi_exponential_glcm_Imc1', 'dwi_exponential_ngtdm_Strength', 'dwi_exponential_glszm_GrayLevelNonUniformityNormalized', 'dwi_log-sigma-3-mm-3D_firstorder_Kurtosis', 'dwi_square_firstorder_Skewness', 'dwi_exponential_glszm_GrayLevelVariance', 'dwi_wavelet2-LL_ngtdm_Strength', 'dwi_wavelet2-LL_firstorder_Skewness', 'dwi_exponential_firstorder_Skewness', 'dwi_exponential_glcm_ClusterProminence', 'dwi_exponential_glrlm_GrayLevelVariance', 'dwi_square_glrlm_GrayLevelNonUniformity', 'dwi_exponential_firstorder_Range', 'dwi_log-sigma-3-mm-3D_ngtdm_Busyness', 'dwi_square_ngtdm_Busyness', 'dwi_exponential_gldm_SmallDependenceHighGrayLevelEmphasis', 'dwi_wavelet2-LL_glcm_ClusterShade', 'dwi_log-sigma-2-mm-3D_firstorder_Kurtosis', 'dwi_square_firstorder_Kurtosis', 'dwi_wavelet2-LL_firstorder_Kurtosis', 'dwi_square_glszm_SmallAreaHighGrayLevelEmphasis', 'dwi_square_glcm_MCC', 'dwi_log-sigma-2-mm-3D_glcm_MCC', 'dwi_wavelet2-LL_glszm_GrayLevelNonUniformity', 'adc_logarithm_gldm_GrayLevelNonUniformity', 'dwi_exponential_glszm_LargeAreaHighGrayLevelEmphasis', 'dwi_exponential_glszm_SizeZoneNonUniformityNormalized', 'adc_wavelet2-LL_ngtdm_Coarseness', 'dwi_wavelet2-LH_glcm_Correlation', 'dwi_log-sigma-3-mm-3D_gldm_LargeDependenceHighGrayLevelEmphasis', 'dwi_square_glszm_SizeZoneNonUniformityNormalized', 'dwi_wavelet2-LH_glcm_Imc2', 'dwi_exponential_gldm_SmallDependenceEmphasis', 'dwi_log-sigma-0-6-mm-3D_glszm_ZoneVariance', 'dwi_log-sigma-2-mm-3D_ngtdm_Strength', 'dwi_exponential_glcm_Imc2', 'dwi_wavelet2-LH_glcm_MCC', 'dwi_log-sigma-2-mm-3D_ngtdm_Busyness', 'dwi_logarithm_gldm_GrayLevelNonUniformity', 't2_original_glszm_GrayLevelNonUniformity']","[0.8818897637795275, 0.4069767441860465]","[0.5233644859813084, 0.8235294117647058]","[0.656891495601173, 0.5447470817120622]","[0.5233644859813084, 0.8235294117647058]",Naive Bayes
3,1,0.7813519493662201,0.5707006369426751,0.742288961038961,0.35925478859230686,0.3592086872379314,0.550561797752809,0.6795871189720983,0.7315436241610739,0.5568181818181818,0.8047619047619048,0.5444444444444444,0.8125,0.6807900432900433,42,"['dwi_square_ngtdm_Strength', 'dwi_log-sigma-3-mm-3D_firstorder_Skewness', 'dwi_exponential_glcm_Imc1', 'dwi_exponential_ngtdm_Strength', 'dwi_exponential_glszm_GrayLevelNonUniformityNormalized', 'dwi_log-sigma-3-mm-3D_firstorder_Kurtosis', 'dwi_wavelet2-LL_firstorder_Skewness', 'dwi_exponential_glszm_GrayLevelVariance', 'dwi_square_firstorder_Skewness', 'dwi_exponential_glcm_ClusterProminence', 'dwi_wavelet2-LL_ngtdm_Strength', 'dwi_exponential_glrlm_GrayLevelVariance', 'dwi_square_glrlm_GrayLevelNonUniformity', 'dwi_exponential_gldm_SmallDependenceHighGrayLevelEmphasis', 'dwi_exponential_firstorder_Skewness', 'dwi_exponential_firstorder_Maximum', 'dwi_square_ngtdm_Busyness', 'dwi_log-sigma-2-mm-3D_firstorder_Kurtosis', 'dwi_wavelet2-LL_glcm_ClusterShade', 'dwi_square_glcm_MCC', 'dwi_wavelet2-LL_firstorder_Kurtosis', 'dwi_log-sigma-3-mm-3D_ngtdm_Busyness', 'dwi_square_firstorder_Kurtosis', 'adc_logarithm_gldm_GrayLevelNonUniformity', 'dwi_exponential_glszm_LargeAreaHighGrayLevelEmphasis', 'dwi_log-sigma-2-mm-3D_glcm_MCC', 'dwi_exponential_glszm_SizeZoneNonUniformityNormalized', 'dwi_square_glszm_SmallAreaHighGrayLevelEmphasis', 'dwi_exponential_glcm_Imc2', 'dwi_exponential_gldm_SmallDependenceEmphasis', 'dwi_wavelet2-LL_glszm_GrayLevelNonUniformity', 'adc_wavelet2-LL_ngtdm_Coarseness', 'dwi_log-sigma-3-mm-3D_glrlm_LongRunHighGrayLevelEmphasis', 'dwi_wavelet2-LH_glcm_Correlation', 'dwi_square_glszm_SizeZoneNonUniformityNormalized', 'dwi_square_glcm_ClusterShade', 'dwi_wavelet2-LH_glcm_MCC', 't2_squareroot_glszm_SizeZoneNonUniformity', 'dwi_wavelet2-LH_glcm_Imc2', 'dwi_log-sigma-0-6-mm-3D_glszm_ZoneVariance', 'adc_wavelet2-LL_glcm_Imc1', 't2_original_shape_SurfaceVolumeRatio']","[0.8125, 0.5444444444444444]","[0.8047619047619048, 0.5568181818181818]","[0.8086124401913876, 0.550561797752809]","[0.8047619047619048, 0.5568181818181818]",Naive Bayes
4,1,0.7656963607518869,0.5596432552954292,0.7814587373410903,0.2931262828972397,0.26454934503508354,0.5236051502145923,0.6145877209958903,0.6360655737704918,0.7261904761904762,0.6018099547511312,0.40939597315436244,0.8525641025641025,0.6640002154708037,42,"['dwi_square_ngtdm_Strength', 'dwi_exponential_ngtdm_Strength', 'dwi_exponential_glcm_Imc1', 'dwi_log-sigma-3-mm-3D_firstorder_Skewness', 'dwi_exponential_glszm_GrayLevelNonUniformityNormalized', 'dwi_square_firstorder_Skewness', 'dwi_exponential_glszm_GrayLevelVariance', 'dwi_exponential_firstorder_Skewness', 'dwi_exponential_gldm_SmallDependenceHighGrayLevelEmphasis', 'dwi_square_glrlm_GrayLevelNonUniformity', 'dwi_square_ngtdm_Busyness', 'dwi_exponential_glcm_ClusterProminence', 'dwi_exponential_glrlm_GrayLevelVariance', 'dwi_log-sigma-3-mm-3D_firstorder_Kurtosis', 'dwi_exponential_firstorder_Maximum', 'dwi_wavelet2-LL_firstorder_Skewness', 'dwi_wavelet2-LL_ngtdm_Strength', 'dwi_exponential_glszm_LargeAreaHighGrayLevelEmphasis', 'dwi_exponential_glszm_SizeZoneNonUniformityNormalized', 'dwi_exponential_gldm_SmallDependenceEmphasis', 'dwi_wavelet2-LL_glcm_ClusterShade', 'dwi_square_firstorder_Kurtosis', 'dwi_log-sigma-2-mm-3D_firstorder_Kurtosis', 'dwi_wavelet2-LL_firstorder_Kurtosis', 'dwi_square_glszm_GrayLevelVariance', 'adc_logarithm_gldm_GrayLevelNonUniformity', 'dwi_log-sigma-3-mm-3D_ngtdm_Strength', 'dwi_exponential_glcm_Imc2', 'dwi_log-sigma-3-mm-3D_ngtdm_Busyness', 'dwi_wavelet2-LL_glszm_GrayLevelNonUniformity', 'dwi_square_glcm_MCC', 'adc_wavelet2-LL_ngtdm_Coarseness', 't2_original_shape_SurfaceVolumeRatio', 't2_wavelet2-LL_glszm_SizeZoneNonUniformity', 'dwi_square_glszm_SizeZoneNonUniformityNormalized', 'dwi_log-sigma-0-6-mm-3D_glszm_ZoneVariance', 'dwi_wavelet2-LH_glcm_Imc2', 'dwi_exponential_glszm_ZoneVariance', 'dwi_log-sigma-2-mm-3D_glcm_MCC', 'dwi_exponential_glszm_SizeZoneNonUniformity', 'dwi_wavelet2-LH_glcm_Correlation', 'dwi_wavelet2-LH_glcm_MCC']","[0.8525641025641025, 0.40939597315436244]","[0.6018099547511312, 0.7261904761904762]","[0.7055702917771883, 0.5236051502145923]","[0.6018099547511312, 0.7261904761904762]",Naive Bayes
5,1,0.7651131978433316,0.555688622754491,0.7696929238985314,0.3638687906858034,0.34826982892690517,0.5673076923076923,0.6676744647105473,0.697986577181208,0.7023809523809523,0.6962616822429907,0.47580645161290325,0.8563218390804598,0.6993213173119714,42,"['dwi_square_ngtdm_Strength', 'dwi_log-sigma-3-mm-3D_firstorder_Skewness', 'dwi_exponential_glcm_Imc1', 'dwi_exponential_ngtdm_Strength', 'dwi_exponential_glszm_GrayLevelNonUniformityNormalized', 'dwi_wavelet2-LL_firstorder_Skewness', 'dwi_square_firstorder_Skewness', 'dwi_square_ngtdm_Busyness', 'dwi_log-sigma-3-mm-3D_firstorder_Kurtosis', 'dwi_square_glrlm_GrayLevelNonUniformity', 'dwi_wavelet2-LL_ngtdm_Strength', 'dwi_exponential_glcm_ClusterProminence', 'dwi_exponential_firstorder_Skewness', 'dwi_exponential_glrlm_GrayLevelVariance', 'dwi_exponential_gldm_SmallDependenceHighGrayLevelEmphasis', 'dwi_log-sigma-2-mm-3D_firstorder_Kurtosis', 'dwi_exponential_firstorder_Maximum', 'dwi_square_firstorder_Kurtosis', 'dwi_wavelet2-LL_glcm_ClusterShade', 'dwi_original_firstorder_Kurtosis', 'dwi_log-sigma-3-mm-3D_ngtdm_Busyness', 'dwi_wavelet2-LL_glszm_GrayLevelNonUniformity', 'dwi_square_glcm_MCC', 'dwi_exponential_glszm_SizeZoneNonUniformityNormalized', 'dwi_exponential_glszm_LargeAreaEmphasis', 'adc_wavelet2-LL_ngtdm_Coarseness', 'dwi_log-sigma-2-mm-3D_glcm_MCC', 'adc_logarithm_gldm_GrayLevelNonUniformity', 'dwi_square_glszm_SmallAreaHighGrayLevelEmphasis', 't2_original_glszm_GrayLevelNonUniformity', 'dwi_exponential_gldm_SmallDependenceEmphasis', 't2_original_shape_SurfaceVolumeRatio', 'dwi_exponential_glcm_Imc2', 'dwi_square_glszm_SizeZoneNonUniformityNormalized', 'dwi_log-sigma-0-6-mm-3D_glszm_ZoneVariance', 'dwi_wavelet2-LH_glcm_Imc2', 't2_logarithm_ngtdm_Coarseness', 'dwi_wavelet2-LH_glcm_Correlation', 'dwi_wavelet2-LH_glcm_MCC', 't2_log-sigma-3-mm-3D_glszm_ZoneEntropy', 'dwi_squareroot_ngtdm_Coarseness', 'dwi_log-sigma-2-mm-3D_ngtdm_Strength']","[0.8563218390804598, 0.47580645161290325]","[0.6962616822429907, 0.7023809523809523]","[0.7680412371134021, 0.5673076923076923]","[0.6962616822429907, 0.7023809523809523]",Naive Bayes
6,2,0.7687325233657829,0.5575221238938053,0.7689715944432925,0.2902525708544288,0.26286895304527547,0.5425101214574899,0.6138734451298591,0.6270627062706271,0.7362637362637363,0.5801886792452831,0.42948717948717946,0.8367346938775511,0.6582262077545097,41,"['dwi_square_ngtdm_Strength', 'dwi_exponential_glcm_Imc1', 'dwi_log-sigma-3-mm-3D_firstorder_Skewness', 'dwi_exponential_glszm_GrayLevelNonUniformityNormalized', 'dwi_exponential_ngtdm_Strength', 'dwi_square_glrlm_GrayLevelNonUniformity', 'dwi_square_firstorder_Skewness', 'dwi_log-sigma-3-mm-3D_firstorder_Kurtosis', 'dwi_wavelet2-LL_firstorder_Skewness', 'dwi_exponential_glcm_ClusterProminence', 'dwi_exponential_firstorder_Skewness', 'dwi_exponential_gldm_SmallDependenceHighGrayLevelEmphasis', 'dwi_exponential_glrlm_GrayLevelVariance', 'dwi_square_ngtdm_Busyness', 'dwi_wavelet2-LL_ngtdm_Strength', 'dwi_exponential_firstorder_Maximum', 'dwi_exponential_glszm_LargeAreaEmphasis', 'dwi_square_glcm_MCC', 'dwi_exponential_glszm_SizeZoneNonUniformityNormalized', 'adc_logarithm_gldm_GrayLevelNonUniformity', 'dwi_log-sigma-2-mm-3D_firstorder_Kurtosis', 'dwi_wavelet2-LL_glcm_ClusterShade', 'dwi_square_firstorder_Kurtosis', 'dwi_wavelet2-LL_glszm_GrayLevelNonUniformity', 'dwi_exponential_gldm_SmallDependenceEmphasis', 'adc_wavelet2-LL_ngtdm_Coarseness', 'dwi_log-sigma-3-mm-3D_ngtdm_Busyness', 'dwi_exponential_glcm_Imc2', 'dwi_wavelet2-LL_firstorder_Kurtosis', 't2_original_shape_SurfaceVolumeRatio', 't2_original_glszm_GrayLevelNonUniformity', 'dwi_log-sigma-2-mm-3D_glcm_MCC', 'dwi_square_glszm_SmallAreaHighGrayLevelEmphasis', 't2_logarithm_ngtdm_Coarseness', 'dwi_wavelet2-LH_glcm_Correlation', 'dwi_squareroot_ngtdm_Coarseness', 'dwi_log-sigma-0-6-mm-3D_glszm_ZoneVariance', 'dwi_wavelet2-LH_glcm_MCC', 'dwi_wavelet2-LH_glcm_Imc2', 'dwi_square_glszm_SizeZoneNonUniformityNormalized', 'dwi_original_ngtdm_Coarseness']","[0.8367346938775511, 0.42948717948717946]","[0.5801886792452831, 0.7362637362637363]","[0.6852367688022284, 0.5425101214574899]","[0.5801886792452831, 0.7362637362637363]",Naive Bayes
7,2,0.769677878440765,0.5474452554744526,0.7770453361125587,0.4242772765392564,0.4144265448425102,0.6272727272727273,0.7040106951871659,0.7239057239057239,0.7263157894736842,0.7227722772277227,0.552,0.8488372093023255,0.7245440333507035,41,"['dwi_square_ngtdm_Strength', 'dwi_log-sigma-3-mm-3D_firstorder_Skewness', 'dwi_square_firstorder_Skewness', 'dwi_wavelet2-LL_firstorder_Skewness', 'dwi_exponential_ngtdm_Strength', 'dwi_exponential_glcm_Imc1', 'dwi_log-sigma-3-mm-3D_firstorder_Kurtosis', 'dwi_exponential_glszm_GrayLevelNonUniformityNormalized', 'dwi_exponential_glszm_GrayLevelVariance', 'dwi_wavelet2-LL_ngtdm_Strength', 'dwi_square_ngtdm_Busyness', 'dwi_exponential_firstorder_Skewness', 'dwi_square_glrlm_GrayLevelNonUniformity', 'dwi_exponential_gldm_SmallDependenceHighGrayLevelEmphasis', 'dwi_wavelet2-LL_glcm_ClusterShade', 'dwi_exponential_glcm_ClusterProminence', 'dwi_exponential_glrlm_GrayLevelVariance', 'dwi_exponential_firstorder_Maximum', 'dwi_log-sigma-2-mm-3D_firstorder_Kurtosis', 'dwi_square_firstorder_Kurtosis', 'dwi_wavelet2-LL_firstorder_Kurtosis', 'dwi_square_glcm_MCC', 'dwi_log-sigma-3-mm-3D_ngtdm_Busyness', 'dwi_square_glszm_SmallAreaHighGrayLevelEmphasis', 'dwi_log-sigma-2-mm-3D_glcm_MCC', 'adc_logarithm_gldm_GrayLevelNonUniformity', 'dwi_exponential_glszm_LargeAreaHighGrayLevelEmphasis', 'dwi_exponential_glszm_SizeZoneNonUniformityNormalized', 'adc_wavelet2-LL_ngtdm_Coarseness', 'dwi_square_glszm_SizeZoneNonUniformityNormalized', 'dwi_wavelet2-LL_glszm_GrayLevelNonUniformity', 'dwi_wavelet2-LH_glcm_Imc2', 'dwi_log-sigma-0-6-mm-3D_glszm_ZoneVariance', 'dwi_exponential_gldm_SmallDependenceEmphasis', 'dwi_wavelet2-LH_glcm_Correlation', 't2_original_shape_SurfaceVolumeRatio', 'dwi_log-sigma-3-mm-3D_glcm_ClusterShade', 'dwi_log-sigma-2-mm-3D_ngtdm_Strength', 't2_wavelet2-LL_glszm_SizeZoneNonUniformity', 'dwi_exponential_glcm_Imc2', 'dwi_log-sigma-0-6-mm-3D_firstorder_Skewness']","[0.8488372093023255, 0.552]","[0.7227722772277227, 0.7263157894736842]","[0.7807486631016043, 0.6272727272727273]","[0.7227722772277227, 0.7263157894736842]",Naive Bayes
8,2,0.7760204932114537,0.558695652173913,0.7546151264264936,0.30067774350477294,0.2711894907324096,0.5263157894736842,0.6179966044142615,0.64,0.7317073170731707,0.6055045871559633,0.410958904109589,0.8571428571428571,0.6686059521145671,42,"['dwi_square_ngtdm_Strength', 'dwi_log-sigma-3-mm-3D_firstorder_Skewness', 'dwi_square_firstorder_Skewness', 'dwi_wavelet2-LL_firstorder_Skewness', 'dwi_exponential_glcm_Imc1', 'dwi_exponential_ngtdm_Strength', 'dwi_square_ngtdm_Busyness', 'dwi_exponential_glszm_GrayLevelNonUniformityNormalized', 'dwi_log-sigma-3-mm-3D_firstorder_Kurtosis', 'dwi_exponential_glszm_GrayLevelVariance', 'dwi_wavelet2-LL_ngtdm_Strength', 'dwi_square_glrlm_GrayLevelNonUniformity', 'dwi_exponential_firstorder_Skewness', 'dwi_exponential_glcm_ClusterProminence', 'dwi_exponential_glrlm_GrayLevelVariance', 'dwi_exponential_gldm_SmallDependenceHighGrayLevelEmphasis', 'dwi_exponential_firstorder_Maximum', 'dwi_log-sigma-2-mm-3D_firstorder_Kurtosis', 'dwi_square_firstorder_Kurtosis', 'dwi_original_firstorder_Kurtosis', 'dwi_wavelet2-LL_glcm_ClusterShade', 'dwi_log-sigma-3-mm-3D_ngtdm_Busyness', 'adc_logarithm_gldm_GrayLevelNonUniformity', 'dwi_exponential_glszm_LargeAreaHighGrayLevelEmphasis', 'dwi_wavelet2-LL_glszm_GrayLevelNonUniformity', 'dwi_square_glcm_MCC', 'dwi_square_glszm_SmallAreaHighGrayLevelEmphasis', 'dwi_exponential_glszm_SizeZoneNonUniformityNormalized', 'dwi_log-sigma-2-mm-3D_glcm_MCC', 'dwi_square_glszm_SizeZoneNonUniformityNormalized', 'adc_wavelet2-LL_ngtdm_Coarseness', 'dwi_exponential_gldm_SmallDependenceEmphasis', 'dwi_log-sigma-3-mm-3D_gldm_LargeDependenceHighGrayLevelEmphasis', 'dwi_exponential_glcm_Imc2', 'dwi_log-sigma-0-6-mm-3D_glszm_ZoneVariance', 't2_original_shape_SurfaceVolumeRatio', 'dwi_wavelet2-LH_glcm_Correlation', 'dwi_wavelet2-LH_glcm_Imc2', 't2_original_glszm_GrayLevelNonUniformity', 'dwi_logarithm_gldm_GrayLevelNonUniformity', 'dwi_wavelet2-LH_glcm_MCC', 'adc_wavelet2-LL_glcm_Imc1']","[0.8571428571428571, 0.410958904109589]","[0.6055045871559633, 0.7317073170731707]","[0.7096774193548387, 0.5263157894736842]","[0.6055045871559633, 0.7317073170731707]",Naive Bayes
9,2,0.7737722664760118,0.5687861271676301,0.729241667634421,0.2615504246362727,0.24040920716112535,0.4953271028037383,0.6055582882439744,0.6363636363636364,0.6708860759493671,0.6238532110091743,0.3925925925925926,0.8395061728395061,0.6473696434792707,43,"['dwi_square_ngtdm_Strength', 'dwi_log-sigma-3-mm-3D_firstorder_Skewness', 'dwi_exponential_ngtdm_Strength', 'dwi_exponential_glszm_GrayLevelNonUniformityNormalized', 'dwi_exponential_glcm_Imc1', 'dwi_exponential_glszm_GrayLevelVariance', 'dwi_wavelet2-LL_firstorder_Skewness', 'dwi_log-sigma-3-mm-3D_firstorder_Kurtosis', 'dwi_square_firstorder_Skewness', 'dwi_exponential_glcm_ClusterProminence', 'dwi_exponential_glrlm_GrayLevelVariance', 'dwi_wavelet2-LL_ngtdm_Strength', 'dwi_exponential_firstorder_Skewness', 'dwi_square_glrlm_GrayLevelNonUniformity', 'dwi_exponential_gldm_SmallDependenceHighGrayLevelEmphasis', 'dwi_square_ngtdm_Busyness', 'dwi_exponential_firstorder_Maximum', 'dwi_wavelet2-LL_glcm_ClusterShade', 'dwi_log-sigma-3-mm-3D_ngtdm_Busyness', 'dwi_exponential_glszm_LargeAreaHighGrayLevelEmphasis', 'dwi_log-sigma-2-mm-3D_firstorder_Kurtosis', 'dwi_square_glszm_SmallAreaHighGrayLevelEmphasis', 'dwi_wavelet2-LL_firstorder_Kurtosis', 'dwi_square_firstorder_Kurtosis', 'dwi_exponential_glszm_SizeZoneNonUniformityNormalized', 'dwi_wavelet2-LL_glszm_GrayLevelNonUniformity', 'dwi_exponential_gldm_SmallDependenceEmphasis', 'adc_logarithm_gldm_GrayLevelNonUniformity', 'dwi_square_glcm_MCC', 'dwi_log-sigma-2-mm-3D_glcm_MCC', 'adc_original_ngtdm_Coarseness', 'dwi_square_glszm_SizeZoneNonUniformityNormalized', 'dwi_exponential_glcm_Imc2', 'dwi_square_glcm_ClusterShade', 'dwi_log-sigma-0-6-mm-3D_glszm_ZoneVariance', 't2_squareroot_glszm_SizeZoneNonUniformity', 'dwi_log-sigma-3-mm-3D_gldm_LargeDependenceHighGrayLevelEmphasis', 'dwi_log-sigma-2-mm-3D_ngtdm_Strength', 't2_logarithm_ngtdm_Coarseness', 'dwi_log-sigma-2-mm-3D_ngtdm_Busyness', 'dwi_wavelet2-LH_glcm_Imc2', 'dwi_logarithm_ngtdm_Coarseness', 'dwi_wavelet2-LH_glcm_MCC']","[0.8395061728395061, 0.3925925925925926]","[0.6238532110091743, 0.6708860759493671]","[0.7157894736842105, 0.4953271028037383]","[0.6238532110091743, 0.6708860759493671]",Naive Bayes
10,2,0.7688065773859976,0.5629965947786606,0.8038746438746439,0.3894611769336514,0.3680690399137002,0.5671641791044776,0.6761746821448313,0.7128712871287128,0.7307692307692307,0.7066666666666667,0.4634146341463415,0.8833333333333333,0.7187179487179487,43,"['dwi_square_ngtdm_Strength', 'dwi_log-sigma-3-mm-3D_firstorder_Skewness', 'dwi_exponential_glcm_Imc1', 'dwi_exponential_ngtdm_Strength', 'dwi_exponential_glszm_GrayLevelNonUniformityNormalized', 'dwi_square_firstorder_Skewness', 'dwi_log-sigma-3-mm-3D_firstorder_Kurtosis', 'dwi_exponential_glszm_GrayLevelVariance', 'dwi_wavelet2-LL_ngtdm_Strength', 'dwi_wavelet2-LL_firstorder_Skewness', 'dwi_exponential_glcm_ClusterProminence', 'dwi_exponential_glrlm_GrayLevelVariance', 'dwi_square_ngtdm_Busyness', 'dwi_exponential_gldm_SmallDependenceHighGrayLevelEmphasis', 'dwi_exponential_firstorder_Skewness', 'dwi_exponential_firstorder_Maximum', 'dwi_log-sigma-3-mm-3D_ngtdm_Strength', 'dwi_log-sigma-2-mm-3D_firstorder_Kurtosis', 'dwi_wavelet2-LL_glcm_ClusterShade', 'dwi_log-sigma-3-mm-3D_ngtdm_Busyness', 'dwi_square_glrlm_GrayLevelNonUniformity', 'dwi_square_firstorder_Kurtosis', 'dwi_wavelet2-LH_glcm_Correlation', 'dwi_wavelet2-LH_glcm_MCC', 'dwi_wavelet2-LL_firstorder_Kurtosis', 'dwi_wavelet2-LH_glcm_Imc2', 'dwi_square_glcm_MCC', 'dwi_exponential_glszm_SizeZoneNonUniformityNormalized', 'dwi_square_glszm_SmallAreaHighGrayLevelEmphasis', 'dwi_log-sigma-2-mm-3D_glcm_MCC', 'dwi_exponential_glszm_LargeAreaHighGrayLevelEmphasis', 'dwi_exponential_glcm_Imc2', 'dwi_exponential_gldm_SmallDependenceEmphasis', 'dwi_square_glszm_SizeZoneNonUniformityNormalized', 'dwi_log-sigma-3-mm-3D_gldm_LargeDependenceHighGrayLevelEmphasis', 'adc_logarithm_gldm_GrayLevelNonUniformity', 'dwi_wavelet2-LL_glszm_GrayLevelNonUniformity', 'dwi_wavelet-LH_glcm_Imc1', 't2_squareroot_glszm_SizeZoneNonUniformity', 'adc_wavelet2-LL_ngtdm_Coarseness', 'dwi_log-sigma-2-mm-3D_ngtdm_Busyness', 'dwi_wavelet2-LH_glcm_Imc1', 'dwi_logarithm_gldm_GrayLevelNonUniformity']","[0.8833333333333333, 0.4634146341463415]","[0.7066666666666667, 0.7307692307692307]","[0.7851851851851852, 0.5671641791044776]","[0.7066666666666667, 0.7307692307692307]",Naive Bayes
11,3,0.7717605633802819,0.5642775881683731,0.7825112107623318,0.3224635451907601,0.2914449832854654,0.5213270142180095,0.6294946759401736,0.6610738255033557,0.7333333333333333,0.6367713004484304,0.40441176470588236,0.8765432098765432,0.6850523168908819,43,"['dwi_square_ngtdm_Strength', 'dwi_log-sigma-3-mm-3D_firstorder_Skewness', 'dwi_wavelet2-LL_firstorder_Skewness', 'dwi_log-sigma-3-mm-3D_firstorder_Kurtosis', 'dwi_square_firstorder_Skewness', 'dwi_exponential_glcm_Imc1', 'dwi_exponential_ngtdm_Strength', 'dwi_exponential_glszm_GrayLevelNonUniformityNormalized', 'dwi_exponential_firstorder_Skewness', 'dwi_exponential_glszm_GrayLevelVariance', 'dwi_log-sigma-2-mm-3D_firstorder_Kurtosis', 'dwi_square_glrlm_GrayLevelNonUniformity', 'dwi_square_ngtdm_Busyness', 'dwi_square_firstorder_Kurtosis', 'dwi_wavelet2-LL_ngtdm_Strength', 'dwi_exponential_glcm_ClusterProminence', 'dwi_wavelet2-LL_glcm_ClusterShade', 'dwi_exponential_glrlm_GrayLevelVariance', 'dwi_wavelet2-LL_firstorder_Kurtosis', 'dwi_exponential_gldm_SmallDependenceHighGrayLevelEmphasis', 'dwi_exponential_firstorder_Maximum', 'dwi_log-sigma-3-mm-3D_ngtdm_Busyness', 'dwi_exponential_glszm_LargeAreaHighGrayLevelEmphasis', 'dwi_square_glcm_MCC', 'adc_logarithm_gldm_GrayLevelNonUniformity', 'dwi_square_glszm_SmallAreaHighGrayLevelEmphasis', 'dwi_exponential_glszm_SizeZoneNonUniformityNormalized', 'dwi_log-sigma-3-mm-3D_glrlm_LongRunHighGrayLevelEmphasis', 'dwi_wavelet2-LL_glszm_GrayLevelNonUniformity', 'dwi_exponential_gldm_SmallDependenceEmphasis', 'dwi_square_glszm_SizeZoneNonUniformityNormalized', 'dwi_log-sigma-2-mm-3D_glcm_MCC', 'dwi_exponential_glcm_Imc2', 'dwi_log-sigma-3-mm-3D_glcm_ClusterShade', 'dwi_wavelet2-LH_glcm_Correlation', 't2_squareroot_glszm_SizeZoneNonUniformity', 'adc_wavelet2-LL_ngtdm_Coarseness', 'dwi_wavelet2-LH_glcm_Imc2', 'dwi_log-sigma-0-6-mm-3D_glszm_ZoneVariance', 'dwi_wavelet2-LH_glcm_MCC', 'dwi_log-sigma-2-mm-3D_ngtdm_Strength', 'dwi_logarithm_gldm_GrayLevelNonUniformity', 't2_original_shape_SurfaceVolumeRatio']","[0.8765432098765432, 0.40441176470588236]","[0.6367713004484304, 0.7333333333333333]","[0.7376623376623377, 0.5213270142180095]","[0.6367713004484304, 0.7333333333333333]",Naive Bayes
12,3,0.7692662486639571,0.5607476635514018,0.8002565818830879,0.3898722146001317,0.3792491057805347,0.5786802030456852,0.6858488297023937,0.7224080267558528,0.6867469879518072,0.7361111111111112,0.5,0.8594594594594595,0.7114290495314592,42,"['dwi_square_ngtdm_Strength', 'dwi_log-sigma-3-mm-3D_firstorder_Skewness', 'dwi_exponential_glcm_Imc1', 'dwi_log-sigma-3-mm-3D_firstorder_Kurtosis', 'dwi_wavelet2-LL_firstorder_Skewness', 'dwi_square_firstorder_Skewness', 'dwi_exponential_ngtdm_Strength', 'dwi_exponential_glszm_GrayLevelNonUniformityNormalized', 'dwi_exponential_firstorder_Skewness', 'dwi_exponential_glszm_GrayLevelVariance', 'dwi_log-sigma-2-mm-3D_firstorder_Kurtosis', 'dwi_square_glrlm_GrayLevelNonUniformity', 'dwi_wavelet2-LL_ngtdm_Strength', 'dwi_wavelet2-LL_firstorder_Kurtosis', 'dwi_square_ngtdm_Busyness', 'dwi_exponential_glcm_ClusterProminence', 'dwi_exponential_glrlm_GrayLevelVariance', 'dwi_square_firstorder_Kurtosis', 'dwi_wavelet2-LL_glcm_ClusterShade', 'dwi_exponential_firstorder_Maximum', 'dwi_exponential_gldm_SmallDependenceHighGrayLevelEmphasis', 'dwi_log-sigma-3-mm-3D_ngtdm_Strength', 'dwi_square_glcm_MCC', 'dwi_log-sigma-3-mm-3D_ngtdm_Busyness', 'adc_logarithm_gldm_GrayLevelNonUniformity', 'dwi_log-sigma-2-mm-3D_glcm_MCC', 'dwi_exponential_glszm_LargeAreaHighGrayLevelEmphasis', 'dwi_wavelet2-LH_glcm_Correlation', 'dwi_wavelet2-LH_glcm_MCC', 'dwi_wavelet2-LH_glcm_Imc2', 'adc_logarithm_ngtdm_Coarseness', 'dwi_square_glszm_SmallAreaHighGrayLevelEmphasis', 'dwi_exponential_glszm_SizeZoneNonUniformityNormalized', 'dwi_log-sigma-3-mm-3D_glrlm_GrayLevelNonUniformity', 'dwi_log-sigma-3-mm-3D_glrlm_LongRunHighGrayLevelEmphasis', 'dwi_exponential_gldm_SmallDependenceEmphasis', 'dwi_exponential_glcm_Imc2', 'dwi_square_glszm_SizeZoneNonUniformityNormalized', 't2_original_shape_SurfaceVolumeRatio', 'dwi_log-sigma-3-mm-3D_gldm_LargeDependenceHighGrayLevelEmphasis', 'dwi_square_firstorder_Maximum', 'dwi_wavelet-LH_glcm_Imc1']","[0.8594594594594595, 0.5]","[0.7361111111111112, 0.6867469879518072]","[0.7930174563591023, 0.5786802030456852]","[0.7361111111111112, 0.6867469879518072]",Naive Bayes
13,3,0.7717548500881833,0.5452380952380952,0.7532920792079207,0.3544496650657599,0.3451576705521332,0.5957446808510638,0.6684445475100005,0.6843853820598007,0.693069306930693,0.68,0.5223880597014925,0.8143712574850299,0.6865346534653465,40,"['dwi_square_ngtdm_Strength', 'dwi_exponential_glcm_Imc1', 'dwi_square_ngtdm_Busyness', 'dwi_log-sigma-3-mm-3D_firstorder_Skewness', 'dwi_exponential_glszm_GrayLevelNonUniformityNormalized', 'dwi_exponential_ngtdm_Strength', 'dwi_exponential_glszm_GrayLevelVariance', 'dwi_square_glrlm_GrayLevelNonUniformity', 'dwi_wavelet2-LL_ngtdm_Strength', 'dwi_square_firstorder_Skewness', 'dwi_log-sigma-3-mm-3D_firstorder_Kurtosis', 'dwi_wavelet2-LL_firstorder_Skewness', 'dwi_exponential_glcm_ClusterProminence', 'dwi_exponential_glrlm_GrayLevelVariance', 'dwi_exponential_gldm_SmallDependenceHighGrayLevelEmphasis', 'dwi_exponential_firstorder_Skewness', 'dwi_exponential_firstorder_Maximum', 'dwi_log-sigma-3-mm-3D_ngtdm_Busyness', 'dwi_wavelet2-LL_glcm_ClusterShade', 'dwi_exponential_glszm_SizeZoneNonUniformityNormalized', 'dwi_log-sigma-2-mm-3D_firstorder_Kurtosis', 'dwi_exponential_glszm_LargeAreaHighGrayLevelEmphasis', 'dwi_square_glcm_MCC', 'dwi_square_glszm_SmallAreaHighGrayLevelEmphasis', 'dwi_wavelet2-LL_glszm_GrayLevelNonUniformity', 'dwi_square_firstorder_Kurtosis', 'dwi_log-sigma-2-mm-3D_glcm_MCC', 'adc_logarithm_gldm_GrayLevelNonUniformity', 'adc_wavelet2-LL_ngtdm_Coarseness', 'dwi_exponential_gldm_SmallDependenceEmphasis', 'dwi_wavelet2-LL_firstorder_Kurtosis', 'dwi_exponential_glcm_Imc2', 'dwi_square_glszm_SizeZoneNonUniformityNormalized', 't2_original_glszm_GrayLevelNonUniformity', 'dwi_log-sigma-3-mm-3D_gldm_LargeDependenceHighGrayLevelEmphasis', 'dwi_wavelet2-LH_glcm_Imc2', 'dwi_wavelet2-LH_glcm_MCC', 'dwi_log-sigma-2-mm-3D_ngtdm_Strength', 'dwi_log-sigma-0-6-mm-3D_glszm_ZoneVariance', 't2_log-sigma-3-mm-3D_glszm_ZoneEntropy']","[0.8143712574850299, 0.5223880597014925]","[0.68, 0.693069306930693]","[0.7411444141689373, 0.5957446808510638]","[0.68, 0.693069306930693]",Naive Bayes
14,3,0.7678210508645292,0.5572354211663066,0.7346428571428572,0.3106111783688187,0.2715213860314023,0.5135135135135135,0.613139735480161,0.6387959866220736,0.76,0.5982142857142857,0.3877551020408163,0.881578947368421,0.6791071428571429,43,"['dwi_square_ngtdm_Strength', 'dwi_exponential_glszm_GrayLevelNonUniformityNormalized', 'dwi_wavelet2-LL_ngtdm_Strength', 'dwi_exponential_glcm_Imc1', 'dwi_log-sigma-3-mm-3D_firstorder_Skewness', 'dwi_exponential_ngtdm_Strength', 'dwi_square_ngtdm_Busyness', 'dwi_exponential_glcm_ClusterProminence', 'dwi_exponential_gldm_SmallDependenceHighGrayLevelEmphasis', 'dwi_exponential_glrlm_GrayLevelVariance', 'dwi_square_glrlm_GrayLevelNonUniformity', 'dwi_wavelet2-LL_firstorder_Skewness', 'dwi_square_firstorder_Skewness', 'dwi_log-sigma-3-mm-3D_ngtdm_Busyness', 'dwi_wavelet2-LL_glcm_ClusterShade', 'dwi_exponential_firstorder_Maximum', 'dwi_exponential_firstorder_Skewness', 'dwi_square_glcm_MCC', 'dwi_exponential_glszm_LargeAreaEmphasis', 'dwi_square_glszm_SmallAreaHighGrayLevelEmphasis', 'dwi_wavelet2-LH_glcm_Imc2', 'dwi_square_glszm_SizeZoneNonUniformityNormalized', 'dwi_log-sigma-2-mm-3D_glcm_MCC', 'dwi_exponential_gldm_SmallDependenceEmphasis', 'dwi_exponential_glszm_SizeZoneNonUniformityNormalized', 'dwi_wavelet2-LL_glszm_GrayLevelNonUniformity', 'adc_logarithm_gldm_GrayLevelNonUniformity', 'dwi_wavelet2-LH_glcm_Correlation', 'dwi_exponential_glcm_Imc2', 'dwi_logarithm_gldm_GrayLevelNonUniformity', 'dwi_log-sigma-2-mm-3D_ngtdm_Strength', 'dwi_log-sigma-2-mm-3D_firstorder_Kurtosis', 'dwi_log-sigma-0-6-mm-3D_glszm_ZoneVariance', 'dwi_log-sigma-3-mm-3D_gldm_LargeDependenceHighGrayLevelEmphasis', 'dwi_square_firstorder_Kurtosis', 'dwi_wavelet2-LH_glcm_MCC', 'adc_wavelet2-LL_ngtdm_Coarseness', 'dwi_log-sigma-2-mm-3D_ngtdm_Busyness', 'dwi_wavelet2-LL_firstorder_Kurtosis', 't2_squareroot_glszm_SizeZoneNonUniformity', 'dwi_log-sigma-3-mm-3D_glcm_JointAverage', 't2_logarithm_ngtdm_Coarseness', 'dwi_exponential_glszm_ZoneVariance']","[0.881578947368421, 0.3877551020408163]","[0.5982142857142857, 0.76]","[0.7127659574468085, 0.5135135135135135]","[0.5982142857142857, 0.76]",Naive Bayes
15,3,0.769804539241332,0.5661252900232019,0.7422247563756997,0.26653689682225484,0.25545986910093,0.5201793721973094,0.6204030020255477,0.6468646864686468,0.6373626373626373,0.6509433962264151,0.4393939393939394,0.8070175438596491,0.6441530167945262,41,"['dwi_square_ngtdm_Strength', 'dwi_exponential_ngtdm_Strength', 'dwi_log-sigma-3-mm-3D_firstorder_Skewness', 'dwi_exponential_glszm_GrayLevelNonUniformityNormalized', 'dwi_exponential_glcm_Imc1', 'dwi_square_firstorder_Skewness', 'dwi_exponential_glszm_GrayLevelVariance', 'dwi_log-sigma-3-mm-3D_firstorder_Kurtosis', 'dwi_exponential_firstorder_Skewness', 'dwi_exponential_glcm_ClusterProminence', 'dwi_exponential_glrlm_GrayLevelVariance', 'dwi_exponential_gldm_SmallDependenceHighGrayLevelEmphasis', 'dwi_exponential_firstorder_Maximum', 'dwi_wavelet2-LL_firstorder_Skewness', 'dwi_square_glrlm_GrayLevelNonUniformity', 'dwi_wavelet2-LL_ngtdm_Strength', 'dwi_square_ngtdm_Busyness', 'dwi_wavelet2-LL_firstorder_Kurtosis', 'dwi_square_firstorder_Kurtosis', 'dwi_log-sigma-2-mm-3D_firstorder_Kurtosis', 'dwi_exponential_glszm_SizeZoneNonUniformityNormalized', 'dwi_exponential_glszm_LargeAreaEmphasis', 'adc_logarithm_gldm_GrayLevelNonUniformity', 'adc_wavelet2-LL_ngtdm_Coarseness', 'dwi_exponential_gldm_SmallDependenceEmphasis', 'dwi_wavelet2-LL_glszm_GrayLevelNonUniformity', 'dwi_wavelet2-LL_glcm_ClusterShade', 'dwi_log-sigma-3-mm-3D_ngtdm_Busyness', 'dwi_exponential_glcm_Imc2', 't2_original_glszm_GrayLevelNonUniformity', 't2_original_shape_SurfaceVolumeRatio', 'dwi_square_glcm_MCC', 'adc_wavelet2-LL_glcm_Imc1', 'dwi_log-sigma-2-mm-3D_glcm_MCC', 't2_logarithm_ngtdm_Coarseness', 'dwi_log-sigma-0-6-mm-3D_glszm_ZoneVariance', 'dwi_square_glrlm_GrayLevelVariance', 'dwi_squareroot_ngtdm_Coarseness', 'adc_squareroot_firstorder_TotalEnergy', 'dwi_square_glszm_SizeZoneNonUniformityNormalized', 'dwi_original_ngtdm_Coarseness']","[0.8070175438596491, 0.4393939393939394]","[0.6509433962264151, 0.6373626373626373]","[0.720626631853786, 0.5201793721973094]","[0.6509433962264151, 0.6373626373626373]",Naive Bayes
16,4,0.7694789900131902,0.5697538100820633,0.7646471175882941,0.3172260906677485,0.29651983450961306,0.5221674876847291,0.6376740746311687,0.674496644295302,0.6883116883116883,0.669683257918552,0.42063492063492064,0.8604651162790697,0.6789974731151202,43,"['dwi_square_ngtdm_Strength', 'dwi_log-sigma-3-mm-3D_firstorder_Skewness', 'dwi_exponential_glcm_Imc1', 'dwi_square_ngtdm_Busyness', 'dwi_exponential_ngtdm_Strength', 'dwi_wavelet2-LL_firstorder_Skewness', 'dwi_exponential_glszm_GrayLevelNonUniformityNormalized', 'dwi_wavelet2-LL_ngtdm_Strength', 'dwi_square_glrlm_GrayLevelNonUniformity', 'dwi_square_firstorder_Skewness', 'dwi_exponential_glszm_GrayLevelVariance', 'dwi_wavelet2-LL_glcm_ClusterShade', 'dwi_log-sigma-3-mm-3D_firstorder_Kurtosis', 'dwi_exponential_glcm_ClusterProminence', 'dwi_exponential_gldm_SmallDependenceHighGrayLevelEmphasis', 'dwi_exponential_glrlm_GrayLevelVariance', 'dwi_exponential_firstorder_Skewness', 'dwi_square_glcm_MCC', 'dwi_exponential_firstorder_Maximum', 'dwi_log-sigma-3-mm-3D_ngtdm_Busyness', 'adc_logarithm_gldm_GrayLevelNonUniformity', 'dwi_wavelet2-LL_glszm_GrayLevelNonUniformity', 'dwi_exponential_glszm_LargeAreaHighGrayLevelEmphasis', 'adc_wavelet2-LL_ngtdm_Coarseness', 'dwi_square_firstorder_Kurtosis', 't2_squareroot_glszm_SizeZoneNonUniformity', 'dwi_exponential_glszm_SizeZoneNonUniformityNormalized', 'dwi_log-sigma-2-mm-3D_glcm_MCC', 'dwi_square_glszm_SmallAreaHighGrayLevelEmphasis', 'dwi_wavelet2-LH_glcm_Correlation', 'dwi_exponential_gldm_DependenceVariance', 'dwi_log-sigma-0-6-mm-3D_glszm_ZoneVariance', 'dwi_log-sigma-2-mm-3D_firstorder_Kurtosis', 'dwi_wavelet2-LL_firstorder_Kurtosis', 'dwi_square_glcm_ClusterShade', 'dwi_wavelet2-LH_glcm_Imc2', 'dwi_exponential_glcm_Imc2', 'dwi_logarithm_gldm_GrayLevelNonUniformity', 'dwi_square_glszm_SizeZoneNonUniformityNormalized', 't2_original_shape_SurfaceVolumeRatio', 't2_wavelet-HL_glszm_GrayLevelNonUniformity', 't2_logarithm_ngtdm_Coarseness', 'dwi_logarithm_ngtdm_Coarseness']","[0.8604651162790697, 0.42063492063492064]","[0.669683257918552, 0.6883116883116883]","[0.7531806615776081, 0.5221674876847291]","[0.669683257918552, 0.6883116883116883]",Naive Bayes
17,4,0.7824364414735815,0.5703225806451613,0.7348434744268079,0.3103406443698838,0.29771213437590505,0.5314009661835749,0.6422908138805915,0.6766666666666666,0.6547619047619048,0.6851851851851852,0.44715447154471544,0.8361581920903954,0.669973544973545,42,"['dwi_square_ngtdm_Strength', 'dwi_log-sigma-3-mm-3D_firstorder_Skewness', 'dwi_exponential_glcm_Imc1', 'dwi_exponential_ngtdm_Strength', 'dwi_exponential_glszm_GrayLevelNonUniformityNormalized', 'dwi_square_firstorder_Skewness', 'dwi_log-sigma-3-mm-3D_firstorder_Kurtosis', 'dwi_wavelet2-LL_firstorder_Skewness', 'dwi_exponential_firstorder_Skewness', 'dwi_exponential_glcm_ClusterProminence', 'dwi_exponential_glrlm_GrayLevelVariance', 'dwi_exponential_gldm_SmallDependenceHighGrayLevelEmphasis', 'dwi_exponential_firstorder_Maximum', 'dwi_square_glrlm_GrayLevelNonUniformity', 'dwi_square_ngtdm_Busyness', 'dwi_wavelet2-LL_ngtdm_Strength', 'dwi_log-sigma-2-mm-3D_firstorder_Kurtosis', 'dwi_square_firstorder_Kurtosis', 'dwi_wavelet2-LL_firstorder_Kurtosis', 'dwi_wavelet2-LL_glcm_ClusterShade', 'dwi_exponential_glszm_SizeZoneNonUniformityNormalized', 'dwi_exponential_glszm_LargeAreaEmphasis', 'dwi_log-sigma-3-mm-3D_ngtdm_Strength', 'dwi_exponential_gldm_SmallDependenceEmphasis', 'dwi_exponential_glcm_Imc2', 'adc_logarithm_gldm_GrayLevelNonUniformity', 'dwi_square_glcm_MCC', 'dwi_log-sigma-3-mm-3D_ngtdm_Busyness', 'dwi_square_glszm_SmallAreaHighGrayLevelEmphasis', 'dwi_wavelet2-LL_glszm_GrayLevelNonUniformity', 'dwi_square_glszm_SizeZoneNonUniformityNormalized', 'adc_logarithm_ngtdm_Coarseness', 'dwi_wavelet2-LH_glcm_MCC', 'dwi_wavelet2-LH_glcm_Correlation', 'dwi_log-sigma-0-6-mm-3D_firstorder_Skewness', 'dwi_square_firstorder_Maximum', 'dwi_log-sigma-3-mm-3D_glrlm_LongRunHighGrayLevelEmphasis', 'dwi_log-sigma-2-mm-3D_glcm_MCC', 't2_squareroot_glszm_SizeZoneNonUniformity', 'adc_wavelet2-LL_glcm_Imc1', 'dwi_log-sigma-3-mm-3D_gldm_LargeDependenceHighGrayLevelEmphasis', 'dwi_log-sigma-0-6-mm-3D_glszm_ZoneVariance']","[0.8361581920903954, 0.44715447154471544]","[0.6851851851851852, 0.6547619047619048]","[0.7531806615776081, 0.5314009661835749]","[0.6851851851851852, 0.6547619047619048]",Naive Bayes
18,4,0.7749662383226363,0.5576519916142557,0.7301880974406413,0.3065358674077321,0.27777177319988766,0.5612648221343873,0.6216066231015775,0.6312292358803987,0.7553191489361702,0.5748792270531401,0.44654088050314467,0.8380281690140845,0.6650991879946552,41,"['dwi_square_ngtdm_Strength', 'dwi_log-sigma-3-mm-3D_firstorder_Skewness', 'dwi_square_ngtdm_Busyness', 'dwi_exponential_glszm_GrayLevelNonUniformityNormalized', 'dwi_square_firstorder_Skewness', 'dwi_wavelet2-LL_firstorder_Skewness', 'dwi_exponential_glcm_Imc1', 'dwi_exponential_ngtdm_Strength', 'dwi_wavelet2-LL_ngtdm_Strength', 'dwi_exponential_glszm_GrayLevelVariance', 'dwi_square_glrlm_GrayLevelNonUniformity', 'dwi_log-sigma-3-mm-3D_firstorder_Kurtosis', 'dwi_exponential_firstorder_Skewness', 'dwi_exponential_gldm_SmallDependenceHighGrayLevelEmphasis', 'dwi_exponential_glrlm_GrayLevelVariance', 'dwi_exponential_glcm_ClusterProminence', 'dwi_wavelet2-LL_glcm_ClusterShade', 'dwi_exponential_firstorder_Maximum', 'dwi_log-sigma-3-mm-3D_ngtdm_Busyness', 'dwi_square_firstorder_Kurtosis', 'dwi_log-sigma-2-mm-3D_firstorder_Kurtosis', 'dwi_exponential_glszm_LargeAreaHighGrayLevelEmphasis', 'dwi_exponential_glszm_SizeZoneNonUniformityNormalized', 'dwi_square_glcm_MCC', 'dwi_wavelet2-LL_glszm_GrayLevelNonUniformity', 'dwi_wavelet2-LL_firstorder_Kurtosis', 'dwi_square_glszm_SmallAreaHighGrayLevelEmphasis', 'dwi_log-sigma-2-mm-3D_glcm_MCC', 'adc_logarithm_gldm_GrayLevelNonUniformity', 'dwi_exponential_gldm_SmallDependenceEmphasis', 'dwi_square_glszm_SizeZoneNonUniformityNormalized', 'adc_wavelet2-LL_ngtdm_Coarseness', 'dwi_log-sigma-0-6-mm-3D_glszm_ZoneVariance', 'dwi_logarithm_gldm_GrayLevelNonUniformity', 'dwi_wavelet2-LH_glcm_Imc2', 'dwi_exponential_glcm_Imc2', 'dwi_wavelet2-LH_glcm_MCC', 'dwi_log-sigma-3-mm-3D_gldm_LargeDependenceHighGrayLevelEmphasis', 'dwi_log-sigma-2-mm-3D_ngtdm_Strength', 't2_original_shape_SurfaceVolumeRatio', 'dwi_log-sigma-2-mm-3D_ngtdm_Busyness']","[0.8380281690140845, 0.44654088050314467]","[0.5748792270531401, 0.7553191489361702]","[0.6819484240687679, 0.5612648221343873]","[0.5748792270531401, 0.7553191489361702]",Naive Bayes
19,4,0.7656706395836831,0.5553145336225597,0.7789880952380953,0.3942882649634793,0.3750283311088166,0.5654450261780105,0.6807569111234033,0.7224080267558528,0.72,0.7232142857142857,0.46551724137931033,0.8852459016393442,0.7216071428571429,43,"['dwi_square_ngtdm_Strength', 'dwi_exponential_glcm_Imc1', 'dwi_log-sigma-3-mm-3D_firstorder_Skewness', 'dwi_exponential_glszm_GrayLevelNonUniformityNormalized', 'dwi_exponential_ngtdm_Strength', 'dwi_exponential_glszm_GrayLevelVariance', 'dwi_wavelet2-LL_firstorder_Skewness', 'dwi_log-sigma-3-mm-3D_firstorder_Kurtosis', 'dwi_exponential_glcm_ClusterProminence', 'dwi_exponential_glrlm_GrayLevelVariance', 'dwi_wavelet2-LL_ngtdm_Strength', 'dwi_square_glrlm_GrayLevelNonUniformity', 'dwi_exponential_gldm_SmallDependenceHighGrayLevelEmphasis', 'dwi_square_firstorder_Skewness', 'dwi_exponential_firstorder_Maximum', 'dwi_exponential_firstorder_Skewness', 'dwi_square_ngtdm_Busyness', 'dwi_log-sigma-3-mm-3D_ngtdm_Busyness', 'dwi_exponential_glszm_LargeAreaHighGrayLevelEmphasis', 'dwi_wavelet2-LL_glcm_ClusterShade', 'dwi_log-sigma-2-mm-3D_firstorder_Kurtosis', 'dwi_wavelet2-LL_glszm_GrayLevelNonUniformity', 'adc_logarithm_gldm_GrayLevelNonUniformity', 'dwi_log-sigma-2-mm-3D_glcm_MCC', 't2_original_shape_SurfaceVolumeRatio', 'adc_wavelet2-LL_ngtdm_Coarseness', 'dwi_exponential_glcm_Imc2', 'dwi_square_glcm_MCC', 'dwi_original_firstorder_Kurtosis', 'dwi_exponential_gldm_SmallDependenceEmphasis', 'dwi_wavelet2-LH_glcm_Correlation', 'dwi_square_firstorder_Kurtosis', 'dwi_exponential_glszm_SizeZoneNonUniformityNormalized', 'dwi_square_glszm_SmallAreaHighGrayLevelEmphasis', 'dwi_wavelet2-LH_glcm_Imc2', 't2_squareroot_glszm_SizeZoneNonUniformity', 'dwi_log-sigma-0-6-mm-3D_glszm_ZoneVariance', 'dwi_wavelet2-LH_glcm_MCC', 't2_logarithm_ngtdm_Coarseness', 'dwi_logarithm_ngtdm_Coarseness', 'adc_squareroot_firstorder_TotalEnergy', 'dwi_square_glszm_SizeZoneNonUniformityNormalized', 'dwi_log-sigma-3-mm-3D_gldm_LargeDependenceHighGrayLevelEmphasis']","[0.8852459016393442, 0.46551724137931033]","[0.7232142857142857, 0.72]","[0.7960687960687961, 0.5654450261780105]","[0.7232142857142857, 0.72]",Naive Bayes
20,4,0.7658218125960061,0.5418227215980025,0.8162217137045512,0.47664010952827396,0.4710906386449787,0.6540284360189573,0.7341388999433209,0.7582781456953642,0.7263157894736842,0.7729468599033816,0.5948275862068966,0.8602150537634409,0.7496313246885329,41,"['dwi_square_ngtdm_Strength', 'dwi_log-sigma-3-mm-3D_firstorder_Skewness', 'dwi_log-sigma-3-mm-3D_firstorder_Kurtosis', 'dwi_square_firstorder_Skewness', 'dwi_exponential_ngtdm_Strength', 'dwi_exponential_glcm_Imc1', 'dwi_exponential_glszm_GrayLevelNonUniformityNormalized', 'dwi_log-sigma-2-mm-3D_firstorder_Kurtosis', 'dwi_original_firstorder_Skewness', 'dwi_exponential_firstorder_Skewness', 'dwi_exponential_glszm_GrayLevelVariance', 'dwi_square_firstorder_Kurtosis', 'dwi_wavelet2-LL_ngtdm_Strength', 'dwi_wavelet2-LL_firstorder_Kurtosis', 'dwi_square_ngtdm_Busyness', 'dwi_exponential_glrlm_GrayLevelVariance', 'dwi_exponential_glcm_ClusterProminence', 'dwi_exponential_firstorder_Maximum', 'dwi_exponential_gldm_SmallDependenceHighGrayLevelEmphasis', 'dwi_square_glrlm_GrayLevelNonUniformity', 'dwi_wavelet2-LL_glcm_ClusterShade', 'dwi_log-sigma-3-mm-3D_ngtdm_Busyness', 'dwi_square_glszm_SmallAreaHighGrayLevelEmphasis', 'dwi_square_glcm_MCC', 'dwi_exponential_glszm_SizeZoneNonUniformityNormalized', 'dwi_square_glszm_SizeZoneNonUniformityNormalized', 'dwi_log-sigma-3-mm-3D_glrlm_LongRunHighGrayLevelEmphasis', 'adc_logarithm_gldm_GrayLevelNonUniformity', 'dwi_log-sigma-2-mm-3D_glcm_MCC', 'dwi_log-sigma-3-mm-3D_glcm_ClusterShade', 'dwi_exponential_glszm_LargeAreaHighGrayLevelEmphasis', 'dwi_wavelet2-LH_glcm_Imc2', 'dwi_log-sigma-2-mm-3D_ngtdm_Strength', 'dwi_wavelet2-LH_glcm_MCC', 'dwi_exponential_gldm_SmallDependenceEmphasis', 't2_squareroot_glszm_GrayLevelNonUniformity', 'adc_wavelet2-LL_ngtdm_Coarseness', 'adc_wavelet2-LL_glcm_Imc1', 'dwi_exponential_glcm_Imc2', 'dwi_logarithm_glrlm_GrayLevelNonUniformity', 'dwi_wavelet2-LH_glcm_Correlation']","[0.8602150537634409, 0.5948275862068966]","[0.7729468599033816, 0.7263157894736842]","[0.8142493638676844, 0.6540284360189573]","[0.7729468599033816, 0.7263157894736842]",Naive Bayes
21,5,0.7802386495925495,0.5611052072263549,0.7145152505446621,0.2565680226522247,0.23941008912983552,0.5045045045045045,0.6075154101469891,0.6345514950166113,0.6588235294117647,0.625,0.40875912408759124,0.823170731707317,0.6419117647058823,42,"['dwi_square_ngtdm_Strength', 'dwi_log-sigma-3-mm-3D_firstorder_Skewness', 'dwi_exponential_glszm_GrayLevelNonUniformityNormalized', 'dwi_exponential_ngtdm_Strength', 'dwi_exponential_glcm_Imc1', 'dwi_exponential_glszm_GrayLevelVariance', 'dwi_wavelet2-LL_firstorder_Skewness', 'dwi_square_firstorder_Skewness', 'dwi_wavelet2-LL_ngtdm_Strength', 'dwi_exponential_glrlm_GrayLevelVariance', 'dwi_exponential_glcm_ClusterProminence', 'dwi_square_ngtdm_Busyness', 'dwi_exponential_gldm_SmallDependenceHighGrayLevelEmphasis', 'dwi_log-sigma-3-mm-3D_firstorder_Kurtosis', 'dwi_exponential_firstorder_Maximum', 'dwi_exponential_firstorder_Skewness', 'dwi_wavelet2-LL_glcm_ClusterShade', 'dwi_square_glrlm_GrayLevelNonUniformity', 'dwi_exponential_glszm_SizeZoneNonUniformityNormalized', 'dwi_log-sigma-3-mm-3D_ngtdm_Busyness', 'dwi_square_firstorder_Kurtosis', 'dwi_wavelet2-LL_firstorder_Kurtosis', 'dwi_log-sigma-2-mm-3D_firstorder_Kurtosis', 'dwi_square_glszm_SmallAreaHighGrayLevelEmphasis', 'dwi_exponential_glszm_LargeAreaHighGrayLevelEmphasis', 'dwi_square_glcm_MCC', 'adc_logarithm_gldm_GrayLevelNonUniformity', 'dwi_exponential_gldm_SmallDependenceEmphasis', 'dwi_log-sigma-3-mm-3D_glcm_MCC', 'dwi_square_glszm_SizeZoneNonUniformityNormalized', 'dwi_exponential_glcm_Imc2', 'dwi_wavelet2-LL_glszm_GrayLevelNonUniformity', 'dwi_wavelet2-LH_glcm_Imc2', 'dwi_wavelet2-LH_glcm_MCC', 'adc_wavelet2-LL_ngtdm_Coarseness', 'dwi_log-sigma-2-mm-3D_ngtdm_Strength', 'dwi_log-sigma-3-mm-3D_gldm_LargeDependenceHighGrayLevelEmphasis', 't2_original_shape_SurfaceVolumeRatio', 'dwi_wavelet2-LH_glcm_Correlation', 'dwi_logarithm_gldm_GrayLevelNonUniformity', 't2_wavelet2-LL_glszm_SizeZoneNonUniformity', 'dwi_log-sigma-2-mm-3D_ngtdm_Busyness']","[0.823170731707317, 0.40875912408759124]","[0.625, 0.6588235294117647]","[0.7105263157894737, 0.5045045045045045]","[0.625, 0.6588235294117647]",Naive Bayes
22,5,0.7689237714168462,0.5517241379310345,0.7560514786418401,0.27939222581330064,0.238597813795703,0.5161290322580645,0.5904667507659038,0.6039603960396039,0.7710843373493976,0.5409090909090909,0.3878787878787879,0.8623188405797102,0.6559967141292442,42,"['dwi_square_ngtdm_Strength', 'dwi_exponential_glcm_Imc1', 'dwi_square_glrlm_GrayLevelNonUniformity', 'dwi_log-sigma-3-mm-3D_firstorder_Skewness', 'dwi_exponential_glszm_GrayLevelNonUniformityNormalized', 'dwi_square_firstorder_Skewness', 'dwi_exponential_ngtdm_Strength', 'dwi_square_ngtdm_Busyness', 'dwi_exponential_glszm_GrayLevelVariance', 'dwi_log-sigma-3-mm-3D_firstorder_Kurtosis', 'dwi_exponential_glcm_ClusterProminence', 'dwi_exponential_gldm_SmallDependenceHighGrayLevelEmphasis', 'dwi_exponential_glrlm_GrayLevelVariance', 'dwi_exponential_firstorder_Skewness', 'dwi_wavelet2-LL_firstorder_Skewness', 'adc_logarithm_gldm_GrayLevelNonUniformity', 'dwi_exponential_glszm_LargeAreaHighGrayLevelEmphasis', 'dwi_wavelet2-LL_ngtdm_Strength', 'dwi_exponential_firstorder_Maximum', 'dwi_square_firstorder_Kurtosis', 'adc_original_ngtdm_Coarseness', 'dwi_wavelet2-LL_glszm_GrayLevelNonUniformity', 'dwi_exponential_gldm_DependenceVariance', 'dwi_wavelet2-LL_firstorder_Kurtosis', 'dwi_log-sigma-2-mm-3D_firstorder_Kurtosis', 't2_squareroot_glszm_SizeZoneNonUniformity', 'dwi_exponential_glszm_SizeZoneNonUniformityNormalized', 'dwi_exponential_glcm_Imc2', 'dwi_log-sigma-3-mm-3D_ngtdm_Busyness', 'dwi_square_glcm_MCC', 'dwi_wavelet2-LL_glcm_ClusterShade', 'dwi_log-sigma-0-6-mm-3D_glszm_ZoneVariance', 't2_logarithm_ngtdm_Coarseness', 'dwi_wavelet2-LH_glcm_Correlation', 'dwi_wavelet2-LH_glcm_Imc1', 'dwi_exponential_glszm_ZoneVariance', 'adc_wavelet-HH_ngtdm_Coarseness', 'dwi_exponential_glcm_JointAverage', 'adc_wavelet2-LL_glcm_Imc1', 't2_original_shape_MinorAxisLength', 'dwi_wavelet2-LH_glcm_Imc2', 't2_log-sigma-3-mm-3D_glszm_ZoneEntropy']","[0.8623188405797102, 0.3878787878787879]","[0.5409090909090909, 0.7710843373493976]","[0.664804469273743, 0.5161290322580645]","[0.5409090909090909, 0.7710843373493976]",Naive Bayes
23,5,0.7673389412519847,0.5584905660377358,0.7913018433179724,0.40020524168665794,0.37735849056603776,0.5825242718446602,0.6804373936542889,0.7104377104377104,0.75,0.695852534562212,0.47619047619047616,0.8830409356725146,0.722926267281106,43,"['dwi_square_ngtdm_Strength', 'dwi_log-sigma-3-mm-3D_firstorder_Skewness', 'dwi_log-sigma-3-mm-3D_firstorder_Kurtosis', 'dwi_square_firstorder_Skewness', 'dwi_wavelet2-LL_firstorder_Skewness', 'dwi_exponential_glcm_Imc1', 'dwi_exponential_ngtdm_Strength', 'dwi_exponential_glszm_GrayLevelNonUniformityNormalized', 'dwi_exponential_firstorder_Skewness', 'dwi_wavelet2-LL_ngtdm_Strength', 'dwi_exponential_glszm_GrayLevelVariance', 'dwi_log-sigma-2-mm-3D_firstorder_Kurtosis', 'dwi_square_glrlm_GrayLevelNonUniformity', 'dwi_square_ngtdm_Busyness', 'dwi_exponential_glcm_ClusterProminence', 'dwi_square_firstorder_Kurtosis', 'dwi_wavelet2-LL_glcm_ClusterShade', 'dwi_exponential_glrlm_GrayLevelVariance', 'dwi_exponential_gldm_SmallDependenceHighGrayLevelEmphasis', 'dwi_exponential_firstorder_Maximum', 'dwi_original_firstorder_Kurtosis', 'dwi_log-sigma-3-mm-3D_ngtdm_Busyness', 'dwi_exponential_glszm_SizeZoneNonUniformityNormalized', 'adc_logarithm_gldm_GrayLevelNonUniformity', 'dwi_square_glszm_SizeZoneNonUniformityNormalized', 'dwi_exponential_glszm_LargeAreaHighGrayLevelEmphasis', 'dwi_square_glszm_SmallAreaHighGrayLevelEmphasis', 'dwi_logarithm_glrlm_GrayLevelNonUniformity', 'dwi_log-sigma-2-mm-3D_glcm_MCC', 'dwi_square_glcm_MCC', 'adc_wavelet2-LL_ngtdm_Coarseness', 'dwi_log-sigma-3-mm-3D_glrlm_LongRunHighGrayLevelEmphasis', 'dwi_wavelet2-LH_glcm_MCC', 'dwi_exponential_gldm_SmallDependenceEmphasis', 't2_original_glszm_GrayLevelNonUniformity', 'dwi_exponential_glcm_Imc2', 'dwi_square_glcm_ClusterShade', 'dwi_log-sigma-0-6-mm-3D_glszm_ZoneVariance', 'dwi_wavelet2-LH_glcm_Correlation', 'dwi_log-sigma-2-mm-3D_ngtdm_Strength', 'adc_wavelet2-LL_glcm_Imc1', 'dwi_wavelet2-LH_glcm_Imc2', 'dwi_logarithm_gldm_GrayLevelNonUniformity']","[0.8830409356725146, 0.47619047619047616]","[0.695852534562212, 0.75]","[0.7783505154639175, 0.5825242718446602]","[0.695852534562212, 0.75]",Naive Bayes
24,5,0.7722044761390636,0.5619834710743802,0.7599163807890222,0.34336289161474776,0.32659932659932656,0.5636363636363636,0.6555023923444976,0.68,0.7045454545454546,0.6698113207547169,0.4696969696969697,0.8452380952380952,0.6871783876500858,42,"['dwi_square_ngtdm_Strength', 'dwi_log-sigma-3-mm-3D_firstorder_Skewness', 'dwi_exponential_glcm_Imc1', 'dwi_exponential_glszm_GrayLevelNonUniformityNormalized', 'dwi_wavelet2-LL_firstorder_Skewness', 'dwi_exponential_ngtdm_Strength', 'dwi_log-sigma-3-mm-3D_firstorder_Kurtosis', 'dwi_square_firstorder_Skewness', 'dwi_exponential_glszm_GrayLevelVariance', 'dwi_square_ngtdm_Busyness', 'dwi_square_glrlm_GrayLevelNonUniformity', 'dwi_wavelet2-LL_ngtdm_Strength', 'dwi_exponential_glcm_ClusterProminence', 'dwi_exponential_glrlm_GrayLevelVariance', 'dwi_exponential_gldm_SmallDependenceHighGrayLevelEmphasis', 'dwi_exponential_firstorder_Maximum', 'dwi_exponential_firstorder_Skewness', 'dwi_wavelet2-LL_glcm_ClusterShade', 'dwi_log-sigma-2-mm-3D_firstorder_Kurtosis', 'dwi_square_glcm_MCC', 'dwi_log-sigma-3-mm-3D_ngtdm_Strength', 'dwi_wavelet2-LL_firstorder_Kurtosis', 'dwi_exponential_glszm_LargeAreaHighGrayLevelEmphasis', 'dwi_log-sigma-3-mm-3D_ngtdm_Busyness', 'dwi_wavelet2-LL_glszm_GrayLevelNonUniformity', 'dwi_square_firstorder_Kurtosis', 'adc_logarithm_gldm_GrayLevelNonUniformity', 'dwi_exponential_glszm_SizeZoneNonUniformityNormalized', 'dwi_exponential_gldm_SmallDependenceEmphasis', 'dwi_square_glszm_SmallAreaHighGrayLevelEmphasis', 'adc_wavelet2-LL_ngtdm_Coarseness', 'dwi_exponential_glcm_Imc2', 'dwi_log-sigma-0-6-mm-3D_glszm_ZoneVariance', 'dwi_log-sigma-2-mm-3D_glcm_MCC', 'dwi_wavelet2-LH_glcm_Correlation', 'dwi_wavelet2-LH_glcm_Imc2', 't2_wavelet2-LL_glszm_SizeZoneNonUniformity', 'dwi_square_firstorder_Maximum', 'dwi_square_glszm_SizeZoneNonUniformityNormalized', 'dwi_log-sigma-0-6-mm-3D_firstorder_Skewness', 'dwi_log-sigma-3-mm-3D_gldm_LargeDependenceHighGrayLevelEmphasis', 'dwi_logarithm_ngtdm_Coarseness']","[0.8452380952380952, 0.4696969696969697]","[0.6698113207547169, 0.7045454545454546]","[0.7473684210526316, 0.5636363636363636]","[0.6698113207547169, 0.7045454545454546]",Naive Bayes
25,5,0.7609190063308561,0.5580865603644647,0.7684055644729801,0.34857493166923686,0.3342965419232592,0.5688073394495413,0.6607194591984549,0.68561872909699,0.6966292134831461,0.680952380952381,0.4806201550387597,0.8411764705882353,0.6887907972177636,42,"['dwi_square_ngtdm_Strength', 'dwi_log-sigma-3-mm-3D_firstorder_Skewness', 'dwi_exponential_ngtdm_Strength', 'dwi_exponential_glcm_Imc1', 'dwi_exponential_glszm_GrayLevelNonUniformityNormalized', 'dwi_wavelet2-LL_firstorder_Skewness', 'dwi_wavelet2-LL_ngtdm_Strength', 'dwi_square_ngtdm_Busyness', 'dwi_log-sigma-3-mm-3D_firstorder_Kurtosis', 'dwi_exponential_firstorder_Skewness', 'dwi_square_firstorder_Skewness', 'dwi_exponential_firstorder_Maximum', 'dwi_exponential_glcm_ClusterProminence', 'dwi_exponential_glrlm_GrayLevelVariance', 'dwi_exponential_gldm_SmallDependenceHighGrayLevelEmphasis', 'dwi_wavelet2-LL_glcm_ClusterShade', 'dwi_log-sigma-3-mm-3D_ngtdm_Busyness', 'dwi_square_glszm_SmallAreaHighGrayLevelEmphasis', 'dwi_square_glrlm_GrayLevelNonUniformity', 'dwi_log-sigma-2-mm-3D_glcm_MCC', 'dwi_log-sigma-2-mm-3D_firstorder_Kurtosis', 'dwi_square_glcm_MCC', 'dwi_square_firstorder_Kurtosis', 'dwi_square_glszm_SizeZoneNonUniformityNormalized', 'dwi_log-sigma-3-mm-3D_gldm_LargeDependenceHighGrayLevelEmphasis', 'dwi_wavelet2-LL_firstorder_Kurtosis', 'dwi_exponential_glszm_SizeZoneNonUniformityNormalized', 'dwi_wavelet2-LH_glcm_Imc2', 'dwi_exponential_glszm_LargeAreaHighGrayLevelEmphasis', 'dwi_wavelet2-LH_glcm_MCC', 'dwi_log-sigma-2-mm-3D_ngtdm_Strength', 'dwi_exponential_gldm_SmallDependenceEmphasis', 'dwi_wavelet2-LH_glcm_Correlation', 'dwi_exponential_glcm_Imc2', 'dwi_wavelet2-LL_glszm_GrayLevelNonUniformity', 'adc_logarithm_gldm_GrayLevelNonUniformity', 'dwi_log-sigma-2-mm-3D_ngtdm_Busyness', 'dwi_log-sigma-3-mm-3D_firstorder_Minimum', 'adc_wavelet2-LL_ngtdm_Coarseness', 'dwi_log-sigma-3-mm-3D_gldm_LowGrayLevelEmphasis', 'dwi_log-sigma-0-6-mm-3D_glszm_ZoneVariance', 'dwi_log-sigma-3-mm-3D_glrlm_ShortRunLowGrayLevelEmphasis']","[0.8411764705882353, 0.4806201550387597]","[0.680952380952381, 0.6966292134831461]","[0.7526315789473684, 0.5688073394495413]","[0.680952380952381, 0.6966292134831461]",Naive Bayes
26,6,0.7634505591027332,0.5518763796909493,0.7908986175115208,0.3711943182590992,0.34143234572560854,0.5648148148148148,0.658068783068783,0.6835016835016835,0.7625,0.6543778801843319,0.4485294117647059,0.8819875776397516,0.7084389400921659,43,"['dwi_square_ngtdm_Strength', 'dwi_log-sigma-3-mm-3D_firstorder_Skewness', 'dwi_square_firstorder_Skewness', 'dwi_log-sigma-3-mm-3D_firstorder_Kurtosis', 'dwi_exponential_ngtdm_Strength', 'dwi_square_ngtdm_Busyness', 'dwi_exponential_firstorder_Skewness', 'dwi_exponential_glcm_Imc1', 'dwi_wavelet2-LL_ngtdm_Strength', 'dwi_exponential_glszm_GrayLevelNonUniformityNormalized', 'dwi_wavelet2-LL_firstorder_Skewness', 'dwi_log-sigma-2-mm-3D_firstorder_Kurtosis', 'dwi_square_glrlm_GrayLevelNonUniformity', 'dwi_square_firstorder_Kurtosis', 'dwi_exponential_glszm_GrayLevelVariance', 'dwi_log-sigma-3-mm-3D_ngtdm_Busyness', 'dwi_exponential_glcm_ClusterProminence', 'dwi_wavelet2-LL_firstorder_Kurtosis', 'dwi_exponential_glrlm_GrayLevelVariance', 'dwi_exponential_gldm_SmallDependenceHighGrayLevelEmphasis', 'dwi_exponential_firstorder_Maximum', 'dwi_wavelet2-LL_glcm_ClusterShade', 'dwi_log-sigma-2-mm-3D_glcm_MCC', 'dwi_log-sigma-3-mm-3D_gldm_LargeDependenceHighGrayLevelEmphasis', 'dwi_square_glszm_SmallAreaHighGrayLevelEmphasis', 'dwi_square_glszm_SizeZoneNonUniformityNormalized', 'dwi_square_glcm_MCC', 'dwi_wavelet2-LL_glszm_GrayLevelNonUniformity', 'dwi_log-sigma-3-mm-3D_glcm_ClusterShade', 'dwi_wavelet2-LH_glcm_MCC', 'adc_logarithm_gldm_GrayLevelNonUniformity', 'dwi_log-sigma-2-mm-3D_ngtdm_Strength', 'dwi_exponential_glszm_SizeZoneNonUniformityNormalized', 'adc_wavelet2-LL_ngtdm_Coarseness', 'dwi_wavelet2-LH_glcm_Imc2', 'dwi_exponential_glszm_LargeAreaEmphasis', 'dwi_log-sigma-2-mm-3D_ngtdm_Busyness', 'dwi_exponential_gldm_SmallDependenceEmphasis', 'dwi_logarithm_gldm_GrayLevelNonUniformity', 'dwi_log-sigma-3-mm-3D_glcm_JointAverage', 't2_original_shape_SurfaceVolumeRatio', 'dwi_log-sigma-0-6-mm-3D_firstorder_Skewness', 'dwi_log-sigma-0-6-mm-3D_glszm_ZoneVariance']","[0.8819875776397516, 0.4485294117647059]","[0.6543778801843319, 0.7625]","[0.7513227513227513, 0.5648148148148148]","[0.6543778801843319, 0.7625]",Naive Bayes
27,6,0.7703893872360001,0.569047619047619,0.7348510980797976,0.2816697227719464,0.2684310018903592,0.49746192893401014,0.6265087422447828,0.6710963455149501,0.6282051282051282,0.6860986547085202,0.4117647058823529,0.8406593406593407,0.6571518914568242,43,"['dwi_square_ngtdm_Strength', 'dwi_log-sigma-3-mm-3D_firstorder_Skewness', 'dwi_exponential_glszm_GrayLevelNonUniformityNormalized', 'dwi_exponential_ngtdm_Strength', 'dwi_exponential_glcm_Imc1', 'dwi_wavelet2-LL_firstorder_Skewness', 'dwi_square_firstorder_Skewness', 'dwi_log-sigma-3-mm-3D_firstorder_Kurtosis', 'dwi_exponential_firstorder_Skewness', 'dwi_square_ngtdm_Busyness', 'dwi_exponential_glcm_ClusterProminence', 'dwi_exponential_glrlm_GrayLevelVariance', 'dwi_wavelet2-LL_ngtdm_Strength', 'dwi_exponential_gldm_SmallDependenceHighGrayLevelEmphasis', 'dwi_exponential_firstorder_Maximum', 'dwi_log-sigma-2-mm-3D_firstorder_Kurtosis', 'dwi_wavelet2-LL_glcm_ClusterShade', 'dwi_square_firstorder_Kurtosis', 'dwi_wavelet2-LL_firstorder_Kurtosis', 'dwi_square_glrlm_GrayLevelNonUniformity', 'dwi_exponential_glszm_SizeZoneNonUniformityNormalized', 'dwi_square_glszm_SmallAreaHighGrayLevelEmphasis', 'dwi_log-sigma-3-mm-3D_ngtdm_Busyness', 'dwi_exponential_glszm_LargeAreaHighGrayLevelEmphasis', 'dwi_square_glcm_ClusterProminence', 'dwi_square_glcm_MCC', 'dwi_square_glszm_SizeZoneNonUniformityNormalized', 'dwi_exponential_gldm_SmallDependenceEmphasis', 'adc_logarithm_gldm_GrayLevelNonUniformity', 'dwi_log-sigma-2-mm-3D_glcm_MCC', 'dwi_square_firstorder_Maximum', 'dwi_wavelet2-LH_glcm_Imc2', 'dwi_exponential_glcm_Imc2', 'dwi_log-sigma-2-mm-3D_ngtdm_Strength', 'dwi_wavelet2-LL_glszm_GrayLevelNonUniformity', 'dwi_log-sigma-0-6-mm-3D_glszm_ZoneVariance', 'dwi_wavelet2-LH_glcm_MCC', 'dwi_log-sigma-3-mm-3D_gldm_LargeDependenceHighGrayLevelEmphasis', 'dwi_wavelet2-LH_glcm_Correlation', 'adc_logarithm_ngtdm_Coarseness', 'dwi_log-sigma-2-mm-3D_ngtdm_Busyness', 't2_original_shape_SurfaceVolumeRatio', 't2_squareroot_glszm_SizeZoneNonUniformity']","[0.8406593406593407, 0.4117647058823529]","[0.6860986547085202, 0.6282051282051282]","[0.7555555555555555, 0.49746192893401014]","[0.6860986547085202, 0.6282051282051282]",Naive Bayes
28,6,0.7846386387228909,0.5598141695702671,0.751658791595456,0.38260013261424974,0.37457100833469514,0.6044444444444445,0.6841850869437076,0.7043189368770764,0.6938775510204082,0.7093596059113301,0.5354330708661418,0.8275862068965517,0.7016185784658691,40,"['dwi_square_ngtdm_Strength', 'dwi_exponential_glcm_Imc1', 'dwi_exponential_glszm_GrayLevelNonUniformityNormalized', 'dwi_exponential_ngtdm_Strength', 'dwi_log-sigma-3-mm-3D_firstorder_Skewness', 'dwi_exponential_glszm_GrayLevelVariance', 'dwi_wavelet2-LL_firstorder_Skewness', 'dwi_exponential_glcm_ClusterProminence', 'dwi_exponential_glrlm_GrayLevelVariance', 'dwi_wavelet2-LL_ngtdm_Strength', 'dwi_exponential_firstorder_Maximum', 'dwi_square_firstorder_Skewness', 'dwi_exponential_gldm_SmallDependenceHighGrayLevelEmphasis', 'dwi_log-sigma-3-mm-3D_firstorder_Kurtosis', 'dwi_wavelet2-LL_glcm_ClusterShade', 'dwi_exponential_firstorder_Skewness', 'dwi_square_ngtdm_Busyness', 'dwi_square_glrlm_GrayLevelNonUniformity', 'dwi_square_glcm_MCC', 'dwi_log-sigma-3-mm-3D_ngtdm_Busyness', 'dwi_exponential_glszm_SizeZoneNonUniformityNormalized', 'dwi_exponential_glcm_Imc2', 'dwi_exponential_glszm_LargeAreaHighGrayLevelEmphasis', 'dwi_square_glszm_SmallAreaHighGrayLevelEmphasis', 'dwi_log-sigma-2-mm-3D_glcm_MCC', 'dwi_exponential_gldm_SmallDependenceEmphasis', 'dwi_square_firstorder_Kurtosis', 'dwi_log-sigma-2-mm-3D_firstorder_Kurtosis', 'dwi_wavelet2-LH_glcm_Imc2', 'dwi_wavelet2-LH_glcm_Correlation', 'dwi_original_firstorder_Kurtosis', 'adc_logarithm_gldm_GrayLevelNonUniformity', 'dwi_wavelet2-LL_glszm_GrayLevelNonUniformity', 'dwi_log-sigma-3-mm-3D_gldm_LargeDependenceHighGrayLevelEmphasis', 'dwi_square_glszm_SizeZoneNonUniformityNormalized', 'adc_wavelet2-LL_ngtdm_Coarseness', 'dwi_wavelet2-LH_glcm_MCC', 't2_squareroot_glszm_SizeZoneNonUniformity', 'dwi_wavelet-LH_glcm_Imc1', 'dwi_exponential_ngtdm_Contrast']","[0.8275862068965517, 0.5354330708661418]","[0.7093596059113301, 0.6938775510204082]","[0.7639257294429708, 0.6044444444444445]","[0.7093596059113301, 0.6938775510204082]",Naive Bayes
29,6,0.7802599871024675,0.5765550239234449,0.7188348416289593,0.2583073204146138,0.2426414736042537,0.49038461538461536,0.6106745411948458,0.6478405315614618,0.6375,0.6515837104072398,0.3984375,0.8323699421965318,0.64454185520362,43,"['dwi_square_ngtdm_Strength', 'dwi_log-sigma-3-mm-3D_firstorder_Skewness', 'dwi_exponential_glcm_Imc1', 'dwi_exponential_glszm_GrayLevelNonUniformityNormalized', 'dwi_exponential_ngtdm_Strength', 'dwi_square_glrlm_GrayLevelNonUniformity', 'dwi_wavelet2-LL_ngtdm_Strength', 'dwi_log-sigma-3-mm-3D_firstorder_Kurtosis', 'dwi_exponential_glszm_GrayLevelVariance', 'dwi_wavelet2-LL_firstorder_Skewness', 'dwi_square_firstorder_Skewness', 'dwi_square_ngtdm_Busyness', 'dwi_exponential_gldm_SmallDependenceHighGrayLevelEmphasis', 'dwi_exponential_glcm_ClusterProminence', 'dwi_exponential_glrlm_GrayLevelVariance', 'dwi_log-sigma-3-mm-3D_ngtdm_Strength', 'dwi_exponential_firstorder_Maximum', 'dwi_exponential_firstorder_Skewness', 'dwi_log-sigma-3-mm-3D_ngtdm_Busyness', 'dwi_exponential_glszm_LargeAreaHighGrayLevelEmphasis', 'adc_logarithm_gldm_GrayLevelNonUniformity', 'dwi_wavelet2-LL_glcm_ClusterShade', 'dwi_log-sigma-2-mm-3D_firstorder_Kurtosis', 'dwi_wavelet2-LL_firstorder_Kurtosis', 'dwi_wavelet2-LL_glszm_GrayLevelNonUniformity', 'dwi_exponential_gldm_SmallDependenceEmphasis', 'adc_wavelet2-LL_ngtdm_Coarseness', 'dwi_wavelet2-LH_glcm_MCC', 'dwi_square_glszm_SmallAreaHighGrayLevelEmphasis', 'dwi_log-sigma-0-6-mm-3D_glszm_ZoneVariance', 'dwi_exponential_glszm_SizeZoneNonUniformityNormalized', 'dwi_exponential_glcm_Imc2', 't2_original_glszm_GrayLevelNonUniformity', 't2_original_shape_SurfaceVolumeRatio', 'dwi_wavelet2-LH_glcm_Correlation', 'dwi_square_firstorder_Kurtosis', 'dwi_wavelet2-LH_glcm_Imc2', 'dwi_square_glszm_SizeZoneNonUniformityNormalized', 'dwi_log-sigma-2-mm-3D_glcm_MCC', 't2_log-sigma-3-mm-3D_glszm_ZoneEntropy', 'dwi_square_glcm_MCC', 't2_logarithm_ngtdm_Coarseness', 'adc_wavelet2-LL_glcm_Imc1']","[0.8323699421965318, 0.3984375]","[0.6515837104072398, 0.6375]","[0.7309644670050761, 0.49038461538461536]","[0.6515837104072398, 0.6375]",Naive Bayes
30,6,0.7559041556437389,0.5403225806451613,0.8102667873688695,0.368461681289069,0.31423538293767295,0.5823754789272031,0.6304207778116842,0.6366666666666667,0.8539325842696629,0.5450236966824644,0.4418604651162791,0.8984375,0.6994781404760637,42,"['dwi_square_ngtdm_Strength', 'dwi_log-sigma-3-mm-3D_firstorder_Skewness', 'dwi_exponential_glcm_Imc1', 'dwi_square_glrlm_GrayLevelNonUniformity', 'dwi_square_firstorder_Skewness', 'dwi_exponential_ngtdm_Strength', 'dwi_log-sigma-3-mm-3D_firstorder_Kurtosis', 'dwi_exponential_glszm_GrayLevelNonUniformityNormalized', 'dwi_wavelet2-LL_firstorder_Skewness', 'dwi_exponential_glszm_GrayLevelVariance', 'dwi_square_ngtdm_Busyness', 'dwi_exponential_glcm_ClusterProminence', 'dwi_exponential_firstorder_Skewness', 'dwi_exponential_gldm_SmallDependenceHighGrayLevelEmphasis', 'dwi_exponential_glrlm_GrayLevelVariance', 'dwi_wavelet2-LL_ngtdm_Strength', 'dwi_exponential_firstorder_Range', 'adc_logarithm_gldm_GrayLevelNonUniformity', 'dwi_square_glcm_MCC', 'adc_wavelet2-LL_ngtdm_Coarseness', 'dwi_exponential_glszm_LargeAreaHighGrayLevelEmphasis', 'dwi_square_firstorder_Kurtosis', 'dwi_wavelet2-LL_glcm_ClusterShade', 'dwi_log-sigma-2-mm-3D_firstorder_Kurtosis', 'dwi_wavelet2-LL_glszm_GrayLevelNonUniformity', 'dwi_wavelet2-LL_firstorder_Kurtosis', 't2_original_shape_SurfaceVolumeRatio', 'dwi_exponential_glszm_SizeZoneNonUniformityNormalized', 'dwi_exponential_gldm_DependenceVariance', 't2_original_glszm_GrayLevelNonUniformity', 't2_logarithm_ngtdm_Coarseness', 'dwi_log-sigma-3-mm-3D_ngtdm_Busyness', 'adc_squareroot_firstorder_TotalEnergy', 'dwi_exponential_glcm_Imc2', 'adc_wavelet2-LL_glcm_Imc1', 'dwi_log-sigma-2-mm-3D_glcm_MCC', 't2_logarithm_glszm_SizeZoneNonUniformity', 't2_original_shape_Maximum2DDiameterRow', 'dwi_log-sigma-0-6-mm-3D_glszm_ZoneVariance', 'dwi_exponential_glszm_ZoneVariance', 'dwi_wavelet2-LH_glcm_Correlation', 'dwi_square_glszm_SmallAreaHighGrayLevelEmphasis']","[0.8984375, 0.4418604651162791]","[0.5450236966824644, 0.8539325842696629]","[0.6784660766961652, 0.5823754789272031]","[0.5450236966824644, 0.8539325842696629]",Naive Bayes
31,7,0.7830418514127508,0.5731559854897219,0.712347759895607,0.2620135252945222,0.24690082644628109,0.5178571428571429,0.6129826254826255,0.6363636363636364,0.6590909090909091,0.6267942583732058,0.4264705882352941,0.8136645962732919,0.6429425837320575,42,"['dwi_square_ngtdm_Strength', 'dwi_log-sigma-3-mm-3D_firstorder_Skewness', 'dwi_exponential_glcm_Imc1', 'dwi_exponential_glszm_GrayLevelNonUniformityNormalized', 'dwi_exponential_ngtdm_Strength', 'dwi_square_ngtdm_Busyness', 'dwi_wavelet2-LL_ngtdm_Strength', 'dwi_exponential_glszm_GrayLevelVariance', 'dwi_log-sigma-3-mm-3D_firstorder_Kurtosis', 'dwi_square_firstorder_Skewness', 'dwi_wavelet2-LL_firstorder_Skewness', 'dwi_exponential_glcm_ClusterProminence', 'dwi_exponential_gldm_SmallDependenceHighGrayLevelEmphasis', 'dwi_square_glrlm_GrayLevelNonUniformity', 'dwi_exponential_glrlm_GrayLevelVariance', 'dwi_exponential_firstorder_Skewness', 'dwi_exponential_firstorder_Maximum', 'dwi_wavelet2-LL_glcm_ClusterShade', 'dwi_square_glcm_MCC', 'dwi_log-sigma-3-mm-3D_ngtdm_Busyness', 'dwi_exponential_glszm_LargeAreaEmphasis', 'adc_wavelet2-LL_ngtdm_Coarseness', 'dwi_exponential_glszm_SizeZoneNonUniformityNormalized', 'adc_logarithm_glrlm_GrayLevelNonUniformity', 'dwi_wavelet2-LH_glcm_Correlation', 'dwi_wavelet2-LL_firstorder_Kurtosis', 'dwi_exponential_gldm_SmallDependenceEmphasis', 'dwi_square_firstorder_Kurtosis', 'dwi_log-sigma-2-mm-3D_firstorder_Kurtosis', 'dwi_log-sigma-2-mm-3D_glcm_MCC', 'dwi_square_glszm_SmallAreaHighGrayLevelEmphasis', 'dwi_exponential_glcm_Imc2', 'dwi_squareroot_glrlm_GrayLevelNonUniformity', 'dwi_wavelet2-LH_glcm_Imc2', 't2_original_shape_SurfaceVolumeRatio', 'dwi_log-sigma-3-mm-3D_glcm_ClusterShade', 'adc_wavelet2-LL_glcm_Imc1', 'dwi_wavelet2-LH_glcm_MCC', 't2_logarithm_ngtdm_Coarseness', 'dwi_log-sigma-0-6-mm-3D_glszm_ZoneVariance', 'dwi_logarithm_gldm_GrayLevelNonUniformity', 'dwi_square_glszm_SizeZoneNonUniformityNormalized']","[0.8136645962732919, 0.4264705882352941]","[0.6267942583732058, 0.6590909090909091]","[0.7081081081081081, 0.5178571428571429]","[0.6267942583732058, 0.6590909090909091]",Naive Bayes
32,7,0.7643358851449629,0.5608782435129741,0.8067211948790896,0.33855427344001465,0.2912017071977949,0.5327510917030568,0.6205989790940352,0.6409395973154363,0.8026315789473685,0.5855855855855856,0.39869281045751637,0.896551724137931,0.694108582266477,43,"['dwi_square_ngtdm_Strength', 'dwi_log-sigma-3-mm-3D_firstorder_Skewness', 'dwi_wavelet2-LL_firstorder_Skewness', 'dwi_square_firstorder_Skewness', 'dwi_exponential_glcm_Imc1', 'dwi_exponential_ngtdm_Strength', 'dwi_log-sigma-3-mm-3D_firstorder_Kurtosis', 'dwi_exponential_glszm_GrayLevelNonUniformityNormalized', 'dwi_exponential_firstorder_Skewness', 'dwi_exponential_glszm_GrayLevelVariance', 'dwi_wavelet2-LL_ngtdm_Strength', 'dwi_exponential_glcm_ClusterProminence', 'dwi_square_ngtdm_Busyness', 'dwi_log-sigma-2-mm-3D_firstorder_Kurtosis', 'dwi_square_glrlm_GrayLevelNonUniformity', 'dwi_exponential_glrlm_GrayLevelVariance', 'dwi_exponential_gldm_SmallDependenceHighGrayLevelEmphasis', 'dwi_exponential_firstorder_Maximum', 'dwi_wavelet2-LL_firstorder_Kurtosis', 'dwi_square_firstorder_Kurtosis', 'dwi_wavelet2-LL_glcm_ClusterShade', 'dwi_log-sigma-3-mm-3D_ngtdm_Busyness', 'adc_logarithm_gldm_GrayLevelNonUniformity', 'dwi_exponential_glszm_LargeAreaHighGrayLevelEmphasis', 'dwi_square_glszm_SmallAreaHighGrayLevelEmphasis', 'dwi_log-sigma-2-mm-3D_glcm_MCC', 'dwi_square_glcm_MCC', 'dwi_exponential_gldm_SmallDependenceEmphasis', 'dwi_exponential_glszm_SizeZoneNonUniformityNormalized', 'dwi_square_glszm_SizeZoneNonUniformityNormalized', 'dwi_exponential_glcm_Imc2', 'dwi_log-sigma-3-mm-3D_gldm_LargeDependenceHighGrayLevelEmphasis', 'adc_logarithm_ngtdm_Coarseness', 'dwi_wavelet2-LL_glszm_GrayLevelNonUniformity', 'dwi_wavelet2-LH_glcm_Imc2', 'dwi_wavelet2-LH_glcm_MCC', 'dwi_wavelet2-LH_glcm_Correlation', 'dwi_log-sigma-2-mm-3D_ngtdm_Strength', 'dwi_log-sigma-0-6-mm-3D_glszm_ZoneVariance', 'adc_wavelet2-LL_glcm_Imc1', 't2_original_shape_SurfaceVolumeRatio', 't2_squareroot_glszm_SizeZoneNonUniformity', 'dwi_log-sigma-2-mm-3D_ngtdm_Busyness']","[0.896551724137931, 0.39869281045751637]","[0.5855855855855856, 0.8026315789473685]","[0.7084468664850136, 0.5327510917030568]","[0.5855855855855856, 0.8026315789473685]",Naive Bayes
33,7,0.7610368246096837,0.5410404624277456,0.8074674239893085,0.4257510596105765,0.4104974539757149,0.6,0.700497512437811,0.7342192691029901,0.7317073170731707,0.7351598173515982,0.5084745762711864,0.8797814207650273,0.7334335672123844,42,"['dwi_square_ngtdm_Strength', 'dwi_log-sigma-3-mm-3D_firstorder_Skewness', 'dwi_exponential_ngtdm_Strength', 'dwi_wavelet2-LL_firstorder_Skewness', 'dwi_exponential_glszm_GrayLevelNonUniformityNormalized', 'dwi_exponential_glcm_Imc1', 'dwi_square_firstorder_Skewness', 'dwi_exponential_glszm_GrayLevelVariance', 'dwi_log-sigma-3-mm-3D_firstorder_Kurtosis', 'dwi_square_ngtdm_Busyness', 'dwi_exponential_firstorder_Skewness', 'dwi_exponential_firstorder_Maximum', 'dwi_exponential_glcm_ClusterProminence', 'dwi_exponential_glrlm_GrayLevelVariance', 'dwi_exponential_gldm_SmallDependenceHighGrayLevelEmphasis', 'dwi_wavelet2-LL_ngtdm_Strength', 'dwi_log-sigma-2-mm-3D_firstorder_Kurtosis', 'dwi_wavelet2-LL_glcm_ClusterShade', 'dwi_square_glrlm_GrayLevelNonUniformity', 'dwi_square_firstorder_Kurtosis', 'dwi_wavelet2-LL_firstorder_Kurtosis', 'dwi_log-sigma-3-mm-3D_ngtdm_Busyness', 'dwi_exponential_glszm_LargeAreaHighGrayLevelEmphasis', 'dwi_exponential_glszm_SizeZoneNonUniformityNormalized', 'dwi_square_glcm_MCC', 'dwi_square_glszm_SmallAreaHighGrayLevelEmphasis', 'dwi_exponential_gldm_SmallDependenceEmphasis', 'adc_logarithm_gldm_GrayLevelNonUniformity', 'dwi_exponential_glcm_Imc2', 'dwi_log-sigma-3-mm-3D_glcm_MCC', 'dwi_wavelet2-LH_glcm_MCC', 'dwi_wavelet2-LL_glszm_GrayLevelNonUniformity', 'dwi_square_glszm_SizeZoneNonUniformityNormalized', 'dwi_log-sigma-3-mm-3D_gldm_LargeDependenceHighGrayLevelEmphasis', 'dwi_wavelet2-LH_glcm_Imc2', 'adc_wavelet2-LL_ngtdm_Coarseness', 't2_original_glszm_GrayLevelNonUniformity', 'dwi_wavelet2-LH_glcm_Correlation', 'dwi_log-sigma-2-mm-3D_ngtdm_Strength', 'dwi_log-sigma-0-6-mm-3D_glszm_ZoneVariance', 't2_original_shape_SurfaceVolumeRatio', 'dwi_logarithm_gldm_GrayLevelNonUniformity']","[0.8797814207650273, 0.5084745762711864]","[0.7351598173515982, 0.7317073170731707]","[0.8009950248756219, 0.6]","[0.7351598173515982, 0.7317073170731707]",Naive Bayes
34,7,0.770107746320541,0.5550755939524838,0.7432651991614256,0.28527279489800467,0.2602571953459889,0.5371900826446281,0.613898908725629,0.6291390728476821,0.7222222222222222,0.589622641509434,0.4276315789473684,0.8333333333333334,0.6559224318658281,41,"['dwi_square_ngtdm_Strength', 'dwi_exponential_glszm_GrayLevelNonUniformityNormalized', 'dwi_exponential_glcm_Imc1', 'dwi_log-sigma-3-mm-3D_firstorder_Skewness', 'dwi_square_glrlm_GrayLevelNonUniformity', 'dwi_exponential_ngtdm_Strength', 'dwi_exponential_glszm_GrayLevelVariance', 'dwi_square_firstorder_Skewness', 'dwi_exponential_glcm_ClusterProminence', 'dwi_exponential_glrlm_GrayLevelVariance', 'dwi_square_ngtdm_Busyness', 'dwi_exponential_gldm_SmallDependenceHighGrayLevelEmphasis', 'dwi_log-sigma-3-mm-3D_firstorder_Kurtosis', 'dwi_wavelet2-LL_firstorder_Skewness', 'dwi_exponential_firstorder_Maximum', 'dwi_wavelet2-LL_ngtdm_Strength', 'dwi_exponential_glszm_LargeAreaHighGrayLevelEmphasis', 'dwi_exponential_firstorder_Skewness', 'dwi_exponential_glszm_SizeZoneNonUniformityNormalized', 'dwi_wavelet2-LL_glszm_GrayLevelNonUniformity', 'dwi_exponential_gldm_SmallDependenceEmphasis', 'dwi_wavelet2-LL_glcm_ClusterShade', 'dwi_log-sigma-3-mm-3D_ngtdm_Busyness', 'dwi_square_firstorder_Kurtosis', 'dwi_square_glcm_MCC', 'adc_logarithm_gldm_GrayLevelNonUniformity', 'dwi_exponential_glcm_Imc2', 'adc_wavelet2-LL_ngtdm_Coarseness', 'dwi_log-sigma-2-mm-3D_firstorder_Kurtosis', 'dwi_log-sigma-0-6-mm-3D_glszm_ZoneVariance', 'dwi_square_glszm_SmallAreaHighGrayLevelEmphasis', 'dwi_square_glszm_SizeZoneNonUniformityNormalized', 't2_original_shape_SurfaceVolumeRatio', 'dwi_original_firstorder_Kurtosis', 't2_wavelet2-LL_glszm_SizeZoneNonUniformity', 'adc_squareroot_firstorder_TotalEnergy', 'dwi_log-sigma-2-mm-3D_glcm_MCC', 'dwi_exponential_glszm_ZoneVariance', 't2_log-sigma-3-mm-3D_glszm_ZoneEntropy', 'dwi_wavelet2-LH_glcm_Imc2', 'dwi_log-sigma-3-mm-3D_glcm_ClusterShade']","[0.8333333333333334, 0.4276315789473684]","[0.589622641509434, 0.7222222222222222]","[0.6906077348066298, 0.5371900826446281]","[0.589622641509434, 0.7222222222222222]",Naive Bayes
35,7,0.7752354712186498,0.5629820051413882,0.7436566967347155,0.3408416136184348,0.33664050545436597,0.5527638190954773,0.6665053663378622,0.7052980132450332,0.6179775280898876,0.7417840375586855,0.5,0.8229166666666666,0.6798807828242865,42,"['dwi_square_ngtdm_Strength', 'dwi_log-sigma-3-mm-3D_firstorder_Skewness', 'dwi_exponential_glcm_Imc1', 'dwi_square_firstorder_Skewness', 'dwi_exponential_ngtdm_Strength', 'dwi_log-sigma-3-mm-3D_firstorder_Kurtosis', 'dwi_exponential_glszm_GrayLevelNonUniformityNormalized', 'dwi_wavelet2-LL_firstorder_Skewness', 'dwi_exponential_firstorder_Skewness', 'dwi_wavelet2-LL_ngtdm_Strength', 'dwi_square_ngtdm_Busyness', 'dwi_square_glrlm_GrayLevelNonUniformity', 'dwi_exponential_glcm_ClusterProminence', 'dwi_exponential_glrlm_GrayLevelVariance', 'dwi_wavelet2-LL_glcm_ClusterShade', 'dwi_log-sigma-2-mm-3D_firstorder_Kurtosis', 'dwi_exponential_gldm_SmallDependenceHighGrayLevelEmphasis', 'dwi_exponential_firstorder_Maximum', 'dwi_log-sigma-3-mm-3D_ngtdm_Busyness', 'dwi_square_firstorder_Kurtosis', 'dwi_wavelet2-LL_firstorder_Kurtosis', 'dwi_square_glszm_SmallAreaHighGrayLevelEmphasis', 'dwi_log-sigma-2-mm-3D_glcm_MCC', 'dwi_square_glcm_MCC', 'dwi_exponential_glszm_SizeZoneNonUniformityNormalized', 'dwi_log-sigma-3-mm-3D_gldm_LargeDependenceHighGrayLevelEmphasis', 'dwi_wavelet2-LH_glcm_MCC', 'adc_logarithm_gldm_GrayLevelNonUniformity', 'dwi_wavelet2-LL_glszm_GrayLevelNonUniformity', 'dwi_wavelet2-LH_glcm_Imc2', 'dwi_square_glszm_SizeZoneNonUniformityNormalized', 'dwi_log-sigma-2-mm-3D_ngtdm_Strength', 'dwi_square_glcm_ClusterShade', 'dwi_wavelet2-LH_glcm_Correlation', 'dwi_exponential_glszm_LargeAreaLowGrayLevelEmphasis', 'dwi_square_firstorder_Range', 'dwi_log-sigma-0-6-mm-3D_firstorder_Skewness', 'dwi_exponential_gldm_SmallDependenceEmphasis', 'adc_wavelet2-LL_ngtdm_Coarseness', 'dwi_exponential_glcm_Imc2', 't2_squareroot_glszm_SizeZoneNonUniformity', 'dwi_log-sigma-2-mm-3D_ngtdm_Busyness']","[0.8229166666666666, 0.5]","[0.7417840375586855, 0.6179775280898876]","[0.7802469135802469, 0.5527638190954773]","[0.7417840375586855, 0.6179775280898876]",Naive Bayes
36,8,0.7781901511523597,0.5720876585928489,0.7397514806642667,0.31639333039637124,0.3021197880211979,0.5252525252525253,0.643939393939394,0.6835016835016835,0.6582278481012658,0.6926605504587156,0.4369747899159664,0.848314606741573,0.6754441992799907,43,"['dwi_square_ngtdm_Strength', 'dwi_exponential_glcm_Imc1', 'dwi_log-sigma-3-mm-3D_firstorder_Skewness', 'dwi_exponential_ngtdm_Strength', 'dwi_exponential_glszm_GrayLevelNonUniformityNormalized', 'dwi_square_firstorder_Skewness', 'dwi_exponential_glszm_GrayLevelVariance', 'dwi_log-sigma-3-mm-3D_firstorder_Kurtosis', 'dwi_exponential_firstorder_Skewness', 'dwi_wavelet2-LL_firstorder_Skewness', 'dwi_exponential_glcm_ClusterProminence', 'dwi_wavelet2-LL_ngtdm_Strength', 'dwi_exponential_glrlm_GrayLevelVariance', 'dwi_square_ngtdm_Busyness', 'dwi_exponential_firstorder_Maximum', 'dwi_exponential_gldm_SmallDependenceHighGrayLevelEmphasis', 'dwi_square_glrlm_GrayLevelNonUniformity', 'dwi_square_firstorder_Kurtosis', 'dwi_log-sigma-2-mm-3D_firstorder_Kurtosis', 'dwi_square_glcm_MCC', 'dwi_log-sigma-3-mm-3D_ngtdm_Busyness', 'dwi_wavelet2-LL_glcm_ClusterShade', 'dwi_original_firstorder_Kurtosis', 'dwi_exponential_glszm_SizeZoneNonUniformityNormalized', 'dwi_wavelet2-LH_glcm_Correlation', 'dwi_square_glszm_SmallAreaHighGrayLevelEmphasis', 'dwi_log-sigma-2-mm-3D_glcm_MCC', 'dwi_exponential_glszm_LargeAreaHighGrayLevelEmphasis', 'dwi_wavelet2-LH_glcm_Imc2', 'dwi_exponential_glcm_Imc2', 'dwi_exponential_gldm_SmallDependenceEmphasis', 'adc_logarithm_gldm_GrayLevelNonUniformity', 'dwi_wavelet2-LH_glcm_MCC', 'dwi_square_glszm_SizeZoneNonUniformityNormalized', 'dwi_log-sigma-3-mm-3D_gldm_LargeDependenceHighGrayLevelEmphasis', 'dwi_log-sigma-3-mm-3D_glcm_ClusterShade', 'dwi_wavelet2-LL_glszm_GrayLevelNonUniformity', 'adc_wavelet2-LL_ngtdm_Coarseness', 'dwi_log-sigma-2-mm-3D_ngtdm_Strength', 'dwi_log-sigma-0-6-mm-3D_glszm_ZoneVariance', 'dwi_log-sigma-0-6-mm-3D_firstorder_Skewness', 'dwi_log-sigma-2-mm-3D_ngtdm_Busyness', 'dwi_log-sigma-3-mm-3D_glcm_JointAverage']","[0.848314606741573, 0.4369747899159664]","[0.6926605504587156, 0.6582278481012658]","[0.7626262626262627, 0.5252525252525253]","[0.6926605504587156, 0.6582278481012658]",Naive Bayes
37,8,0.763793043958319,0.5606469002695418,0.7791754756871037,0.4102974024648066,0.4072532102728732,0.59375,0.7026721014492754,0.7425742574257426,0.6477272727272727,0.7813953488372093,0.5480769230769231,0.8442211055276382,0.714561310782241,42,"['dwi_square_ngtdm_Strength', 'dwi_log-sigma-3-mm-3D_firstorder_Skewness', 'dwi_exponential_glcm_Imc1', 'dwi_wavelet2-LL_firstorder_Skewness', 'dwi_exponential_glszm_GrayLevelNonUniformityNormalized', 'dwi_square_ngtdm_Busyness', 'dwi_exponential_ngtdm_Strength', 'dwi_square_firstorder_Skewness', 'dwi_log-sigma-3-mm-3D_firstorder_Kurtosis', 'dwi_square_glrlm_GrayLevelNonUniformity', 'dwi_exponential_glcm_ClusterProminence', 'dwi_exponential_glrlm_GrayLevelVariance', 'dwi_exponential_gldm_SmallDependenceHighGrayLevelEmphasis', 'dwi_exponential_firstorder_Skewness', 'dwi_wavelet2-LL_glcm_ClusterShade', 'dwi_exponential_firstorder_Maximum', 'dwi_log-sigma-3-mm-3D_ngtdm_Strength', 'dwi_log-sigma-2-mm-3D_firstorder_Kurtosis', 'dwi_log-sigma-3-mm-3D_ngtdm_Busyness', 'dwi_square_glszm_GrayLevelVariance', 'dwi_wavelet2-LL_firstorder_Kurtosis', 'dwi_wavelet2-LL_glszm_GrayLevelNonUniformity', 'dwi_exponential_glszm_LargeAreaHighGrayLevelEmphasis', 'dwi_square_firstorder_Kurtosis', 'dwi_square_glcm_MCC', 'adc_logarithm_ngtdm_Coarseness', 'adc_logarithm_gldm_GrayLevelNonUniformity', 'dwi_log-sigma-2-mm-3D_glcm_MCC', 'dwi_exponential_glszm_SizeZoneNonUniformityNormalized', 'dwi_exponential_gldm_SmallDependenceEmphasis', 't2_original_glszm_GrayLevelNonUniformity', 'dwi_square_glszm_SizeZoneNonUniformityNormalized', 'dwi_exponential_glcm_Imc2', 't2_original_shape_SurfaceVolumeRatio', 'dwi_log-sigma-3-mm-3D_glcm_ClusterShade', 'dwi_log-sigma-0-6-mm-3D_glszm_ZoneVariance', 'dwi_log-sigma-3-mm-3D_gldm_LargeDependenceHighGrayLevelEmphasis', 'dwi_square_firstorder_Maximum', 'dwi_wavelet2-LH_glcm_Imc2', 'dwi_wavelet2-LH_glcm_MCC', 'dwi_wavelet2-LH_glcm_Correlation', 't2_logarithm_ngtdm_Coarseness']","[0.8442211055276382, 0.5480769230769231]","[0.7813953488372093, 0.6477272727272727]","[0.8115942028985508, 0.59375]","[0.7813953488372093, 0.6477272727272727]",Naive Bayes
38,8,0.7568798449612402,0.5415384615384615,0.8008966096945923,0.4201001206518542,0.3788572205355929,0.6,0.6743169398907104,0.6912751677852349,0.8313253012048193,0.6372093023255814,0.46938775510204084,0.9072847682119205,0.7342673017652004,42,"['dwi_square_ngtdm_Strength', 'dwi_log-sigma-3-mm-3D_firstorder_Skewness', 'dwi_exponential_ngtdm_Strength', 'dwi_exponential_glcm_Imc1', 'dwi_exponential_glszm_GrayLevelNonUniformityNormalized', 'dwi_log-sigma-3-mm-3D_firstorder_Kurtosis', 'dwi_square_firstorder_Skewness', 'dwi_wavelet2-LL_firstorder_Skewness', 'dwi_square_glrlm_GrayLevelNonUniformity', 'dwi_exponential_glszm_GrayLevelVariance', 'dwi_square_ngtdm_Busyness', 'dwi_exponential_firstorder_Skewness', 'dwi_wavelet2-LL_ngtdm_Strength', 'dwi_exponential_glcm_ClusterProminence', 'dwi_exponential_glrlm_GrayLevelVariance', 'dwi_exponential_gldm_SmallDependenceHighGrayLevelEmphasis', 'dwi_exponential_firstorder_Maximum', 'adc_logarithm_gldm_GrayLevelNonUniformity', 'dwi_wavelet2-LL_glcm_ClusterShade', 'dwi_log-sigma-3-mm-3D_ngtdm_Busyness', 'dwi_square_firstorder_Kurtosis', 'dwi_log-sigma-2-mm-3D_firstorder_Kurtosis', 'dwi_wavelet2-LL_glszm_GrayLevelNonUniformity', 'adc_wavelet2-LL_ngtdm_Coarseness', 't2_original_shape_SurfaceVolumeRatio', 'dwi_exponential_glszm_LargeAreaHighGrayLevelEmphasis', 'dwi_square_glcm_MCC', 't2_squareroot_glszm_SizeZoneNonUniformity', 'dwi_wavelet2-LL_firstorder_Kurtosis', 'dwi_exponential_glszm_SizeZoneNonUniformityNormalized', 'dwi_exponential_gldm_SmallDependenceEmphasis', 'dwi_square_glszm_SmallAreaHighGrayLevelEmphasis', 'dwi_exponential_glcm_Imc2', 'dwi_log-sigma-2-mm-3D_glcm_MCC', 'adc_wavelet2-LL_glcm_Imc1', 'dwi_log-sigma-0-6-mm-3D_glszm_ZoneVariance', 't2_log-sigma-2-mm-3D_glrlm_RunLengthNonUniformity', 't2_logarithm_ngtdm_Coarseness', 't2_log-sigma-3-mm-3D_glszm_ZoneEntropy', 'dwi_wavelet2-LH_glcm_Imc2', 'dwi_square_glszm_SizeZoneNonUniformityNormalized', 't2_wavelet-HL_glszm_GrayLevelNonUniformity']","[0.9072847682119205, 0.46938775510204084]","[0.6372093023255814, 0.8313253012048193]","[0.7486338797814208, 0.6]","[0.6372093023255814, 0.8313253012048193]",Naive Bayes
39,8,0.7802953069139154,0.564625850340136,0.7408471690080886,0.2970257623273056,0.2801535087719298,0.5315315315315315,0.6303490990990991,0.6567656765676567,0.6781609195402298,0.6481481481481481,0.43703703703703706,0.8333333333333334,0.663154533844189,42,"['dwi_square_ngtdm_Strength', 'dwi_log-sigma-3-mm-3D_firstorder_Skewness', 'dwi_exponential_glcm_Imc1', 'dwi_exponential_ngtdm_Strength', 'dwi_square_firstorder_Skewness', 'dwi_exponential_glszm_GrayLevelNonUniformityNormalized', 'dwi_log-sigma-3-mm-3D_firstorder_Kurtosis', 'dwi_wavelet2-LL_firstorder_Skewness', 'dwi_exponential_glszm_GrayLevelVariance', 'dwi_exponential_firstorder_Skewness', 'dwi_exponential_glcm_ClusterProminence', 'dwi_exponential_glrlm_GrayLevelVariance', 'dwi_wavelet2-LL_ngtdm_Strength', 'dwi_log-sigma-2-mm-3D_firstorder_Kurtosis', 'dwi_exponential_gldm_SmallDependenceHighGrayLevelEmphasis', 'dwi_exponential_firstorder_Range', 'dwi_square_firstorder_Kurtosis', 'dwi_wavelet2-LL_firstorder_Kurtosis', 'dwi_square_ngtdm_Busyness', 'dwi_square_glrlm_GrayLevelNonUniformity', 'dwi_wavelet2-LL_glcm_ClusterShade', 'dwi_log-sigma-3-mm-3D_ngtdm_Busyness', 'dwi_square_glszm_SmallAreaHighGrayLevelEmphasis', 'dwi_exponential_glszm_SizeZoneNonUniformityNormalized', 'dwi_exponential_glszm_LargeAreaEmphasis', 'dwi_log-sigma-3-mm-3D_glrlm_LongRunHighGrayLevelEmphasis', 'dwi_wavelet2-LH_glcm_MCC', 'dwi_square_glcm_MCC', 'adc_logarithm_gldm_GrayLevelNonUniformity', 'dwi_square_glszm_SizeZoneNonUniformityNormalized', 'dwi_log-sigma-2-mm-3D_glcm_MCC', 'dwi_exponential_gldm_SmallDependenceEmphasis', 'dwi_exponential_glcm_Imc2', 'dwi_wavelet2-LH_glcm_Imc2', 'dwi_log-sigma-3-mm-3D_glrlm_GrayLevelNonUniformity', 'dwi_wavelet2-LH_glcm_Correlation', 'adc_original_ngtdm_Coarseness', 'dwi_log-sigma-2-mm-3D_ngtdm_Strength', 'dwi_log-sigma-0-6-mm-3D_firstorder_Skewness', 'dwi_log-sigma-3-mm-3D_glcm_JointAverage', 'dwi_log-sigma-3-mm-3D_gldm_LowGrayLevelEmphasis', 'dwi_log-sigma-0-6-mm-3D_glszm_LargeAreaEmphasis']","[0.8333333333333334, 0.43703703703703706]","[0.6481481481481481, 0.6781609195402298]","[0.7291666666666666, 0.5315315315315315]","[0.6481481481481481, 0.6781609195402298]",Naive Bayes
40,8,0.7720783190460491,0.5606060606060606,0.7425947867298578,0.26382268352807364,0.2381068445192882,0.5228215767634855,0.6003463626114347,0.6153846153846154,0.7159090909090909,0.5734597156398105,0.4117647058823529,0.8287671232876712,0.6446844032744508,42,"['dwi_square_ngtdm_Strength', 'dwi_log-sigma-3-mm-3D_firstorder_Skewness', 'dwi_exponential_glszm_GrayLevelNonUniformityNormalized', 'dwi_exponential_glcm_Imc1', 'dwi_square_ngtdm_Busyness', 'dwi_wavelet2-LL_firstorder_Skewness', 'dwi_exponential_ngtdm_Strength', 'dwi_square_glrlm_GrayLevelNonUniformity', 'dwi_square_firstorder_Skewness', 'dwi_log-sigma-3-mm-3D_firstorder_Kurtosis', 'dwi_wavelet2-LL_ngtdm_Strength', 'dwi_exponential_glszm_GrayLevelVariance', 'dwi_exponential_gldm_SmallDependenceHighGrayLevelEmphasis', 'dwi_exponential_glcm_ClusterProminence', 'dwi_exponential_glrlm_GrayLevelVariance', 'dwi_wavelet2-LL_glcm_ClusterShade', 'dwi_exponential_firstorder_Skewness', 'dwi_exponential_firstorder_Range', 'dwi_exponential_glszm_LargeAreaHighGrayLevelEmphasis', 'dwi_log-sigma-3-mm-3D_ngtdm_Busyness', 'dwi_square_glcm_MCC', 'dwi_exponential_glszm_SizeZoneNonUniformityNormalized', 'dwi_log-sigma-2-mm-3D_firstorder_Kurtosis', 'dwi_wavelet2-LL_glszm_GrayLevelNonUniformity', 'dwi_exponential_gldm_SmallDependenceEmphasis', 'adc_logarithm_gldm_GrayLevelNonUniformity', 'dwi_wavelet2-LL_firstorder_Kurtosis', 'dwi_square_firstorder_Kurtosis', 'adc_wavelet2-LL_ngtdm_Coarseness', 'dwi_log-sigma-2-mm-3D_glcm_MCC', 'dwi_square_glszm_SmallAreaHighGrayLevelEmphasis', 'dwi_exponential_glcm_Imc2', 'dwi_log-sigma-0-6-mm-3D_glszm_ZoneVariance', 'dwi_square_glszm_SizeZoneNonUniformityNormalized', 't2_original_glszm_GrayLevelNonUniformity', 't2_original_shape_SurfaceVolumeRatio', 'dwi_wavelet2-LH_glcm_Imc2', 'dwi_logarithm_gldm_GrayLevelNonUniformity', 'dwi_wavelet2-LH_glcm_Correlation', 'dwi_exponential_glszm_ZoneVariance', 'adc_squareroot_firstorder_TotalEnergy', 'dwi_log-sigma-2-mm-3D_ngtdm_Strength']","[0.8287671232876712, 0.4117647058823529]","[0.5734597156398105, 0.7159090909090909]","[0.6778711484593838, 0.5228215767634855]","[0.5734597156398105, 0.7159090909090909]",Naive Bayes
41,9,0.7695493365330321,0.5534883720930233,0.7406024396315659,0.31559119972171296,0.3063378658677114,0.5809128630705395,0.6482029104085092,0.6610738255033557,0.6796116504854369,0.6512820512820513,0.5072463768115942,0.79375,0.6654468508837441,40,"['dwi_square_ngtdm_Strength', 'dwi_log-sigma-3-mm-3D_firstorder_Skewness', 'dwi_exponential_glcm_Imc1', 'dwi_wavelet2-LL_firstorder_Skewness', 'dwi_exponential_glszm_GrayLevelNonUniformityNormalized', 'dwi_square_glrlm_GrayLevelNonUniformity', 'dwi_square_firstorder_Skewness', 'dwi_exponential_ngtdm_Strength', 'dwi_square_ngtdm_Busyness', 'dwi_log-sigma-3-mm-3D_firstorder_Kurtosis', 'dwi_wavelet2-LL_ngtdm_Strength', 'dwi_exponential_firstorder_Skewness', 'dwi_exponential_glcm_ClusterProminence', 'dwi_exponential_gldm_SmallDependenceHighGrayLevelEmphasis', 'dwi_exponential_glrlm_GrayLevelVariance', 'dwi_exponential_firstorder_Range', 'dwi_wavelet2-LL_glcm_ClusterShade', 'dwi_exponential_glszm_LargeAreaHighGrayLevelEmphasis', 'dwi_square_firstorder_Kurtosis', 'adc_logarithm_gldm_GrayLevelNonUniformity', 'adc_wavelet2-LL_ngtdm_Coarseness', 'dwi_log-sigma-3-mm-3D_glrlm_GrayLevelNonUniformity', 'dwi_exponential_gldm_DependenceVariance', 'dwi_log-sigma-3-mm-3D_ngtdm_Busyness', 'dwi_log-sigma-2-mm-3D_firstorder_Kurtosis', 'dwi_exponential_glszm_SizeZoneNonUniformityNormalized', 'dwi_original_firstorder_Kurtosis', 'dwi_exponential_glcm_Imc2', 't2_wavelet2-HL_glszm_GrayLevelNonUniformity', 'dwi_log-sigma-2-mm-3D_glcm_MCC', 't2_original_shape_SurfaceVolumeRatio', 'dwi_square_glcm_MCC', 'dwi_square_glszm_SmallAreaHighGrayLevelEmphasis', 'adc_squareroot_firstorder_TotalEnergy', 'dwi_square_glszm_SizeZoneNonUniformityNormalized', 't2_log-sigma-3-mm-3D_glszm_ZoneEntropy', 't2_log-sigma-2-mm-3D_glrlm_RunLengthNonUniformity', 'dwi_exponential_glcm_JointAverage', 'dwi_wavelet2-LH_glcm_MCC', 'dwi_log-sigma-0-6-mm-3D_glszm_LargeAreaEmphasis']","[0.79375, 0.5072463768115942]","[0.6512820512820513, 0.6796116504854369]","[0.7154929577464789, 0.5809128630705395]","[0.6512820512820513, 0.6796116504854369]",Naive Bayes
42,9,0.7757828098861368,0.5625,0.7372313784869838,0.30147900434054714,0.2839397924886746,0.51,0.6325000000000001,0.6733333333333333,0.6623376623376623,0.6771300448430493,0.4146341463414634,0.8531073446327684,0.6697338535903559,43,"['dwi_square_ngtdm_Strength', 'dwi_exponential_glcm_Imc1', 'dwi_log-sigma-3-mm-3D_firstorder_Skewness', 'dwi_exponential_ngtdm_Strength', 'dwi_exponential_glszm_GrayLevelNonUniformityNormalized', 'dwi_exponential_glszm_GrayLevelVariance', 'dwi_log-sigma-3-mm-3D_firstorder_Kurtosis', 'dwi_wavelet2-LL_firstorder_Skewness', 'dwi_square_firstorder_Skewness', 'dwi_exponential_glcm_ClusterProminence', 'dwi_exponential_glrlm_GrayLevelVariance', 'dwi_exponential_gldm_SmallDependenceHighGrayLevelEmphasis', 'dwi_exponential_firstorder_Maximum', 'dwi_wavelet2-LL_ngtdm_Strength', 'dwi_exponential_firstorder_Skewness', 'dwi_square_glrlm_GrayLevelNonUniformity', 'dwi_square_ngtdm_Busyness', 'dwi_wavelet2-LL_firstorder_Kurtosis', 'dwi_log-sigma-2-mm-3D_firstorder_Kurtosis', 'dwi_exponential_glszm_LargeAreaEmphasis', 'dwi_wavelet2-LL_glcm_ClusterShade', 'dwi_square_glcm_MCC', 'dwi_exponential_glszm_SizeZoneNonUniformityNormalized', 'dwi_square_firstorder_Kurtosis', 'dwi_log-sigma-3-mm-3D_ngtdm_Busyness', 'adc_logarithm_gldm_GrayLevelNonUniformity', 'dwi_exponential_gldm_SmallDependenceEmphasis', 'dwi_exponential_glcm_Imc2', 'dwi_square_glszm_SmallAreaHighGrayLevelEmphasis', 'dwi_wavelet2-LL_glszm_GrayLevelNonUniformity', 'dwi_log-sigma-2-mm-3D_glcm_MCC', 'adc_logarithm_ngtdm_Coarseness', 'dwi_wavelet2-LH_glcm_Correlation', 'dwi_square_glszm_SizeZoneNonUniformityNormalized', 'dwi_log-sigma-0-6-mm-3D_glszm_ZoneVariance', 'dwi_log-sigma-3-mm-3D_gldm_LargeDependenceHighGrayLevelEmphasis', 'dwi_wavelet2-LH_glcm_Imc2', 't2_original_shape_SurfaceVolumeRatio', 't2_original_glszm_GrayLevelNonUniformity', 'dwi_log-sigma-3-mm-3D_ngtdm_Coarseness', 'dwi_wavelet2-LH_glcm_MCC', 'dwi_log-sigma-2-mm-3D_ngtdm_Strength', 't2_logarithm_ngtdm_Coarseness']","[0.8531073446327684, 0.4146341463414634]","[0.6771300448430493, 0.6623376623376623]","[0.755, 0.51]","[0.6771300448430493, 0.6623376623376623]",Naive Bayes
43,9,0.7731390605917313,0.5624242424242424,0.7646565227120161,0.31959969077819506,0.2997925311203319,0.5352112676056338,0.6396986570586308,0.67,0.6951219512195121,0.6605504587155964,0.4351145038167939,0.8520710059171598,0.6778362049675543,42,"['dwi_square_ngtdm_Strength', 'dwi_log-sigma-3-mm-3D_firstorder_Skewness', 'dwi_exponential_ngtdm_Strength', 'dwi_exponential_glszm_GrayLevelNonUniformityNormalized', 'dwi_square_ngtdm_Busyness', 'dwi_exponential_glcm_Imc1', 'dwi_wavelet2-LL_ngtdm_Strength', 'dwi_log-sigma-3-mm-3D_firstorder_Kurtosis', 'dwi_square_firstorder_Skewness', 'dwi_wavelet2-LL_firstorder_Skewness', 'dwi_square_glrlm_GrayLevelNonUniformity', 'dwi_exponential_glszm_GrayLevelVariance', 'dwi_exponential_glcm_ClusterProminence', 'dwi_exponential_gldm_SmallDependenceHighGrayLevelEmphasis', 'dwi_exponential_glrlm_GrayLevelVariance', 'dwi_exponential_firstorder_Skewness', 'dwi_wavelet2-LL_glcm_ClusterShade', 'dwi_exponential_firstorder_Maximum', 'dwi_log-sigma-3-mm-3D_ngtdm_Busyness', 'dwi_log-sigma-2-mm-3D_firstorder_Kurtosis', 'dwi_square_glcm_MCC', 'adc_logarithm_gldm_GrayLevelNonUniformity', 'dwi_exponential_glszm_LargeAreaHighGrayLevelEmphasis', 'dwi_log-sigma-2-mm-3D_glcm_MCC', 'dwi_wavelet2-LH_glcm_Imc2', 'dwi_wavelet2-LH_glcm_Correlation', 'dwi_wavelet2-LL_glszm_GrayLevelNonUniformity', 'dwi_square_glszm_SmallAreaHighGrayLevelEmphasis', 'dwi_square_firstorder_Kurtosis', 'dwi_exponential_glszm_SizeZoneNonUniformityNormalized', 'dwi_wavelet2-LH_glcm_MCC', 'dwi_log-sigma-3-mm-3D_glcm_ClusterShade', 'dwi_exponential_gldm_SmallDependenceEmphasis', 'adc_original_ngtdm_Coarseness', 'dwi_wavelet2-LL_firstorder_Kurtosis', 'dwi_log-sigma-0-6-mm-3D_glszm_ZoneVariance', 'dwi_square_glszm_SizeZoneNonUniformityNormalized', 'dwi_exponential_glcm_Imc2', 'dwi_log-sigma-2-mm-3D_ngtdm_Strength', 't2_original_glszm_GrayLevelNonUniformity', 'dwi_log-sigma-3-mm-3D_gldm_LargeDependenceHighGrayLevelEmphasis', 'dwi_wavelet-LH_glcm_Imc1']","[0.8520710059171598, 0.4351145038167939]","[0.6605504587155964, 0.6951219512195121]","[0.7441860465116279, 0.5352112676056338]","[0.6605504587155964, 0.6951219512195121]",Naive Bayes
44,9,0.7588302847210726,0.5448195576251456,0.8098897604409582,0.4250335703774551,0.4053457292271936,0.6153846153846154,0.6961437512618616,0.717607973421927,0.7640449438202247,0.6981132075471698,0.5151515151515151,0.8757396449704142,0.7310790756836972,42,"['dwi_square_ngtdm_Strength', 'dwi_log-sigma-3-mm-3D_firstorder_Skewness', 'dwi_square_firstorder_Skewness', 'dwi_exponential_ngtdm_Strength', 'dwi_log-sigma-3-mm-3D_firstorder_Kurtosis', 'dwi_exponential_glcm_Imc1', 'dwi_exponential_glszm_GrayLevelNonUniformityNormalized', 'dwi_exponential_glszm_GrayLevelVariance', 'dwi_original_firstorder_Skewness', 'dwi_exponential_firstorder_Skewness', 'dwi_square_glrlm_GrayLevelNonUniformity', 'dwi_square_ngtdm_Busyness', 'dwi_wavelet2-LL_firstorder_Kurtosis', 'dwi_wavelet2-LL_ngtdm_Strength', 'dwi_square_firstorder_Kurtosis', 'dwi_exponential_glrlm_GrayLevelVariance', 'dwi_exponential_glcm_ClusterProminence', 'dwi_exponential_gldm_SmallDependenceHighGrayLevelEmphasis', 'dwi_exponential_firstorder_Maximum', 'dwi_log-sigma-2-mm-3D_firstorder_Kurtosis', 'dwi_wavelet2-LL_glcm_ClusterShade', 'dwi_log-sigma-3-mm-3D_ngtdm_Busyness', 'adc_logarithm_gldm_GrayLevelNonUniformity', 'dwi_exponential_glszm_SizeZoneNonUniformityNormalized', 'dwi_square_glcm_MCC', 'adc_wavelet2-LL_ngtdm_Coarseness', 'dwi_wavelet2-LL_glszm_GrayLevelNonUniformity', 'dwi_square_glszm_SmallAreaHighGrayLevelEmphasis', 'dwi_exponential_glszm_LargeAreaHighGrayLevelEmphasis', 'dwi_square_glszm_SizeZoneNonUniformityNormalized', 'dwi_exponential_gldm_SmallDependenceEmphasis', 'dwi_log-sigma-2-mm-3D_glcm_MCC', 'dwi_log-sigma-3-mm-3D_glcm_ClusterShade', 'dwi_logarithm_gldm_GrayLevelNonUniformity', 't2_original_shape_SurfaceVolumeRatio', 't2_squareroot_glszm_SizeZoneNonUniformity', 'dwi_log-sigma-2-mm-3D_ngtdm_Strength', 'dwi_log-sigma-0-6-mm-3D_glszm_ZoneVariance', 'dwi_log-sigma-3-mm-3D_glrlm_LongRunHighGrayLevelEmphasis', 'dwi_exponential_glcm_Imc2', 'adc_wavelet2-LL_glcm_Imc1', 'dwi_wavelet2-LH_glcm_Imc2']","[0.8757396449704142, 0.5151515151515151]","[0.6981132075471698, 0.7640449438202247]","[0.7769028871391076, 0.6153846153846154]","[0.6981132075471698, 0.7640449438202247]",Naive Bayes
45,9,0.7690056711283126,0.5707656612529002,0.7590486962733659,0.32159604393952934,0.29942297434902776,0.5151515151515151,0.6387638763876388,0.6810631229235881,0.6891891891891891,0.6784140969162996,0.4112903225806452,0.8700564971751412,0.6838016430527444,43,"['dwi_square_ngtdm_Strength', 'dwi_log-sigma-3-mm-3D_firstorder_Skewness', 'dwi_exponential_glcm_Imc1', 'dwi_exponential_ngtdm_Strength', 'dwi_exponential_glszm_GrayLevelNonUniformityNormalized', 'dwi_square_firstorder_Skewness', 'dwi_exponential_glszm_GrayLevelVariance', 'dwi_log-sigma-3-mm-3D_firstorder_Kurtosis', 'dwi_wavelet2-LL_firstorder_Skewness', 'dwi_exponential_firstorder_Skewness', 'dwi_wavelet2-LL_ngtdm_Strength', 'dwi_exponential_glcm_ClusterProminence', 'dwi_square_ngtdm_Busyness', 'dwi_exponential_glrlm_GrayLevelVariance', 'dwi_exponential_firstorder_Maximum', 'dwi_exponential_gldm_SmallDependenceHighGrayLevelEmphasis', 'dwi_wavelet2-LL_glcm_ClusterShade', 'dwi_log-sigma-3-mm-3D_ngtdm_Busyness', 'dwi_log-sigma-2-mm-3D_firstorder_Kurtosis', 'dwi_square_firstorder_Kurtosis', 'dwi_square_glrlm_GrayLevelNonUniformity', 'dwi_square_glszm_SmallAreaHighGrayLevelEmphasis', 'dwi_square_glcm_MCC', 'dwi_wavelet2-LL_firstorder_Kurtosis', 'dwi_exponential_glszm_SizeZoneNonUniformityNormalized', 'dwi_square_glcm_ClusterShade', 'dwi_square_glszm_SizeZoneNonUniformityNormalized', 'dwi_log-sigma-3-mm-3D_gldm_LargeDependenceHighGrayLevelEmphasis', 'dwi_exponential_glcm_Imc2', 'dwi_exponential_glszm_LargeAreaEmphasis', 'dwi_exponential_gldm_SmallDependenceEmphasis', 'dwi_log-sigma-2-mm-3D_glcm_MCC', 'dwi_wavelet2-LH_glcm_Imc2', 'dwi_wavelet2-LH_glcm_MCC', 'dwi_log-sigma-2-mm-3D_ngtdm_Strength', 'dwi_wavelet2-LH_glcm_Correlation', 'adc_logarithm_gldm_GrayLevelNonUniformity', 'dwi_wavelet2-LL_glszm_GrayLevelNonUniformity', 'dwi_log-sigma-2-mm-3D_ngtdm_Busyness', 'dwi_log-sigma-3-mm-3D_glcm_JointAverage', 'dwi_log-sigma-3-mm-3D_gldm_LowGrayLevelEmphasis', 'adc_wavelet2-LL_ngtdm_Coarseness', 'dwi_log-sigma-3-mm-3D_glrlm_ShortRunLowGrayLevelEmphasis']","[0.8700564971751412, 0.4112903225806452]","[0.6784140969162996, 0.6891891891891891]","[0.7623762376237624, 0.5151515151515151]","[0.6784140969162996, 0.6891891891891891]",Naive Bayes
46,10,0.7764157411216235,0.5676959619952494,0.7364326375711575,0.2842034428859034,0.26893533820585636,0.5185185185185185,0.6252386407025582,0.6556291390728477,0.6588235294117647,0.6543778801843319,0.42748091603053434,0.8304093567251462,0.6566007047980482,42,"['dwi_square_ngtdm_Strength', 'dwi_log-sigma-3-mm-3D_firstorder_Skewness', 'dwi_wavelet2-LL_firstorder_Skewness', 'dwi_exponential_glcm_Imc1', 'dwi_exponential_ngtdm_Strength', 'dwi_exponential_glszm_GrayLevelNonUniformityNormalized', 'dwi_log-sigma-3-mm-3D_firstorder_Kurtosis', 'dwi_square_ngtdm_Busyness', 'dwi_exponential_glszm_GrayLevelVariance', 'dwi_square_firstorder_Skewness', 'dwi_wavelet2-LL_ngtdm_Strength', 'dwi_square_glrlm_GrayLevelNonUniformity', 'dwi_exponential_glcm_ClusterProminence', 'dwi_exponential_firstorder_Skewness', 'dwi_exponential_glrlm_GrayLevelVariance', 'dwi_exponential_gldm_SmallDependenceHighGrayLevelEmphasis', 'dwi_wavelet2-LL_glcm_ClusterShade', 'dwi_exponential_firstorder_Maximum', 'dwi_wavelet2-LL_firstorder_Kurtosis', 'dwi_log-sigma-3-mm-3D_ngtdm_Busyness', 'dwi_log-sigma-2-mm-3D_firstorder_Kurtosis', 'dwi_wavelet2-LL_glszm_GrayLevelNonUniformity', 'dwi_exponential_glszm_LargeAreaHighGrayLevelEmphasis', 'dwi_exponential_glszm_SizeZoneNonUniformityNormalized', 'adc_logarithm_gldm_GrayLevelNonUniformity', 'dwi_square_firstorder_Kurtosis', 'dwi_square_glcm_MCC', 'dwi_exponential_gldm_SmallDependenceEmphasis', 'dwi_square_glszm_SmallAreaHighGrayLevelEmphasis', 'adc_logarithm_ngtdm_Coarseness', 'dwi_exponential_glcm_Imc2', 'dwi_log-sigma-2-mm-3D_glcm_MCC', 'dwi_log-sigma-0-6-mm-3D_glszm_ZoneVariance', 'dwi_log-sigma-3-mm-3D_gldm_LargeDependenceHighGrayLevelEmphasis', 't2_original_glszm_GrayLevelNonUniformity', 'dwi_wavelet2-LH_glcm_Imc2', 'dwi_wavelet2-LH_glcm_Correlation', 'dwi_log-sigma-2-mm-3D_ngtdm_Strength', 'dwi_logarithm_ngtdm_Coarseness', 'dwi_square_glszm_SizeZoneNonUniformityNormalized', 't2_log-sigma-3-mm-3D_glszm_ZoneEntropy', 't2_original_shape_SurfaceVolumeRatio']","[0.8304093567251462, 0.42748091603053434]","[0.6543778801843319, 0.6588235294117647]","[0.7319587628865979, 0.5185185185185185]","[0.6543778801843319, 0.6588235294117647]",Naive Bayes
47,10,0.7648630183780829,0.5575326215895611,0.7644859813084112,0.36573153036485057,0.33681659158987487,0.5726872246696035,0.6556158495315673,0.6755852842809364,0.7647058823529411,0.6401869158878505,0.45774647887323944,0.8726114649681529,0.7024463991203957,42,"['dwi_square_ngtdm_Strength', 'dwi_log-sigma-3-mm-3D_firstorder_Skewness', 'dwi_square_firstorder_Skewness', 'dwi_exponential_glcm_Imc1', 'dwi_log-sigma-3-mm-3D_firstorder_Kurtosis', 'dwi_square_ngtdm_Busyness', 'dwi_exponential_ngtdm_Strength', 'dwi_wavelet2-LL_ngtdm_Strength', 'dwi_wavelet2-LL_firstorder_Skewness', 'dwi_exponential_glszm_GrayLevelNonUniformityNormalized', 'dwi_square_glrlm_GrayLevelNonUniformity', 'dwi_exponential_firstorder_Skewness', 'dwi_square_firstorder_Kurtosis', 'dwi_wavelet2-LL_firstorder_Kurtosis', 'dwi_exponential_glcm_ClusterProminence', 'dwi_wavelet2-LL_glcm_ClusterShade', 'dwi_log-sigma-2-mm-3D_firstorder_Kurtosis', 'dwi_exponential_gldm_SmallDependenceHighGrayLevelEmphasis', 'dwi_exponential_glrlm_GrayLevelVariance', 'dwi_exponential_firstorder_Maximum', 'dwi_log-sigma-3-mm-3D_ngtdm_Busyness', 'dwi_square_glcm_MCC', 'dwi_log-sigma-2-mm-3D_glcm_MCC', 'dwi_square_glszm_SmallAreaHighGrayLevelEmphasis', 'dwi_exponential_glszm_LargeAreaHighGrayLevelEmphasis', 'adc_logarithm_gldm_GrayLevelNonUniformity', 'dwi_wavelet2-LH_glcm_Imc2', 'adc_wavelet2-LL_ngtdm_Coarseness', 'dwi_logarithm_glrlm_GrayLevelNonUniformity', 'dwi_exponential_glszm_SizeZoneNonUniformityNormalized', 'dwi_wavelet2-LH_glcm_Correlation', 'dwi_logarithm_gldm_GrayLevelNonUniformity', 'dwi_log-sigma-2-mm-3D_ngtdm_Strength', 'dwi_log-sigma-3-mm-3D_gldm_LargeDependenceHighGrayLevelEmphasis', 'dwi_log-sigma-0-6-mm-3D_glszm_ZoneVariance', 'dwi_wavelet2-LH_glcm_MCC', 'dwi_square_glszm_SizeZoneNonUniformityNormalized', 'dwi_exponential_gldm_SmallDependenceEmphasis', 't2_original_glszm_GrayLevelNonUniformity', 't2_original_shape_SurfaceVolumeRatio', 'adc_squareroot_firstorder_TotalEnergy', 'dwi_exponential_glcm_Imc2']","[0.8726114649681529, 0.45774647887323944]","[0.6401869158878505, 0.7647058823529411]","[0.738544474393531, 0.5726872246696035]","[0.6401869158878505, 0.7647058823529411]",Naive Bayes
48,10,0.7656582547886895,0.5666266506602641,0.7914746543778801,0.39874132748637303,0.38810198300283283,0.5789473684210527,0.6904637832204273,0.7306397306397306,0.6875,0.7465437788018433,0.5,0.8663101604278075,0.7170218894009217,43,"['dwi_square_ngtdm_Strength', 'dwi_log-sigma-3-mm-3D_firstorder_Skewness', 'dwi_exponential_glcm_Imc1', 'dwi_exponential_ngtdm_Strength', 'dwi_exponential_glszm_GrayLevelNonUniformityNormalized', 'dwi_square_firstorder_Skewness', 'dwi_log-sigma-3-mm-3D_firstorder_Kurtosis', 'dwi_wavelet2-LL_firstorder_Skewness', 'dwi_square_glrlm_GrayLevelNonUniformity', 'dwi_exponential_glszm_GrayLevelVariance', 'dwi_wavelet2-LL_ngtdm_Strength', 'dwi_square_ngtdm_Busyness', 'dwi_exponential_firstorder_Skewness', 'dwi_exponential_glcm_ClusterProminence', 'dwi_exponential_glrlm_GrayLevelVariance', 'dwi_exponential_gldm_SmallDependenceHighGrayLevelEmphasis', 'dwi_exponential_firstorder_Maximum', 'dwi_wavelet2-LL_firstorder_Kurtosis', 'dwi_log-sigma-2-mm-3D_firstorder_Kurtosis', 'dwi_square_firstorder_Kurtosis', 'adc_logarithm_gldm_GrayLevelNonUniformity', 'dwi_square_glcm_MCC', 'dwi_exponential_glszm_LargeAreaHighGrayLevelEmphasis', 'dwi_log-sigma-3-mm-3D_ngtdm_Busyness', 'dwi_wavelet2-LL_glcm_ClusterShade', 'adc_wavelet2-LL_ngtdm_Coarseness', 'dwi_wavelet2-LL_glszm_GrayLevelNonUniformity', 'dwi_exponential_gldm_SmallDependenceEmphasis', 't2_original_shape_SurfaceVolumeRatio', 'dwi_exponential_glszm_SizeZoneNonUniformityNormalized', 'dwi_exponential_glcm_Imc2', 'dwi_square_glszm_SmallAreaHighGrayLevelEmphasis', 't2_squareroot_glszm_SizeZoneNonUniformity', 'dwi_square_glszm_SizeZoneNonUniformityNormalized', 'dwi_wavelet2-LH_glcm_Correlation', 'dwi_log-sigma-2-mm-3D_glcm_MCC', 'dwi_log-sigma-0-6-mm-3D_glszm_ZoneVariance', 'dwi_wavelet2-LH_glcm_MCC', 'dwi_square_glcm_ClusterShade', 't2_logarithm_ngtdm_Coarseness', 'dwi_wavelet2-LH_glcm_Imc2', 'adc_wavelet2-LL_glcm_Imc1', 'dwi_log-sigma-3-mm-3D_glrlm_LongRunHighGrayLevelEmphasis']","[0.8663101604278075, 0.5]","[0.7465437788018433, 0.6875]","[0.801980198019802, 0.5789473684210527]","[0.7465437788018433, 0.6875]",Naive Bayes
49,10,0.7794136893076822,0.5679012345679012,0.7379514470222435,0.27464617058060325,0.25816023738872407,0.4845360824742268,0.6191153318775074,0.6666666666666666,0.6351351351351351,0.6769911504424779,0.39166666666666666,0.85,0.6560631427888065,43,"['dwi_square_ngtdm_Strength', 'dwi_log-sigma-3-mm-3D_firstorder_Skewness', 'dwi_exponential_glcm_Imc1', 'dwi_exponential_glszm_GrayLevelNonUniformityNormalized', 'dwi_square_firstorder_Skewness', 'dwi_log-sigma-3-mm-3D_firstorder_Kurtosis', 'dwi_wavelet2-LL_firstorder_Skewness', 'dwi_exponential_ngtdm_Strength', 'dwi_exponential_glszm_GrayLevelVariance', 'dwi_square_glrlm_GrayLevelNonUniformity', 'dwi_exponential_glrlm_GrayLevelVariance', 'dwi_exponential_glcm_ClusterProminence', 'dwi_exponential_gldm_SmallDependenceHighGrayLevelEmphasis', 'dwi_exponential_firstorder_Skewness', 'dwi_square_ngtdm_Busyness', 'dwi_exponential_firstorder_Range', 'dwi_wavelet2-LL_ngtdm_Strength', 'dwi_log-sigma-2-mm-3D_firstorder_Kurtosis', 'dwi_wavelet2-LL_glcm_ClusterShade', 'dwi_square_firstorder_Kurtosis', 'dwi_exponential_glszm_SizeZoneNonUniformityNormalized', 'dwi_log-sigma-3-mm-3D_ngtdm_Strength', 'dwi_exponential_glszm_LargeAreaHighGrayLevelEmphasis', 'dwi_square_glcm_MCC', 'dwi_original_firstorder_Kurtosis', 'adc_logarithm_gldm_GrayLevelNonUniformity', 'dwi_square_glszm_SmallAreaHighGrayLevelEmphasis', 'dwi_log-sigma-3-mm-3D_ngtdm_Busyness', 'dwi_exponential_gldm_SmallDependenceEmphasis', 'dwi_square_glszm_SizeZoneNonUniformityNormalized', 'dwi_wavelet2-LL_glszm_GrayLevelNonUniformity', 'dwi_exponential_glcm_Imc2', 'dwi_log-sigma-2-mm-3D_glcm_MCC', 'adc_wavelet2-LL_ngtdm_Coarseness', 'dwi_wavelet2-LH_glcm_MCC', 't2_original_shape_SurfaceVolumeRatio', 'dwi_wavelet2-LH_glcm_Imc2', 't2_squareroot_glszm_SizeZoneNonUniformity', 'dwi_wavelet2-LH_glcm_Correlation', 'dwi_log-sigma-0-6-mm-3D_glszm_ZoneVariance', 'dwi_squareroot_ngtdm_Coarseness', 'dwi_log-sigma-3-mm-3D_gldm_LargeDependenceHighGrayLevelEmphasis', 't2_original_firstorder_TotalEnergy']","[0.85, 0.39166666666666666]","[0.6769911504424779, 0.6351351351351351]","[0.7536945812807881, 0.4845360824742268]","[0.6769911504424779, 0.6351351351351351]",Naive Bayes
50,10,0.7668799615786649,0.5423728813559322,0.7848874439682774,0.3966440261834217,0.36254317513112444,0.6264150943396226,0.6671898480547671,0.6721854304635762,0.8217821782178217,0.5970149253731343,0.5060975609756098,0.8695652173913043,0.709398551795478,40,"['dwi_square_ngtdm_Strength', 'dwi_exponential_ngtdm_Strength', 'dwi_exponential_glszm_GrayLevelNonUniformityNormalized', 'dwi_exponential_glszm_GrayLevelVariance', 'dwi_exponential_glcm_Imc1', 'dwi_log-sigma-3-mm-3D_firstorder_Skewness', 'dwi_exponential_glcm_ClusterProminence', 'dwi_exponential_firstorder_Skewness', 'dwi_exponential_glrlm_GrayLevelVariance', 'dwi_exponential_firstorder_Maximum', 'dwi_square_firstorder_Skewness', 'dwi_exponential_gldm_SmallDependenceHighGrayLevelEmphasis', 'dwi_log-sigma-3-mm-3D_firstorder_Kurtosis', 'dwi_wavelet2-LL_ngtdm_Strength', 'dwi_wavelet2-LL_firstorder_Skewness', 'dwi_square_ngtdm_Busyness', 'dwi_wavelet2-LL_glcm_ClusterShade', 'dwi_log-sigma-2-mm-3D_firstorder_Kurtosis', 'dwi_log-sigma-3-mm-3D_ngtdm_Busyness', 'dwi_square_glrlm_GrayLevelNonUniformity', 'dwi_exponential_glszm_SizeZoneNonUniformityNormalized', 'dwi_square_firstorder_Kurtosis', 'dwi_square_glszm_SmallAreaHighGrayLevelEmphasis', 'dwi_exponential_glszm_LargeAreaEmphasis', 'dwi_square_glcm_MCC', 'dwi_exponential_gldm_SmallDependenceEmphasis', 'dwi_log-sigma-2-mm-3D_glcm_MCC', 'dwi_square_glszm_SizeZoneNonUniformityNormalized', 'dwi_exponential_glcm_Imc2', 'adc_logarithm_gldm_GrayLevelNonUniformity', 'dwi_log-sigma-3-mm-3D_gldm_LargeDependenceHighGrayLevelEmphasis', 'dwi_wavelet2-LH_glcm_Imc2', 'dwi_log-sigma-2-mm-3D_ngtdm_Strength', 'dwi_wavelet2-LH_glcm_Correlation', 'dwi_original_firstorder_Kurtosis', 'dwi_wavelet2-LH_glcm_MCC', 'dwi_wavelet2-LL_glszm_GrayLevelNonUniformity', 'adc_wavelet2-LL_ngtdm_Coarseness', 'dwi_log-sigma-2-mm-3D_ngtdm_Busyness', 'dwi_log-sigma-0-6-mm-3D_glszm_ZoneVariance']","[0.8695652173913043, 0.5060975609756098]","[0.5970149253731343, 0.8217821782178217]","[0.7079646017699115, 0.6264150943396226]","[0.5970149253731343, 0.8217821782178217]",Naive Bayes
1,1,0.8869124228882387,0.6504065040650406,0.7861276455026456,0.35571607184671766,0.3541164312779883,0.5222929936305732,0.6764963839484694,0.75,0.4880952380952381,0.8518518518518519,0.5616438356164384,0.8105726872246696,0.669973544973545,42,"['dwi_square_ngtdm_Strength', 'dwi_log-sigma-3-mm-3D_firstorder_Skewness', 'dwi_wavelet2-LL_firstorder_Skewness', 'dwi_square_firstorder_Skewness', 'dwi_exponential_glcm_Imc1', 'dwi_exponential_glszm_GrayLevelNonUniformityNormalized', 'dwi_log-sigma-3-mm-3D_firstorder_Kurtosis', 'dwi_square_ngtdm_Busyness', 'dwi_exponential_ngtdm_Strength', 'dwi_wavelet2-LL_ngtdm_Strength', 'dwi_exponential_glszm_GrayLevelVariance', 'dwi_wavelet2-LL_glcm_ClusterShade', 'dwi_exponential_firstorder_Skewness', 'dwi_exponential_glcm_ClusterProminence', 'dwi_exponential_glrlm_GrayLevelVariance', 'dwi_exponential_gldm_SmallDependenceHighGrayLevelEmphasis', 'dwi_square_glrlm_GrayLevelNonUniformity', 'dwi_exponential_firstorder_Maximum', 'dwi_log-sigma-2-mm-3D_firstorder_Kurtosis', 'dwi_square_firstorder_Kurtosis', 'dwi_log-sigma-3-mm-3D_ngtdm_Busyness', 'dwi_wavelet2-LL_firstorder_Kurtosis', 'dwi_square_glcm_MCC', 'dwi_square_glszm_SmallAreaHighGrayLevelEmphasis', 'dwi_exponential_glszm_LargeAreaHighGrayLevelEmphasis', 'adc_logarithm_gldm_GrayLevelNonUniformity', 'dwi_log-sigma-2-mm-3D_glcm_MCC', 'dwi_square_glszm_SizeZoneNonUniformityNormalized', 'dwi_exponential_glszm_SizeZoneNonUniformityNormalized', 'dwi_wavelet2-LH_glcm_Imc2', 'dwi_exponential_gldm_SmallDependenceEmphasis', 'dwi_log-sigma-3-mm-3D_glcm_ClusterShade', 'dwi_log-sigma-3-mm-3D_gldm_LargeDependenceHighGrayLevelEmphasis', 'dwi_wavelet2-LH_glcm_MCC', 'dwi_wavelet2-LL_glszm_GrayLevelNonUniformity', 'dwi_exponential_glcm_Imc2', 'adc_wavelet2-LL_ngtdm_Coarseness', 'dwi_log-sigma-2-mm-3D_ngtdm_Strength', 'dwi_wavelet2-LH_glcm_Correlation', 't2_original_shape_SurfaceVolumeRatio', 'dwi_log-sigma-0-6-mm-3D_glszm_ZoneVariance', 'dwi_log-sigma-2-mm-3D_ngtdm_Busyness']","[0.8105726872246696, 0.5616438356164384]","[0.8518518518518519, 0.4880952380952381]","[0.8306997742663657, 0.5222929936305732]","[0.8518518518518519, 0.4880952380952381]",KNN
2,1,0.8977044476327116,0.6645569620253164,0.7337548103353491,0.4050067555015408,0.4035337703049302,0.5625,0.7013413242009132,0.7658862876254181,0.5294117647058824,0.8598130841121495,0.6,0.8214285714285714,0.6946124244090159,42,"['dwi_square_ngtdm_Strength', 'dwi_log-sigma-3-mm-3D_firstorder_Skewness', 'dwi_exponential_glcm_Imc1', 'dwi_exponential_ngtdm_Strength', 'dwi_exponential_glszm_GrayLevelNonUniformityNormalized', 'dwi_log-sigma-3-mm-3D_firstorder_Kurtosis', 'dwi_square_firstorder_Skewness', 'dwi_exponential_glszm_GrayLevelVariance', 'dwi_wavelet2-LL_ngtdm_Strength', 'dwi_wavelet2-LL_firstorder_Skewness', 'dwi_exponential_firstorder_Skewness', 'dwi_exponential_glcm_ClusterProminence', 'dwi_exponential_glrlm_GrayLevelVariance', 'dwi_square_glrlm_GrayLevelNonUniformity', 'dwi_exponential_firstorder_Range', 'dwi_log-sigma-3-mm-3D_ngtdm_Busyness', 'dwi_square_ngtdm_Busyness', 'dwi_exponential_gldm_SmallDependenceHighGrayLevelEmphasis', 'dwi_wavelet2-LL_glcm_ClusterShade', 'dwi_log-sigma-2-mm-3D_firstorder_Kurtosis', 'dwi_square_firstorder_Kurtosis', 'dwi_wavelet2-LL_firstorder_Kurtosis', 'dwi_square_glszm_SmallAreaHighGrayLevelEmphasis', 'dwi_square_glcm_MCC', 'dwi_log-sigma-2-mm-3D_glcm_MCC', 'dwi_wavelet2-LL_glszm_GrayLevelNonUniformity', 'adc_logarithm_gldm_GrayLevelNonUniformity', 'dwi_exponential_glszm_LargeAreaHighGrayLevelEmphasis', 'dwi_exponential_glszm_SizeZoneNonUniformityNormalized', 'adc_wavelet2-LL_ngtdm_Coarseness', 'dwi_wavelet2-LH_glcm_Correlation', 'dwi_log-sigma-3-mm-3D_gldm_LargeDependenceHighGrayLevelEmphasis', 'dwi_square_glszm_SizeZoneNonUniformityNormalized', 'dwi_wavelet2-LH_glcm_Imc2', 'dwi_exponential_gldm_SmallDependenceEmphasis', 'dwi_log-sigma-0-6-mm-3D_glszm_ZoneVariance', 'dwi_log-sigma-2-mm-3D_ngtdm_Strength', 'dwi_exponential_glcm_Imc2', 'dwi_wavelet2-LH_glcm_MCC', 'dwi_log-sigma-2-mm-3D_ngtdm_Busyness', 'dwi_logarithm_gldm_GrayLevelNonUniformity', 't2_original_glszm_GrayLevelNonUniformity']","[0.8214285714285714, 0.6]","[0.8598130841121495, 0.5294117647058824]","[0.8401826484018264, 0.5625]","[0.8598130841121495, 0.5294117647058824]",KNN
3,1,0.8944494948628668,0.654485049833887,0.7006222943722944,0.2567986985239457,0.24337717956561644,0.41134751773049644,0.614464967656457,0.7214765100671141,0.32954545454545453,0.8857142857142857,0.5471698113207547,0.7591836734693878,0.6076298701298701,42,"['dwi_square_ngtdm_Strength', 'dwi_log-sigma-3-mm-3D_firstorder_Skewness', 'dwi_exponential_glcm_Imc1', 'dwi_exponential_ngtdm_Strength', 'dwi_exponential_glszm_GrayLevelNonUniformityNormalized', 'dwi_log-sigma-3-mm-3D_firstorder_Kurtosis', 'dwi_wavelet2-LL_firstorder_Skewness', 'dwi_exponential_glszm_GrayLevelVariance', 'dwi_square_firstorder_Skewness', 'dwi_exponential_glcm_ClusterProminence', 'dwi_wavelet2-LL_ngtdm_Strength', 'dwi_exponential_glrlm_GrayLevelVariance', 'dwi_square_glrlm_GrayLevelNonUniformity', 'dwi_exponential_gldm_SmallDependenceHighGrayLevelEmphasis', 'dwi_exponential_firstorder_Skewness', 'dwi_exponential_firstorder_Maximum', 'dwi_square_ngtdm_Busyness', 'dwi_log-sigma-2-mm-3D_firstorder_Kurtosis', 'dwi_wavelet2-LL_glcm_ClusterShade', 'dwi_square_glcm_MCC', 'dwi_wavelet2-LL_firstorder_Kurtosis', 'dwi_log-sigma-3-mm-3D_ngtdm_Busyness', 'dwi_square_firstorder_Kurtosis', 'adc_logarithm_gldm_GrayLevelNonUniformity', 'dwi_exponential_glszm_LargeAreaHighGrayLevelEmphasis', 'dwi_log-sigma-2-mm-3D_glcm_MCC', 'dwi_exponential_glszm_SizeZoneNonUniformityNormalized', 'dwi_square_glszm_SmallAreaHighGrayLevelEmphasis', 'dwi_exponential_glcm_Imc2', 'dwi_exponential_gldm_SmallDependenceEmphasis', 'dwi_wavelet2-LL_glszm_GrayLevelNonUniformity', 'adc_wavelet2-LL_ngtdm_Coarseness', 'dwi_log-sigma-3-mm-3D_glrlm_LongRunHighGrayLevelEmphasis', 'dwi_wavelet2-LH_glcm_Correlation', 'dwi_square_glszm_SizeZoneNonUniformityNormalized', 'dwi_square_glcm_ClusterShade', 'dwi_wavelet2-LH_glcm_MCC', 't2_squareroot_glszm_SizeZoneNonUniformity', 'dwi_wavelet2-LH_glcm_Imc2', 'dwi_log-sigma-0-6-mm-3D_glszm_ZoneVariance', 'adc_wavelet2-LL_glcm_Imc1', 't2_original_shape_SurfaceVolumeRatio']","[0.7591836734693878, 0.5471698113207547]","[0.8857142857142857, 0.32954545454545453]","[0.8175824175824176, 0.41134751773049644]","[0.8857142857142857, 0.32954545454545453]",KNN
4,1,0.8931627600321412,0.6698872785829307,0.7880844645550528,0.39144028017637233,0.3905417406749556,0.55,0.6950000000000001,0.7639344262295082,0.5238095238095238,0.8552036199095022,0.5789473684210527,0.8253275109170306,0.689506571859513,42,"['dwi_square_ngtdm_Strength', 'dwi_exponential_ngtdm_Strength', 'dwi_exponential_glcm_Imc1', 'dwi_log-sigma-3-mm-3D_firstorder_Skewness', 'dwi_exponential_glszm_GrayLevelNonUniformityNormalized', 'dwi_square_firstorder_Skewness', 'dwi_exponential_glszm_GrayLevelVariance', 'dwi_exponential_firstorder_Skewness', 'dwi_exponential_gldm_SmallDependenceHighGrayLevelEmphasis', 'dwi_square_glrlm_GrayLevelNonUniformity', 'dwi_square_ngtdm_Busyness', 'dwi_exponential_glcm_ClusterProminence', 'dwi_exponential_glrlm_GrayLevelVariance', 'dwi_log-sigma-3-mm-3D_firstorder_Kurtosis', 'dwi_exponential_firstorder_Maximum', 'dwi_wavelet2-LL_firstorder_Skewness', 'dwi_wavelet2-LL_ngtdm_Strength', 'dwi_exponential_glszm_LargeAreaHighGrayLevelEmphasis', 'dwi_exponential_glszm_SizeZoneNonUniformityNormalized', 'dwi_exponential_gldm_SmallDependenceEmphasis', 'dwi_wavelet2-LL_glcm_ClusterShade', 'dwi_square_firstorder_Kurtosis', 'dwi_log-sigma-2-mm-3D_firstorder_Kurtosis', 'dwi_wavelet2-LL_firstorder_Kurtosis', 'dwi_square_glszm_GrayLevelVariance', 'adc_logarithm_gldm_GrayLevelNonUniformity', 'dwi_log-sigma-3-mm-3D_ngtdm_Strength', 'dwi_exponential_glcm_Imc2', 'dwi_log-sigma-3-mm-3D_ngtdm_Busyness', 'dwi_wavelet2-LL_glszm_GrayLevelNonUniformity', 'dwi_square_glcm_MCC', 'adc_wavelet2-LL_ngtdm_Coarseness', 't2_original_shape_SurfaceVolumeRatio', 't2_wavelet2-LL_glszm_SizeZoneNonUniformity', 'dwi_square_glszm_SizeZoneNonUniformityNormalized', 'dwi_log-sigma-0-6-mm-3D_glszm_ZoneVariance', 'dwi_wavelet2-LH_glcm_Imc2', 'dwi_exponential_glszm_ZoneVariance', 'dwi_log-sigma-2-mm-3D_glcm_MCC', 'dwi_exponential_glszm_SizeZoneNonUniformity', 'dwi_wavelet2-LH_glcm_Correlation', 'dwi_wavelet2-LH_glcm_MCC']","[0.8253275109170306, 0.5789473684210527]","[0.8552036199095022, 0.5238095238095238]","[0.84, 0.55]","[0.8552036199095022, 0.5238095238095238]",KNN
5,1,0.8854993681901628,0.6326194398682042,0.775812194036493,0.3956079368036191,0.39346359618515936,0.5512820512820513,0.6960955710955712,0.7651006711409396,0.5119047619047619,0.8644859813084113,0.5972222222222222,0.8185840707964602,0.6881953716065865,42,"['dwi_square_ngtdm_Strength', 'dwi_log-sigma-3-mm-3D_firstorder_Skewness', 'dwi_exponential_glcm_Imc1', 'dwi_exponential_ngtdm_Strength', 'dwi_exponential_glszm_GrayLevelNonUniformityNormalized', 'dwi_wavelet2-LL_firstorder_Skewness', 'dwi_square_firstorder_Skewness', 'dwi_square_ngtdm_Busyness', 'dwi_log-sigma-3-mm-3D_firstorder_Kurtosis', 'dwi_square_glrlm_GrayLevelNonUniformity', 'dwi_wavelet2-LL_ngtdm_Strength', 'dwi_exponential_glcm_ClusterProminence', 'dwi_exponential_firstorder_Skewness', 'dwi_exponential_glrlm_GrayLevelVariance', 'dwi_exponential_gldm_SmallDependenceHighGrayLevelEmphasis', 'dwi_log-sigma-2-mm-3D_firstorder_Kurtosis', 'dwi_exponential_firstorder_Maximum', 'dwi_square_firstorder_Kurtosis', 'dwi_wavelet2-LL_glcm_ClusterShade', 'dwi_original_firstorder_Kurtosis', 'dwi_log-sigma-3-mm-3D_ngtdm_Busyness', 'dwi_wavelet2-LL_glszm_GrayLevelNonUniformity', 'dwi_square_glcm_MCC', 'dwi_exponential_glszm_SizeZoneNonUniformityNormalized', 'dwi_exponential_glszm_LargeAreaEmphasis', 'adc_wavelet2-LL_ngtdm_Coarseness', 'dwi_log-sigma-2-mm-3D_glcm_MCC', 'adc_logarithm_gldm_GrayLevelNonUniformity', 'dwi_square_glszm_SmallAreaHighGrayLevelEmphasis', 't2_original_glszm_GrayLevelNonUniformity', 'dwi_exponential_gldm_SmallDependenceEmphasis', 't2_original_shape_SurfaceVolumeRatio', 'dwi_exponential_glcm_Imc2', 'dwi_square_glszm_SizeZoneNonUniformityNormalized', 'dwi_log-sigma-0-6-mm-3D_glszm_ZoneVariance', 'dwi_wavelet2-LH_glcm_Imc2', 't2_logarithm_ngtdm_Coarseness', 'dwi_wavelet2-LH_glcm_Correlation', 'dwi_wavelet2-LH_glcm_MCC', 't2_log-sigma-3-mm-3D_glszm_ZoneEntropy', 'dwi_squareroot_ngtdm_Coarseness', 'dwi_log-sigma-2-mm-3D_ngtdm_Strength']","[0.8185840707964602, 0.5972222222222222]","[0.8644859813084113, 0.5119047619047619]","[0.8409090909090909, 0.5512820512820513]","[0.8644859813084113, 0.5119047619047619]",KNN
6,2,0.8890047251961893,0.6487394957983194,0.7750622019489943,0.43900360552157536,0.43404933252760536,0.5853658536585366,0.7157598499061913,0.7755775577557755,0.5274725274725275,0.8820754716981132,0.6575342465753424,0.8130434782608695,0.7047739995853204,41,"['dwi_square_ngtdm_Strength', 'dwi_exponential_glcm_Imc1', 'dwi_log-sigma-3-mm-3D_firstorder_Skewness', 'dwi_exponential_glszm_GrayLevelNonUniformityNormalized', 'dwi_exponential_ngtdm_Strength', 'dwi_square_glrlm_GrayLevelNonUniformity', 'dwi_square_firstorder_Skewness', 'dwi_log-sigma-3-mm-3D_firstorder_Kurtosis', 'dwi_wavelet2-LL_firstorder_Skewness', 'dwi_exponential_glcm_ClusterProminence', 'dwi_exponential_firstorder_Skewness', 'dwi_exponential_gldm_SmallDependenceHighGrayLevelEmphasis', 'dwi_exponential_glrlm_GrayLevelVariance', 'dwi_square_ngtdm_Busyness', 'dwi_wavelet2-LL_ngtdm_Strength', 'dwi_exponential_firstorder_Maximum', 'dwi_exponential_glszm_LargeAreaEmphasis', 'dwi_square_glcm_MCC', 'dwi_exponential_glszm_SizeZoneNonUniformityNormalized', 'adc_logarithm_gldm_GrayLevelNonUniformity', 'dwi_log-sigma-2-mm-3D_firstorder_Kurtosis', 'dwi_wavelet2-LL_glcm_ClusterShade', 'dwi_square_firstorder_Kurtosis', 'dwi_wavelet2-LL_glszm_GrayLevelNonUniformity', 'dwi_exponential_gldm_SmallDependenceEmphasis', 'adc_wavelet2-LL_ngtdm_Coarseness', 'dwi_log-sigma-3-mm-3D_ngtdm_Busyness', 'dwi_exponential_glcm_Imc2', 'dwi_wavelet2-LL_firstorder_Kurtosis', 't2_original_shape_SurfaceVolumeRatio', 't2_original_glszm_GrayLevelNonUniformity', 'dwi_log-sigma-2-mm-3D_glcm_MCC', 'dwi_square_glszm_SmallAreaHighGrayLevelEmphasis', 't2_logarithm_ngtdm_Coarseness', 'dwi_wavelet2-LH_glcm_Correlation', 'dwi_squareroot_ngtdm_Coarseness', 'dwi_log-sigma-0-6-mm-3D_glszm_ZoneVariance', 'dwi_wavelet2-LH_glcm_MCC', 'dwi_wavelet2-LH_glcm_Imc2', 'dwi_square_glszm_SizeZoneNonUniformityNormalized', 'dwi_original_ngtdm_Coarseness']","[0.8130434782608695, 0.6575342465753424]","[0.8820754716981132, 0.5274725274725275]","[0.8461538461538461, 0.5853658536585366]","[0.8820754716981132, 0.5274725274725275]",KNN
7,2,0.8957790968100247,0.6470588235294118,0.7340802501302761,0.3359316057006108,0.3183521687342029,0.48366013071895425,0.6522609043617447,0.734006734006734,0.3894736842105263,0.8960396039603961,0.6379310344827587,0.7573221757322176,0.6427566440854612,41,"['dwi_square_ngtdm_Strength', 'dwi_log-sigma-3-mm-3D_firstorder_Skewness', 'dwi_square_firstorder_Skewness', 'dwi_wavelet2-LL_firstorder_Skewness', 'dwi_exponential_ngtdm_Strength', 'dwi_exponential_glcm_Imc1', 'dwi_log-sigma-3-mm-3D_firstorder_Kurtosis', 'dwi_exponential_glszm_GrayLevelNonUniformityNormalized', 'dwi_exponential_glszm_GrayLevelVariance', 'dwi_wavelet2-LL_ngtdm_Strength', 'dwi_square_ngtdm_Busyness', 'dwi_exponential_firstorder_Skewness', 'dwi_square_glrlm_GrayLevelNonUniformity', 'dwi_exponential_gldm_SmallDependenceHighGrayLevelEmphasis', 'dwi_wavelet2-LL_glcm_ClusterShade', 'dwi_exponential_glcm_ClusterProminence', 'dwi_exponential_glrlm_GrayLevelVariance', 'dwi_exponential_firstorder_Maximum', 'dwi_log-sigma-2-mm-3D_firstorder_Kurtosis', 'dwi_square_firstorder_Kurtosis', 'dwi_wavelet2-LL_firstorder_Kurtosis', 'dwi_square_glcm_MCC', 'dwi_log-sigma-3-mm-3D_ngtdm_Busyness', 'dwi_square_glszm_SmallAreaHighGrayLevelEmphasis', 'dwi_log-sigma-2-mm-3D_glcm_MCC', 'adc_logarithm_gldm_GrayLevelNonUniformity', 'dwi_exponential_glszm_LargeAreaHighGrayLevelEmphasis', 'dwi_exponential_glszm_SizeZoneNonUniformityNormalized', 'adc_wavelet2-LL_ngtdm_Coarseness', 'dwi_square_glszm_SizeZoneNonUniformityNormalized', 'dwi_wavelet2-LL_glszm_GrayLevelNonUniformity', 'dwi_wavelet2-LH_glcm_Imc2', 'dwi_log-sigma-0-6-mm-3D_glszm_ZoneVariance', 'dwi_exponential_gldm_SmallDependenceEmphasis', 'dwi_wavelet2-LH_glcm_Correlation', 't2_original_shape_SurfaceVolumeRatio', 'dwi_log-sigma-3-mm-3D_glcm_ClusterShade', 'dwi_log-sigma-2-mm-3D_ngtdm_Strength', 't2_wavelet2-LL_glszm_SizeZoneNonUniformity', 'dwi_exponential_glcm_Imc2', 'dwi_log-sigma-0-6-mm-3D_firstorder_Skewness']","[0.7573221757322176, 0.6379310344827587]","[0.8960396039603961, 0.3894736842105263]","[0.8208616780045351, 0.48366013071895425]","[0.8960396039603961, 0.3894736842105263]",KNN
8,2,0.8946406033658671,0.6677316293929713,0.772879838890132,0.3558574919993733,0.35450104675505933,0.5194805194805194,0.6767806184846543,0.7533333333333333,0.4878048780487805,0.8532110091743119,0.5555555555555556,0.8157894736842105,0.6705079436115462,42,"['dwi_square_ngtdm_Strength', 'dwi_log-sigma-3-mm-3D_firstorder_Skewness', 'dwi_square_firstorder_Skewness', 'dwi_wavelet2-LL_firstorder_Skewness', 'dwi_exponential_glcm_Imc1', 'dwi_exponential_ngtdm_Strength', 'dwi_square_ngtdm_Busyness', 'dwi_exponential_glszm_GrayLevelNonUniformityNormalized', 'dwi_log-sigma-3-mm-3D_firstorder_Kurtosis', 'dwi_exponential_glszm_GrayLevelVariance', 'dwi_wavelet2-LL_ngtdm_Strength', 'dwi_square_glrlm_GrayLevelNonUniformity', 'dwi_exponential_firstorder_Skewness', 'dwi_exponential_glcm_ClusterProminence', 'dwi_exponential_glrlm_GrayLevelVariance', 'dwi_exponential_gldm_SmallDependenceHighGrayLevelEmphasis', 'dwi_exponential_firstorder_Maximum', 'dwi_log-sigma-2-mm-3D_firstorder_Kurtosis', 'dwi_square_firstorder_Kurtosis', 'dwi_original_firstorder_Kurtosis', 'dwi_wavelet2-LL_glcm_ClusterShade', 'dwi_log-sigma-3-mm-3D_ngtdm_Busyness', 'adc_logarithm_gldm_GrayLevelNonUniformity', 'dwi_exponential_glszm_LargeAreaHighGrayLevelEmphasis', 'dwi_wavelet2-LL_glszm_GrayLevelNonUniformity', 'dwi_square_glcm_MCC', 'dwi_square_glszm_SmallAreaHighGrayLevelEmphasis', 'dwi_exponential_glszm_SizeZoneNonUniformityNormalized', 'dwi_log-sigma-2-mm-3D_glcm_MCC', 'dwi_square_glszm_SizeZoneNonUniformityNormalized', 'adc_wavelet2-LL_ngtdm_Coarseness', 'dwi_exponential_gldm_SmallDependenceEmphasis', 'dwi_log-sigma-3-mm-3D_gldm_LargeDependenceHighGrayLevelEmphasis', 'dwi_exponential_glcm_Imc2', 'dwi_log-sigma-0-6-mm-3D_glszm_ZoneVariance', 't2_original_shape_SurfaceVolumeRatio', 'dwi_wavelet2-LH_glcm_Correlation', 'dwi_wavelet2-LH_glcm_Imc2', 't2_original_glszm_GrayLevelNonUniformity', 'dwi_logarithm_gldm_GrayLevelNonUniformity', 'dwi_wavelet2-LH_glcm_MCC', 'adc_wavelet2-LL_glcm_Imc1']","[0.8157894736842105, 0.5555555555555556]","[0.8532110091743119, 0.4878048780487805]","[0.8340807174887892, 0.5194805194805194]","[0.8532110091743119, 0.4878048780487805]",KNN
9,2,0.8895528830913051,0.640650406504065,0.7233480432005575,0.32486104898546736,0.3232568737657603,0.4897959183673469,0.661005341734009,0.7474747474747475,0.45569620253164556,0.8532110091743119,0.5294117647058824,0.8122270742358079,0.6544536058529787,43,"['dwi_square_ngtdm_Strength', 'dwi_log-sigma-3-mm-3D_firstorder_Skewness', 'dwi_exponential_ngtdm_Strength', 'dwi_exponential_glszm_GrayLevelNonUniformityNormalized', 'dwi_exponential_glcm_Imc1', 'dwi_exponential_glszm_GrayLevelVariance', 'dwi_wavelet2-LL_firstorder_Skewness', 'dwi_log-sigma-3-mm-3D_firstorder_Kurtosis', 'dwi_square_firstorder_Skewness', 'dwi_exponential_glcm_ClusterProminence', 'dwi_exponential_glrlm_GrayLevelVariance', 'dwi_wavelet2-LL_ngtdm_Strength', 'dwi_exponential_firstorder_Skewness', 'dwi_square_glrlm_GrayLevelNonUniformity', 'dwi_exponential_gldm_SmallDependenceHighGrayLevelEmphasis', 'dwi_square_ngtdm_Busyness', 'dwi_exponential_firstorder_Maximum', 'dwi_wavelet2-LL_glcm_ClusterShade', 'dwi_log-sigma-3-mm-3D_ngtdm_Busyness', 'dwi_exponential_glszm_LargeAreaHighGrayLevelEmphasis', 'dwi_log-sigma-2-mm-3D_firstorder_Kurtosis', 'dwi_square_glszm_SmallAreaHighGrayLevelEmphasis', 'dwi_wavelet2-LL_firstorder_Kurtosis', 'dwi_square_firstorder_Kurtosis', 'dwi_exponential_glszm_SizeZoneNonUniformityNormalized', 'dwi_wavelet2-LL_glszm_GrayLevelNonUniformity', 'dwi_exponential_gldm_SmallDependenceEmphasis', 'adc_logarithm_gldm_GrayLevelNonUniformity', 'dwi_square_glcm_MCC', 'dwi_log-sigma-2-mm-3D_glcm_MCC', 'adc_original_ngtdm_Coarseness', 'dwi_square_glszm_SizeZoneNonUniformityNormalized', 'dwi_exponential_glcm_Imc2', 'dwi_square_glcm_ClusterShade', 'dwi_log-sigma-0-6-mm-3D_glszm_ZoneVariance', 't2_squareroot_glszm_SizeZoneNonUniformity', 'dwi_log-sigma-3-mm-3D_gldm_LargeDependenceHighGrayLevelEmphasis', 'dwi_log-sigma-2-mm-3D_ngtdm_Strength', 't2_logarithm_ngtdm_Coarseness', 'dwi_log-sigma-2-mm-3D_ngtdm_Busyness', 'dwi_wavelet2-LH_glcm_Imc2', 'dwi_logarithm_ngtdm_Coarseness', 'dwi_wavelet2-LH_glcm_MCC']","[0.8122270742358079, 0.5294117647058824]","[0.8532110091743119, 0.45569620253164556]","[0.8322147651006712, 0.4897959183673469]","[0.8532110091743119, 0.45569620253164556]",KNN
10,2,0.8864909306662148,0.6624605678233438,0.7934188034188034,0.45865059509016526,0.4485031067595556,0.5671641791044776,0.7221414115861371,0.8085808580858086,0.48717948717948717,0.92,0.6785714285714286,0.8380566801619433,0.7035897435897436,43,"['dwi_square_ngtdm_Strength', 'dwi_log-sigma-3-mm-3D_firstorder_Skewness', 'dwi_exponential_glcm_Imc1', 'dwi_exponential_ngtdm_Strength', 'dwi_exponential_glszm_GrayLevelNonUniformityNormalized', 'dwi_square_firstorder_Skewness', 'dwi_log-sigma-3-mm-3D_firstorder_Kurtosis', 'dwi_exponential_glszm_GrayLevelVariance', 'dwi_wavelet2-LL_ngtdm_Strength', 'dwi_wavelet2-LL_firstorder_Skewness', 'dwi_exponential_glcm_ClusterProminence', 'dwi_exponential_glrlm_GrayLevelVariance', 'dwi_square_ngtdm_Busyness', 'dwi_exponential_gldm_SmallDependenceHighGrayLevelEmphasis', 'dwi_exponential_firstorder_Skewness', 'dwi_exponential_firstorder_Maximum', 'dwi_log-sigma-3-mm-3D_ngtdm_Strength', 'dwi_log-sigma-2-mm-3D_firstorder_Kurtosis', 'dwi_wavelet2-LL_glcm_ClusterShade', 'dwi_log-sigma-3-mm-3D_ngtdm_Busyness', 'dwi_square_glrlm_GrayLevelNonUniformity', 'dwi_square_firstorder_Kurtosis', 'dwi_wavelet2-LH_glcm_Correlation', 'dwi_wavelet2-LH_glcm_MCC', 'dwi_wavelet2-LL_firstorder_Kurtosis', 'dwi_wavelet2-LH_glcm_Imc2', 'dwi_square_glcm_MCC', 'dwi_exponential_glszm_SizeZoneNonUniformityNormalized', 'dwi_square_glszm_SmallAreaHighGrayLevelEmphasis', 'dwi_log-sigma-2-mm-3D_glcm_MCC', 'dwi_exponential_glszm_LargeAreaHighGrayLevelEmphasis', 'dwi_exponential_glcm_Imc2', 'dwi_exponential_gldm_SmallDependenceEmphasis', 'dwi_square_glszm_SizeZoneNonUniformityNormalized', 'dwi_log-sigma-3-mm-3D_gldm_LargeDependenceHighGrayLevelEmphasis', 'adc_logarithm_gldm_GrayLevelNonUniformity', 'dwi_wavelet2-LL_glszm_GrayLevelNonUniformity', 'dwi_wavelet-LH_glcm_Imc1', 't2_squareroot_glszm_SizeZoneNonUniformity', 'adc_wavelet2-LL_ngtdm_Coarseness', 'dwi_log-sigma-2-mm-3D_ngtdm_Busyness', 'dwi_wavelet2-LH_glcm_Imc1', 'dwi_logarithm_gldm_GrayLevelNonUniformity']","[0.8380566801619433, 0.6785714285714286]","[0.92, 0.48717948717948717]","[0.8771186440677966, 0.5671641791044776]","[0.92, 0.48717948717948717]",KNN
11,3,0.8914721663313212,0.6624803767660911,0.7415844544095664,0.33138289174701097,0.32887140772695556,0.48175182481751827,0.663533864478476,0.761744966442953,0.44,0.8699551569506726,0.532258064516129,0.8220338983050848,0.6549775784753363,43,"['dwi_square_ngtdm_Strength', 'dwi_log-sigma-3-mm-3D_firstorder_Skewness', 'dwi_wavelet2-LL_firstorder_Skewness', 'dwi_log-sigma-3-mm-3D_firstorder_Kurtosis', 'dwi_square_firstorder_Skewness', 'dwi_exponential_glcm_Imc1', 'dwi_exponential_ngtdm_Strength', 'dwi_exponential_glszm_GrayLevelNonUniformityNormalized', 'dwi_exponential_firstorder_Skewness', 'dwi_exponential_glszm_GrayLevelVariance', 'dwi_log-sigma-2-mm-3D_firstorder_Kurtosis', 'dwi_square_glrlm_GrayLevelNonUniformity', 'dwi_square_ngtdm_Busyness', 'dwi_square_firstorder_Kurtosis', 'dwi_wavelet2-LL_ngtdm_Strength', 'dwi_exponential_glcm_ClusterProminence', 'dwi_wavelet2-LL_glcm_ClusterShade', 'dwi_exponential_glrlm_GrayLevelVariance', 'dwi_wavelet2-LL_firstorder_Kurtosis', 'dwi_exponential_gldm_SmallDependenceHighGrayLevelEmphasis', 'dwi_exponential_firstorder_Maximum', 'dwi_log-sigma-3-mm-3D_ngtdm_Busyness', 'dwi_exponential_glszm_LargeAreaHighGrayLevelEmphasis', 'dwi_square_glcm_MCC', 'adc_logarithm_gldm_GrayLevelNonUniformity', 'dwi_square_glszm_SmallAreaHighGrayLevelEmphasis', 'dwi_exponential_glszm_SizeZoneNonUniformityNormalized', 'dwi_log-sigma-3-mm-3D_glrlm_LongRunHighGrayLevelEmphasis', 'dwi_wavelet2-LL_glszm_GrayLevelNonUniformity', 'dwi_exponential_gldm_SmallDependenceEmphasis', 'dwi_square_glszm_SizeZoneNonUniformityNormalized', 'dwi_log-sigma-2-mm-3D_glcm_MCC', 'dwi_exponential_glcm_Imc2', 'dwi_log-sigma-3-mm-3D_glcm_ClusterShade', 'dwi_wavelet2-LH_glcm_Correlation', 't2_squareroot_glszm_SizeZoneNonUniformity', 'adc_wavelet2-LL_ngtdm_Coarseness', 'dwi_wavelet2-LH_glcm_Imc2', 'dwi_log-sigma-0-6-mm-3D_glszm_ZoneVariance', 'dwi_wavelet2-LH_glcm_MCC', 'dwi_log-sigma-2-mm-3D_ngtdm_Strength', 'dwi_logarithm_gldm_GrayLevelNonUniformity', 't2_original_shape_SurfaceVolumeRatio']","[0.8220338983050848, 0.532258064516129]","[0.8699551569506726, 0.44]","[0.8453159041394336, 0.48175182481751827]","[0.8699551569506726, 0.44]",KNN
12,3,0.8846050419023889,0.6363636363636364,0.766566265060241,0.3904381897816613,0.3825690859398724,0.5277777777777778,0.6889990210474792,0.7725752508361204,0.4578313253012048,0.8935185185185185,0.6229508196721312,0.8109243697478992,0.6756749219098617,42,"['dwi_square_ngtdm_Strength', 'dwi_log-sigma-3-mm-3D_firstorder_Skewness', 'dwi_exponential_glcm_Imc1', 'dwi_log-sigma-3-mm-3D_firstorder_Kurtosis', 'dwi_wavelet2-LL_firstorder_Skewness', 'dwi_square_firstorder_Skewness', 'dwi_exponential_ngtdm_Strength', 'dwi_exponential_glszm_GrayLevelNonUniformityNormalized', 'dwi_exponential_firstorder_Skewness', 'dwi_exponential_glszm_GrayLevelVariance', 'dwi_log-sigma-2-mm-3D_firstorder_Kurtosis', 'dwi_square_glrlm_GrayLevelNonUniformity', 'dwi_wavelet2-LL_ngtdm_Strength', 'dwi_wavelet2-LL_firstorder_Kurtosis', 'dwi_square_ngtdm_Busyness', 'dwi_exponential_glcm_ClusterProminence', 'dwi_exponential_glrlm_GrayLevelVariance', 'dwi_square_firstorder_Kurtosis', 'dwi_wavelet2-LL_glcm_ClusterShade', 'dwi_exponential_firstorder_Maximum', 'dwi_exponential_gldm_SmallDependenceHighGrayLevelEmphasis', 'dwi_log-sigma-3-mm-3D_ngtdm_Strength', 'dwi_square_glcm_MCC', 'dwi_log-sigma-3-mm-3D_ngtdm_Busyness', 'adc_logarithm_gldm_GrayLevelNonUniformity', 'dwi_log-sigma-2-mm-3D_glcm_MCC', 'dwi_exponential_glszm_LargeAreaHighGrayLevelEmphasis', 'dwi_wavelet2-LH_glcm_Correlation', 'dwi_wavelet2-LH_glcm_MCC', 'dwi_wavelet2-LH_glcm_Imc2', 'adc_logarithm_ngtdm_Coarseness', 'dwi_square_glszm_SmallAreaHighGrayLevelEmphasis', 'dwi_exponential_glszm_SizeZoneNonUniformityNormalized', 'dwi_log-sigma-3-mm-3D_glrlm_GrayLevelNonUniformity', 'dwi_log-sigma-3-mm-3D_glrlm_LongRunHighGrayLevelEmphasis', 'dwi_exponential_gldm_SmallDependenceEmphasis', 'dwi_exponential_glcm_Imc2', 'dwi_square_glszm_SizeZoneNonUniformityNormalized', 't2_original_shape_SurfaceVolumeRatio', 'dwi_log-sigma-3-mm-3D_gldm_LargeDependenceHighGrayLevelEmphasis', 'dwi_square_firstorder_Maximum', 'dwi_wavelet-LH_glcm_Imc1']","[0.8109243697478992, 0.6229508196721312]","[0.8935185185185185, 0.4578313253012048]","[0.8502202643171806, 0.5277777777777778]","[0.8935185185185185, 0.4578313253012048]",KNN
13,3,0.8954850088183421,0.6456140350877193,0.7051732673267326,0.23178401833113962,0.2238934250107435,0.43529411764705883,0.6065359477124184,0.6810631229235881,0.36633663366336633,0.84,0.5362318840579711,0.7241379310344828,0.6031683168316831,40,"['dwi_square_ngtdm_Strength', 'dwi_exponential_glcm_Imc1', 'dwi_square_ngtdm_Busyness', 'dwi_log-sigma-3-mm-3D_firstorder_Skewness', 'dwi_exponential_glszm_GrayLevelNonUniformityNormalized', 'dwi_exponential_ngtdm_Strength', 'dwi_exponential_glszm_GrayLevelVariance', 'dwi_square_glrlm_GrayLevelNonUniformity', 'dwi_wavelet2-LL_ngtdm_Strength', 'dwi_square_firstorder_Skewness', 'dwi_log-sigma-3-mm-3D_firstorder_Kurtosis', 'dwi_wavelet2-LL_firstorder_Skewness', 'dwi_exponential_glcm_ClusterProminence', 'dwi_exponential_glrlm_GrayLevelVariance', 'dwi_exponential_gldm_SmallDependenceHighGrayLevelEmphasis', 'dwi_exponential_firstorder_Skewness', 'dwi_exponential_firstorder_Maximum', 'dwi_log-sigma-3-mm-3D_ngtdm_Busyness', 'dwi_wavelet2-LL_glcm_ClusterShade', 'dwi_exponential_glszm_SizeZoneNonUniformityNormalized', 'dwi_log-sigma-2-mm-3D_firstorder_Kurtosis', 'dwi_exponential_glszm_LargeAreaHighGrayLevelEmphasis', 'dwi_square_glcm_MCC', 'dwi_square_glszm_SmallAreaHighGrayLevelEmphasis', 'dwi_wavelet2-LL_glszm_GrayLevelNonUniformity', 'dwi_square_firstorder_Kurtosis', 'dwi_log-sigma-2-mm-3D_glcm_MCC', 'adc_logarithm_gldm_GrayLevelNonUniformity', 'adc_wavelet2-LL_ngtdm_Coarseness', 'dwi_exponential_gldm_SmallDependenceEmphasis', 'dwi_wavelet2-LL_firstorder_Kurtosis', 'dwi_exponential_glcm_Imc2', 'dwi_square_glszm_SizeZoneNonUniformityNormalized', 't2_original_glszm_GrayLevelNonUniformity', 'dwi_log-sigma-3-mm-3D_gldm_LargeDependenceHighGrayLevelEmphasis', 'dwi_wavelet2-LH_glcm_Imc2', 'dwi_wavelet2-LH_glcm_MCC', 'dwi_log-sigma-2-mm-3D_ngtdm_Strength', 'dwi_log-sigma-0-6-mm-3D_glszm_ZoneVariance', 't2_log-sigma-3-mm-3D_glszm_ZoneEntropy']","[0.7241379310344828, 0.5362318840579711]","[0.84, 0.36633663366336633]","[0.7777777777777778, 0.43529411764705883]","[0.84, 0.36633663366336633]",KNN
14,3,0.8930334060768843,0.6751592356687898,0.7323214285714286,0.3479439626115361,0.34771542843291725,0.5068493150684932,0.6737786398351315,0.7591973244147158,0.49333333333333335,0.8482142857142857,0.5211267605633803,0.8333333333333334,0.6707738095238095,43,"['dwi_square_ngtdm_Strength', 'dwi_exponential_glszm_GrayLevelNonUniformityNormalized', 'dwi_wavelet2-LL_ngtdm_Strength', 'dwi_exponential_glcm_Imc1', 'dwi_log-sigma-3-mm-3D_firstorder_Skewness', 'dwi_exponential_ngtdm_Strength', 'dwi_square_ngtdm_Busyness', 'dwi_exponential_glcm_ClusterProminence', 'dwi_exponential_gldm_SmallDependenceHighGrayLevelEmphasis', 'dwi_exponential_glrlm_GrayLevelVariance', 'dwi_square_glrlm_GrayLevelNonUniformity', 'dwi_wavelet2-LL_firstorder_Skewness', 'dwi_square_firstorder_Skewness', 'dwi_log-sigma-3-mm-3D_ngtdm_Busyness', 'dwi_wavelet2-LL_glcm_ClusterShade', 'dwi_exponential_firstorder_Maximum', 'dwi_exponential_firstorder_Skewness', 'dwi_square_glcm_MCC', 'dwi_exponential_glszm_LargeAreaEmphasis', 'dwi_square_glszm_SmallAreaHighGrayLevelEmphasis', 'dwi_wavelet2-LH_glcm_Imc2', 'dwi_square_glszm_SizeZoneNonUniformityNormalized', 'dwi_log-sigma-2-mm-3D_glcm_MCC', 'dwi_exponential_gldm_SmallDependenceEmphasis', 'dwi_exponential_glszm_SizeZoneNonUniformityNormalized', 'dwi_wavelet2-LL_glszm_GrayLevelNonUniformity', 'adc_logarithm_gldm_GrayLevelNonUniformity', 'dwi_wavelet2-LH_glcm_Correlation', 'dwi_exponential_glcm_Imc2', 'dwi_logarithm_gldm_GrayLevelNonUniformity', 'dwi_log-sigma-2-mm-3D_ngtdm_Strength', 'dwi_log-sigma-2-mm-3D_firstorder_Kurtosis', 'dwi_log-sigma-0-6-mm-3D_glszm_ZoneVariance', 'dwi_log-sigma-3-mm-3D_gldm_LargeDependenceHighGrayLevelEmphasis', 'dwi_square_firstorder_Kurtosis', 'dwi_wavelet2-LH_glcm_MCC', 'adc_wavelet2-LL_ngtdm_Coarseness', 'dwi_log-sigma-2-mm-3D_ngtdm_Busyness', 'dwi_wavelet2-LL_firstorder_Kurtosis', 't2_squareroot_glszm_SizeZoneNonUniformity', 'dwi_log-sigma-3-mm-3D_glcm_JointAverage', 't2_logarithm_ngtdm_Coarseness', 'dwi_exponential_glszm_ZoneVariance']","[0.8333333333333334, 0.5211267605633803]","[0.8482142857142857, 0.49333333333333335]","[0.8407079646017699, 0.5068493150684932]","[0.8482142857142857, 0.49333333333333335]",KNN
15,3,0.8779237585084755,0.6252100840336134,0.7163850300642753,0.35334876865122783,0.34119127996795795,0.5,0.6662995594713657,0.7491749174917491,0.4175824175824176,0.8915094339622641,0.6229508196721312,0.78099173553719,0.6545459257723408,41,"['dwi_square_ngtdm_Strength', 'dwi_exponential_ngtdm_Strength', 'dwi_log-sigma-3-mm-3D_firstorder_Skewness', 'dwi_exponential_glszm_GrayLevelNonUniformityNormalized', 'dwi_exponential_glcm_Imc1', 'dwi_square_firstorder_Skewness', 'dwi_exponential_glszm_GrayLevelVariance', 'dwi_log-sigma-3-mm-3D_firstorder_Kurtosis', 'dwi_exponential_firstorder_Skewness', 'dwi_exponential_glcm_ClusterProminence', 'dwi_exponential_glrlm_GrayLevelVariance', 'dwi_exponential_gldm_SmallDependenceHighGrayLevelEmphasis', 'dwi_exponential_firstorder_Maximum', 'dwi_wavelet2-LL_firstorder_Skewness', 'dwi_square_glrlm_GrayLevelNonUniformity', 'dwi_wavelet2-LL_ngtdm_Strength', 'dwi_square_ngtdm_Busyness', 'dwi_wavelet2-LL_firstorder_Kurtosis', 'dwi_square_firstorder_Kurtosis', 'dwi_log-sigma-2-mm-3D_firstorder_Kurtosis', 'dwi_exponential_glszm_SizeZoneNonUniformityNormalized', 'dwi_exponential_glszm_LargeAreaEmphasis', 'adc_logarithm_gldm_GrayLevelNonUniformity', 'adc_wavelet2-LL_ngtdm_Coarseness', 'dwi_exponential_gldm_SmallDependenceEmphasis', 'dwi_wavelet2-LL_glszm_GrayLevelNonUniformity', 'dwi_wavelet2-LL_glcm_ClusterShade', 'dwi_log-sigma-3-mm-3D_ngtdm_Busyness', 'dwi_exponential_glcm_Imc2', 't2_original_glszm_GrayLevelNonUniformity', 't2_original_shape_SurfaceVolumeRatio', 'dwi_square_glcm_MCC', 'adc_wavelet2-LL_glcm_Imc1', 'dwi_log-sigma-2-mm-3D_glcm_MCC', 't2_logarithm_ngtdm_Coarseness', 'dwi_log-sigma-0-6-mm-3D_glszm_ZoneVariance', 'dwi_square_glrlm_GrayLevelVariance', 'dwi_squareroot_ngtdm_Coarseness', 'adc_squareroot_firstorder_TotalEnergy', 'dwi_square_glszm_SizeZoneNonUniformityNormalized', 'dwi_original_ngtdm_Coarseness']","[0.78099173553719, 0.6229508196721312]","[0.8915094339622641, 0.4175824175824176]","[0.8325991189427313, 0.5]","[0.8915094339622641, 0.4175824175824176]",KNN
16,4,0.8953336563568333,0.6601626016260163,0.7278016101545514,0.31205534878433416,0.3112341098473329,0.4794520547945205,0.6552815829528158,0.7449664429530202,0.45454545454545453,0.8461538461538461,0.5072463768115942,0.8165938864628821,0.6503496503496503,43,"['dwi_square_ngtdm_Strength', 'dwi_log-sigma-3-mm-3D_firstorder_Skewness', 'dwi_exponential_glcm_Imc1', 'dwi_square_ngtdm_Busyness', 'dwi_exponential_ngtdm_Strength', 'dwi_wavelet2-LL_firstorder_Skewness', 'dwi_exponential_glszm_GrayLevelNonUniformityNormalized', 'dwi_wavelet2-LL_ngtdm_Strength', 'dwi_square_glrlm_GrayLevelNonUniformity', 'dwi_square_firstorder_Skewness', 'dwi_exponential_glszm_GrayLevelVariance', 'dwi_wavelet2-LL_glcm_ClusterShade', 'dwi_log-sigma-3-mm-3D_firstorder_Kurtosis', 'dwi_exponential_glcm_ClusterProminence', 'dwi_exponential_gldm_SmallDependenceHighGrayLevelEmphasis', 'dwi_exponential_glrlm_GrayLevelVariance', 'dwi_exponential_firstorder_Skewness', 'dwi_square_glcm_MCC', 'dwi_exponential_firstorder_Maximum', 'dwi_log-sigma-3-mm-3D_ngtdm_Busyness', 'adc_logarithm_gldm_GrayLevelNonUniformity', 'dwi_wavelet2-LL_glszm_GrayLevelNonUniformity', 'dwi_exponential_glszm_LargeAreaHighGrayLevelEmphasis', 'adc_wavelet2-LL_ngtdm_Coarseness', 'dwi_square_firstorder_Kurtosis', 't2_squareroot_glszm_SizeZoneNonUniformity', 'dwi_exponential_glszm_SizeZoneNonUniformityNormalized', 'dwi_log-sigma-2-mm-3D_glcm_MCC', 'dwi_square_glszm_SmallAreaHighGrayLevelEmphasis', 'dwi_wavelet2-LH_glcm_Correlation', 'dwi_exponential_gldm_DependenceVariance', 'dwi_log-sigma-0-6-mm-3D_glszm_ZoneVariance', 'dwi_log-sigma-2-mm-3D_firstorder_Kurtosis', 'dwi_wavelet2-LL_firstorder_Kurtosis', 'dwi_square_glcm_ClusterShade', 'dwi_wavelet2-LH_glcm_Imc2', 'dwi_exponential_glcm_Imc2', 'dwi_logarithm_gldm_GrayLevelNonUniformity', 'dwi_square_glszm_SizeZoneNonUniformityNormalized', 't2_original_shape_SurfaceVolumeRatio', 't2_wavelet-HL_glszm_GrayLevelNonUniformity', 't2_logarithm_ngtdm_Coarseness', 'dwi_logarithm_ngtdm_Coarseness']","[0.8165938864628821, 0.5072463768115942]","[0.8461538461538461, 0.45454545454545453]","[0.8311111111111111, 0.4794520547945205]","[0.8461538461538461, 0.45454545454545453]",KNN
17,4,0.8950016898869654,0.6504854368932039,0.7581845238095237,0.3320409794304365,0.3308167467398765,0.5063291139240507,0.6649292628443783,0.74,0.47619047619047616,0.8425925925925926,0.5405405405405406,0.8053097345132744,0.6593915343915344,42,"['dwi_square_ngtdm_Strength', 'dwi_log-sigma-3-mm-3D_firstorder_Skewness', 'dwi_exponential_glcm_Imc1', 'dwi_exponential_ngtdm_Strength', 'dwi_exponential_glszm_GrayLevelNonUniformityNormalized', 'dwi_square_firstorder_Skewness', 'dwi_log-sigma-3-mm-3D_firstorder_Kurtosis', 'dwi_wavelet2-LL_firstorder_Skewness', 'dwi_exponential_firstorder_Skewness', 'dwi_exponential_glcm_ClusterProminence', 'dwi_exponential_glrlm_GrayLevelVariance', 'dwi_exponential_gldm_SmallDependenceHighGrayLevelEmphasis', 'dwi_exponential_firstorder_Maximum', 'dwi_square_glrlm_GrayLevelNonUniformity', 'dwi_square_ngtdm_Busyness', 'dwi_wavelet2-LL_ngtdm_Strength', 'dwi_log-sigma-2-mm-3D_firstorder_Kurtosis', 'dwi_square_firstorder_Kurtosis', 'dwi_wavelet2-LL_firstorder_Kurtosis', 'dwi_wavelet2-LL_glcm_ClusterShade', 'dwi_exponential_glszm_SizeZoneNonUniformityNormalized', 'dwi_exponential_glszm_LargeAreaEmphasis', 'dwi_log-sigma-3-mm-3D_ngtdm_Strength', 'dwi_exponential_gldm_SmallDependenceEmphasis', 'dwi_exponential_glcm_Imc2', 'adc_logarithm_gldm_GrayLevelNonUniformity', 'dwi_square_glcm_MCC', 'dwi_log-sigma-3-mm-3D_ngtdm_Busyness', 'dwi_square_glszm_SmallAreaHighGrayLevelEmphasis', 'dwi_wavelet2-LL_glszm_GrayLevelNonUniformity', 'dwi_square_glszm_SizeZoneNonUniformityNormalized', 'adc_logarithm_ngtdm_Coarseness', 'dwi_wavelet2-LH_glcm_MCC', 'dwi_wavelet2-LH_glcm_Correlation', 'dwi_log-sigma-0-6-mm-3D_firstorder_Skewness', 'dwi_square_firstorder_Maximum', 'dwi_log-sigma-3-mm-3D_glrlm_LongRunHighGrayLevelEmphasis', 'dwi_log-sigma-2-mm-3D_glcm_MCC', 't2_squareroot_glszm_SizeZoneNonUniformity', 'adc_wavelet2-LL_glcm_Imc1', 'dwi_log-sigma-3-mm-3D_gldm_LargeDependenceHighGrayLevelEmphasis', 'dwi_log-sigma-0-6-mm-3D_glszm_ZoneVariance']","[0.8053097345132744, 0.5405405405405406]","[0.8425925925925926, 0.47619047619047616]","[0.8235294117647058, 0.5063291139240507]","[0.8425925925925926, 0.47619047619047616]",KNN
18,4,0.8872882063847856,0.6452702702702703,0.7351474971733991,0.2909692575539928,0.28210668088330193,0.46540880503144655,0.6367676079333304,0.717607973421927,0.39361702127659576,0.8647342995169082,0.5692307692307692,0.7584745762711864,0.629175660396752,41,"['dwi_square_ngtdm_Strength', 'dwi_log-sigma-3-mm-3D_firstorder_Skewness', 'dwi_square_ngtdm_Busyness', 'dwi_exponential_glszm_GrayLevelNonUniformityNormalized', 'dwi_square_firstorder_Skewness', 'dwi_wavelet2-LL_firstorder_Skewness', 'dwi_exponential_glcm_Imc1', 'dwi_exponential_ngtdm_Strength', 'dwi_wavelet2-LL_ngtdm_Strength', 'dwi_exponential_glszm_GrayLevelVariance', 'dwi_square_glrlm_GrayLevelNonUniformity', 'dwi_log-sigma-3-mm-3D_firstorder_Kurtosis', 'dwi_exponential_firstorder_Skewness', 'dwi_exponential_gldm_SmallDependenceHighGrayLevelEmphasis', 'dwi_exponential_glrlm_GrayLevelVariance', 'dwi_exponential_glcm_ClusterProminence', 'dwi_wavelet2-LL_glcm_ClusterShade', 'dwi_exponential_firstorder_Maximum', 'dwi_log-sigma-3-mm-3D_ngtdm_Busyness', 'dwi_square_firstorder_Kurtosis', 'dwi_log-sigma-2-mm-3D_firstorder_Kurtosis', 'dwi_exponential_glszm_LargeAreaHighGrayLevelEmphasis', 'dwi_exponential_glszm_SizeZoneNonUniformityNormalized', 'dwi_square_glcm_MCC', 'dwi_wavelet2-LL_glszm_GrayLevelNonUniformity', 'dwi_wavelet2-LL_firstorder_Kurtosis', 'dwi_square_glszm_SmallAreaHighGrayLevelEmphasis', 'dwi_log-sigma-2-mm-3D_glcm_MCC', 'adc_logarithm_gldm_GrayLevelNonUniformity', 'dwi_exponential_gldm_SmallDependenceEmphasis', 'dwi_square_glszm_SizeZoneNonUniformityNormalized', 'adc_wavelet2-LL_ngtdm_Coarseness', 'dwi_log-sigma-0-6-mm-3D_glszm_ZoneVariance', 'dwi_logarithm_gldm_GrayLevelNonUniformity', 'dwi_wavelet2-LH_glcm_Imc2', 'dwi_exponential_glcm_Imc2', 'dwi_wavelet2-LH_glcm_MCC', 'dwi_log-sigma-3-mm-3D_gldm_LargeDependenceHighGrayLevelEmphasis', 'dwi_log-sigma-2-mm-3D_ngtdm_Strength', 't2_original_shape_SurfaceVolumeRatio', 'dwi_log-sigma-2-mm-3D_ngtdm_Busyness']","[0.7584745762711864, 0.5692307692307692]","[0.8647342995169082, 0.39361702127659576]","[0.8081264108352144, 0.46540880503144655]","[0.8647342995169082, 0.39361702127659576]",KNN
19,4,0.88475910693302,0.6594090202177294,0.7420535714285714,0.2819727288905377,0.2781729809765989,0.43609022556390975,0.6373999514916323,0.7491638795986622,0.38666666666666666,0.8705357142857143,0.5,0.8091286307053942,0.6286011904761905,43,"['dwi_square_ngtdm_Strength', 'dwi_exponential_glcm_Imc1', 'dwi_log-sigma-3-mm-3D_firstorder_Skewness', 'dwi_exponential_glszm_GrayLevelNonUniformityNormalized', 'dwi_exponential_ngtdm_Strength', 'dwi_exponential_glszm_GrayLevelVariance', 'dwi_wavelet2-LL_firstorder_Skewness', 'dwi_log-sigma-3-mm-3D_firstorder_Kurtosis', 'dwi_exponential_glcm_ClusterProminence', 'dwi_exponential_glrlm_GrayLevelVariance', 'dwi_wavelet2-LL_ngtdm_Strength', 'dwi_square_glrlm_GrayLevelNonUniformity', 'dwi_exponential_gldm_SmallDependenceHighGrayLevelEmphasis', 'dwi_square_firstorder_Skewness', 'dwi_exponential_firstorder_Maximum', 'dwi_exponential_firstorder_Skewness', 'dwi_square_ngtdm_Busyness', 'dwi_log-sigma-3-mm-3D_ngtdm_Busyness', 'dwi_exponential_glszm_LargeAreaHighGrayLevelEmphasis', 'dwi_wavelet2-LL_glcm_ClusterShade', 'dwi_log-sigma-2-mm-3D_firstorder_Kurtosis', 'dwi_wavelet2-LL_glszm_GrayLevelNonUniformity', 'adc_logarithm_gldm_GrayLevelNonUniformity', 'dwi_log-sigma-2-mm-3D_glcm_MCC', 't2_original_shape_SurfaceVolumeRatio', 'adc_wavelet2-LL_ngtdm_Coarseness', 'dwi_exponential_glcm_Imc2', 'dwi_square_glcm_MCC', 'dwi_original_firstorder_Kurtosis', 'dwi_exponential_gldm_SmallDependenceEmphasis', 'dwi_wavelet2-LH_glcm_Correlation', 'dwi_square_firstorder_Kurtosis', 'dwi_exponential_glszm_SizeZoneNonUniformityNormalized', 'dwi_square_glszm_SmallAreaHighGrayLevelEmphasis', 'dwi_wavelet2-LH_glcm_Imc2', 't2_squareroot_glszm_SizeZoneNonUniformity', 'dwi_log-sigma-0-6-mm-3D_glszm_ZoneVariance', 'dwi_wavelet2-LH_glcm_MCC', 't2_logarithm_ngtdm_Coarseness', 'dwi_logarithm_ngtdm_Coarseness', 'adc_squareroot_firstorder_TotalEnergy', 'dwi_square_glszm_SizeZoneNonUniformityNormalized', 'dwi_log-sigma-3-mm-3D_gldm_LargeDependenceHighGrayLevelEmphasis']","[0.8091286307053942, 0.5]","[0.8705357142857143, 0.38666666666666666]","[0.8387096774193549, 0.43609022556390975]","[0.8705357142857143, 0.38666666666666666]",KNN
20,4,0.8891984359726295,0.6610455311973018,0.7357742181540808,0.35054957765889466,0.32184310294546525,0.4689655172413793,0.6506047629779881,0.7450331125827815,0.35789473684210527,0.9227053140096618,0.68,0.7579365079365079,0.6403000254258835,41,"['dwi_square_ngtdm_Strength', 'dwi_log-sigma-3-mm-3D_firstorder_Skewness', 'dwi_log-sigma-3-mm-3D_firstorder_Kurtosis', 'dwi_square_firstorder_Skewness', 'dwi_exponential_ngtdm_Strength', 'dwi_exponential_glcm_Imc1', 'dwi_exponential_glszm_GrayLevelNonUniformityNormalized', 'dwi_log-sigma-2-mm-3D_firstorder_Kurtosis', 'dwi_original_firstorder_Skewness', 'dwi_exponential_firstorder_Skewness', 'dwi_exponential_glszm_GrayLevelVariance', 'dwi_square_firstorder_Kurtosis', 'dwi_wavelet2-LL_ngtdm_Strength', 'dwi_wavelet2-LL_firstorder_Kurtosis', 'dwi_square_ngtdm_Busyness', 'dwi_exponential_glrlm_GrayLevelVariance', 'dwi_exponential_glcm_ClusterProminence', 'dwi_exponential_firstorder_Maximum', 'dwi_exponential_gldm_SmallDependenceHighGrayLevelEmphasis', 'dwi_square_glrlm_GrayLevelNonUniformity', 'dwi_wavelet2-LL_glcm_ClusterShade', 'dwi_log-sigma-3-mm-3D_ngtdm_Busyness', 'dwi_square_glszm_SmallAreaHighGrayLevelEmphasis', 'dwi_square_glcm_MCC', 'dwi_exponential_glszm_SizeZoneNonUniformityNormalized', 'dwi_square_glszm_SizeZoneNonUniformityNormalized', 'dwi_log-sigma-3-mm-3D_glrlm_LongRunHighGrayLevelEmphasis', 'adc_logarithm_gldm_GrayLevelNonUniformity', 'dwi_log-sigma-2-mm-3D_glcm_MCC', 'dwi_log-sigma-3-mm-3D_glcm_ClusterShade', 'dwi_exponential_glszm_LargeAreaHighGrayLevelEmphasis', 'dwi_wavelet2-LH_glcm_Imc2', 'dwi_log-sigma-2-mm-3D_ngtdm_Strength', 'dwi_wavelet2-LH_glcm_MCC', 'dwi_exponential_gldm_SmallDependenceEmphasis', 't2_squareroot_glszm_GrayLevelNonUniformity', 'adc_wavelet2-LL_ngtdm_Coarseness', 'adc_wavelet2-LL_glcm_Imc1', 'dwi_exponential_glcm_Imc2', 'dwi_logarithm_glrlm_GrayLevelNonUniformity', 'dwi_wavelet2-LH_glcm_Correlation']","[0.7579365079365079, 0.68]","[0.9227053140096618, 0.35789473684210527]","[0.8322440087145969, 0.4689655172413793]","[0.9227053140096618, 0.35789473684210527]",KNN
21,5,0.8962131068958433,0.6645264847512039,0.7155773420479302,0.28372739792270624,0.2719005480878165,0.4316546762589928,0.6305141631834921,0.7375415282392026,0.35294117647058826,0.8888888888888888,0.5555555555555556,0.7773279352226721,0.6209150326797386,42,"['dwi_square_ngtdm_Strength', 'dwi_log-sigma-3-mm-3D_firstorder_Skewness', 'dwi_exponential_glszm_GrayLevelNonUniformityNormalized', 'dwi_exponential_ngtdm_Strength', 'dwi_exponential_glcm_Imc1', 'dwi_exponential_glszm_GrayLevelVariance', 'dwi_wavelet2-LL_firstorder_Skewness', 'dwi_square_firstorder_Skewness', 'dwi_wavelet2-LL_ngtdm_Strength', 'dwi_exponential_glrlm_GrayLevelVariance', 'dwi_exponential_glcm_ClusterProminence', 'dwi_square_ngtdm_Busyness', 'dwi_exponential_gldm_SmallDependenceHighGrayLevelEmphasis', 'dwi_log-sigma-3-mm-3D_firstorder_Kurtosis', 'dwi_exponential_firstorder_Maximum', 'dwi_exponential_firstorder_Skewness', 'dwi_wavelet2-LL_glcm_ClusterShade', 'dwi_square_glrlm_GrayLevelNonUniformity', 'dwi_exponential_glszm_SizeZoneNonUniformityNormalized', 'dwi_log-sigma-3-mm-3D_ngtdm_Busyness', 'dwi_square_firstorder_Kurtosis', 'dwi_wavelet2-LL_firstorder_Kurtosis', 'dwi_log-sigma-2-mm-3D_firstorder_Kurtosis', 'dwi_square_glszm_SmallAreaHighGrayLevelEmphasis', 'dwi_exponential_glszm_LargeAreaHighGrayLevelEmphasis', 'dwi_square_glcm_MCC', 'adc_logarithm_gldm_GrayLevelNonUniformity', 'dwi_exponential_gldm_SmallDependenceEmphasis', 'dwi_log-sigma-3-mm-3D_glcm_MCC', 'dwi_square_glszm_SizeZoneNonUniformityNormalized', 'dwi_exponential_glcm_Imc2', 'dwi_wavelet2-LL_glszm_GrayLevelNonUniformity', 'dwi_wavelet2-LH_glcm_Imc2', 'dwi_wavelet2-LH_glcm_MCC', 'adc_wavelet2-LL_ngtdm_Coarseness', 'dwi_log-sigma-2-mm-3D_ngtdm_Strength', 'dwi_log-sigma-3-mm-3D_gldm_LargeDependenceHighGrayLevelEmphasis', 't2_original_shape_SurfaceVolumeRatio', 'dwi_wavelet2-LH_glcm_Correlation', 'dwi_logarithm_gldm_GrayLevelNonUniformity', 't2_wavelet2-LL_glszm_SizeZoneNonUniformity', 'dwi_log-sigma-2-mm-3D_ngtdm_Busyness']","[0.7773279352226721, 0.5555555555555556]","[0.8888888888888888, 0.35294117647058826]","[0.8293736501079914, 0.4316546762589928]","[0.8888888888888888, 0.35294117647058826]",KNN
22,5,0.8902004035429705,0.6655791190864601,0.725328587075575,0.35075440194973456,0.3499322493224932,0.5189873417721519,0.6746722423146474,0.7491749174917491,0.4939759036144578,0.8454545454545455,0.5466666666666666,0.8157894736842105,0.6697152245345016,42,"['dwi_square_ngtdm_Strength', 'dwi_exponential_glcm_Imc1', 'dwi_square_glrlm_GrayLevelNonUniformity', 'dwi_log-sigma-3-mm-3D_firstorder_Skewness', 'dwi_exponential_glszm_GrayLevelNonUniformityNormalized', 'dwi_square_firstorder_Skewness', 'dwi_exponential_ngtdm_Strength', 'dwi_square_ngtdm_Busyness', 'dwi_exponential_glszm_GrayLevelVariance', 'dwi_log-sigma-3-mm-3D_firstorder_Kurtosis', 'dwi_exponential_glcm_ClusterProminence', 'dwi_exponential_gldm_SmallDependenceHighGrayLevelEmphasis', 'dwi_exponential_glrlm_GrayLevelVariance', 'dwi_exponential_firstorder_Skewness', 'dwi_wavelet2-LL_firstorder_Skewness', 'adc_logarithm_gldm_GrayLevelNonUniformity', 'dwi_exponential_glszm_LargeAreaHighGrayLevelEmphasis', 'dwi_wavelet2-LL_ngtdm_Strength', 'dwi_exponential_firstorder_Maximum', 'dwi_square_firstorder_Kurtosis', 'adc_original_ngtdm_Coarseness', 'dwi_wavelet2-LL_glszm_GrayLevelNonUniformity', 'dwi_exponential_gldm_DependenceVariance', 'dwi_wavelet2-LL_firstorder_Kurtosis', 'dwi_log-sigma-2-mm-3D_firstorder_Kurtosis', 't2_squareroot_glszm_SizeZoneNonUniformity', 'dwi_exponential_glszm_SizeZoneNonUniformityNormalized', 'dwi_exponential_glcm_Imc2', 'dwi_log-sigma-3-mm-3D_ngtdm_Busyness', 'dwi_square_glcm_MCC', 'dwi_wavelet2-LL_glcm_ClusterShade', 'dwi_log-sigma-0-6-mm-3D_glszm_ZoneVariance', 't2_logarithm_ngtdm_Coarseness', 'dwi_wavelet2-LH_glcm_Correlation', 'dwi_wavelet2-LH_glcm_Imc1', 'dwi_exponential_glszm_ZoneVariance', 'adc_wavelet-HH_ngtdm_Coarseness', 'dwi_exponential_glcm_JointAverage', 'adc_wavelet2-LL_glcm_Imc1', 't2_original_shape_MinorAxisLength', 'dwi_wavelet2-LH_glcm_Imc2', 't2_log-sigma-3-mm-3D_glszm_ZoneEntropy']","[0.8157894736842105, 0.5466666666666666]","[0.8454545454545455, 0.4939759036144578]","[0.8303571428571429, 0.5189873417721519]","[0.8454545454545455, 0.4939759036144578]",KNN
23,5,0.8852741461437114,0.6557911908646004,0.7683755760368662,0.32951752189378797,0.328693790149893,0.5,0.6640271493212669,0.7441077441077442,0.475,0.8433179723502304,0.5277777777777778,0.8133333333333334,0.6591589861751153,43,"['dwi_square_ngtdm_Strength', 'dwi_log-sigma-3-mm-3D_firstorder_Skewness', 'dwi_log-sigma-3-mm-3D_firstorder_Kurtosis', 'dwi_square_firstorder_Skewness', 'dwi_wavelet2-LL_firstorder_Skewness', 'dwi_exponential_glcm_Imc1', 'dwi_exponential_ngtdm_Strength', 'dwi_exponential_glszm_GrayLevelNonUniformityNormalized', 'dwi_exponential_firstorder_Skewness', 'dwi_wavelet2-LL_ngtdm_Strength', 'dwi_exponential_glszm_GrayLevelVariance', 'dwi_log-sigma-2-mm-3D_firstorder_Kurtosis', 'dwi_square_glrlm_GrayLevelNonUniformity', 'dwi_square_ngtdm_Busyness', 'dwi_exponential_glcm_ClusterProminence', 'dwi_square_firstorder_Kurtosis', 'dwi_wavelet2-LL_glcm_ClusterShade', 'dwi_exponential_glrlm_GrayLevelVariance', 'dwi_exponential_gldm_SmallDependenceHighGrayLevelEmphasis', 'dwi_exponential_firstorder_Maximum', 'dwi_original_firstorder_Kurtosis', 'dwi_log-sigma-3-mm-3D_ngtdm_Busyness', 'dwi_exponential_glszm_SizeZoneNonUniformityNormalized', 'adc_logarithm_gldm_GrayLevelNonUniformity', 'dwi_square_glszm_SizeZoneNonUniformityNormalized', 'dwi_exponential_glszm_LargeAreaHighGrayLevelEmphasis', 'dwi_square_glszm_SmallAreaHighGrayLevelEmphasis', 'dwi_logarithm_glrlm_GrayLevelNonUniformity', 'dwi_log-sigma-2-mm-3D_glcm_MCC', 'dwi_square_glcm_MCC', 'adc_wavelet2-LL_ngtdm_Coarseness', 'dwi_log-sigma-3-mm-3D_glrlm_LongRunHighGrayLevelEmphasis', 'dwi_wavelet2-LH_glcm_MCC', 'dwi_exponential_gldm_SmallDependenceEmphasis', 't2_original_glszm_GrayLevelNonUniformity', 'dwi_exponential_glcm_Imc2', 'dwi_square_glcm_ClusterShade', 'dwi_log-sigma-0-6-mm-3D_glszm_ZoneVariance', 'dwi_wavelet2-LH_glcm_Correlation', 'dwi_log-sigma-2-mm-3D_ngtdm_Strength', 'adc_wavelet2-LL_glcm_Imc1', 'dwi_wavelet2-LH_glcm_Imc2', 'dwi_logarithm_gldm_GrayLevelNonUniformity']","[0.8133333333333334, 0.5277777777777778]","[0.8433179723502304, 0.475]","[0.8280542986425339, 0.5]","[0.8433179723502304, 0.475]",KNN
24,5,0.904195219904343,0.6827697262479872,0.7538861492281304,0.3421591208583211,0.3407143651941693,0.5212121212121212,0.6698014629049112,0.7366666666666667,0.48863636363636365,0.839622641509434,0.5584415584415584,0.7982062780269058,0.6641295025728988,42,"['dwi_square_ngtdm_Strength', 'dwi_log-sigma-3-mm-3D_firstorder_Skewness', 'dwi_exponential_glcm_Imc1', 'dwi_exponential_glszm_GrayLevelNonUniformityNormalized', 'dwi_wavelet2-LL_firstorder_Skewness', 'dwi_exponential_ngtdm_Strength', 'dwi_log-sigma-3-mm-3D_firstorder_Kurtosis', 'dwi_square_firstorder_Skewness', 'dwi_exponential_glszm_GrayLevelVariance', 'dwi_square_ngtdm_Busyness', 'dwi_square_glrlm_GrayLevelNonUniformity', 'dwi_wavelet2-LL_ngtdm_Strength', 'dwi_exponential_glcm_ClusterProminence', 'dwi_exponential_glrlm_GrayLevelVariance', 'dwi_exponential_gldm_SmallDependenceHighGrayLevelEmphasis', 'dwi_exponential_firstorder_Maximum', 'dwi_exponential_firstorder_Skewness', 'dwi_wavelet2-LL_glcm_ClusterShade', 'dwi_log-sigma-2-mm-3D_firstorder_Kurtosis', 'dwi_square_glcm_MCC', 'dwi_log-sigma-3-mm-3D_ngtdm_Strength', 'dwi_wavelet2-LL_firstorder_Kurtosis', 'dwi_exponential_glszm_LargeAreaHighGrayLevelEmphasis', 'dwi_log-sigma-3-mm-3D_ngtdm_Busyness', 'dwi_wavelet2-LL_glszm_GrayLevelNonUniformity', 'dwi_square_firstorder_Kurtosis', 'adc_logarithm_gldm_GrayLevelNonUniformity', 'dwi_exponential_glszm_SizeZoneNonUniformityNormalized', 'dwi_exponential_gldm_SmallDependenceEmphasis', 'dwi_square_glszm_SmallAreaHighGrayLevelEmphasis', 'adc_wavelet2-LL_ngtdm_Coarseness', 'dwi_exponential_glcm_Imc2', 'dwi_log-sigma-0-6-mm-3D_glszm_ZoneVariance', 'dwi_log-sigma-2-mm-3D_glcm_MCC', 'dwi_wavelet2-LH_glcm_Correlation', 'dwi_wavelet2-LH_glcm_Imc2', 't2_wavelet2-LL_glszm_SizeZoneNonUniformity', 'dwi_square_firstorder_Maximum', 'dwi_square_glszm_SizeZoneNonUniformityNormalized', 'dwi_log-sigma-0-6-mm-3D_firstorder_Skewness', 'dwi_log-sigma-3-mm-3D_gldm_LargeDependenceHighGrayLevelEmphasis', 'dwi_logarithm_ngtdm_Coarseness']","[0.7982062780269058, 0.5584415584415584]","[0.839622641509434, 0.48863636363636365]","[0.8183908045977012, 0.5212121212121212]","[0.839622641509434, 0.48863636363636365]",KNN
25,5,0.8791632259840352,0.6356073211314476,0.7582129481005886,0.320504956015135,0.3089777777777778,0.47297297297297297,0.6498198198198198,0.7391304347826086,0.39325842696629215,0.8857142857142857,0.5932203389830508,0.775,0.6394863563402889,42,"['dwi_square_ngtdm_Strength', 'dwi_log-sigma-3-mm-3D_firstorder_Skewness', 'dwi_exponential_ngtdm_Strength', 'dwi_exponential_glcm_Imc1', 'dwi_exponential_glszm_GrayLevelNonUniformityNormalized', 'dwi_wavelet2-LL_firstorder_Skewness', 'dwi_wavelet2-LL_ngtdm_Strength', 'dwi_square_ngtdm_Busyness', 'dwi_log-sigma-3-mm-3D_firstorder_Kurtosis', 'dwi_exponential_firstorder_Skewness', 'dwi_square_firstorder_Skewness', 'dwi_exponential_firstorder_Maximum', 'dwi_exponential_glcm_ClusterProminence', 'dwi_exponential_glrlm_GrayLevelVariance', 'dwi_exponential_gldm_SmallDependenceHighGrayLevelEmphasis', 'dwi_wavelet2-LL_glcm_ClusterShade', 'dwi_log-sigma-3-mm-3D_ngtdm_Busyness', 'dwi_square_glszm_SmallAreaHighGrayLevelEmphasis', 'dwi_square_glrlm_GrayLevelNonUniformity', 'dwi_log-sigma-2-mm-3D_glcm_MCC', 'dwi_log-sigma-2-mm-3D_firstorder_Kurtosis', 'dwi_square_glcm_MCC', 'dwi_square_firstorder_Kurtosis', 'dwi_square_glszm_SizeZoneNonUniformityNormalized', 'dwi_log-sigma-3-mm-3D_gldm_LargeDependenceHighGrayLevelEmphasis', 'dwi_wavelet2-LL_firstorder_Kurtosis', 'dwi_exponential_glszm_SizeZoneNonUniformityNormalized', 'dwi_wavelet2-LH_glcm_Imc2', 'dwi_exponential_glszm_LargeAreaHighGrayLevelEmphasis', 'dwi_wavelet2-LH_glcm_MCC', 'dwi_log-sigma-2-mm-3D_ngtdm_Strength', 'dwi_exponential_gldm_SmallDependenceEmphasis', 'dwi_wavelet2-LH_glcm_Correlation', 'dwi_exponential_glcm_Imc2', 'dwi_wavelet2-LL_glszm_GrayLevelNonUniformity', 'adc_logarithm_gldm_GrayLevelNonUniformity', 'dwi_log-sigma-2-mm-3D_ngtdm_Busyness', 'dwi_log-sigma-3-mm-3D_firstorder_Minimum', 'adc_wavelet2-LL_ngtdm_Coarseness', 'dwi_log-sigma-3-mm-3D_gldm_LowGrayLevelEmphasis', 'dwi_log-sigma-0-6-mm-3D_glszm_ZoneVariance', 'dwi_log-sigma-3-mm-3D_glrlm_ShortRunLowGrayLevelEmphasis']","[0.775, 0.5932203389830508]","[0.8857142857142857, 0.39325842696629215]","[0.8266666666666667, 0.47297297297297297]","[0.8857142857142857, 0.39325842696629215]",KNN
26,6,0.8920424985642377,0.6463022508038585,0.7559043778801844,0.33588827118967624,0.3348164959536536,0.5033112582781457,0.6670055162722557,0.7474747474747475,0.475,0.847926267281106,0.5352112676056338,0.8141592920353983,0.661463133640553,43,"['dwi_square_ngtdm_Strength', 'dwi_log-sigma-3-mm-3D_firstorder_Skewness', 'dwi_square_firstorder_Skewness', 'dwi_log-sigma-3-mm-3D_firstorder_Kurtosis', 'dwi_exponential_ngtdm_Strength', 'dwi_square_ngtdm_Busyness', 'dwi_exponential_firstorder_Skewness', 'dwi_exponential_glcm_Imc1', 'dwi_wavelet2-LL_ngtdm_Strength', 'dwi_exponential_glszm_GrayLevelNonUniformityNormalized', 'dwi_wavelet2-LL_firstorder_Skewness', 'dwi_log-sigma-2-mm-3D_firstorder_Kurtosis', 'dwi_square_glrlm_GrayLevelNonUniformity', 'dwi_square_firstorder_Kurtosis', 'dwi_exponential_glszm_GrayLevelVariance', 'dwi_log-sigma-3-mm-3D_ngtdm_Busyness', 'dwi_exponential_glcm_ClusterProminence', 'dwi_wavelet2-LL_firstorder_Kurtosis', 'dwi_exponential_glrlm_GrayLevelVariance', 'dwi_exponential_gldm_SmallDependenceHighGrayLevelEmphasis', 'dwi_exponential_firstorder_Maximum', 'dwi_wavelet2-LL_glcm_ClusterShade', 'dwi_log-sigma-2-mm-3D_glcm_MCC', 'dwi_log-sigma-3-mm-3D_gldm_LargeDependenceHighGrayLevelEmphasis', 'dwi_square_glszm_SmallAreaHighGrayLevelEmphasis', 'dwi_square_glszm_SizeZoneNonUniformityNormalized', 'dwi_square_glcm_MCC', 'dwi_wavelet2-LL_glszm_GrayLevelNonUniformity', 'dwi_log-sigma-3-mm-3D_glcm_ClusterShade', 'dwi_wavelet2-LH_glcm_MCC', 'adc_logarithm_gldm_GrayLevelNonUniformity', 'dwi_log-sigma-2-mm-3D_ngtdm_Strength', 'dwi_exponential_glszm_SizeZoneNonUniformityNormalized', 'adc_wavelet2-LL_ngtdm_Coarseness', 'dwi_wavelet2-LH_glcm_Imc2', 'dwi_exponential_glszm_LargeAreaEmphasis', 'dwi_log-sigma-2-mm-3D_ngtdm_Busyness', 'dwi_exponential_gldm_SmallDependenceEmphasis', 'dwi_logarithm_gldm_GrayLevelNonUniformity', 'dwi_log-sigma-3-mm-3D_glcm_JointAverage', 't2_original_shape_SurfaceVolumeRatio', 'dwi_log-sigma-0-6-mm-3D_firstorder_Skewness', 'dwi_log-sigma-0-6-mm-3D_glszm_ZoneVariance']","[0.8141592920353983, 0.5352112676056338]","[0.847926267281106, 0.475]","[0.8306997742663657, 0.5033112582781457]","[0.847926267281106, 0.475]",KNN
27,6,0.8957952808107048,0.6656151419558359,0.7227204783258594,0.2850356197203675,0.2836140150031633,0.45517241379310347,0.6411529465026786,0.7375415282392026,0.4230769230769231,0.8475336322869955,0.4925373134328358,0.8076923076923077,0.6353052776819593,43,"['dwi_square_ngtdm_Strength', 'dwi_log-sigma-3-mm-3D_firstorder_Skewness', 'dwi_exponential_glszm_GrayLevelNonUniformityNormalized', 'dwi_exponential_ngtdm_Strength', 'dwi_exponential_glcm_Imc1', 'dwi_wavelet2-LL_firstorder_Skewness', 'dwi_square_firstorder_Skewness', 'dwi_log-sigma-3-mm-3D_firstorder_Kurtosis', 'dwi_exponential_firstorder_Skewness', 'dwi_square_ngtdm_Busyness', 'dwi_exponential_glcm_ClusterProminence', 'dwi_exponential_glrlm_GrayLevelVariance', 'dwi_wavelet2-LL_ngtdm_Strength', 'dwi_exponential_gldm_SmallDependenceHighGrayLevelEmphasis', 'dwi_exponential_firstorder_Maximum', 'dwi_log-sigma-2-mm-3D_firstorder_Kurtosis', 'dwi_wavelet2-LL_glcm_ClusterShade', 'dwi_square_firstorder_Kurtosis', 'dwi_wavelet2-LL_firstorder_Kurtosis', 'dwi_square_glrlm_GrayLevelNonUniformity', 'dwi_exponential_glszm_SizeZoneNonUniformityNormalized', 'dwi_square_glszm_SmallAreaHighGrayLevelEmphasis', 'dwi_log-sigma-3-mm-3D_ngtdm_Busyness', 'dwi_exponential_glszm_LargeAreaHighGrayLevelEmphasis', 'dwi_square_glcm_ClusterProminence', 'dwi_square_glcm_MCC', 'dwi_square_glszm_SizeZoneNonUniformityNormalized', 'dwi_exponential_gldm_SmallDependenceEmphasis', 'adc_logarithm_gldm_GrayLevelNonUniformity', 'dwi_log-sigma-2-mm-3D_glcm_MCC', 'dwi_square_firstorder_Maximum', 'dwi_wavelet2-LH_glcm_Imc2', 'dwi_exponential_glcm_Imc2', 'dwi_log-sigma-2-mm-3D_ngtdm_Strength', 'dwi_wavelet2-LL_glszm_GrayLevelNonUniformity', 'dwi_log-sigma-0-6-mm-3D_glszm_ZoneVariance', 'dwi_wavelet2-LH_glcm_MCC', 'dwi_log-sigma-3-mm-3D_gldm_LargeDependenceHighGrayLevelEmphasis', 'dwi_wavelet2-LH_glcm_Correlation', 'adc_logarithm_ngtdm_Coarseness', 'dwi_log-sigma-2-mm-3D_ngtdm_Busyness', 't2_original_shape_SurfaceVolumeRatio', 't2_squareroot_glszm_SizeZoneNonUniformity']","[0.8076923076923077, 0.4925373134328358]","[0.8475336322869955, 0.4230769230769231]","[0.8271334792122538, 0.45517241379310347]","[0.8475336322869955, 0.4230769230769231]",KNN
28,6,0.8928208203574334,0.6521008403361345,0.726274253543782,0.3320473624897151,0.3185156551990723,0.49382716049382713,0.6537317620650953,0.7275747508305648,0.40816326530612246,0.8817733990147784,0.625,0.7552742616033755,0.6449683321604505,40,"['dwi_square_ngtdm_Strength', 'dwi_exponential_glcm_Imc1', 'dwi_exponential_glszm_GrayLevelNonUniformityNormalized', 'dwi_exponential_ngtdm_Strength', 'dwi_log-sigma-3-mm-3D_firstorder_Skewness', 'dwi_exponential_glszm_GrayLevelVariance', 'dwi_wavelet2-LL_firstorder_Skewness', 'dwi_exponential_glcm_ClusterProminence', 'dwi_exponential_glrlm_GrayLevelVariance', 'dwi_wavelet2-LL_ngtdm_Strength', 'dwi_exponential_firstorder_Maximum', 'dwi_square_firstorder_Skewness', 'dwi_exponential_gldm_SmallDependenceHighGrayLevelEmphasis', 'dwi_log-sigma-3-mm-3D_firstorder_Kurtosis', 'dwi_wavelet2-LL_glcm_ClusterShade', 'dwi_exponential_firstorder_Skewness', 'dwi_square_ngtdm_Busyness', 'dwi_square_glrlm_GrayLevelNonUniformity', 'dwi_square_glcm_MCC', 'dwi_log-sigma-3-mm-3D_ngtdm_Busyness', 'dwi_exponential_glszm_SizeZoneNonUniformityNormalized', 'dwi_exponential_glcm_Imc2', 'dwi_exponential_glszm_LargeAreaHighGrayLevelEmphasis', 'dwi_square_glszm_SmallAreaHighGrayLevelEmphasis', 'dwi_log-sigma-2-mm-3D_glcm_MCC', 'dwi_exponential_gldm_SmallDependenceEmphasis', 'dwi_square_firstorder_Kurtosis', 'dwi_log-sigma-2-mm-3D_firstorder_Kurtosis', 'dwi_wavelet2-LH_glcm_Imc2', 'dwi_wavelet2-LH_glcm_Correlation', 'dwi_original_firstorder_Kurtosis', 'adc_logarithm_gldm_GrayLevelNonUniformity', 'dwi_wavelet2-LL_glszm_GrayLevelNonUniformity', 'dwi_log-sigma-3-mm-3D_gldm_LargeDependenceHighGrayLevelEmphasis', 'dwi_square_glszm_SizeZoneNonUniformityNormalized', 'adc_wavelet2-LL_ngtdm_Coarseness', 'dwi_wavelet2-LH_glcm_MCC', 't2_squareroot_glszm_SizeZoneNonUniformity', 'dwi_wavelet-LH_glcm_Imc1', 'dwi_exponential_ngtdm_Contrast']","[0.7552742616033755, 0.625]","[0.8817733990147784, 0.40816326530612246]","[0.8136363636363636, 0.49382716049382713]","[0.8817733990147784, 0.40816326530612246]",KNN
29,6,0.8842548280894681,0.6430868167202572,0.7700509049773756,0.34222928843557604,0.33905850503835167,0.496551724137931,0.6684071530974118,0.7574750830564784,0.45,0.8687782805429864,0.5538461538461539,0.8135593220338984,0.6593891402714932,43,"['dwi_square_ngtdm_Strength', 'dwi_log-sigma-3-mm-3D_firstorder_Skewness', 'dwi_exponential_glcm_Imc1', 'dwi_exponential_glszm_GrayLevelNonUniformityNormalized', 'dwi_exponential_ngtdm_Strength', 'dwi_square_glrlm_GrayLevelNonUniformity', 'dwi_wavelet2-LL_ngtdm_Strength', 'dwi_log-sigma-3-mm-3D_firstorder_Kurtosis', 'dwi_exponential_glszm_GrayLevelVariance', 'dwi_wavelet2-LL_firstorder_Skewness', 'dwi_square_firstorder_Skewness', 'dwi_square_ngtdm_Busyness', 'dwi_exponential_gldm_SmallDependenceHighGrayLevelEmphasis', 'dwi_exponential_glcm_ClusterProminence', 'dwi_exponential_glrlm_GrayLevelVariance', 'dwi_log-sigma-3-mm-3D_ngtdm_Strength', 'dwi_exponential_firstorder_Maximum', 'dwi_exponential_firstorder_Skewness', 'dwi_log-sigma-3-mm-3D_ngtdm_Busyness', 'dwi_exponential_glszm_LargeAreaHighGrayLevelEmphasis', 'adc_logarithm_gldm_GrayLevelNonUniformity', 'dwi_wavelet2-LL_glcm_ClusterShade', 'dwi_log-sigma-2-mm-3D_firstorder_Kurtosis', 'dwi_wavelet2-LL_firstorder_Kurtosis', 'dwi_wavelet2-LL_glszm_GrayLevelNonUniformity', 'dwi_exponential_gldm_SmallDependenceEmphasis', 'adc_wavelet2-LL_ngtdm_Coarseness', 'dwi_wavelet2-LH_glcm_MCC', 'dwi_square_glszm_SmallAreaHighGrayLevelEmphasis', 'dwi_log-sigma-0-6-mm-3D_glszm_ZoneVariance', 'dwi_exponential_glszm_SizeZoneNonUniformityNormalized', 'dwi_exponential_glcm_Imc2', 't2_original_glszm_GrayLevelNonUniformity', 't2_original_shape_SurfaceVolumeRatio', 'dwi_wavelet2-LH_glcm_Correlation', 'dwi_square_firstorder_Kurtosis', 'dwi_wavelet2-LH_glcm_Imc2', 'dwi_square_glszm_SizeZoneNonUniformityNormalized', 'dwi_log-sigma-2-mm-3D_glcm_MCC', 't2_log-sigma-3-mm-3D_glszm_ZoneEntropy', 'dwi_square_glcm_MCC', 't2_logarithm_ngtdm_Coarseness', 'adc_wavelet2-LL_glcm_Imc1']","[0.8135593220338984, 0.5538461538461539]","[0.8687782805429864, 0.45]","[0.8402625820568927, 0.496551724137931]","[0.8687782805429864, 0.45]",KNN
30,6,0.880168719686949,0.6395939086294417,0.7655359710314713,0.36634499563895784,0.3615209988649263,0.5283018867924528,0.6791169297907842,0.75,0.47191011235955055,0.8672985781990521,0.6,0.7956521739130434,0.6696043452793013,42,"['dwi_square_ngtdm_Strength', 'dwi_log-sigma-3-mm-3D_firstorder_Skewness', 'dwi_exponential_glcm_Imc1', 'dwi_square_glrlm_GrayLevelNonUniformity', 'dwi_square_firstorder_Skewness', 'dwi_exponential_ngtdm_Strength', 'dwi_log-sigma-3-mm-3D_firstorder_Kurtosis', 'dwi_exponential_glszm_GrayLevelNonUniformityNormalized', 'dwi_wavelet2-LL_firstorder_Skewness', 'dwi_exponential_glszm_GrayLevelVariance', 'dwi_square_ngtdm_Busyness', 'dwi_exponential_glcm_ClusterProminence', 'dwi_exponential_firstorder_Skewness', 'dwi_exponential_gldm_SmallDependenceHighGrayLevelEmphasis', 'dwi_exponential_glrlm_GrayLevelVariance', 'dwi_wavelet2-LL_ngtdm_Strength', 'dwi_exponential_firstorder_Range', 'adc_logarithm_gldm_GrayLevelNonUniformity', 'dwi_square_glcm_MCC', 'adc_wavelet2-LL_ngtdm_Coarseness', 'dwi_exponential_glszm_LargeAreaHighGrayLevelEmphasis', 'dwi_square_firstorder_Kurtosis', 'dwi_wavelet2-LL_glcm_ClusterShade', 'dwi_log-sigma-2-mm-3D_firstorder_Kurtosis', 'dwi_wavelet2-LL_glszm_GrayLevelNonUniformity', 'dwi_wavelet2-LL_firstorder_Kurtosis', 't2_original_shape_SurfaceVolumeRatio', 'dwi_exponential_glszm_SizeZoneNonUniformityNormalized', 'dwi_exponential_gldm_DependenceVariance', 't2_original_glszm_GrayLevelNonUniformity', 't2_logarithm_ngtdm_Coarseness', 'dwi_log-sigma-3-mm-3D_ngtdm_Busyness', 'adc_squareroot_firstorder_TotalEnergy', 'dwi_exponential_glcm_Imc2', 'adc_wavelet2-LL_glcm_Imc1', 'dwi_log-sigma-2-mm-3D_glcm_MCC', 't2_logarithm_glszm_SizeZoneNonUniformity', 't2_original_shape_Maximum2DDiameterRow', 'dwi_log-sigma-0-6-mm-3D_glszm_ZoneVariance', 'dwi_exponential_glszm_ZoneVariance', 'dwi_wavelet2-LH_glcm_Correlation', 'dwi_square_glszm_SmallAreaHighGrayLevelEmphasis']","[0.7956521739130434, 0.6]","[0.8672985781990521, 0.47191011235955055]","[0.8299319727891157, 0.5283018867924528]","[0.8672985781990521, 0.47191011235955055]",KNN
31,7,0.8993119564695966,0.6895424836601307,0.7412733797303175,0.34886343792542285,0.3460207612456747,0.5217391304347826,0.6719550155638117,0.7407407407407407,0.4772727272727273,0.8516746411483254,0.5753424657534246,0.7946428571428571,0.6644736842105263,42,"['dwi_square_ngtdm_Strength', 'dwi_log-sigma-3-mm-3D_firstorder_Skewness', 'dwi_exponential_glcm_Imc1', 'dwi_exponential_glszm_GrayLevelNonUniformityNormalized', 'dwi_exponential_ngtdm_Strength', 'dwi_square_ngtdm_Busyness', 'dwi_wavelet2-LL_ngtdm_Strength', 'dwi_exponential_glszm_GrayLevelVariance', 'dwi_log-sigma-3-mm-3D_firstorder_Kurtosis', 'dwi_square_firstorder_Skewness', 'dwi_wavelet2-LL_firstorder_Skewness', 'dwi_exponential_glcm_ClusterProminence', 'dwi_exponential_gldm_SmallDependenceHighGrayLevelEmphasis', 'dwi_square_glrlm_GrayLevelNonUniformity', 'dwi_exponential_glrlm_GrayLevelVariance', 'dwi_exponential_firstorder_Skewness', 'dwi_exponential_firstorder_Maximum', 'dwi_wavelet2-LL_glcm_ClusterShade', 'dwi_square_glcm_MCC', 'dwi_log-sigma-3-mm-3D_ngtdm_Busyness', 'dwi_exponential_glszm_LargeAreaEmphasis', 'adc_wavelet2-LL_ngtdm_Coarseness', 'dwi_exponential_glszm_SizeZoneNonUniformityNormalized', 'adc_logarithm_glrlm_GrayLevelNonUniformity', 'dwi_wavelet2-LH_glcm_Correlation', 'dwi_wavelet2-LL_firstorder_Kurtosis', 'dwi_exponential_gldm_SmallDependenceEmphasis', 'dwi_square_firstorder_Kurtosis', 'dwi_log-sigma-2-mm-3D_firstorder_Kurtosis', 'dwi_log-sigma-2-mm-3D_glcm_MCC', 'dwi_square_glszm_SmallAreaHighGrayLevelEmphasis', 'dwi_exponential_glcm_Imc2', 'dwi_squareroot_glrlm_GrayLevelNonUniformity', 'dwi_wavelet2-LH_glcm_Imc2', 't2_original_shape_SurfaceVolumeRatio', 'dwi_log-sigma-3-mm-3D_glcm_ClusterShade', 'adc_wavelet2-LL_glcm_Imc1', 'dwi_wavelet2-LH_glcm_MCC', 't2_logarithm_ngtdm_Coarseness', 'dwi_log-sigma-0-6-mm-3D_glszm_ZoneVariance', 'dwi_logarithm_gldm_GrayLevelNonUniformity', 'dwi_square_glszm_SizeZoneNonUniformityNormalized']","[0.7946428571428571, 0.5753424657534246]","[0.8516746411483254, 0.4772727272727273]","[0.8221709006928406, 0.5217391304347826]","[0.8516746411483254, 0.4772727272727273]",KNN
32,7,0.8936536142453568,0.676056338028169,0.7492887624466572,0.32906830593821157,0.32894973878580436,0.4966442953020134,0.6644295302013423,0.7483221476510067,0.4868421052631579,0.8378378378378378,0.5068493150684932,0.8266666666666667,0.6623399715504978,43,"['dwi_square_ngtdm_Strength', 'dwi_log-sigma-3-mm-3D_firstorder_Skewness', 'dwi_wavelet2-LL_firstorder_Skewness', 'dwi_square_firstorder_Skewness', 'dwi_exponential_glcm_Imc1', 'dwi_exponential_ngtdm_Strength', 'dwi_log-sigma-3-mm-3D_firstorder_Kurtosis', 'dwi_exponential_glszm_GrayLevelNonUniformityNormalized', 'dwi_exponential_firstorder_Skewness', 'dwi_exponential_glszm_GrayLevelVariance', 'dwi_wavelet2-LL_ngtdm_Strength', 'dwi_exponential_glcm_ClusterProminence', 'dwi_square_ngtdm_Busyness', 'dwi_log-sigma-2-mm-3D_firstorder_Kurtosis', 'dwi_square_glrlm_GrayLevelNonUniformity', 'dwi_exponential_glrlm_GrayLevelVariance', 'dwi_exponential_gldm_SmallDependenceHighGrayLevelEmphasis', 'dwi_exponential_firstorder_Maximum', 'dwi_wavelet2-LL_firstorder_Kurtosis', 'dwi_square_firstorder_Kurtosis', 'dwi_wavelet2-LL_glcm_ClusterShade', 'dwi_log-sigma-3-mm-3D_ngtdm_Busyness', 'adc_logarithm_gldm_GrayLevelNonUniformity', 'dwi_exponential_glszm_LargeAreaHighGrayLevelEmphasis', 'dwi_square_glszm_SmallAreaHighGrayLevelEmphasis', 'dwi_log-sigma-2-mm-3D_glcm_MCC', 'dwi_square_glcm_MCC', 'dwi_exponential_gldm_SmallDependenceEmphasis', 'dwi_exponential_glszm_SizeZoneNonUniformityNormalized', 'dwi_square_glszm_SizeZoneNonUniformityNormalized', 'dwi_exponential_glcm_Imc2', 'dwi_log-sigma-3-mm-3D_gldm_LargeDependenceHighGrayLevelEmphasis', 'adc_logarithm_ngtdm_Coarseness', 'dwi_wavelet2-LL_glszm_GrayLevelNonUniformity', 'dwi_wavelet2-LH_glcm_Imc2', 'dwi_wavelet2-LH_glcm_MCC', 'dwi_wavelet2-LH_glcm_Correlation', 'dwi_log-sigma-2-mm-3D_ngtdm_Strength', 'dwi_log-sigma-0-6-mm-3D_glszm_ZoneVariance', 'adc_wavelet2-LL_glcm_Imc1', 't2_original_shape_SurfaceVolumeRatio', 't2_squareroot_glszm_SizeZoneNonUniformity', 'dwi_log-sigma-2-mm-3D_ngtdm_Busyness']","[0.8266666666666667, 0.5068493150684932]","[0.8378378378378378, 0.4868421052631579]","[0.8322147651006712, 0.4966442953020134]","[0.8378378378378378, 0.4868421052631579]",KNN
33,7,0.8862411787144764,0.6688102893890675,0.7734157478561087,0.3786166346839196,0.3673734314149719,0.5072463768115942,0.6803473263368316,0.7740863787375415,0.4268292682926829,0.9041095890410958,0.625,0.8081632653061225,0.6654694286668894,42,"['dwi_square_ngtdm_Strength', 'dwi_log-sigma-3-mm-3D_firstorder_Skewness', 'dwi_exponential_ngtdm_Strength', 'dwi_wavelet2-LL_firstorder_Skewness', 'dwi_exponential_glszm_GrayLevelNonUniformityNormalized', 'dwi_exponential_glcm_Imc1', 'dwi_square_firstorder_Skewness', 'dwi_exponential_glszm_GrayLevelVariance', 'dwi_log-sigma-3-mm-3D_firstorder_Kurtosis', 'dwi_square_ngtdm_Busyness', 'dwi_exponential_firstorder_Skewness', 'dwi_exponential_firstorder_Maximum', 'dwi_exponential_glcm_ClusterProminence', 'dwi_exponential_glrlm_GrayLevelVariance', 'dwi_exponential_gldm_SmallDependenceHighGrayLevelEmphasis', 'dwi_wavelet2-LL_ngtdm_Strength', 'dwi_log-sigma-2-mm-3D_firstorder_Kurtosis', 'dwi_wavelet2-LL_glcm_ClusterShade', 'dwi_square_glrlm_GrayLevelNonUniformity', 'dwi_square_firstorder_Kurtosis', 'dwi_wavelet2-LL_firstorder_Kurtosis', 'dwi_log-sigma-3-mm-3D_ngtdm_Busyness', 'dwi_exponential_glszm_LargeAreaHighGrayLevelEmphasis', 'dwi_exponential_glszm_SizeZoneNonUniformityNormalized', 'dwi_square_glcm_MCC', 'dwi_square_glszm_SmallAreaHighGrayLevelEmphasis', 'dwi_exponential_gldm_SmallDependenceEmphasis', 'adc_logarithm_gldm_GrayLevelNonUniformity', 'dwi_exponential_glcm_Imc2', 'dwi_log-sigma-3-mm-3D_glcm_MCC', 'dwi_wavelet2-LH_glcm_MCC', 'dwi_wavelet2-LL_glszm_GrayLevelNonUniformity', 'dwi_square_glszm_SizeZoneNonUniformityNormalized', 'dwi_log-sigma-3-mm-3D_gldm_LargeDependenceHighGrayLevelEmphasis', 'dwi_wavelet2-LH_glcm_Imc2', 'adc_wavelet2-LL_ngtdm_Coarseness', 't2_original_glszm_GrayLevelNonUniformity', 'dwi_wavelet2-LH_glcm_Correlation', 'dwi_log-sigma-2-mm-3D_ngtdm_Strength', 'dwi_log-sigma-0-6-mm-3D_glszm_ZoneVariance', 't2_original_shape_SurfaceVolumeRatio', 'dwi_logarithm_gldm_GrayLevelNonUniformity']","[0.8081632653061225, 0.625]","[0.9041095890410958, 0.4268292682926829]","[0.853448275862069, 0.5072463768115942]","[0.9041095890410958, 0.4268292682926829]",KNN
34,7,0.8874370903305028,0.649746192893401,0.7680817610062893,0.36233537388584625,0.3476179355441382,0.5,0.668859649122807,0.7549668874172185,0.4111111111111111,0.9009433962264151,0.6379310344827587,0.7827868852459017,0.656027253668763,41,"['dwi_square_ngtdm_Strength', 'dwi_exponential_glszm_GrayLevelNonUniformityNormalized', 'dwi_exponential_glcm_Imc1', 'dwi_log-sigma-3-mm-3D_firstorder_Skewness', 'dwi_square_glrlm_GrayLevelNonUniformity', 'dwi_exponential_ngtdm_Strength', 'dwi_exponential_glszm_GrayLevelVariance', 'dwi_square_firstorder_Skewness', 'dwi_exponential_glcm_ClusterProminence', 'dwi_exponential_glrlm_GrayLevelVariance', 'dwi_square_ngtdm_Busyness', 'dwi_exponential_gldm_SmallDependenceHighGrayLevelEmphasis', 'dwi_log-sigma-3-mm-3D_firstorder_Kurtosis', 'dwi_wavelet2-LL_firstorder_Skewness', 'dwi_exponential_firstorder_Maximum', 'dwi_wavelet2-LL_ngtdm_Strength', 'dwi_exponential_glszm_LargeAreaHighGrayLevelEmphasis', 'dwi_exponential_firstorder_Skewness', 'dwi_exponential_glszm_SizeZoneNonUniformityNormalized', 'dwi_wavelet2-LL_glszm_GrayLevelNonUniformity', 'dwi_exponential_gldm_SmallDependenceEmphasis', 'dwi_wavelet2-LL_glcm_ClusterShade', 'dwi_log-sigma-3-mm-3D_ngtdm_Busyness', 'dwi_square_firstorder_Kurtosis', 'dwi_square_glcm_MCC', 'adc_logarithm_gldm_GrayLevelNonUniformity', 'dwi_exponential_glcm_Imc2', 'adc_wavelet2-LL_ngtdm_Coarseness', 'dwi_log-sigma-2-mm-3D_firstorder_Kurtosis', 'dwi_log-sigma-0-6-mm-3D_glszm_ZoneVariance', 'dwi_square_glszm_SmallAreaHighGrayLevelEmphasis', 'dwi_square_glszm_SizeZoneNonUniformityNormalized', 't2_original_shape_SurfaceVolumeRatio', 'dwi_original_firstorder_Kurtosis', 't2_wavelet2-LL_glszm_SizeZoneNonUniformity', 'adc_squareroot_firstorder_TotalEnergy', 'dwi_log-sigma-2-mm-3D_glcm_MCC', 'dwi_exponential_glszm_ZoneVariance', 't2_log-sigma-3-mm-3D_glszm_ZoneEntropy', 'dwi_wavelet2-LH_glcm_Imc2', 'dwi_log-sigma-3-mm-3D_glcm_ClusterShade']","[0.7827868852459017, 0.6379310344827587]","[0.9009433962264151, 0.4111111111111111]","[0.8377192982456141, 0.5]","[0.9009433962264151, 0.4111111111111111]",KNN
35,7,0.894253742680367,0.6396103896103896,0.7348472859629689,0.3506942307021041,0.34306485774801077,0.5064935064935064,0.6688023088023087,0.7483443708609272,0.43820224719101125,0.8779342723004695,0.6,0.7890295358649789,0.6580682597457403,42,"['dwi_square_ngtdm_Strength', 'dwi_log-sigma-3-mm-3D_firstorder_Skewness', 'dwi_exponential_glcm_Imc1', 'dwi_square_firstorder_Skewness', 'dwi_exponential_ngtdm_Strength', 'dwi_log-sigma-3-mm-3D_firstorder_Kurtosis', 'dwi_exponential_glszm_GrayLevelNonUniformityNormalized', 'dwi_wavelet2-LL_firstorder_Skewness', 'dwi_exponential_firstorder_Skewness', 'dwi_wavelet2-LL_ngtdm_Strength', 'dwi_square_ngtdm_Busyness', 'dwi_square_glrlm_GrayLevelNonUniformity', 'dwi_exponential_glcm_ClusterProminence', 'dwi_exponential_glrlm_GrayLevelVariance', 'dwi_wavelet2-LL_glcm_ClusterShade', 'dwi_log-sigma-2-mm-3D_firstorder_Kurtosis', 'dwi_exponential_gldm_SmallDependenceHighGrayLevelEmphasis', 'dwi_exponential_firstorder_Maximum', 'dwi_log-sigma-3-mm-3D_ngtdm_Busyness', 'dwi_square_firstorder_Kurtosis', 'dwi_wavelet2-LL_firstorder_Kurtosis', 'dwi_square_glszm_SmallAreaHighGrayLevelEmphasis', 'dwi_log-sigma-2-mm-3D_glcm_MCC', 'dwi_square_glcm_MCC', 'dwi_exponential_glszm_SizeZoneNonUniformityNormalized', 'dwi_log-sigma-3-mm-3D_gldm_LargeDependenceHighGrayLevelEmphasis', 'dwi_wavelet2-LH_glcm_MCC', 'adc_logarithm_gldm_GrayLevelNonUniformity', 'dwi_wavelet2-LL_glszm_GrayLevelNonUniformity', 'dwi_wavelet2-LH_glcm_Imc2', 'dwi_square_glszm_SizeZoneNonUniformityNormalized', 'dwi_log-sigma-2-mm-3D_ngtdm_Strength', 'dwi_square_glcm_ClusterShade', 'dwi_wavelet2-LH_glcm_Correlation', 'dwi_exponential_glszm_LargeAreaLowGrayLevelEmphasis', 'dwi_square_firstorder_Range', 'dwi_log-sigma-0-6-mm-3D_firstorder_Skewness', 'dwi_exponential_gldm_SmallDependenceEmphasis', 'adc_wavelet2-LL_ngtdm_Coarseness', 'dwi_exponential_glcm_Imc2', 't2_squareroot_glszm_SizeZoneNonUniformity', 'dwi_log-sigma-2-mm-3D_ngtdm_Busyness']","[0.7890295358649789, 0.6]","[0.8779342723004695, 0.43820224719101125]","[0.8311111111111111, 0.5064935064935064]","[0.8779342723004695, 0.43820224719101125]",KNN
36,8,0.8966214985734617,0.6761006289308176,0.6959412379514573,0.2711062822784909,0.2688780848052188,0.4444444444444444,0.6333333333333333,0.7306397306397306,0.4050632911392405,0.8486238532110092,0.49230769230769234,0.7974137931034483,0.6268435721751249,43,"['dwi_square_ngtdm_Strength', 'dwi_exponential_glcm_Imc1', 'dwi_log-sigma-3-mm-3D_firstorder_Skewness', 'dwi_exponential_ngtdm_Strength', 'dwi_exponential_glszm_GrayLevelNonUniformityNormalized', 'dwi_square_firstorder_Skewness', 'dwi_exponential_glszm_GrayLevelVariance', 'dwi_log-sigma-3-mm-3D_firstorder_Kurtosis', 'dwi_exponential_firstorder_Skewness', 'dwi_wavelet2-LL_firstorder_Skewness', 'dwi_exponential_glcm_ClusterProminence', 'dwi_wavelet2-LL_ngtdm_Strength', 'dwi_exponential_glrlm_GrayLevelVariance', 'dwi_square_ngtdm_Busyness', 'dwi_exponential_firstorder_Maximum', 'dwi_exponential_gldm_SmallDependenceHighGrayLevelEmphasis', 'dwi_square_glrlm_GrayLevelNonUniformity', 'dwi_square_firstorder_Kurtosis', 'dwi_log-sigma-2-mm-3D_firstorder_Kurtosis', 'dwi_square_glcm_MCC', 'dwi_log-sigma-3-mm-3D_ngtdm_Busyness', 'dwi_wavelet2-LL_glcm_ClusterShade', 'dwi_original_firstorder_Kurtosis', 'dwi_exponential_glszm_SizeZoneNonUniformityNormalized', 'dwi_wavelet2-LH_glcm_Correlation', 'dwi_square_glszm_SmallAreaHighGrayLevelEmphasis', 'dwi_log-sigma-2-mm-3D_glcm_MCC', 'dwi_exponential_glszm_LargeAreaHighGrayLevelEmphasis', 'dwi_wavelet2-LH_glcm_Imc2', 'dwi_exponential_glcm_Imc2', 'dwi_exponential_gldm_SmallDependenceEmphasis', 'adc_logarithm_gldm_GrayLevelNonUniformity', 'dwi_wavelet2-LH_glcm_MCC', 'dwi_square_glszm_SizeZoneNonUniformityNormalized', 'dwi_log-sigma-3-mm-3D_gldm_LargeDependenceHighGrayLevelEmphasis', 'dwi_log-sigma-3-mm-3D_glcm_ClusterShade', 'dwi_wavelet2-LL_glszm_GrayLevelNonUniformity', 'adc_wavelet2-LL_ngtdm_Coarseness', 'dwi_log-sigma-2-mm-3D_ngtdm_Strength', 'dwi_log-sigma-0-6-mm-3D_glszm_ZoneVariance', 'dwi_log-sigma-0-6-mm-3D_firstorder_Skewness', 'dwi_log-sigma-2-mm-3D_ngtdm_Busyness', 'dwi_log-sigma-3-mm-3D_glcm_JointAverage']","[0.7974137931034483, 0.49230769230769234]","[0.8486238532110092, 0.4050632911392405]","[0.8222222222222222, 0.4444444444444444]","[0.8486238532110092, 0.4050632911392405]",KNN
37,8,0.8857635773928645,0.6567164179104478,0.7535147991543341,0.3917991563548799,0.3839170652080529,0.5359477124183006,0.6896074102930355,0.7656765676567657,0.4659090909090909,0.8883720930232558,0.6307692307692307,0.8025210084033614,0.6771405919661734,42,"['dwi_square_ngtdm_Strength', 'dwi_log-sigma-3-mm-3D_firstorder_Skewness', 'dwi_exponential_glcm_Imc1', 'dwi_wavelet2-LL_firstorder_Skewness', 'dwi_exponential_glszm_GrayLevelNonUniformityNormalized', 'dwi_square_ngtdm_Busyness', 'dwi_exponential_ngtdm_Strength', 'dwi_square_firstorder_Skewness', 'dwi_log-sigma-3-mm-3D_firstorder_Kurtosis', 'dwi_square_glrlm_GrayLevelNonUniformity', 'dwi_exponential_glcm_ClusterProminence', 'dwi_exponential_glrlm_GrayLevelVariance', 'dwi_exponential_gldm_SmallDependenceHighGrayLevelEmphasis', 'dwi_exponential_firstorder_Skewness', 'dwi_wavelet2-LL_glcm_ClusterShade', 'dwi_exponential_firstorder_Maximum', 'dwi_log-sigma-3-mm-3D_ngtdm_Strength', 'dwi_log-sigma-2-mm-3D_firstorder_Kurtosis', 'dwi_log-sigma-3-mm-3D_ngtdm_Busyness', 'dwi_square_glszm_GrayLevelVariance', 'dwi_wavelet2-LL_firstorder_Kurtosis', 'dwi_wavelet2-LL_glszm_GrayLevelNonUniformity', 'dwi_exponential_glszm_LargeAreaHighGrayLevelEmphasis', 'dwi_square_firstorder_Kurtosis', 'dwi_square_glcm_MCC', 'adc_logarithm_ngtdm_Coarseness', 'adc_logarithm_gldm_GrayLevelNonUniformity', 'dwi_log-sigma-2-mm-3D_glcm_MCC', 'dwi_exponential_glszm_SizeZoneNonUniformityNormalized', 'dwi_exponential_gldm_SmallDependenceEmphasis', 't2_original_glszm_GrayLevelNonUniformity', 'dwi_square_glszm_SizeZoneNonUniformityNormalized', 'dwi_exponential_glcm_Imc2', 't2_original_shape_SurfaceVolumeRatio', 'dwi_log-sigma-3-mm-3D_glcm_ClusterShade', 'dwi_log-sigma-0-6-mm-3D_glszm_ZoneVariance', 'dwi_log-sigma-3-mm-3D_gldm_LargeDependenceHighGrayLevelEmphasis', 'dwi_square_firstorder_Maximum', 'dwi_wavelet2-LH_glcm_Imc2', 'dwi_wavelet2-LH_glcm_MCC', 'dwi_wavelet2-LH_glcm_Correlation', 't2_logarithm_ngtdm_Coarseness']","[0.8025210084033614, 0.6307692307692307]","[0.8883720930232558, 0.4659090909090909]","[0.8432671081677704, 0.5359477124183006]","[0.8883720930232558, 0.4659090909090909]",KNN
38,8,0.8830103359173127,0.6287625418060201,0.7713645278789577,0.3467743386490152,0.3432604681636786,0.5066666666666667,0.6703736920777279,0.7516778523489933,0.4578313253012048,0.8651162790697674,0.5671641791044776,0.8051948051948052,0.6614738021854861,42,"['dwi_square_ngtdm_Strength', 'dwi_log-sigma-3-mm-3D_firstorder_Skewness', 'dwi_exponential_ngtdm_Strength', 'dwi_exponential_glcm_Imc1', 'dwi_exponential_glszm_GrayLevelNonUniformityNormalized', 'dwi_log-sigma-3-mm-3D_firstorder_Kurtosis', 'dwi_square_firstorder_Skewness', 'dwi_wavelet2-LL_firstorder_Skewness', 'dwi_square_glrlm_GrayLevelNonUniformity', 'dwi_exponential_glszm_GrayLevelVariance', 'dwi_square_ngtdm_Busyness', 'dwi_exponential_firstorder_Skewness', 'dwi_wavelet2-LL_ngtdm_Strength', 'dwi_exponential_glcm_ClusterProminence', 'dwi_exponential_glrlm_GrayLevelVariance', 'dwi_exponential_gldm_SmallDependenceHighGrayLevelEmphasis', 'dwi_exponential_firstorder_Maximum', 'adc_logarithm_gldm_GrayLevelNonUniformity', 'dwi_wavelet2-LL_glcm_ClusterShade', 'dwi_log-sigma-3-mm-3D_ngtdm_Busyness', 'dwi_square_firstorder_Kurtosis', 'dwi_log-sigma-2-mm-3D_firstorder_Kurtosis', 'dwi_wavelet2-LL_glszm_GrayLevelNonUniformity', 'adc_wavelet2-LL_ngtdm_Coarseness', 't2_original_shape_SurfaceVolumeRatio', 'dwi_exponential_glszm_LargeAreaHighGrayLevelEmphasis', 'dwi_square_glcm_MCC', 't2_squareroot_glszm_SizeZoneNonUniformity', 'dwi_wavelet2-LL_firstorder_Kurtosis', 'dwi_exponential_glszm_SizeZoneNonUniformityNormalized', 'dwi_exponential_gldm_SmallDependenceEmphasis', 'dwi_square_glszm_SmallAreaHighGrayLevelEmphasis', 'dwi_exponential_glcm_Imc2', 'dwi_log-sigma-2-mm-3D_glcm_MCC', 'adc_wavelet2-LL_glcm_Imc1', 'dwi_log-sigma-0-6-mm-3D_glszm_ZoneVariance', 't2_log-sigma-2-mm-3D_glrlm_RunLengthNonUniformity', 't2_logarithm_ngtdm_Coarseness', 't2_log-sigma-3-mm-3D_glszm_ZoneEntropy', 'dwi_wavelet2-LH_glcm_Imc2', 'dwi_square_glszm_SizeZoneNonUniformityNormalized', 't2_wavelet-HL_glszm_GrayLevelNonUniformity']","[0.8051948051948052, 0.5671641791044776]","[0.8651162790697674, 0.4578313253012048]","[0.8340807174887892, 0.5066666666666667]","[0.8651162790697674, 0.4578313253012048]",KNN
39,8,0.8953010587514035,0.6503267973856209,0.7290868454661559,0.2880710975613531,0.2841772692340535,0.4645161290322581,0.6402403261569273,0.7260726072607261,0.41379310344827586,0.8518518518518519,0.5294117647058824,0.7829787234042553,0.6328224776500638,42,"['dwi_square_ngtdm_Strength', 'dwi_log-sigma-3-mm-3D_firstorder_Skewness', 'dwi_exponential_glcm_Imc1', 'dwi_exponential_ngtdm_Strength', 'dwi_square_firstorder_Skewness', 'dwi_exponential_glszm_GrayLevelNonUniformityNormalized', 'dwi_log-sigma-3-mm-3D_firstorder_Kurtosis', 'dwi_wavelet2-LL_firstorder_Skewness', 'dwi_exponential_glszm_GrayLevelVariance', 'dwi_exponential_firstorder_Skewness', 'dwi_exponential_glcm_ClusterProminence', 'dwi_exponential_glrlm_GrayLevelVariance', 'dwi_wavelet2-LL_ngtdm_Strength', 'dwi_log-sigma-2-mm-3D_firstorder_Kurtosis', 'dwi_exponential_gldm_SmallDependenceHighGrayLevelEmphasis', 'dwi_exponential_firstorder_Range', 'dwi_square_firstorder_Kurtosis', 'dwi_wavelet2-LL_firstorder_Kurtosis', 'dwi_square_ngtdm_Busyness', 'dwi_square_glrlm_GrayLevelNonUniformity', 'dwi_wavelet2-LL_glcm_ClusterShade', 'dwi_log-sigma-3-mm-3D_ngtdm_Busyness', 'dwi_square_glszm_SmallAreaHighGrayLevelEmphasis', 'dwi_exponential_glszm_SizeZoneNonUniformityNormalized', 'dwi_exponential_glszm_LargeAreaEmphasis', 'dwi_log-sigma-3-mm-3D_glrlm_LongRunHighGrayLevelEmphasis', 'dwi_wavelet2-LH_glcm_MCC', 'dwi_square_glcm_MCC', 'adc_logarithm_gldm_GrayLevelNonUniformity', 'dwi_square_glszm_SizeZoneNonUniformityNormalized', 'dwi_log-sigma-2-mm-3D_glcm_MCC', 'dwi_exponential_gldm_SmallDependenceEmphasis', 'dwi_exponential_glcm_Imc2', 'dwi_wavelet2-LH_glcm_Imc2', 'dwi_log-sigma-3-mm-3D_glrlm_GrayLevelNonUniformity', 'dwi_wavelet2-LH_glcm_Correlation', 'adc_original_ngtdm_Coarseness', 'dwi_log-sigma-2-mm-3D_ngtdm_Strength', 'dwi_log-sigma-0-6-mm-3D_firstorder_Skewness', 'dwi_log-sigma-3-mm-3D_glcm_JointAverage', 'dwi_log-sigma-3-mm-3D_gldm_LowGrayLevelEmphasis', 'dwi_log-sigma-0-6-mm-3D_glszm_LargeAreaEmphasis']","[0.7829787234042553, 0.5294117647058824]","[0.8518518518518519, 0.41379310344827586]","[0.8159645232815964, 0.4645161290322581]","[0.8518518518518519, 0.41379310344827586]",KNN
40,8,0.8861722442026596,0.6580226904376013,0.7710846617837139,0.3639571014537162,0.36010843201597953,0.5283018867924528,0.678729531095543,0.7491638795986622,0.4772727272727273,0.8625592417061612,0.5915492957746479,0.7982456140350878,0.6699159844894442,42,"['dwi_square_ngtdm_Strength', 'dwi_log-sigma-3-mm-3D_firstorder_Skewness', 'dwi_exponential_glszm_GrayLevelNonUniformityNormalized', 'dwi_exponential_glcm_Imc1', 'dwi_square_ngtdm_Busyness', 'dwi_wavelet2-LL_firstorder_Skewness', 'dwi_exponential_ngtdm_Strength', 'dwi_square_glrlm_GrayLevelNonUniformity', 'dwi_square_firstorder_Skewness', 'dwi_log-sigma-3-mm-3D_firstorder_Kurtosis', 'dwi_wavelet2-LL_ngtdm_Strength', 'dwi_exponential_glszm_GrayLevelVariance', 'dwi_exponential_gldm_SmallDependenceHighGrayLevelEmphasis', 'dwi_exponential_glcm_ClusterProminence', 'dwi_exponential_glrlm_GrayLevelVariance', 'dwi_wavelet2-LL_glcm_ClusterShade', 'dwi_exponential_firstorder_Skewness', 'dwi_exponential_firstorder_Range', 'dwi_exponential_glszm_LargeAreaHighGrayLevelEmphasis', 'dwi_log-sigma-3-mm-3D_ngtdm_Busyness', 'dwi_square_glcm_MCC', 'dwi_exponential_glszm_SizeZoneNonUniformityNormalized', 'dwi_log-sigma-2-mm-3D_firstorder_Kurtosis', 'dwi_wavelet2-LL_glszm_GrayLevelNonUniformity', 'dwi_exponential_gldm_SmallDependenceEmphasis', 'adc_logarithm_gldm_GrayLevelNonUniformity', 'dwi_wavelet2-LL_firstorder_Kurtosis', 'dwi_square_firstorder_Kurtosis', 'adc_wavelet2-LL_ngtdm_Coarseness', 'dwi_log-sigma-2-mm-3D_glcm_MCC', 'dwi_square_glszm_SmallAreaHighGrayLevelEmphasis', 'dwi_exponential_glcm_Imc2', 'dwi_log-sigma-0-6-mm-3D_glszm_ZoneVariance', 'dwi_square_glszm_SizeZoneNonUniformityNormalized', 't2_original_glszm_GrayLevelNonUniformity', 't2_original_shape_SurfaceVolumeRatio', 'dwi_wavelet2-LH_glcm_Imc2', 'dwi_logarithm_gldm_GrayLevelNonUniformity', 'dwi_wavelet2-LH_glcm_Correlation', 'dwi_exponential_glszm_ZoneVariance', 'adc_squareroot_firstorder_TotalEnergy', 'dwi_log-sigma-2-mm-3D_ngtdm_Strength']","[0.7982456140350878, 0.5915492957746479]","[0.8625592417061612, 0.4772727272727273]","[0.8291571753986332, 0.5283018867924528]","[0.8625592417061612, 0.4772727272727273]",KNN
41,9,0.892585403726708,0.6256781193490054,0.7554393826238486,0.38101033187792205,0.369151615842221,0.5485714285714286,0.6804614862572107,0.7348993288590604,0.46601941747572817,0.8769230769230769,0.6666666666666666,0.7566371681415929,0.6714712471994025,40,"['dwi_square_ngtdm_Strength', 'dwi_log-sigma-3-mm-3D_firstorder_Skewness', 'dwi_exponential_glcm_Imc1', 'dwi_wavelet2-LL_firstorder_Skewness', 'dwi_exponential_glszm_GrayLevelNonUniformityNormalized', 'dwi_square_glrlm_GrayLevelNonUniformity', 'dwi_square_firstorder_Skewness', 'dwi_exponential_ngtdm_Strength', 'dwi_square_ngtdm_Busyness', 'dwi_log-sigma-3-mm-3D_firstorder_Kurtosis', 'dwi_wavelet2-LL_ngtdm_Strength', 'dwi_exponential_firstorder_Skewness', 'dwi_exponential_glcm_ClusterProminence', 'dwi_exponential_gldm_SmallDependenceHighGrayLevelEmphasis', 'dwi_exponential_glrlm_GrayLevelVariance', 'dwi_exponential_firstorder_Range', 'dwi_wavelet2-LL_glcm_ClusterShade', 'dwi_exponential_glszm_LargeAreaHighGrayLevelEmphasis', 'dwi_square_firstorder_Kurtosis', 'adc_logarithm_gldm_GrayLevelNonUniformity', 'adc_wavelet2-LL_ngtdm_Coarseness', 'dwi_log-sigma-3-mm-3D_glrlm_GrayLevelNonUniformity', 'dwi_exponential_gldm_DependenceVariance', 'dwi_log-sigma-3-mm-3D_ngtdm_Busyness', 'dwi_log-sigma-2-mm-3D_firstorder_Kurtosis', 'dwi_exponential_glszm_SizeZoneNonUniformityNormalized', 'dwi_original_firstorder_Kurtosis', 'dwi_exponential_glcm_Imc2', 't2_wavelet2-HL_glszm_GrayLevelNonUniformity', 'dwi_log-sigma-2-mm-3D_glcm_MCC', 't2_original_shape_SurfaceVolumeRatio', 'dwi_square_glcm_MCC', 'dwi_square_glszm_SmallAreaHighGrayLevelEmphasis', 'adc_squareroot_firstorder_TotalEnergy', 'dwi_square_glszm_SizeZoneNonUniformityNormalized', 't2_log-sigma-3-mm-3D_glszm_ZoneEntropy', 't2_log-sigma-2-mm-3D_glrlm_RunLengthNonUniformity', 'dwi_exponential_glcm_JointAverage', 'dwi_wavelet2-LH_glcm_MCC', 'dwi_log-sigma-0-6-mm-3D_glszm_LargeAreaEmphasis']","[0.7566371681415929, 0.6666666666666666]","[0.8769230769230769, 0.46601941747572817]","[0.8123515439429929, 0.5485714285714286]","[0.8769230769230769, 0.46601941747572817]",KNN
42,9,0.8948097107549512,0.6644844517184942,0.7088113680041932,0.25509438391646533,0.2473608757982536,0.40310077519379844,0.619809410951464,0.7433333333333333,0.33766233766233766,0.8834080717488789,0.5,0.7943548387096774,0.6105352047056083,43,"['dwi_square_ngtdm_Strength', 'dwi_exponential_glcm_Imc1', 'dwi_log-sigma-3-mm-3D_firstorder_Skewness', 'dwi_exponential_ngtdm_Strength', 'dwi_exponential_glszm_GrayLevelNonUniformityNormalized', 'dwi_exponential_glszm_GrayLevelVariance', 'dwi_log-sigma-3-mm-3D_firstorder_Kurtosis', 'dwi_wavelet2-LL_firstorder_Skewness', 'dwi_square_firstorder_Skewness', 'dwi_exponential_glcm_ClusterProminence', 'dwi_exponential_glrlm_GrayLevelVariance', 'dwi_exponential_gldm_SmallDependenceHighGrayLevelEmphasis', 'dwi_exponential_firstorder_Maximum', 'dwi_wavelet2-LL_ngtdm_Strength', 'dwi_exponential_firstorder_Skewness', 'dwi_square_glrlm_GrayLevelNonUniformity', 'dwi_square_ngtdm_Busyness', 'dwi_wavelet2-LL_firstorder_Kurtosis', 'dwi_log-sigma-2-mm-3D_firstorder_Kurtosis', 'dwi_exponential_glszm_LargeAreaEmphasis', 'dwi_wavelet2-LL_glcm_ClusterShade', 'dwi_square_glcm_MCC', 'dwi_exponential_glszm_SizeZoneNonUniformityNormalized', 'dwi_square_firstorder_Kurtosis', 'dwi_log-sigma-3-mm-3D_ngtdm_Busyness', 'adc_logarithm_gldm_GrayLevelNonUniformity', 'dwi_exponential_gldm_SmallDependenceEmphasis', 'dwi_exponential_glcm_Imc2', 'dwi_square_glszm_SmallAreaHighGrayLevelEmphasis', 'dwi_wavelet2-LL_glszm_GrayLevelNonUniformity', 'dwi_log-sigma-2-mm-3D_glcm_MCC', 'adc_logarithm_ngtdm_Coarseness', 'dwi_wavelet2-LH_glcm_Correlation', 'dwi_square_glszm_SizeZoneNonUniformityNormalized', 'dwi_log-sigma-0-6-mm-3D_glszm_ZoneVariance', 'dwi_log-sigma-3-mm-3D_gldm_LargeDependenceHighGrayLevelEmphasis', 'dwi_wavelet2-LH_glcm_Imc2', 't2_original_shape_SurfaceVolumeRatio', 't2_original_glszm_GrayLevelNonUniformity', 'dwi_log-sigma-3-mm-3D_ngtdm_Coarseness', 'dwi_wavelet2-LH_glcm_MCC', 'dwi_log-sigma-2-mm-3D_ngtdm_Strength', 't2_logarithm_ngtdm_Coarseness']","[0.7943548387096774, 0.5]","[0.8834080717488789, 0.33766233766233766]","[0.8365180467091295, 0.40310077519379844]","[0.8834080717488789, 0.33766233766233766]",KNN
43,9,0.8852955084350793,0.6561514195583596,0.7709219064667712,0.37997835227067617,0.37821111630079407,0.5359477124183006,0.6885555116901347,0.7633333333333333,0.5,0.8623853211009175,0.5774647887323944,0.8209606986899564,0.6811926605504588,42,"['dwi_square_ngtdm_Strength', 'dwi_log-sigma-3-mm-3D_firstorder_Skewness', 'dwi_exponential_ngtdm_Strength', 'dwi_exponential_glszm_GrayLevelNonUniformityNormalized', 'dwi_square_ngtdm_Busyness', 'dwi_exponential_glcm_Imc1', 'dwi_wavelet2-LL_ngtdm_Strength', 'dwi_log-sigma-3-mm-3D_firstorder_Kurtosis', 'dwi_square_firstorder_Skewness', 'dwi_wavelet2-LL_firstorder_Skewness', 'dwi_square_glrlm_GrayLevelNonUniformity', 'dwi_exponential_glszm_GrayLevelVariance', 'dwi_exponential_glcm_ClusterProminence', 'dwi_exponential_gldm_SmallDependenceHighGrayLevelEmphasis', 'dwi_exponential_glrlm_GrayLevelVariance', 'dwi_exponential_firstorder_Skewness', 'dwi_wavelet2-LL_glcm_ClusterShade', 'dwi_exponential_firstorder_Maximum', 'dwi_log-sigma-3-mm-3D_ngtdm_Busyness', 'dwi_log-sigma-2-mm-3D_firstorder_Kurtosis', 'dwi_square_glcm_MCC', 'adc_logarithm_gldm_GrayLevelNonUniformity', 'dwi_exponential_glszm_LargeAreaHighGrayLevelEmphasis', 'dwi_log-sigma-2-mm-3D_glcm_MCC', 'dwi_wavelet2-LH_glcm_Imc2', 'dwi_wavelet2-LH_glcm_Correlation', 'dwi_wavelet2-LL_glszm_GrayLevelNonUniformity', 'dwi_square_glszm_SmallAreaHighGrayLevelEmphasis', 'dwi_square_firstorder_Kurtosis', 'dwi_exponential_glszm_SizeZoneNonUniformityNormalized', 'dwi_wavelet2-LH_glcm_MCC', 'dwi_log-sigma-3-mm-3D_glcm_ClusterShade', 'dwi_exponential_gldm_SmallDependenceEmphasis', 'adc_original_ngtdm_Coarseness', 'dwi_wavelet2-LL_firstorder_Kurtosis', 'dwi_log-sigma-0-6-mm-3D_glszm_ZoneVariance', 'dwi_square_glszm_SizeZoneNonUniformityNormalized', 'dwi_exponential_glcm_Imc2', 'dwi_log-sigma-2-mm-3D_ngtdm_Strength', 't2_original_glszm_GrayLevelNonUniformity', 'dwi_log-sigma-3-mm-3D_gldm_LargeDependenceHighGrayLevelEmphasis', 'dwi_wavelet-LH_glcm_Imc1']","[0.8209606986899564, 0.5774647887323944]","[0.8623853211009175, 0.5]","[0.8411633109619687, 0.5359477124183006]","[0.8623853211009175, 0.5]",KNN
44,9,0.8745447773547426,0.6052631578947368,0.7457865168539326,0.3664020056191144,0.3522683724906406,0.5034013605442177,0.6714809000523286,0.7574750830564784,0.4157303370786517,0.9009433962264151,0.6379310344827587,0.7860082304526749,0.6583368666525333,42,"['dwi_square_ngtdm_Strength', 'dwi_log-sigma-3-mm-3D_firstorder_Skewness', 'dwi_square_firstorder_Skewness', 'dwi_exponential_ngtdm_Strength', 'dwi_log-sigma-3-mm-3D_firstorder_Kurtosis', 'dwi_exponential_glcm_Imc1', 'dwi_exponential_glszm_GrayLevelNonUniformityNormalized', 'dwi_exponential_glszm_GrayLevelVariance', 'dwi_original_firstorder_Skewness', 'dwi_exponential_firstorder_Skewness', 'dwi_square_glrlm_GrayLevelNonUniformity', 'dwi_square_ngtdm_Busyness', 'dwi_wavelet2-LL_firstorder_Kurtosis', 'dwi_wavelet2-LL_ngtdm_Strength', 'dwi_square_firstorder_Kurtosis', 'dwi_exponential_glrlm_GrayLevelVariance', 'dwi_exponential_glcm_ClusterProminence', 'dwi_exponential_gldm_SmallDependenceHighGrayLevelEmphasis', 'dwi_exponential_firstorder_Maximum', 'dwi_log-sigma-2-mm-3D_firstorder_Kurtosis', 'dwi_wavelet2-LL_glcm_ClusterShade', 'dwi_log-sigma-3-mm-3D_ngtdm_Busyness', 'adc_logarithm_gldm_GrayLevelNonUniformity', 'dwi_exponential_glszm_SizeZoneNonUniformityNormalized', 'dwi_square_glcm_MCC', 'adc_wavelet2-LL_ngtdm_Coarseness', 'dwi_wavelet2-LL_glszm_GrayLevelNonUniformity', 'dwi_square_glszm_SmallAreaHighGrayLevelEmphasis', 'dwi_exponential_glszm_LargeAreaHighGrayLevelEmphasis', 'dwi_square_glszm_SizeZoneNonUniformityNormalized', 'dwi_exponential_gldm_SmallDependenceEmphasis', 'dwi_log-sigma-2-mm-3D_glcm_MCC', 'dwi_log-sigma-3-mm-3D_glcm_ClusterShade', 'dwi_logarithm_gldm_GrayLevelNonUniformity', 't2_original_shape_SurfaceVolumeRatio', 't2_squareroot_glszm_SizeZoneNonUniformity', 'dwi_log-sigma-2-mm-3D_ngtdm_Strength', 'dwi_log-sigma-0-6-mm-3D_glszm_ZoneVariance', 'dwi_log-sigma-3-mm-3D_glrlm_LongRunHighGrayLevelEmphasis', 'dwi_exponential_glcm_Imc2', 'adc_wavelet2-LL_glcm_Imc1', 'dwi_wavelet2-LH_glcm_Imc2']","[0.7860082304526749, 0.6379310344827587]","[0.9009433962264151, 0.4157303370786517]","[0.8395604395604396, 0.5034013605442177]","[0.9009433962264151, 0.4157303370786517]",KNN
45,9,0.8772509810245659,0.6320754716981132,0.7702405048220027,0.3677832974000108,0.36739666778349733,0.5174825174825175,0.6835778600484483,0.770764119601329,0.5,0.8590308370044053,0.5362318840579711,0.8405172413793104,0.6795154185022027,43,"['dwi_square_ngtdm_Strength', 'dwi_log-sigma-3-mm-3D_firstorder_Skewness', 'dwi_exponential_glcm_Imc1', 'dwi_exponential_ngtdm_Strength', 'dwi_exponential_glszm_GrayLevelNonUniformityNormalized', 'dwi_square_firstorder_Skewness', 'dwi_exponential_glszm_GrayLevelVariance', 'dwi_log-sigma-3-mm-3D_firstorder_Kurtosis', 'dwi_wavelet2-LL_firstorder_Skewness', 'dwi_exponential_firstorder_Skewness', 'dwi_wavelet2-LL_ngtdm_Strength', 'dwi_exponential_glcm_ClusterProminence', 'dwi_square_ngtdm_Busyness', 'dwi_exponential_glrlm_GrayLevelVariance', 'dwi_exponential_firstorder_Maximum', 'dwi_exponential_gldm_SmallDependenceHighGrayLevelEmphasis', 'dwi_wavelet2-LL_glcm_ClusterShade', 'dwi_log-sigma-3-mm-3D_ngtdm_Busyness', 'dwi_log-sigma-2-mm-3D_firstorder_Kurtosis', 'dwi_square_firstorder_Kurtosis', 'dwi_square_glrlm_GrayLevelNonUniformity', 'dwi_square_glszm_SmallAreaHighGrayLevelEmphasis', 'dwi_square_glcm_MCC', 'dwi_wavelet2-LL_firstorder_Kurtosis', 'dwi_exponential_glszm_SizeZoneNonUniformityNormalized', 'dwi_square_glcm_ClusterShade', 'dwi_square_glszm_SizeZoneNonUniformityNormalized', 'dwi_log-sigma-3-mm-3D_gldm_LargeDependenceHighGrayLevelEmphasis', 'dwi_exponential_glcm_Imc2', 'dwi_exponential_glszm_LargeAreaEmphasis', 'dwi_exponential_gldm_SmallDependenceEmphasis', 'dwi_log-sigma-2-mm-3D_glcm_MCC', 'dwi_wavelet2-LH_glcm_Imc2', 'dwi_wavelet2-LH_glcm_MCC', 'dwi_log-sigma-2-mm-3D_ngtdm_Strength', 'dwi_wavelet2-LH_glcm_Correlation', 'adc_logarithm_gldm_GrayLevelNonUniformity', 'dwi_wavelet2-LL_glszm_GrayLevelNonUniformity', 'dwi_log-sigma-2-mm-3D_ngtdm_Busyness', 'dwi_log-sigma-3-mm-3D_glcm_JointAverage', 'dwi_log-sigma-3-mm-3D_gldm_LowGrayLevelEmphasis', 'adc_wavelet2-LL_ngtdm_Coarseness', 'dwi_log-sigma-3-mm-3D_glrlm_ShortRunLowGrayLevelEmphasis']","[0.8405172413793104, 0.5362318840579711]","[0.8590308370044053, 0.5]","[0.8496732026143791, 0.5174825174825175]","[0.8590308370044053, 0.5]",KNN
46,10,0.9037176059234883,0.674496644295302,0.7217403090268365,0.25699257270410564,0.2533884009074516,0.4370860927152318,0.6247240618101546,0.7185430463576159,0.38823529411764707,0.847926267281106,0.5,0.7796610169491526,0.6180807806993766,42,"['dwi_square_ngtdm_Strength', 'dwi_log-sigma-3-mm-3D_firstorder_Skewness', 'dwi_wavelet2-LL_firstorder_Skewness', 'dwi_exponential_glcm_Imc1', 'dwi_exponential_ngtdm_Strength', 'dwi_exponential_glszm_GrayLevelNonUniformityNormalized', 'dwi_log-sigma-3-mm-3D_firstorder_Kurtosis', 'dwi_square_ngtdm_Busyness', 'dwi_exponential_glszm_GrayLevelVariance', 'dwi_square_firstorder_Skewness', 'dwi_wavelet2-LL_ngtdm_Strength', 'dwi_square_glrlm_GrayLevelNonUniformity', 'dwi_exponential_glcm_ClusterProminence', 'dwi_exponential_firstorder_Skewness', 'dwi_exponential_glrlm_GrayLevelVariance', 'dwi_exponential_gldm_SmallDependenceHighGrayLevelEmphasis', 'dwi_wavelet2-LL_glcm_ClusterShade', 'dwi_exponential_firstorder_Maximum', 'dwi_wavelet2-LL_firstorder_Kurtosis', 'dwi_log-sigma-3-mm-3D_ngtdm_Busyness', 'dwi_log-sigma-2-mm-3D_firstorder_Kurtosis', 'dwi_wavelet2-LL_glszm_GrayLevelNonUniformity', 'dwi_exponential_glszm_LargeAreaHighGrayLevelEmphasis', 'dwi_exponential_glszm_SizeZoneNonUniformityNormalized', 'adc_logarithm_gldm_GrayLevelNonUniformity', 'dwi_square_firstorder_Kurtosis', 'dwi_square_glcm_MCC', 'dwi_exponential_gldm_SmallDependenceEmphasis', 'dwi_square_glszm_SmallAreaHighGrayLevelEmphasis', 'adc_logarithm_ngtdm_Coarseness', 'dwi_exponential_glcm_Imc2', 'dwi_log-sigma-2-mm-3D_glcm_MCC', 'dwi_log-sigma-0-6-mm-3D_glszm_ZoneVariance', 'dwi_log-sigma-3-mm-3D_gldm_LargeDependenceHighGrayLevelEmphasis', 't2_original_glszm_GrayLevelNonUniformity', 'dwi_wavelet2-LH_glcm_Imc2', 'dwi_wavelet2-LH_glcm_Correlation', 'dwi_log-sigma-2-mm-3D_ngtdm_Strength', 'dwi_logarithm_ngtdm_Coarseness', 'dwi_square_glszm_SizeZoneNonUniformityNormalized', 't2_log-sigma-3-mm-3D_glszm_ZoneEntropy', 't2_original_shape_SurfaceVolumeRatio']","[0.7796610169491526, 0.5]","[0.847926267281106, 0.38823529411764707]","[0.8123620309050773, 0.4370860927152318]","[0.847926267281106, 0.38823529411764707]",KNN
47,10,0.8817688050830088,0.6368159203980099,0.7990104452996152,0.3975484414022981,0.391936101859766,0.543046357615894,0.6943419707542557,0.7692307692307693,0.4823529411764706,0.883177570093458,0.6212121212121212,0.8111587982832618,0.6827652556349643,42,"['dwi_square_ngtdm_Strength', 'dwi_log-sigma-3-mm-3D_firstorder_Skewness', 'dwi_square_firstorder_Skewness', 'dwi_exponential_glcm_Imc1', 'dwi_log-sigma-3-mm-3D_firstorder_Kurtosis', 'dwi_square_ngtdm_Busyness', 'dwi_exponential_ngtdm_Strength', 'dwi_wavelet2-LL_ngtdm_Strength', 'dwi_wavelet2-LL_firstorder_Skewness', 'dwi_exponential_glszm_GrayLevelNonUniformityNormalized', 'dwi_square_glrlm_GrayLevelNonUniformity', 'dwi_exponential_firstorder_Skewness', 'dwi_square_firstorder_Kurtosis', 'dwi_wavelet2-LL_firstorder_Kurtosis', 'dwi_exponential_glcm_ClusterProminence', 'dwi_wavelet2-LL_glcm_ClusterShade', 'dwi_log-sigma-2-mm-3D_firstorder_Kurtosis', 'dwi_exponential_gldm_SmallDependenceHighGrayLevelEmphasis', 'dwi_exponential_glrlm_GrayLevelVariance', 'dwi_exponential_firstorder_Maximum', 'dwi_log-sigma-3-mm-3D_ngtdm_Busyness', 'dwi_square_glcm_MCC', 'dwi_log-sigma-2-mm-3D_glcm_MCC', 'dwi_square_glszm_SmallAreaHighGrayLevelEmphasis', 'dwi_exponential_glszm_LargeAreaHighGrayLevelEmphasis', 'adc_logarithm_gldm_GrayLevelNonUniformity', 'dwi_wavelet2-LH_glcm_Imc2', 'adc_wavelet2-LL_ngtdm_Coarseness', 'dwi_logarithm_glrlm_GrayLevelNonUniformity', 'dwi_exponential_glszm_SizeZoneNonUniformityNormalized', 'dwi_wavelet2-LH_glcm_Correlation', 'dwi_logarithm_gldm_GrayLevelNonUniformity', 'dwi_log-sigma-2-mm-3D_ngtdm_Strength', 'dwi_log-sigma-3-mm-3D_gldm_LargeDependenceHighGrayLevelEmphasis', 'dwi_log-sigma-0-6-mm-3D_glszm_ZoneVariance', 'dwi_wavelet2-LH_glcm_MCC', 'dwi_square_glszm_SizeZoneNonUniformityNormalized', 'dwi_exponential_gldm_SmallDependenceEmphasis', 't2_original_glszm_GrayLevelNonUniformity', 't2_original_shape_SurfaceVolumeRatio', 'adc_squareroot_firstorder_TotalEnergy', 'dwi_exponential_glcm_Imc2']","[0.8111587982832618, 0.6212121212121212]","[0.883177570093458, 0.4823529411764706]","[0.8456375838926175, 0.543046357615894]","[0.883177570093458, 0.4823529411764706]",KNN
48,10,0.8839464882943143,0.6351791530944625,0.7720334101382488,0.3943894593723486,0.38312829525483305,0.5185185185185185,0.6884531590413943,0.7811447811447811,0.4375,0.9078341013824884,0.6363636363636364,0.8140495867768595,0.6726670506912442,43,"['dwi_square_ngtdm_Strength', 'dwi_log-sigma-3-mm-3D_firstorder_Skewness', 'dwi_exponential_glcm_Imc1', 'dwi_exponential_ngtdm_Strength', 'dwi_exponential_glszm_GrayLevelNonUniformityNormalized', 'dwi_square_firstorder_Skewness', 'dwi_log-sigma-3-mm-3D_firstorder_Kurtosis', 'dwi_wavelet2-LL_firstorder_Skewness', 'dwi_square_glrlm_GrayLevelNonUniformity', 'dwi_exponential_glszm_GrayLevelVariance', 'dwi_wavelet2-LL_ngtdm_Strength', 'dwi_square_ngtdm_Busyness', 'dwi_exponential_firstorder_Skewness', 'dwi_exponential_glcm_ClusterProminence', 'dwi_exponential_glrlm_GrayLevelVariance', 'dwi_exponential_gldm_SmallDependenceHighGrayLevelEmphasis', 'dwi_exponential_firstorder_Maximum', 'dwi_wavelet2-LL_firstorder_Kurtosis', 'dwi_log-sigma-2-mm-3D_firstorder_Kurtosis', 'dwi_square_firstorder_Kurtosis', 'adc_logarithm_gldm_GrayLevelNonUniformity', 'dwi_square_glcm_MCC', 'dwi_exponential_glszm_LargeAreaHighGrayLevelEmphasis', 'dwi_log-sigma-3-mm-3D_ngtdm_Busyness', 'dwi_wavelet2-LL_glcm_ClusterShade', 'adc_wavelet2-LL_ngtdm_Coarseness', 'dwi_wavelet2-LL_glszm_GrayLevelNonUniformity', 'dwi_exponential_gldm_SmallDependenceEmphasis', 't2_original_shape_SurfaceVolumeRatio', 'dwi_exponential_glszm_SizeZoneNonUniformityNormalized', 'dwi_exponential_glcm_Imc2', 'dwi_square_glszm_SmallAreaHighGrayLevelEmphasis', 't2_squareroot_glszm_SizeZoneNonUniformity', 'dwi_square_glszm_SizeZoneNonUniformityNormalized', 'dwi_wavelet2-LH_glcm_Correlation', 'dwi_log-sigma-2-mm-3D_glcm_MCC', 'dwi_log-sigma-0-6-mm-3D_glszm_ZoneVariance', 'dwi_wavelet2-LH_glcm_MCC', 'dwi_square_glcm_ClusterShade', 't2_logarithm_ngtdm_Coarseness', 'dwi_wavelet2-LH_glcm_Imc2', 'adc_wavelet2-LL_glcm_Imc1', 'dwi_log-sigma-3-mm-3D_glrlm_LongRunHighGrayLevelEmphasis']","[0.8140495867768595, 0.6363636363636364]","[0.9078341013824884, 0.4375]","[0.8583877995642701, 0.5185185185185185]","[0.9078341013824884, 0.4375]",KNN
49,10,0.8958889123789007,0.6793048973143759,0.7496412341545086,0.32491530244946176,0.3234778251064896,0.4782608695652174,0.6612083568605307,0.76,0.44594594594594594,0.8628318584070797,0.515625,0.826271186440678,0.6543889021765128,43,"['dwi_square_ngtdm_Strength', 'dwi_log-sigma-3-mm-3D_firstorder_Skewness', 'dwi_exponential_glcm_Imc1', 'dwi_exponential_glszm_GrayLevelNonUniformityNormalized', 'dwi_square_firstorder_Skewness', 'dwi_log-sigma-3-mm-3D_firstorder_Kurtosis', 'dwi_wavelet2-LL_firstorder_Skewness', 'dwi_exponential_ngtdm_Strength', 'dwi_exponential_glszm_GrayLevelVariance', 'dwi_square_glrlm_GrayLevelNonUniformity', 'dwi_exponential_glrlm_GrayLevelVariance', 'dwi_exponential_glcm_ClusterProminence', 'dwi_exponential_gldm_SmallDependenceHighGrayLevelEmphasis', 'dwi_exponential_firstorder_Skewness', 'dwi_square_ngtdm_Busyness', 'dwi_exponential_firstorder_Range', 'dwi_wavelet2-LL_ngtdm_Strength', 'dwi_log-sigma-2-mm-3D_firstorder_Kurtosis', 'dwi_wavelet2-LL_glcm_ClusterShade', 'dwi_square_firstorder_Kurtosis', 'dwi_exponential_glszm_SizeZoneNonUniformityNormalized', 'dwi_log-sigma-3-mm-3D_ngtdm_Strength', 'dwi_exponential_glszm_LargeAreaHighGrayLevelEmphasis', 'dwi_square_glcm_MCC', 'dwi_original_firstorder_Kurtosis', 'adc_logarithm_gldm_GrayLevelNonUniformity', 'dwi_square_glszm_SmallAreaHighGrayLevelEmphasis', 'dwi_log-sigma-3-mm-3D_ngtdm_Busyness', 'dwi_exponential_gldm_SmallDependenceEmphasis', 'dwi_square_glszm_SizeZoneNonUniformityNormalized', 'dwi_wavelet2-LL_glszm_GrayLevelNonUniformity', 'dwi_exponential_glcm_Imc2', 'dwi_log-sigma-2-mm-3D_glcm_MCC', 'adc_wavelet2-LL_ngtdm_Coarseness', 'dwi_wavelet2-LH_glcm_MCC', 't2_original_shape_SurfaceVolumeRatio', 'dwi_wavelet2-LH_glcm_Imc2', 't2_squareroot_glszm_SizeZoneNonUniformity', 'dwi_wavelet2-LH_glcm_Correlation', 'dwi_log-sigma-0-6-mm-3D_glszm_ZoneVariance', 'dwi_squareroot_ngtdm_Coarseness', 'dwi_log-sigma-3-mm-3D_gldm_LargeDependenceHighGrayLevelEmphasis', 't2_original_firstorder_TotalEnergy']","[0.826271186440678, 0.515625]","[0.8628318584070797, 0.44594594594594594]","[0.8441558441558441, 0.4782608695652174]","[0.8628318584070797, 0.44594594594594594]",KNN
50,10,0.8932430714467327,0.6539792387543253,0.7461455100733954,0.35371477702392823,0.3371090997777898,0.509090909090909,0.6622903292607165,0.7317880794701986,0.4158415841584158,0.8905472636815921,0.65625,0.7521008403361344,0.6531944239200039,40,"['dwi_square_ngtdm_Strength', 'dwi_exponential_ngtdm_Strength', 'dwi_exponential_glszm_GrayLevelNonUniformityNormalized', 'dwi_exponential_glszm_GrayLevelVariance', 'dwi_exponential_glcm_Imc1', 'dwi_log-sigma-3-mm-3D_firstorder_Skewness', 'dwi_exponential_glcm_ClusterProminence', 'dwi_exponential_firstorder_Skewness', 'dwi_exponential_glrlm_GrayLevelVariance', 'dwi_exponential_firstorder_Maximum', 'dwi_square_firstorder_Skewness', 'dwi_exponential_gldm_SmallDependenceHighGrayLevelEmphasis', 'dwi_log-sigma-3-mm-3D_firstorder_Kurtosis', 'dwi_wavelet2-LL_ngtdm_Strength', 'dwi_wavelet2-LL_firstorder_Skewness', 'dwi_square_ngtdm_Busyness', 'dwi_wavelet2-LL_glcm_ClusterShade', 'dwi_log-sigma-2-mm-3D_firstorder_Kurtosis', 'dwi_log-sigma-3-mm-3D_ngtdm_Busyness', 'dwi_square_glrlm_GrayLevelNonUniformity', 'dwi_exponential_glszm_SizeZoneNonUniformityNormalized', 'dwi_square_firstorder_Kurtosis', 'dwi_square_glszm_SmallAreaHighGrayLevelEmphasis', 'dwi_exponential_glszm_LargeAreaEmphasis', 'dwi_square_glcm_MCC', 'dwi_exponential_gldm_SmallDependenceEmphasis', 'dwi_log-sigma-2-mm-3D_glcm_MCC', 'dwi_square_glszm_SizeZoneNonUniformityNormalized', 'dwi_exponential_glcm_Imc2', 'adc_logarithm_gldm_GrayLevelNonUniformity', 'dwi_log-sigma-3-mm-3D_gldm_LargeDependenceHighGrayLevelEmphasis', 'dwi_wavelet2-LH_glcm_Imc2', 'dwi_log-sigma-2-mm-3D_ngtdm_Strength', 'dwi_wavelet2-LH_glcm_Correlation', 'dwi_original_firstorder_Kurtosis', 'dwi_wavelet2-LH_glcm_MCC', 'dwi_wavelet2-LL_glszm_GrayLevelNonUniformity', 'adc_wavelet2-LL_ngtdm_Coarseness', 'dwi_log-sigma-2-mm-3D_ngtdm_Busyness', 'dwi_log-sigma-0-6-mm-3D_glszm_ZoneVariance']","[0.7521008403361344, 0.65625]","[0.8905472636815921, 0.4158415841584158]","[0.8154897494305239, 0.509090909090909]","[0.8905472636815921, 0.4158415841584158]",KNN
1,1,0.9748701859558445,0.8507223113964687,0.8140983245149911,0.4562270099539286,0.4533148212426241,0.5935483870967742,0.7259876766944545,0.79,0.5476190476190477,0.8842592592592593,0.647887323943662,0.834061135371179,0.7159391534391535,42,"['dwi_square_ngtdm_Strength', 'dwi_log-sigma-3-mm-3D_firstorder_Skewness', 'dwi_wavelet2-LL_firstorder_Skewness', 'dwi_square_firstorder_Skewness', 'dwi_exponential_glcm_Imc1', 'dwi_exponential_glszm_GrayLevelNonUniformityNormalized', 'dwi_log-sigma-3-mm-3D_firstorder_Kurtosis', 'dwi_square_ngtdm_Busyness', 'dwi_exponential_ngtdm_Strength', 'dwi_wavelet2-LL_ngtdm_Strength', 'dwi_exponential_glszm_GrayLevelVariance', 'dwi_wavelet2-LL_glcm_ClusterShade', 'dwi_exponential_firstorder_Skewness', 'dwi_exponential_glcm_ClusterProminence', 'dwi_exponential_glrlm_GrayLevelVariance', 'dwi_exponential_gldm_SmallDependenceHighGrayLevelEmphasis', 'dwi_square_glrlm_GrayLevelNonUniformity', 'dwi_exponential_firstorder_Maximum', 'dwi_log-sigma-2-mm-3D_firstorder_Kurtosis', 'dwi_square_firstorder_Kurtosis', 'dwi_log-sigma-3-mm-3D_ngtdm_Busyness', 'dwi_wavelet2-LL_firstorder_Kurtosis', 'dwi_square_glcm_MCC', 'dwi_square_glszm_SmallAreaHighGrayLevelEmphasis', 'dwi_exponential_glszm_LargeAreaHighGrayLevelEmphasis', 'adc_logarithm_gldm_GrayLevelNonUniformity', 'dwi_log-sigma-2-mm-3D_glcm_MCC', 'dwi_square_glszm_SizeZoneNonUniformityNormalized', 'dwi_exponential_glszm_SizeZoneNonUniformityNormalized', 'dwi_wavelet2-LH_glcm_Imc2', 'dwi_exponential_gldm_SmallDependenceEmphasis', 'dwi_log-sigma-3-mm-3D_glcm_ClusterShade', 'dwi_log-sigma-3-mm-3D_gldm_LargeDependenceHighGrayLevelEmphasis', 'dwi_wavelet2-LH_glcm_MCC', 'dwi_wavelet2-LL_glszm_GrayLevelNonUniformity', 'dwi_exponential_glcm_Imc2', 'adc_wavelet2-LL_ngtdm_Coarseness', 'dwi_log-sigma-2-mm-3D_ngtdm_Strength', 'dwi_wavelet2-LH_glcm_Correlation', 't2_original_shape_SurfaceVolumeRatio', 'dwi_log-sigma-0-6-mm-3D_glszm_ZoneVariance', 'dwi_log-sigma-2-mm-3D_ngtdm_Busyness']","[0.834061135371179, 0.647887323943662]","[0.8842592592592593, 0.5476190476190477]","[0.8584269662921349, 0.5935483870967742]","[0.8842592592592593, 0.5476190476190477]",Gradient Boosting
2,1,0.97703081232493,0.8483870967741935,0.8014843320505773,0.4117112424487623,0.4098853007637081,0.5660377358490566,0.7044311686078997,0.7692307692307693,0.5294117647058824,0.8644859813084113,0.6081081081081081,0.8222222222222222,0.6969488730071468,42,"['dwi_square_ngtdm_Strength', 'dwi_log-sigma-3-mm-3D_firstorder_Skewness', 'dwi_exponential_glcm_Imc1', 'dwi_exponential_ngtdm_Strength', 'dwi_exponential_glszm_GrayLevelNonUniformityNormalized', 'dwi_log-sigma-3-mm-3D_firstorder_Kurtosis', 'dwi_square_firstorder_Skewness', 'dwi_exponential_glszm_GrayLevelVariance', 'dwi_wavelet2-LL_ngtdm_Strength', 'dwi_wavelet2-LL_firstorder_Skewness', 'dwi_exponential_firstorder_Skewness', 'dwi_exponential_glcm_ClusterProminence', 'dwi_exponential_glrlm_GrayLevelVariance', 'dwi_square_glrlm_GrayLevelNonUniformity', 'dwi_exponential_firstorder_Range', 'dwi_log-sigma-3-mm-3D_ngtdm_Busyness', 'dwi_square_ngtdm_Busyness', 'dwi_exponential_gldm_SmallDependenceHighGrayLevelEmphasis', 'dwi_wavelet2-LL_glcm_ClusterShade', 'dwi_log-sigma-2-mm-3D_firstorder_Kurtosis', 'dwi_square_firstorder_Kurtosis', 'dwi_wavelet2-LL_firstorder_Kurtosis', 'dwi_square_glszm_SmallAreaHighGrayLevelEmphasis', 'dwi_square_glcm_MCC', 'dwi_log-sigma-2-mm-3D_glcm_MCC', 'dwi_wavelet2-LL_glszm_GrayLevelNonUniformity', 'adc_logarithm_gldm_GrayLevelNonUniformity', 'dwi_exponential_glszm_LargeAreaHighGrayLevelEmphasis', 'dwi_exponential_glszm_SizeZoneNonUniformityNormalized', 'adc_wavelet2-LL_ngtdm_Coarseness', 'dwi_wavelet2-LH_glcm_Correlation', 'dwi_log-sigma-3-mm-3D_gldm_LargeDependenceHighGrayLevelEmphasis', 'dwi_square_glszm_SizeZoneNonUniformityNormalized', 'dwi_wavelet2-LH_glcm_Imc2', 'dwi_exponential_gldm_SmallDependenceEmphasis', 'dwi_log-sigma-0-6-mm-3D_glszm_ZoneVariance', 'dwi_log-sigma-2-mm-3D_ngtdm_Strength', 'dwi_exponential_glcm_Imc2', 'dwi_wavelet2-LH_glcm_MCC', 'dwi_log-sigma-2-mm-3D_ngtdm_Busyness', 'dwi_logarithm_gldm_GrayLevelNonUniformity', 't2_original_glszm_GrayLevelNonUniformity']","[0.8222222222222222, 0.6081081081081081]","[0.8644859813084113, 0.5294117647058824]","[0.8428246013667426, 0.5660377358490566]","[0.8644859813084113, 0.5294117647058824]",Gradient Boosting
3,1,0.9809505840380096,0.8571428571428571,0.7757575757575758,0.3195979890401686,0.29934414057666126,0.4492753623188406,0.6416682488450098,0.7449664429530202,0.3522727272727273,0.9095238095238095,0.62,0.7701612903225806,0.6308982683982685,42,"['dwi_square_ngtdm_Strength', 'dwi_log-sigma-3-mm-3D_firstorder_Skewness', 'dwi_exponential_glcm_Imc1', 'dwi_exponential_ngtdm_Strength', 'dwi_exponential_glszm_GrayLevelNonUniformityNormalized', 'dwi_log-sigma-3-mm-3D_firstorder_Kurtosis', 'dwi_wavelet2-LL_firstorder_Skewness', 'dwi_exponential_glszm_GrayLevelVariance', 'dwi_square_firstorder_Skewness', 'dwi_exponential_glcm_ClusterProminence', 'dwi_wavelet2-LL_ngtdm_Strength', 'dwi_exponential_glrlm_GrayLevelVariance', 'dwi_square_glrlm_GrayLevelNonUniformity', 'dwi_exponential_gldm_SmallDependenceHighGrayLevelEmphasis', 'dwi_exponential_firstorder_Skewness', 'dwi_exponential_firstorder_Maximum', 'dwi_square_ngtdm_Busyness', 'dwi_log-sigma-2-mm-3D_firstorder_Kurtosis', 'dwi_wavelet2-LL_glcm_ClusterShade', 'dwi_square_glcm_MCC', 'dwi_wavelet2-LL_firstorder_Kurtosis', 'dwi_log-sigma-3-mm-3D_ngtdm_Busyness', 'dwi_square_firstorder_Kurtosis', 'adc_logarithm_gldm_GrayLevelNonUniformity', 'dwi_exponential_glszm_LargeAreaHighGrayLevelEmphasis', 'dwi_log-sigma-2-mm-3D_glcm_MCC', 'dwi_exponential_glszm_SizeZoneNonUniformityNormalized', 'dwi_square_glszm_SmallAreaHighGrayLevelEmphasis', 'dwi_exponential_glcm_Imc2', 'dwi_exponential_gldm_SmallDependenceEmphasis', 'dwi_wavelet2-LL_glszm_GrayLevelNonUniformity', 'adc_wavelet2-LL_ngtdm_Coarseness', 'dwi_log-sigma-3-mm-3D_glrlm_LongRunHighGrayLevelEmphasis', 'dwi_wavelet2-LH_glcm_Correlation', 'dwi_square_glszm_SizeZoneNonUniformityNormalized', 'dwi_square_glcm_ClusterShade', 'dwi_wavelet2-LH_glcm_MCC', 't2_squareroot_glszm_SizeZoneNonUniformity', 'dwi_wavelet2-LH_glcm_Imc2', 'dwi_log-sigma-0-6-mm-3D_glszm_ZoneVariance', 'adc_wavelet2-LL_glcm_Imc1', 't2_original_shape_SurfaceVolumeRatio']","[0.7701612903225806, 0.62]","[0.9095238095238095, 0.3522727272727273]","[0.834061135371179, 0.4492753623188406]","[0.9095238095238095, 0.3522727272727273]",Gradient Boosting
4,1,0.9799528868804384,0.86084142394822,0.8082848524024995,0.38587039990764144,0.3825734895788784,0.5359477124183006,0.6902933310450365,0.7672131147540984,0.4880952380952381,0.8733031674208145,0.5942028985507246,0.8177966101694916,0.6806992027580263,42,"['dwi_square_ngtdm_Strength', 'dwi_exponential_ngtdm_Strength', 'dwi_exponential_glcm_Imc1', 'dwi_log-sigma-3-mm-3D_firstorder_Skewness', 'dwi_exponential_glszm_GrayLevelNonUniformityNormalized', 'dwi_square_firstorder_Skewness', 'dwi_exponential_glszm_GrayLevelVariance', 'dwi_exponential_firstorder_Skewness', 'dwi_exponential_gldm_SmallDependenceHighGrayLevelEmphasis', 'dwi_square_glrlm_GrayLevelNonUniformity', 'dwi_square_ngtdm_Busyness', 'dwi_exponential_glcm_ClusterProminence', 'dwi_exponential_glrlm_GrayLevelVariance', 'dwi_log-sigma-3-mm-3D_firstorder_Kurtosis', 'dwi_exponential_firstorder_Maximum', 'dwi_wavelet2-LL_firstorder_Skewness', 'dwi_wavelet2-LL_ngtdm_Strength', 'dwi_exponential_glszm_LargeAreaHighGrayLevelEmphasis', 'dwi_exponential_glszm_SizeZoneNonUniformityNormalized', 'dwi_exponential_gldm_SmallDependenceEmphasis', 'dwi_wavelet2-LL_glcm_ClusterShade', 'dwi_square_firstorder_Kurtosis', 'dwi_log-sigma-2-mm-3D_firstorder_Kurtosis', 'dwi_wavelet2-LL_firstorder_Kurtosis', 'dwi_square_glszm_GrayLevelVariance', 'adc_logarithm_gldm_GrayLevelNonUniformity', 'dwi_log-sigma-3-mm-3D_ngtdm_Strength', 'dwi_exponential_glcm_Imc2', 'dwi_log-sigma-3-mm-3D_ngtdm_Busyness', 'dwi_wavelet2-LL_glszm_GrayLevelNonUniformity', 'dwi_square_glcm_MCC', 'adc_wavelet2-LL_ngtdm_Coarseness', 't2_original_shape_SurfaceVolumeRatio', 't2_wavelet2-LL_glszm_SizeZoneNonUniformity', 'dwi_square_glszm_SizeZoneNonUniformityNormalized', 'dwi_log-sigma-0-6-mm-3D_glszm_ZoneVariance', 'dwi_wavelet2-LH_glcm_Imc2', 'dwi_exponential_glszm_ZoneVariance', 'dwi_log-sigma-2-mm-3D_glcm_MCC', 'dwi_exponential_glszm_SizeZoneNonUniformity', 'dwi_wavelet2-LH_glcm_Correlation', 'dwi_wavelet2-LH_glcm_MCC']","[0.8177966101694916, 0.5942028985507246]","[0.8733031674208145, 0.4880952380952381]","[0.8446389496717724, 0.5359477124183006]","[0.8733031674208145, 0.4880952380952381]",Gradient Boosting
5,1,0.9766894526925998,0.8330578512396695,0.8160881174899867,0.3280040590373061,0.3251573436856655,0.49673202614379086,0.6614585638619632,0.7416107382550335,0.4523809523809524,0.8551401869158879,0.5507246376811594,0.7991266375545851,0.6537605696484201,42,"['dwi_square_ngtdm_Strength', 'dwi_log-sigma-3-mm-3D_firstorder_Skewness', 'dwi_exponential_glcm_Imc1', 'dwi_exponential_ngtdm_Strength', 'dwi_exponential_glszm_GrayLevelNonUniformityNormalized', 'dwi_wavelet2-LL_firstorder_Skewness', 'dwi_square_firstorder_Skewness', 'dwi_square_ngtdm_Busyness', 'dwi_log-sigma-3-mm-3D_firstorder_Kurtosis', 'dwi_square_glrlm_GrayLevelNonUniformity', 'dwi_wavelet2-LL_ngtdm_Strength', 'dwi_exponential_glcm_ClusterProminence', 'dwi_exponential_firstorder_Skewness', 'dwi_exponential_glrlm_GrayLevelVariance', 'dwi_exponential_gldm_SmallDependenceHighGrayLevelEmphasis', 'dwi_log-sigma-2-mm-3D_firstorder_Kurtosis', 'dwi_exponential_firstorder_Maximum', 'dwi_square_firstorder_Kurtosis', 'dwi_wavelet2-LL_glcm_ClusterShade', 'dwi_original_firstorder_Kurtosis', 'dwi_log-sigma-3-mm-3D_ngtdm_Busyness', 'dwi_wavelet2-LL_glszm_GrayLevelNonUniformity', 'dwi_square_glcm_MCC', 'dwi_exponential_glszm_SizeZoneNonUniformityNormalized', 'dwi_exponential_glszm_LargeAreaEmphasis', 'adc_wavelet2-LL_ngtdm_Coarseness', 'dwi_log-sigma-2-mm-3D_glcm_MCC', 'adc_logarithm_gldm_GrayLevelNonUniformity', 'dwi_square_glszm_SmallAreaHighGrayLevelEmphasis', 't2_original_glszm_GrayLevelNonUniformity', 'dwi_exponential_gldm_SmallDependenceEmphasis', 't2_original_shape_SurfaceVolumeRatio', 'dwi_exponential_glcm_Imc2', 'dwi_square_glszm_SizeZoneNonUniformityNormalized', 'dwi_log-sigma-0-6-mm-3D_glszm_ZoneVariance', 'dwi_wavelet2-LH_glcm_Imc2', 't2_logarithm_ngtdm_Coarseness', 'dwi_wavelet2-LH_glcm_Correlation', 'dwi_wavelet2-LH_glcm_MCC', 't2_log-sigma-3-mm-3D_glszm_ZoneEntropy', 'dwi_squareroot_ngtdm_Coarseness', 'dwi_log-sigma-2-mm-3D_ngtdm_Strength']","[0.7991266375545851, 0.5507246376811594]","[0.8551401869158879, 0.4523809523809524]","[0.8261851015801355, 0.49673202614379086]","[0.8551401869158879, 0.4523809523809524]",Gradient Boosting
6,2,0.9780635715822121,0.8727272727272727,0.7863881401617251,0.426643876050345,0.41994284604500176,0.5714285714285714,0.7081861958266453,0.7722772277227723,0.5054945054945055,0.8867924528301887,0.6571428571428571,0.8068669527896996,0.6961434791623471,41,"['dwi_square_ngtdm_Strength', 'dwi_exponential_glcm_Imc1', 'dwi_log-sigma-3-mm-3D_firstorder_Skewness', 'dwi_exponential_glszm_GrayLevelNonUniformityNormalized', 'dwi_exponential_ngtdm_Strength', 'dwi_square_glrlm_GrayLevelNonUniformity', 'dwi_square_firstorder_Skewness', 'dwi_log-sigma-3-mm-3D_firstorder_Kurtosis', 'dwi_wavelet2-LL_firstorder_Skewness', 'dwi_exponential_glcm_ClusterProminence', 'dwi_exponential_firstorder_Skewness', 'dwi_exponential_gldm_SmallDependenceHighGrayLevelEmphasis', 'dwi_exponential_glrlm_GrayLevelVariance', 'dwi_square_ngtdm_Busyness', 'dwi_wavelet2-LL_ngtdm_Strength', 'dwi_exponential_firstorder_Maximum', 'dwi_exponential_glszm_LargeAreaEmphasis', 'dwi_square_glcm_MCC', 'dwi_exponential_glszm_SizeZoneNonUniformityNormalized', 'adc_logarithm_gldm_GrayLevelNonUniformity', 'dwi_log-sigma-2-mm-3D_firstorder_Kurtosis', 'dwi_wavelet2-LL_glcm_ClusterShade', 'dwi_square_firstorder_Kurtosis', 'dwi_wavelet2-LL_glszm_GrayLevelNonUniformity', 'dwi_exponential_gldm_SmallDependenceEmphasis', 'adc_wavelet2-LL_ngtdm_Coarseness', 'dwi_log-sigma-3-mm-3D_ngtdm_Busyness', 'dwi_exponential_glcm_Imc2', 'dwi_wavelet2-LL_firstorder_Kurtosis', 't2_original_shape_SurfaceVolumeRatio', 't2_original_glszm_GrayLevelNonUniformity', 'dwi_log-sigma-2-mm-3D_glcm_MCC', 'dwi_square_glszm_SmallAreaHighGrayLevelEmphasis', 't2_logarithm_ngtdm_Coarseness', 'dwi_wavelet2-LH_glcm_Correlation', 'dwi_squareroot_ngtdm_Coarseness', 'dwi_log-sigma-0-6-mm-3D_glszm_ZoneVariance', 'dwi_wavelet2-LH_glcm_MCC', 'dwi_wavelet2-LH_glcm_Imc2', 'dwi_square_glszm_SizeZoneNonUniformityNormalized', 'dwi_original_ngtdm_Coarseness']","[0.8068669527896996, 0.6571428571428571]","[0.8867924528301887, 0.5054945054945055]","[0.8449438202247191, 0.5714285714285714]","[0.8867924528301887, 0.5054945054945055]",Gradient Boosting
7,2,0.9753757506334826,0.8460236886632826,0.827097446586764,0.3440221679233901,0.32488197237279237,0.4868421052631579,0.6551857585139319,0.7373737373737373,0.3894736842105263,0.900990099009901,0.6491228070175439,0.7583333333333333,0.6452318916102137,41,"['dwi_square_ngtdm_Strength', 'dwi_log-sigma-3-mm-3D_firstorder_Skewness', 'dwi_square_firstorder_Skewness', 'dwi_wavelet2-LL_firstorder_Skewness', 'dwi_exponential_ngtdm_Strength', 'dwi_exponential_glcm_Imc1', 'dwi_log-sigma-3-mm-3D_firstorder_Kurtosis', 'dwi_exponential_glszm_GrayLevelNonUniformityNormalized', 'dwi_exponential_glszm_GrayLevelVariance', 'dwi_wavelet2-LL_ngtdm_Strength', 'dwi_square_ngtdm_Busyness', 'dwi_exponential_firstorder_Skewness', 'dwi_square_glrlm_GrayLevelNonUniformity', 'dwi_exponential_gldm_SmallDependenceHighGrayLevelEmphasis', 'dwi_wavelet2-LL_glcm_ClusterShade', 'dwi_exponential_glcm_ClusterProminence', 'dwi_exponential_glrlm_GrayLevelVariance', 'dwi_exponential_firstorder_Maximum', 'dwi_log-sigma-2-mm-3D_firstorder_Kurtosis', 'dwi_square_firstorder_Kurtosis', 'dwi_wavelet2-LL_firstorder_Kurtosis', 'dwi_square_glcm_MCC', 'dwi_log-sigma-3-mm-3D_ngtdm_Busyness', 'dwi_square_glszm_SmallAreaHighGrayLevelEmphasis', 'dwi_log-sigma-2-mm-3D_glcm_MCC', 'adc_logarithm_gldm_GrayLevelNonUniformity', 'dwi_exponential_glszm_LargeAreaHighGrayLevelEmphasis', 'dwi_exponential_glszm_SizeZoneNonUniformityNormalized', 'adc_wavelet2-LL_ngtdm_Coarseness', 'dwi_square_glszm_SizeZoneNonUniformityNormalized', 'dwi_wavelet2-LL_glszm_GrayLevelNonUniformity', 'dwi_wavelet2-LH_glcm_Imc2', 'dwi_log-sigma-0-6-mm-3D_glszm_ZoneVariance', 'dwi_exponential_gldm_SmallDependenceEmphasis', 'dwi_wavelet2-LH_glcm_Correlation', 't2_original_shape_SurfaceVolumeRatio', 'dwi_log-sigma-3-mm-3D_glcm_ClusterShade', 'dwi_log-sigma-2-mm-3D_ngtdm_Strength', 't2_wavelet2-LL_glszm_SizeZoneNonUniformity', 'dwi_exponential_glcm_Imc2', 'dwi_log-sigma-0-6-mm-3D_firstorder_Skewness']","[0.7583333333333333, 0.6491228070175439]","[0.900990099009901, 0.3894736842105263]","[0.8235294117647058, 0.4868421052631579]","[0.900990099009901, 0.3894736842105263]",Gradient Boosting
8,2,0.973090753220775,0.8407643312101911,0.7916759901543969,0.37997835227067617,0.37821111630079407,0.5359477124183006,0.6885555116901347,0.7633333333333333,0.5,0.8623853211009175,0.5774647887323944,0.8209606986899564,0.6811926605504588,42,"['dwi_square_ngtdm_Strength', 'dwi_log-sigma-3-mm-3D_firstorder_Skewness', 'dwi_square_firstorder_Skewness', 'dwi_wavelet2-LL_firstorder_Skewness', 'dwi_exponential_glcm_Imc1', 'dwi_exponential_ngtdm_Strength', 'dwi_square_ngtdm_Busyness', 'dwi_exponential_glszm_GrayLevelNonUniformityNormalized', 'dwi_log-sigma-3-mm-3D_firstorder_Kurtosis', 'dwi_exponential_glszm_GrayLevelVariance', 'dwi_wavelet2-LL_ngtdm_Strength', 'dwi_square_glrlm_GrayLevelNonUniformity', 'dwi_exponential_firstorder_Skewness', 'dwi_exponential_glcm_ClusterProminence', 'dwi_exponential_glrlm_GrayLevelVariance', 'dwi_exponential_gldm_SmallDependenceHighGrayLevelEmphasis', 'dwi_exponential_firstorder_Maximum', 'dwi_log-sigma-2-mm-3D_firstorder_Kurtosis', 'dwi_square_firstorder_Kurtosis', 'dwi_original_firstorder_Kurtosis', 'dwi_wavelet2-LL_glcm_ClusterShade', 'dwi_log-sigma-3-mm-3D_ngtdm_Busyness', 'adc_logarithm_gldm_GrayLevelNonUniformity', 'dwi_exponential_glszm_LargeAreaHighGrayLevelEmphasis', 'dwi_wavelet2-LL_glszm_GrayLevelNonUniformity', 'dwi_square_glcm_MCC', 'dwi_square_glszm_SmallAreaHighGrayLevelEmphasis', 'dwi_exponential_glszm_SizeZoneNonUniformityNormalized', 'dwi_log-sigma-2-mm-3D_glcm_MCC', 'dwi_square_glszm_SizeZoneNonUniformityNormalized', 'adc_wavelet2-LL_ngtdm_Coarseness', 'dwi_exponential_gldm_SmallDependenceEmphasis', 'dwi_log-sigma-3-mm-3D_gldm_LargeDependenceHighGrayLevelEmphasis', 'dwi_exponential_glcm_Imc2', 'dwi_log-sigma-0-6-mm-3D_glszm_ZoneVariance', 't2_original_shape_SurfaceVolumeRatio', 'dwi_wavelet2-LH_glcm_Correlation', 'dwi_wavelet2-LH_glcm_Imc2', 't2_original_glszm_GrayLevelNonUniformity', 'dwi_logarithm_gldm_GrayLevelNonUniformity', 'dwi_wavelet2-LH_glcm_MCC', 'adc_wavelet2-LL_glcm_Imc1']","[0.8209606986899564, 0.5774647887323944]","[0.8623853211009175, 0.5]","[0.8411633109619687, 0.5359477124183006]","[0.8623853211009175, 0.5]",Gradient Boosting
9,2,0.9756038337796185,0.8589540412044374,0.76303565207293,0.3479501629467978,0.34682011267435897,0.5100671140939598,0.6730110851368676,0.7542087542087542,0.4810126582278481,0.8532110091743119,0.5428571428571428,0.8193832599118943,0.66711183370108,43,"['dwi_square_ngtdm_Strength', 'dwi_log-sigma-3-mm-3D_firstorder_Skewness', 'dwi_exponential_ngtdm_Strength', 'dwi_exponential_glszm_GrayLevelNonUniformityNormalized', 'dwi_exponential_glcm_Imc1', 'dwi_exponential_glszm_GrayLevelVariance', 'dwi_wavelet2-LL_firstorder_Skewness', 'dwi_log-sigma-3-mm-3D_firstorder_Kurtosis', 'dwi_square_firstorder_Skewness', 'dwi_exponential_glcm_ClusterProminence', 'dwi_exponential_glrlm_GrayLevelVariance', 'dwi_wavelet2-LL_ngtdm_Strength', 'dwi_exponential_firstorder_Skewness', 'dwi_square_glrlm_GrayLevelNonUniformity', 'dwi_exponential_gldm_SmallDependenceHighGrayLevelEmphasis', 'dwi_square_ngtdm_Busyness', 'dwi_exponential_firstorder_Maximum', 'dwi_wavelet2-LL_glcm_ClusterShade', 'dwi_log-sigma-3-mm-3D_ngtdm_Busyness', 'dwi_exponential_glszm_LargeAreaHighGrayLevelEmphasis', 'dwi_log-sigma-2-mm-3D_firstorder_Kurtosis', 'dwi_square_glszm_SmallAreaHighGrayLevelEmphasis', 'dwi_wavelet2-LL_firstorder_Kurtosis', 'dwi_square_firstorder_Kurtosis', 'dwi_exponential_glszm_SizeZoneNonUniformityNormalized', 'dwi_wavelet2-LL_glszm_GrayLevelNonUniformity', 'dwi_exponential_gldm_SmallDependenceEmphasis', 'adc_logarithm_gldm_GrayLevelNonUniformity', 'dwi_square_glcm_MCC', 'dwi_log-sigma-2-mm-3D_glcm_MCC', 'adc_original_ngtdm_Coarseness', 'dwi_square_glszm_SizeZoneNonUniformityNormalized', 'dwi_exponential_glcm_Imc2', 'dwi_square_glcm_ClusterShade', 'dwi_log-sigma-0-6-mm-3D_glszm_ZoneVariance', 't2_squareroot_glszm_SizeZoneNonUniformity', 'dwi_log-sigma-3-mm-3D_gldm_LargeDependenceHighGrayLevelEmphasis', 'dwi_log-sigma-2-mm-3D_ngtdm_Strength', 't2_logarithm_ngtdm_Coarseness', 'dwi_log-sigma-2-mm-3D_ngtdm_Busyness', 'dwi_wavelet2-LH_glcm_Imc2', 'dwi_logarithm_ngtdm_Coarseness', 'dwi_wavelet2-LH_glcm_MCC']","[0.8193832599118943, 0.5428571428571428]","[0.8532110091743119, 0.4810126582278481]","[0.8359550561797753, 0.5100671140939598]","[0.8532110091743119, 0.4810126582278481]",Gradient Boosting
10,2,0.9720359382946262,0.848,0.8321937321937322,0.45391742631861726,0.44665242826632,0.5693430656934306,0.7217717460663315,0.8052805280528053,0.5,0.9111111111111111,0.6610169491525424,0.8401639344262295,0.7055555555555555,43,"['dwi_square_ngtdm_Strength', 'dwi_log-sigma-3-mm-3D_firstorder_Skewness', 'dwi_exponential_glcm_Imc1', 'dwi_exponential_ngtdm_Strength', 'dwi_exponential_glszm_GrayLevelNonUniformityNormalized', 'dwi_square_firstorder_Skewness', 'dwi_log-sigma-3-mm-3D_firstorder_Kurtosis', 'dwi_exponential_glszm_GrayLevelVariance', 'dwi_wavelet2-LL_ngtdm_Strength', 'dwi_wavelet2-LL_firstorder_Skewness', 'dwi_exponential_glcm_ClusterProminence', 'dwi_exponential_glrlm_GrayLevelVariance', 'dwi_square_ngtdm_Busyness', 'dwi_exponential_gldm_SmallDependenceHighGrayLevelEmphasis', 'dwi_exponential_firstorder_Skewness', 'dwi_exponential_firstorder_Maximum', 'dwi_log-sigma-3-mm-3D_ngtdm_Strength', 'dwi_log-sigma-2-mm-3D_firstorder_Kurtosis', 'dwi_wavelet2-LL_glcm_ClusterShade', 'dwi_log-sigma-3-mm-3D_ngtdm_Busyness', 'dwi_square_glrlm_GrayLevelNonUniformity', 'dwi_square_firstorder_Kurtosis', 'dwi_wavelet2-LH_glcm_Correlation', 'dwi_wavelet2-LH_glcm_MCC', 'dwi_wavelet2-LL_firstorder_Kurtosis', 'dwi_wavelet2-LH_glcm_Imc2', 'dwi_square_glcm_MCC', 'dwi_exponential_glszm_SizeZoneNonUniformityNormalized', 'dwi_square_glszm_SmallAreaHighGrayLevelEmphasis', 'dwi_log-sigma-2-mm-3D_glcm_MCC', 'dwi_exponential_glszm_LargeAreaHighGrayLevelEmphasis', 'dwi_exponential_glcm_Imc2', 'dwi_exponential_gldm_SmallDependenceEmphasis', 'dwi_square_glszm_SizeZoneNonUniformityNormalized', 'dwi_log-sigma-3-mm-3D_gldm_LargeDependenceHighGrayLevelEmphasis', 'adc_logarithm_gldm_GrayLevelNonUniformity', 'dwi_wavelet2-LL_glszm_GrayLevelNonUniformity', 'dwi_wavelet-LH_glcm_Imc1', 't2_squareroot_glszm_SizeZoneNonUniformity', 'adc_wavelet2-LL_ngtdm_Coarseness', 'dwi_log-sigma-2-mm-3D_ngtdm_Busyness', 'dwi_wavelet2-LH_glcm_Imc1', 'dwi_logarithm_gldm_GrayLevelNonUniformity']","[0.8401639344262295, 0.6610169491525424]","[0.9111111111111111, 0.5]","[0.8742004264392325, 0.5693430656934306]","[0.9111111111111111, 0.5]",Gradient Boosting
11,3,0.9760965794768611,0.845679012345679,0.807713004484305,0.40825012575780556,0.4078263527973097,0.5517241379310345,0.703799984708311,0.7818791946308725,0.5333333333333333,0.8654708520179372,0.5714285714285714,0.8464912280701754,0.6994020926756352,43,"['dwi_square_ngtdm_Strength', 'dwi_log-sigma-3-mm-3D_firstorder_Skewness', 'dwi_wavelet2-LL_firstorder_Skewness', 'dwi_log-sigma-3-mm-3D_firstorder_Kurtosis', 'dwi_square_firstorder_Skewness', 'dwi_exponential_glcm_Imc1', 'dwi_exponential_ngtdm_Strength', 'dwi_exponential_glszm_GrayLevelNonUniformityNormalized', 'dwi_exponential_firstorder_Skewness', 'dwi_exponential_glszm_GrayLevelVariance', 'dwi_log-sigma-2-mm-3D_firstorder_Kurtosis', 'dwi_square_glrlm_GrayLevelNonUniformity', 'dwi_square_ngtdm_Busyness', 'dwi_square_firstorder_Kurtosis', 'dwi_wavelet2-LL_ngtdm_Strength', 'dwi_exponential_glcm_ClusterProminence', 'dwi_wavelet2-LL_glcm_ClusterShade', 'dwi_exponential_glrlm_GrayLevelVariance', 'dwi_wavelet2-LL_firstorder_Kurtosis', 'dwi_exponential_gldm_SmallDependenceHighGrayLevelEmphasis', 'dwi_exponential_firstorder_Maximum', 'dwi_log-sigma-3-mm-3D_ngtdm_Busyness', 'dwi_exponential_glszm_LargeAreaHighGrayLevelEmphasis', 'dwi_square_glcm_MCC', 'adc_logarithm_gldm_GrayLevelNonUniformity', 'dwi_square_glszm_SmallAreaHighGrayLevelEmphasis', 'dwi_exponential_glszm_SizeZoneNonUniformityNormalized', 'dwi_log-sigma-3-mm-3D_glrlm_LongRunHighGrayLevelEmphasis', 'dwi_wavelet2-LL_glszm_GrayLevelNonUniformity', 'dwi_exponential_gldm_SmallDependenceEmphasis', 'dwi_square_glszm_SizeZoneNonUniformityNormalized', 'dwi_log-sigma-2-mm-3D_glcm_MCC', 'dwi_exponential_glcm_Imc2', 'dwi_log-sigma-3-mm-3D_glcm_ClusterShade', 'dwi_wavelet2-LH_glcm_Correlation', 't2_squareroot_glszm_SizeZoneNonUniformity', 'adc_wavelet2-LL_ngtdm_Coarseness', 'dwi_wavelet2-LH_glcm_Imc2', 'dwi_log-sigma-0-6-mm-3D_glszm_ZoneVariance', 'dwi_wavelet2-LH_glcm_MCC', 'dwi_log-sigma-2-mm-3D_ngtdm_Strength', 'dwi_logarithm_gldm_GrayLevelNonUniformity', 't2_original_shape_SurfaceVolumeRatio']","[0.8464912280701754, 0.5714285714285714]","[0.8654708520179372, 0.5333333333333333]","[0.8558758314855875, 0.5517241379310345]","[0.8654708520179372, 0.5333333333333333]",Gradient Boosting
12,3,0.9810264893899475,0.8534621578099839,0.8198906738063365,0.39156548613062936,0.37911049124438245,0.5179856115107914,0.686008056300058,0.7759197324414716,0.43373493975903615,0.9074074074074074,0.6428571428571429,0.8065843621399177,0.6705711735832218,42,"['dwi_square_ngtdm_Strength', 'dwi_log-sigma-3-mm-3D_firstorder_Skewness', 'dwi_exponential_glcm_Imc1', 'dwi_log-sigma-3-mm-3D_firstorder_Kurtosis', 'dwi_wavelet2-LL_firstorder_Skewness', 'dwi_square_firstorder_Skewness', 'dwi_exponential_ngtdm_Strength', 'dwi_exponential_glszm_GrayLevelNonUniformityNormalized', 'dwi_exponential_firstorder_Skewness', 'dwi_exponential_glszm_GrayLevelVariance', 'dwi_log-sigma-2-mm-3D_firstorder_Kurtosis', 'dwi_square_glrlm_GrayLevelNonUniformity', 'dwi_wavelet2-LL_ngtdm_Strength', 'dwi_wavelet2-LL_firstorder_Kurtosis', 'dwi_square_ngtdm_Busyness', 'dwi_exponential_glcm_ClusterProminence', 'dwi_exponential_glrlm_GrayLevelVariance', 'dwi_square_firstorder_Kurtosis', 'dwi_wavelet2-LL_glcm_ClusterShade', 'dwi_exponential_firstorder_Maximum', 'dwi_exponential_gldm_SmallDependenceHighGrayLevelEmphasis', 'dwi_log-sigma-3-mm-3D_ngtdm_Strength', 'dwi_square_glcm_MCC', 'dwi_log-sigma-3-mm-3D_ngtdm_Busyness', 'adc_logarithm_gldm_GrayLevelNonUniformity', 'dwi_log-sigma-2-mm-3D_glcm_MCC', 'dwi_exponential_glszm_LargeAreaHighGrayLevelEmphasis', 'dwi_wavelet2-LH_glcm_Correlation', 'dwi_wavelet2-LH_glcm_MCC', 'dwi_wavelet2-LH_glcm_Imc2', 'adc_logarithm_ngtdm_Coarseness', 'dwi_square_glszm_SmallAreaHighGrayLevelEmphasis', 'dwi_exponential_glszm_SizeZoneNonUniformityNormalized', 'dwi_log-sigma-3-mm-3D_glrlm_GrayLevelNonUniformity', 'dwi_log-sigma-3-mm-3D_glrlm_LongRunHighGrayLevelEmphasis', 'dwi_exponential_gldm_SmallDependenceEmphasis', 'dwi_exponential_glcm_Imc2', 'dwi_square_glszm_SizeZoneNonUniformityNormalized', 't2_original_shape_SurfaceVolumeRatio', 'dwi_log-sigma-3-mm-3D_gldm_LargeDependenceHighGrayLevelEmphasis', 'dwi_square_firstorder_Maximum', 'dwi_wavelet-LH_glcm_Imc1']","[0.8065843621399177, 0.6428571428571429]","[0.9074074074074074, 0.43373493975903615]","[0.8540305010893247, 0.5179856115107914]","[0.9074074074074074, 0.43373493975903615]",Gradient Boosting
13,3,0.9798518518518519,0.8532883642495784,0.792128712871287,0.39652179006129856,0.3789770876316647,0.5421686746987951,0.6839283740466453,0.7475083056478405,0.44554455445544555,0.9,0.6923076923076923,0.7627118644067796,0.6727722772277228,40,"['dwi_square_ngtdm_Strength', 'dwi_exponential_glcm_Imc1', 'dwi_square_ngtdm_Busyness', 'dwi_log-sigma-3-mm-3D_firstorder_Skewness', 'dwi_exponential_glszm_GrayLevelNonUniformityNormalized', 'dwi_exponential_ngtdm_Strength', 'dwi_exponential_glszm_GrayLevelVariance', 'dwi_square_glrlm_GrayLevelNonUniformity', 'dwi_wavelet2-LL_ngtdm_Strength', 'dwi_square_firstorder_Skewness', 'dwi_log-sigma-3-mm-3D_firstorder_Kurtosis', 'dwi_wavelet2-LL_firstorder_Skewness', 'dwi_exponential_glcm_ClusterProminence', 'dwi_exponential_glrlm_GrayLevelVariance', 'dwi_exponential_gldm_SmallDependenceHighGrayLevelEmphasis', 'dwi_exponential_firstorder_Skewness', 'dwi_exponential_firstorder_Maximum', 'dwi_log-sigma-3-mm-3D_ngtdm_Busyness', 'dwi_wavelet2-LL_glcm_ClusterShade', 'dwi_exponential_glszm_SizeZoneNonUniformityNormalized', 'dwi_log-sigma-2-mm-3D_firstorder_Kurtosis', 'dwi_exponential_glszm_LargeAreaHighGrayLevelEmphasis', 'dwi_square_glcm_MCC', 'dwi_square_glszm_SmallAreaHighGrayLevelEmphasis', 'dwi_wavelet2-LL_glszm_GrayLevelNonUniformity', 'dwi_square_firstorder_Kurtosis', 'dwi_log-sigma-2-mm-3D_glcm_MCC', 'adc_logarithm_gldm_GrayLevelNonUniformity', 'adc_wavelet2-LL_ngtdm_Coarseness', 'dwi_exponential_gldm_SmallDependenceEmphasis', 'dwi_wavelet2-LL_firstorder_Kurtosis', 'dwi_exponential_glcm_Imc2', 'dwi_square_glszm_SizeZoneNonUniformityNormalized', 't2_original_glszm_GrayLevelNonUniformity', 'dwi_log-sigma-3-mm-3D_gldm_LargeDependenceHighGrayLevelEmphasis', 'dwi_wavelet2-LH_glcm_Imc2', 'dwi_wavelet2-LH_glcm_MCC', 'dwi_log-sigma-2-mm-3D_ngtdm_Strength', 'dwi_log-sigma-0-6-mm-3D_glszm_ZoneVariance', 't2_log-sigma-3-mm-3D_glszm_ZoneEntropy']","[0.7627118644067796, 0.6923076923076923]","[0.9, 0.44554455445544555]","[0.8256880733944955, 0.5421686746987951]","[0.9, 0.44554455445544555]",Gradient Boosting
14,3,0.9796105422192379,0.8517940717628705,0.7856547619047619,0.42451653173261195,0.422672064777328,0.5571428571428572,0.7108858390517779,0.7926421404682275,0.52,0.8839285714285714,0.6,0.8461538461538461,0.7019642857142857,43,"['dwi_square_ngtdm_Strength', 'dwi_exponential_glszm_GrayLevelNonUniformityNormalized', 'dwi_wavelet2-LL_ngtdm_Strength', 'dwi_exponential_glcm_Imc1', 'dwi_log-sigma-3-mm-3D_firstorder_Skewness', 'dwi_exponential_ngtdm_Strength', 'dwi_square_ngtdm_Busyness', 'dwi_exponential_glcm_ClusterProminence', 'dwi_exponential_gldm_SmallDependenceHighGrayLevelEmphasis', 'dwi_exponential_glrlm_GrayLevelVariance', 'dwi_square_glrlm_GrayLevelNonUniformity', 'dwi_wavelet2-LL_firstorder_Skewness', 'dwi_square_firstorder_Skewness', 'dwi_log-sigma-3-mm-3D_ngtdm_Busyness', 'dwi_wavelet2-LL_glcm_ClusterShade', 'dwi_exponential_firstorder_Maximum', 'dwi_exponential_firstorder_Skewness', 'dwi_square_glcm_MCC', 'dwi_exponential_glszm_LargeAreaEmphasis', 'dwi_square_glszm_SmallAreaHighGrayLevelEmphasis', 'dwi_wavelet2-LH_glcm_Imc2', 'dwi_square_glszm_SizeZoneNonUniformityNormalized', 'dwi_log-sigma-2-mm-3D_glcm_MCC', 'dwi_exponential_gldm_SmallDependenceEmphasis', 'dwi_exponential_glszm_SizeZoneNonUniformityNormalized', 'dwi_wavelet2-LL_glszm_GrayLevelNonUniformity', 'adc_logarithm_gldm_GrayLevelNonUniformity', 'dwi_wavelet2-LH_glcm_Correlation', 'dwi_exponential_glcm_Imc2', 'dwi_logarithm_gldm_GrayLevelNonUniformity', 'dwi_log-sigma-2-mm-3D_ngtdm_Strength', 'dwi_log-sigma-2-mm-3D_firstorder_Kurtosis', 'dwi_log-sigma-0-6-mm-3D_glszm_ZoneVariance', 'dwi_log-sigma-3-mm-3D_gldm_LargeDependenceHighGrayLevelEmphasis', 'dwi_square_firstorder_Kurtosis', 'dwi_wavelet2-LH_glcm_MCC', 'adc_wavelet2-LL_ngtdm_Coarseness', 'dwi_log-sigma-2-mm-3D_ngtdm_Busyness', 'dwi_wavelet2-LL_firstorder_Kurtosis', 't2_squareroot_glszm_SizeZoneNonUniformity', 'dwi_log-sigma-3-mm-3D_glcm_JointAverage', 't2_logarithm_ngtdm_Coarseness', 'dwi_exponential_glszm_ZoneVariance']","[0.8461538461538461, 0.6]","[0.8839285714285714, 0.52]","[0.8646288209606987, 0.5571428571428572]","[0.8839285714285714, 0.52]",Gradient Boosting
15,3,0.9741432546263211,0.8599670510708401,0.7877358490566037,0.342906706452779,0.3302041167858065,0.4900662251655629,0.6604177279673968,0.7458745874587459,0.4065934065934066,0.8915094339622641,0.6166666666666667,0.7777777777777778,0.6490514202778354,41,"['dwi_square_ngtdm_Strength', 'dwi_exponential_ngtdm_Strength', 'dwi_log-sigma-3-mm-3D_firstorder_Skewness', 'dwi_exponential_glszm_GrayLevelNonUniformityNormalized', 'dwi_exponential_glcm_Imc1', 'dwi_square_firstorder_Skewness', 'dwi_exponential_glszm_GrayLevelVariance', 'dwi_log-sigma-3-mm-3D_firstorder_Kurtosis', 'dwi_exponential_firstorder_Skewness', 'dwi_exponential_glcm_ClusterProminence', 'dwi_exponential_glrlm_GrayLevelVariance', 'dwi_exponential_gldm_SmallDependenceHighGrayLevelEmphasis', 'dwi_exponential_firstorder_Maximum', 'dwi_wavelet2-LL_firstorder_Skewness', 'dwi_square_glrlm_GrayLevelNonUniformity', 'dwi_wavelet2-LL_ngtdm_Strength', 'dwi_square_ngtdm_Busyness', 'dwi_wavelet2-LL_firstorder_Kurtosis', 'dwi_square_firstorder_Kurtosis', 'dwi_log-sigma-2-mm-3D_firstorder_Kurtosis', 'dwi_exponential_glszm_SizeZoneNonUniformityNormalized', 'dwi_exponential_glszm_LargeAreaEmphasis', 'adc_logarithm_gldm_GrayLevelNonUniformity', 'adc_wavelet2-LL_ngtdm_Coarseness', 'dwi_exponential_gldm_SmallDependenceEmphasis', 'dwi_wavelet2-LL_glszm_GrayLevelNonUniformity', 'dwi_wavelet2-LL_glcm_ClusterShade', 'dwi_log-sigma-3-mm-3D_ngtdm_Busyness', 'dwi_exponential_glcm_Imc2', 't2_original_glszm_GrayLevelNonUniformity', 't2_original_shape_SurfaceVolumeRatio', 'dwi_square_glcm_MCC', 'adc_wavelet2-LL_glcm_Imc1', 'dwi_log-sigma-2-mm-3D_glcm_MCC', 't2_logarithm_ngtdm_Coarseness', 'dwi_log-sigma-0-6-mm-3D_glszm_ZoneVariance', 'dwi_square_glrlm_GrayLevelVariance', 'dwi_squareroot_ngtdm_Coarseness', 'adc_squareroot_firstorder_TotalEnergy', 'dwi_square_glszm_SizeZoneNonUniformityNormalized', 'dwi_original_ngtdm_Coarseness']","[0.7777777777777778, 0.6166666666666667]","[0.8915094339622641, 0.4065934065934066]","[0.8307692307692308, 0.4900662251655629]","[0.8915094339622641, 0.4065934065934066]",Gradient Boosting
16,4,0.9772503970497187,0.8755905511811024,0.775107245695481,0.36007220567047166,0.3593532368436989,0.5170068027210885,0.6794388133872703,0.761744966442953,0.4935064935064935,0.8552036199095022,0.5428571428571428,0.8289473684210527,0.6743550567079979,43,"['dwi_square_ngtdm_Strength', 'dwi_log-sigma-3-mm-3D_firstorder_Skewness', 'dwi_exponential_glcm_Imc1', 'dwi_square_ngtdm_Busyness', 'dwi_exponential_ngtdm_Strength', 'dwi_wavelet2-LL_firstorder_Skewness', 'dwi_exponential_glszm_GrayLevelNonUniformityNormalized', 'dwi_wavelet2-LL_ngtdm_Strength', 'dwi_square_glrlm_GrayLevelNonUniformity', 'dwi_square_firstorder_Skewness', 'dwi_exponential_glszm_GrayLevelVariance', 'dwi_wavelet2-LL_glcm_ClusterShade', 'dwi_log-sigma-3-mm-3D_firstorder_Kurtosis', 'dwi_exponential_glcm_ClusterProminence', 'dwi_exponential_gldm_SmallDependenceHighGrayLevelEmphasis', 'dwi_exponential_glrlm_GrayLevelVariance', 'dwi_exponential_firstorder_Skewness', 'dwi_square_glcm_MCC', 'dwi_exponential_firstorder_Maximum', 'dwi_log-sigma-3-mm-3D_ngtdm_Busyness', 'adc_logarithm_gldm_GrayLevelNonUniformity', 'dwi_wavelet2-LL_glszm_GrayLevelNonUniformity', 'dwi_exponential_glszm_LargeAreaHighGrayLevelEmphasis', 'adc_wavelet2-LL_ngtdm_Coarseness', 'dwi_square_firstorder_Kurtosis', 't2_squareroot_glszm_SizeZoneNonUniformity', 'dwi_exponential_glszm_SizeZoneNonUniformityNormalized', 'dwi_log-sigma-2-mm-3D_glcm_MCC', 'dwi_square_glszm_SmallAreaHighGrayLevelEmphasis', 'dwi_wavelet2-LH_glcm_Correlation', 'dwi_exponential_gldm_DependenceVariance', 'dwi_log-sigma-0-6-mm-3D_glszm_ZoneVariance', 'dwi_log-sigma-2-mm-3D_firstorder_Kurtosis', 'dwi_wavelet2-LL_firstorder_Kurtosis', 'dwi_square_glcm_ClusterShade', 'dwi_wavelet2-LH_glcm_Imc2', 'dwi_exponential_glcm_Imc2', 'dwi_logarithm_gldm_GrayLevelNonUniformity', 'dwi_square_glszm_SizeZoneNonUniformityNormalized', 't2_original_shape_SurfaceVolumeRatio', 't2_wavelet-HL_glszm_GrayLevelNonUniformity', 't2_logarithm_ngtdm_Coarseness', 'dwi_logarithm_ngtdm_Coarseness']","[0.8289473684210527, 0.5428571428571428]","[0.8552036199095022, 0.4935064935064935]","[0.8418708240534521, 0.5170068027210885]","[0.8552036199095022, 0.4935064935064935]",Gradient Boosting
17,4,0.9792775477179697,0.8539325842696629,0.7663139329805996,0.39643697824281715,0.39196334155798374,0.543046357615894,0.694685762326878,0.77,0.4880952380952381,0.8796296296296297,0.6119402985074627,0.8154506437768241,0.6838624338624338,42,"['dwi_square_ngtdm_Strength', 'dwi_log-sigma-3-mm-3D_firstorder_Skewness', 'dwi_exponential_glcm_Imc1', 'dwi_exponential_ngtdm_Strength', 'dwi_exponential_glszm_GrayLevelNonUniformityNormalized', 'dwi_square_firstorder_Skewness', 'dwi_log-sigma-3-mm-3D_firstorder_Kurtosis', 'dwi_wavelet2-LL_firstorder_Skewness', 'dwi_exponential_firstorder_Skewness', 'dwi_exponential_glcm_ClusterProminence', 'dwi_exponential_glrlm_GrayLevelVariance', 'dwi_exponential_gldm_SmallDependenceHighGrayLevelEmphasis', 'dwi_exponential_firstorder_Maximum', 'dwi_square_glrlm_GrayLevelNonUniformity', 'dwi_square_ngtdm_Busyness', 'dwi_wavelet2-LL_ngtdm_Strength', 'dwi_log-sigma-2-mm-3D_firstorder_Kurtosis', 'dwi_square_firstorder_Kurtosis', 'dwi_wavelet2-LL_firstorder_Kurtosis', 'dwi_wavelet2-LL_glcm_ClusterShade', 'dwi_exponential_glszm_SizeZoneNonUniformityNormalized', 'dwi_exponential_glszm_LargeAreaEmphasis', 'dwi_log-sigma-3-mm-3D_ngtdm_Strength', 'dwi_exponential_gldm_SmallDependenceEmphasis', 'dwi_exponential_glcm_Imc2', 'adc_logarithm_gldm_GrayLevelNonUniformity', 'dwi_square_glcm_MCC', 'dwi_log-sigma-3-mm-3D_ngtdm_Busyness', 'dwi_square_glszm_SmallAreaHighGrayLevelEmphasis', 'dwi_wavelet2-LL_glszm_GrayLevelNonUniformity', 'dwi_square_glszm_SizeZoneNonUniformityNormalized', 'adc_logarithm_ngtdm_Coarseness', 'dwi_wavelet2-LH_glcm_MCC', 'dwi_wavelet2-LH_glcm_Correlation', 'dwi_log-sigma-0-6-mm-3D_firstorder_Skewness', 'dwi_square_firstorder_Maximum', 'dwi_log-sigma-3-mm-3D_glrlm_LongRunHighGrayLevelEmphasis', 'dwi_log-sigma-2-mm-3D_glcm_MCC', 't2_squareroot_glszm_SizeZoneNonUniformity', 'adc_wavelet2-LL_glcm_Imc1', 'dwi_log-sigma-3-mm-3D_gldm_LargeDependenceHighGrayLevelEmphasis', 'dwi_log-sigma-0-6-mm-3D_glszm_ZoneVariance']","[0.8154506437768241, 0.6119402985074627]","[0.8796296296296297, 0.4880952380952381]","[0.8463251670378619, 0.543046357615894]","[0.8796296296296297, 0.4880952380952381]",Gradient Boosting
18,4,0.9769828894426886,0.8566666666666667,0.7846644053859595,0.39768604293576987,0.3873414192109298,0.546583850931677,0.6905254855565415,0.7574750830564784,0.46808510638297873,0.8888888888888888,0.6567164179104478,0.7863247863247863,0.6784869976359338,41,"['dwi_square_ngtdm_Strength', 'dwi_log-sigma-3-mm-3D_firstorder_Skewness', 'dwi_square_ngtdm_Busyness', 'dwi_exponential_glszm_GrayLevelNonUniformityNormalized', 'dwi_square_firstorder_Skewness', 'dwi_wavelet2-LL_firstorder_Skewness', 'dwi_exponential_glcm_Imc1', 'dwi_exponential_ngtdm_Strength', 'dwi_wavelet2-LL_ngtdm_Strength', 'dwi_exponential_glszm_GrayLevelVariance', 'dwi_square_glrlm_GrayLevelNonUniformity', 'dwi_log-sigma-3-mm-3D_firstorder_Kurtosis', 'dwi_exponential_firstorder_Skewness', 'dwi_exponential_gldm_SmallDependenceHighGrayLevelEmphasis', 'dwi_exponential_glrlm_GrayLevelVariance', 'dwi_exponential_glcm_ClusterProminence', 'dwi_wavelet2-LL_glcm_ClusterShade', 'dwi_exponential_firstorder_Maximum', 'dwi_log-sigma-3-mm-3D_ngtdm_Busyness', 'dwi_square_firstorder_Kurtosis', 'dwi_log-sigma-2-mm-3D_firstorder_Kurtosis', 'dwi_exponential_glszm_LargeAreaHighGrayLevelEmphasis', 'dwi_exponential_glszm_SizeZoneNonUniformityNormalized', 'dwi_square_glcm_MCC', 'dwi_wavelet2-LL_glszm_GrayLevelNonUniformity', 'dwi_wavelet2-LL_firstorder_Kurtosis', 'dwi_square_glszm_SmallAreaHighGrayLevelEmphasis', 'dwi_log-sigma-2-mm-3D_glcm_MCC', 'adc_logarithm_gldm_GrayLevelNonUniformity', 'dwi_exponential_gldm_SmallDependenceEmphasis', 'dwi_square_glszm_SizeZoneNonUniformityNormalized', 'adc_wavelet2-LL_ngtdm_Coarseness', 'dwi_log-sigma-0-6-mm-3D_glszm_ZoneVariance', 'dwi_logarithm_gldm_GrayLevelNonUniformity', 'dwi_wavelet2-LH_glcm_Imc2', 'dwi_exponential_glcm_Imc2', 'dwi_wavelet2-LH_glcm_MCC', 'dwi_log-sigma-3-mm-3D_gldm_LargeDependenceHighGrayLevelEmphasis', 'dwi_log-sigma-2-mm-3D_ngtdm_Strength', 't2_original_shape_SurfaceVolumeRatio', 'dwi_log-sigma-2-mm-3D_ngtdm_Busyness']","[0.7863247863247863, 0.6567164179104478]","[0.8888888888888888, 0.46808510638297873]","[0.8344671201814059, 0.546583850931677]","[0.8888888888888888, 0.46808510638297873]",Gradient Boosting
19,4,0.9759409098539534,0.8535433070866142,0.8201190476190477,0.43500293167200155,0.4223954169997336,0.5396825396825397,0.7084005918751681,0.8060200668896321,0.4533333333333333,0.9241071428571429,0.6666666666666666,0.8346774193548387,0.6887202380952381,43,"['dwi_square_ngtdm_Strength', 'dwi_exponential_glcm_Imc1', 'dwi_log-sigma-3-mm-3D_firstorder_Skewness', 'dwi_exponential_glszm_GrayLevelNonUniformityNormalized', 'dwi_exponential_ngtdm_Strength', 'dwi_exponential_glszm_GrayLevelVariance', 'dwi_wavelet2-LL_firstorder_Skewness', 'dwi_log-sigma-3-mm-3D_firstorder_Kurtosis', 'dwi_exponential_glcm_ClusterProminence', 'dwi_exponential_glrlm_GrayLevelVariance', 'dwi_wavelet2-LL_ngtdm_Strength', 'dwi_square_glrlm_GrayLevelNonUniformity', 'dwi_exponential_gldm_SmallDependenceHighGrayLevelEmphasis', 'dwi_square_firstorder_Skewness', 'dwi_exponential_firstorder_Maximum', 'dwi_exponential_firstorder_Skewness', 'dwi_square_ngtdm_Busyness', 'dwi_log-sigma-3-mm-3D_ngtdm_Busyness', 'dwi_exponential_glszm_LargeAreaHighGrayLevelEmphasis', 'dwi_wavelet2-LL_glcm_ClusterShade', 'dwi_log-sigma-2-mm-3D_firstorder_Kurtosis', 'dwi_wavelet2-LL_glszm_GrayLevelNonUniformity', 'adc_logarithm_gldm_GrayLevelNonUniformity', 'dwi_log-sigma-2-mm-3D_glcm_MCC', 't2_original_shape_SurfaceVolumeRatio', 'adc_wavelet2-LL_ngtdm_Coarseness', 'dwi_exponential_glcm_Imc2', 'dwi_square_glcm_MCC', 'dwi_original_firstorder_Kurtosis', 'dwi_exponential_gldm_SmallDependenceEmphasis', 'dwi_wavelet2-LH_glcm_Correlation', 'dwi_square_firstorder_Kurtosis', 'dwi_exponential_glszm_SizeZoneNonUniformityNormalized', 'dwi_square_glszm_SmallAreaHighGrayLevelEmphasis', 'dwi_wavelet2-LH_glcm_Imc2', 't2_squareroot_glszm_SizeZoneNonUniformity', 'dwi_log-sigma-0-6-mm-3D_glszm_ZoneVariance', 'dwi_wavelet2-LH_glcm_MCC', 't2_logarithm_ngtdm_Coarseness', 'dwi_logarithm_ngtdm_Coarseness', 'adc_squareroot_firstorder_TotalEnergy', 'dwi_square_glszm_SizeZoneNonUniformityNormalized', 'dwi_log-sigma-3-mm-3D_gldm_LargeDependenceHighGrayLevelEmphasis']","[0.8346774193548387, 0.6666666666666666]","[0.9241071428571429, 0.4533333333333333]","[0.8771186440677966, 0.5396825396825397]","[0.9241071428571429, 0.4533333333333333]",Gradient Boosting
20,4,0.9806242144951822,0.8547297297297297,0.7964912280701754,0.4068589529231539,0.3917081631511218,0.5443037974683544,0.6914344099449395,0.7615894039735099,0.45263157894736844,0.9033816425120773,0.6825396825396826,0.7824267782426778,0.6780066107297229,41,"['dwi_square_ngtdm_Strength', 'dwi_log-sigma-3-mm-3D_firstorder_Skewness', 'dwi_log-sigma-3-mm-3D_firstorder_Kurtosis', 'dwi_square_firstorder_Skewness', 'dwi_exponential_ngtdm_Strength', 'dwi_exponential_glcm_Imc1', 'dwi_exponential_glszm_GrayLevelNonUniformityNormalized', 'dwi_log-sigma-2-mm-3D_firstorder_Kurtosis', 'dwi_original_firstorder_Skewness', 'dwi_exponential_firstorder_Skewness', 'dwi_exponential_glszm_GrayLevelVariance', 'dwi_square_firstorder_Kurtosis', 'dwi_wavelet2-LL_ngtdm_Strength', 'dwi_wavelet2-LL_firstorder_Kurtosis', 'dwi_square_ngtdm_Busyness', 'dwi_exponential_glrlm_GrayLevelVariance', 'dwi_exponential_glcm_ClusterProminence', 'dwi_exponential_firstorder_Maximum', 'dwi_exponential_gldm_SmallDependenceHighGrayLevelEmphasis', 'dwi_square_glrlm_GrayLevelNonUniformity', 'dwi_wavelet2-LL_glcm_ClusterShade', 'dwi_log-sigma-3-mm-3D_ngtdm_Busyness', 'dwi_square_glszm_SmallAreaHighGrayLevelEmphasis', 'dwi_square_glcm_MCC', 'dwi_exponential_glszm_SizeZoneNonUniformityNormalized', 'dwi_square_glszm_SizeZoneNonUniformityNormalized', 'dwi_log-sigma-3-mm-3D_glrlm_LongRunHighGrayLevelEmphasis', 'adc_logarithm_gldm_GrayLevelNonUniformity', 'dwi_log-sigma-2-mm-3D_glcm_MCC', 'dwi_log-sigma-3-mm-3D_glcm_ClusterShade', 'dwi_exponential_glszm_LargeAreaHighGrayLevelEmphasis', 'dwi_wavelet2-LH_glcm_Imc2', 'dwi_log-sigma-2-mm-3D_ngtdm_Strength', 'dwi_wavelet2-LH_glcm_MCC', 'dwi_exponential_gldm_SmallDependenceEmphasis', 't2_squareroot_glszm_GrayLevelNonUniformity', 'adc_wavelet2-LL_ngtdm_Coarseness', 'adc_wavelet2-LL_glcm_Imc1', 'dwi_exponential_glcm_Imc2', 'dwi_logarithm_glrlm_GrayLevelNonUniformity', 'dwi_wavelet2-LH_glcm_Correlation']","[0.7824267782426778, 0.6825396825396826]","[0.9033816425120773, 0.45263157894736844]","[0.8385650224215246, 0.5443037974683544]","[0.9033816425120773, 0.45263157894736844]",Gradient Boosting
21,5,0.9807128672190646,0.8576051779935275,0.768681917211329,0.25967045589467486,0.25301240843175365,0.42758620689655175,0.6229834754395231,0.7242524916943521,0.36470588235294116,0.8657407407407407,0.5166666666666667,0.7759336099585062,0.615223311546841,42,"['dwi_square_ngtdm_Strength', 'dwi_log-sigma-3-mm-3D_firstorder_Skewness', 'dwi_exponential_glszm_GrayLevelNonUniformityNormalized', 'dwi_exponential_ngtdm_Strength', 'dwi_exponential_glcm_Imc1', 'dwi_exponential_glszm_GrayLevelVariance', 'dwi_wavelet2-LL_firstorder_Skewness', 'dwi_square_firstorder_Skewness', 'dwi_wavelet2-LL_ngtdm_Strength', 'dwi_exponential_glrlm_GrayLevelVariance', 'dwi_exponential_glcm_ClusterProminence', 'dwi_square_ngtdm_Busyness', 'dwi_exponential_gldm_SmallDependenceHighGrayLevelEmphasis', 'dwi_log-sigma-3-mm-3D_firstorder_Kurtosis', 'dwi_exponential_firstorder_Maximum', 'dwi_exponential_firstorder_Skewness', 'dwi_wavelet2-LL_glcm_ClusterShade', 'dwi_square_glrlm_GrayLevelNonUniformity', 'dwi_exponential_glszm_SizeZoneNonUniformityNormalized', 'dwi_log-sigma-3-mm-3D_ngtdm_Busyness', 'dwi_square_firstorder_Kurtosis', 'dwi_wavelet2-LL_firstorder_Kurtosis', 'dwi_log-sigma-2-mm-3D_firstorder_Kurtosis', 'dwi_square_glszm_SmallAreaHighGrayLevelEmphasis', 'dwi_exponential_glszm_LargeAreaHighGrayLevelEmphasis', 'dwi_square_glcm_MCC', 'adc_logarithm_gldm_GrayLevelNonUniformity', 'dwi_exponential_gldm_SmallDependenceEmphasis', 'dwi_log-sigma-3-mm-3D_glcm_MCC', 'dwi_square_glszm_SizeZoneNonUniformityNormalized', 'dwi_exponential_glcm_Imc2', 'dwi_wavelet2-LL_glszm_GrayLevelNonUniformity', 'dwi_wavelet2-LH_glcm_Imc2', 'dwi_wavelet2-LH_glcm_MCC', 'adc_wavelet2-LL_ngtdm_Coarseness', 'dwi_log-sigma-2-mm-3D_ngtdm_Strength', 'dwi_log-sigma-3-mm-3D_gldm_LargeDependenceHighGrayLevelEmphasis', 't2_original_shape_SurfaceVolumeRatio', 'dwi_wavelet2-LH_glcm_Correlation', 'dwi_logarithm_gldm_GrayLevelNonUniformity', 't2_wavelet2-LL_glszm_SizeZoneNonUniformity', 'dwi_log-sigma-2-mm-3D_ngtdm_Busyness']","[0.7759336099585062, 0.5166666666666667]","[0.8657407407407407, 0.36470588235294116]","[0.8183807439824945, 0.42758620689655175]","[0.8657407407407407, 0.36470588235294116]",Gradient Boosting
22,5,0.9770801272186312,0.8643533123028391,0.8032858707557502,0.45363783253131207,0.45257452574525747,0.5949367088607594,0.7260397830018083,0.7887788778877888,0.5662650602409639,0.8727272727272727,0.6266666666666667,0.8421052631578947,0.7194961664841183,42,"['dwi_square_ngtdm_Strength', 'dwi_exponential_glcm_Imc1', 'dwi_square_glrlm_GrayLevelNonUniformity', 'dwi_log-sigma-3-mm-3D_firstorder_Skewness', 'dwi_exponential_glszm_GrayLevelNonUniformityNormalized', 'dwi_square_firstorder_Skewness', 'dwi_exponential_ngtdm_Strength', 'dwi_square_ngtdm_Busyness', 'dwi_exponential_glszm_GrayLevelVariance', 'dwi_log-sigma-3-mm-3D_firstorder_Kurtosis', 'dwi_exponential_glcm_ClusterProminence', 'dwi_exponential_gldm_SmallDependenceHighGrayLevelEmphasis', 'dwi_exponential_glrlm_GrayLevelVariance', 'dwi_exponential_firstorder_Skewness', 'dwi_wavelet2-LL_firstorder_Skewness', 'adc_logarithm_gldm_GrayLevelNonUniformity', 'dwi_exponential_glszm_LargeAreaHighGrayLevelEmphasis', 'dwi_wavelet2-LL_ngtdm_Strength', 'dwi_exponential_firstorder_Maximum', 'dwi_square_firstorder_Kurtosis', 'adc_original_ngtdm_Coarseness', 'dwi_wavelet2-LL_glszm_GrayLevelNonUniformity', 'dwi_exponential_gldm_DependenceVariance', 'dwi_wavelet2-LL_firstorder_Kurtosis', 'dwi_log-sigma-2-mm-3D_firstorder_Kurtosis', 't2_squareroot_glszm_SizeZoneNonUniformity', 'dwi_exponential_glszm_SizeZoneNonUniformityNormalized', 'dwi_exponential_glcm_Imc2', 'dwi_log-sigma-3-mm-3D_ngtdm_Busyness', 'dwi_square_glcm_MCC', 'dwi_wavelet2-LL_glcm_ClusterShade', 'dwi_log-sigma-0-6-mm-3D_glszm_ZoneVariance', 't2_logarithm_ngtdm_Coarseness', 'dwi_wavelet2-LH_glcm_Correlation', 'dwi_wavelet2-LH_glcm_Imc1', 'dwi_exponential_glszm_ZoneVariance', 'adc_wavelet-HH_ngtdm_Coarseness', 'dwi_exponential_glcm_JointAverage', 'adc_wavelet2-LL_glcm_Imc1', 't2_original_shape_MinorAxisLength', 'dwi_wavelet2-LH_glcm_Imc2', 't2_log-sigma-3-mm-3D_glszm_ZoneEntropy']","[0.8421052631578947, 0.6266666666666667]","[0.8727272727272727, 0.5662650602409639]","[0.8571428571428571, 0.5949367088607594]","[0.8727272727272727, 0.5662650602409639]",Gradient Boosting
23,5,0.9780210128036215,0.8548644338118022,0.8058179723502303,0.3977631545768999,0.3922614249395424,0.5352112676056338,0.6945967842452947,0.7777777777777778,0.475,0.8894009216589862,0.6129032258064516,0.8212765957446808,0.6822004608294931,43,"['dwi_square_ngtdm_Strength', 'dwi_log-sigma-3-mm-3D_firstorder_Skewness', 'dwi_log-sigma-3-mm-3D_firstorder_Kurtosis', 'dwi_square_firstorder_Skewness', 'dwi_wavelet2-LL_firstorder_Skewness', 'dwi_exponential_glcm_Imc1', 'dwi_exponential_ngtdm_Strength', 'dwi_exponential_glszm_GrayLevelNonUniformityNormalized', 'dwi_exponential_firstorder_Skewness', 'dwi_wavelet2-LL_ngtdm_Strength', 'dwi_exponential_glszm_GrayLevelVariance', 'dwi_log-sigma-2-mm-3D_firstorder_Kurtosis', 'dwi_square_glrlm_GrayLevelNonUniformity', 'dwi_square_ngtdm_Busyness', 'dwi_exponential_glcm_ClusterProminence', 'dwi_square_firstorder_Kurtosis', 'dwi_wavelet2-LL_glcm_ClusterShade', 'dwi_exponential_glrlm_GrayLevelVariance', 'dwi_exponential_gldm_SmallDependenceHighGrayLevelEmphasis', 'dwi_exponential_firstorder_Maximum', 'dwi_original_firstorder_Kurtosis', 'dwi_log-sigma-3-mm-3D_ngtdm_Busyness', 'dwi_exponential_glszm_SizeZoneNonUniformityNormalized', 'adc_logarithm_gldm_GrayLevelNonUniformity', 'dwi_square_glszm_SizeZoneNonUniformityNormalized', 'dwi_exponential_glszm_LargeAreaHighGrayLevelEmphasis', 'dwi_square_glszm_SmallAreaHighGrayLevelEmphasis', 'dwi_logarithm_glrlm_GrayLevelNonUniformity', 'dwi_log-sigma-2-mm-3D_glcm_MCC', 'dwi_square_glcm_MCC', 'adc_wavelet2-LL_ngtdm_Coarseness', 'dwi_log-sigma-3-mm-3D_glrlm_LongRunHighGrayLevelEmphasis', 'dwi_wavelet2-LH_glcm_MCC', 'dwi_exponential_gldm_SmallDependenceEmphasis', 't2_original_glszm_GrayLevelNonUniformity', 'dwi_exponential_glcm_Imc2', 'dwi_square_glcm_ClusterShade', 'dwi_log-sigma-0-6-mm-3D_glszm_ZoneVariance', 'dwi_wavelet2-LH_glcm_Correlation', 'dwi_log-sigma-2-mm-3D_ngtdm_Strength', 'adc_wavelet2-LL_glcm_Imc1', 'dwi_wavelet2-LH_glcm_Imc2', 'dwi_logarithm_gldm_GrayLevelNonUniformity']","[0.8212765957446808, 0.6129032258064516]","[0.8894009216589862, 0.475]","[0.8539823008849557, 0.5352112676056338]","[0.8894009216589862, 0.475]",Gradient Boosting
24,5,0.9776743194501274,0.8322147651006712,0.7972234133790738,0.3576760794792968,0.3517344704390918,0.5161290322580645,0.673794853207684,0.75,0.45454545454545453,0.8726415094339622,0.5970149253731343,0.7939914163090128,0.6635934819897084,42,"['dwi_square_ngtdm_Strength', 'dwi_log-sigma-3-mm-3D_firstorder_Skewness', 'dwi_exponential_glcm_Imc1', 'dwi_exponential_glszm_GrayLevelNonUniformityNormalized', 'dwi_wavelet2-LL_firstorder_Skewness', 'dwi_exponential_ngtdm_Strength', 'dwi_log-sigma-3-mm-3D_firstorder_Kurtosis', 'dwi_square_firstorder_Skewness', 'dwi_exponential_glszm_GrayLevelVariance', 'dwi_square_ngtdm_Busyness', 'dwi_square_glrlm_GrayLevelNonUniformity', 'dwi_wavelet2-LL_ngtdm_Strength', 'dwi_exponential_glcm_ClusterProminence', 'dwi_exponential_glrlm_GrayLevelVariance', 'dwi_exponential_gldm_SmallDependenceHighGrayLevelEmphasis', 'dwi_exponential_firstorder_Maximum', 'dwi_exponential_firstorder_Skewness', 'dwi_wavelet2-LL_glcm_ClusterShade', 'dwi_log-sigma-2-mm-3D_firstorder_Kurtosis', 'dwi_square_glcm_MCC', 'dwi_log-sigma-3-mm-3D_ngtdm_Strength', 'dwi_wavelet2-LL_firstorder_Kurtosis', 'dwi_exponential_glszm_LargeAreaHighGrayLevelEmphasis', 'dwi_log-sigma-3-mm-3D_ngtdm_Busyness', 'dwi_wavelet2-LL_glszm_GrayLevelNonUniformity', 'dwi_square_firstorder_Kurtosis', 'adc_logarithm_gldm_GrayLevelNonUniformity', 'dwi_exponential_glszm_SizeZoneNonUniformityNormalized', 'dwi_exponential_gldm_SmallDependenceEmphasis', 'dwi_square_glszm_SmallAreaHighGrayLevelEmphasis', 'adc_wavelet2-LL_ngtdm_Coarseness', 'dwi_exponential_glcm_Imc2', 'dwi_log-sigma-0-6-mm-3D_glszm_ZoneVariance', 'dwi_log-sigma-2-mm-3D_glcm_MCC', 'dwi_wavelet2-LH_glcm_Correlation', 'dwi_wavelet2-LH_glcm_Imc2', 't2_wavelet2-LL_glszm_SizeZoneNonUniformity', 'dwi_square_firstorder_Maximum', 'dwi_square_glszm_SizeZoneNonUniformityNormalized', 'dwi_log-sigma-0-6-mm-3D_firstorder_Skewness', 'dwi_log-sigma-3-mm-3D_gldm_LargeDependenceHighGrayLevelEmphasis', 'dwi_logarithm_ngtdm_Coarseness']","[0.7939914163090128, 0.5970149253731343]","[0.8726415094339622, 0.45454545454545453]","[0.8314606741573034, 0.5161290322580645]","[0.8726415094339622, 0.45454545454545453]",Gradient Boosting
25,5,0.9757500688136527,0.8471760797342193,0.8214018191546282,0.3854304907650355,0.3615398694405467,0.5,0.6735807860262009,0.7658862876254181,0.39325842696629215,0.9238095238095239,0.6862745098039216,0.782258064516129,0.658533975387908,42,"['dwi_square_ngtdm_Strength', 'dwi_log-sigma-3-mm-3D_firstorder_Skewness', 'dwi_exponential_ngtdm_Strength', 'dwi_exponential_glcm_Imc1', 'dwi_exponential_glszm_GrayLevelNonUniformityNormalized', 'dwi_wavelet2-LL_firstorder_Skewness', 'dwi_wavelet2-LL_ngtdm_Strength', 'dwi_square_ngtdm_Busyness', 'dwi_log-sigma-3-mm-3D_firstorder_Kurtosis', 'dwi_exponential_firstorder_Skewness', 'dwi_square_firstorder_Skewness', 'dwi_exponential_firstorder_Maximum', 'dwi_exponential_glcm_ClusterProminence', 'dwi_exponential_glrlm_GrayLevelVariance', 'dwi_exponential_gldm_SmallDependenceHighGrayLevelEmphasis', 'dwi_wavelet2-LL_glcm_ClusterShade', 'dwi_log-sigma-3-mm-3D_ngtdm_Busyness', 'dwi_square_glszm_SmallAreaHighGrayLevelEmphasis', 'dwi_square_glrlm_GrayLevelNonUniformity', 'dwi_log-sigma-2-mm-3D_glcm_MCC', 'dwi_log-sigma-2-mm-3D_firstorder_Kurtosis', 'dwi_square_glcm_MCC', 'dwi_square_firstorder_Kurtosis', 'dwi_square_glszm_SizeZoneNonUniformityNormalized', 'dwi_log-sigma-3-mm-3D_gldm_LargeDependenceHighGrayLevelEmphasis', 'dwi_wavelet2-LL_firstorder_Kurtosis', 'dwi_exponential_glszm_SizeZoneNonUniformityNormalized', 'dwi_wavelet2-LH_glcm_Imc2', 'dwi_exponential_glszm_LargeAreaHighGrayLevelEmphasis', 'dwi_wavelet2-LH_glcm_MCC', 'dwi_log-sigma-2-mm-3D_ngtdm_Strength', 'dwi_exponential_gldm_SmallDependenceEmphasis', 'dwi_wavelet2-LH_glcm_Correlation', 'dwi_exponential_glcm_Imc2', 'dwi_wavelet2-LL_glszm_GrayLevelNonUniformity', 'adc_logarithm_gldm_GrayLevelNonUniformity', 'dwi_log-sigma-2-mm-3D_ngtdm_Busyness', 'dwi_log-sigma-3-mm-3D_firstorder_Minimum', 'adc_wavelet2-LL_ngtdm_Coarseness', 'dwi_log-sigma-3-mm-3D_gldm_LowGrayLevelEmphasis', 'dwi_log-sigma-0-6-mm-3D_glszm_ZoneVariance', 'dwi_log-sigma-3-mm-3D_glrlm_ShortRunLowGrayLevelEmphasis']","[0.782258064516129, 0.6862745098039216]","[0.9238095238095239, 0.39325842696629215]","[0.8471615720524017, 0.5]","[0.9238095238095239, 0.39325842696629215]",Gradient Boosting
26,6,0.9758454106280193,0.865814696485623,0.7866935483870968,0.3786369134942999,0.369666444930153,0.5109489051094891,0.6821702950055104,0.7744107744107744,0.4375,0.8986175115207373,0.6140350877192983,0.8125,0.6680587557603687,43,"['dwi_square_ngtdm_Strength', 'dwi_log-sigma-3-mm-3D_firstorder_Skewness', 'dwi_square_firstorder_Skewness', 'dwi_log-sigma-3-mm-3D_firstorder_Kurtosis', 'dwi_exponential_ngtdm_Strength', 'dwi_square_ngtdm_Busyness', 'dwi_exponential_firstorder_Skewness', 'dwi_exponential_glcm_Imc1', 'dwi_wavelet2-LL_ngtdm_Strength', 'dwi_exponential_glszm_GrayLevelNonUniformityNormalized', 'dwi_wavelet2-LL_firstorder_Skewness', 'dwi_log-sigma-2-mm-3D_firstorder_Kurtosis', 'dwi_square_glrlm_GrayLevelNonUniformity', 'dwi_square_firstorder_Kurtosis', 'dwi_exponential_glszm_GrayLevelVariance', 'dwi_log-sigma-3-mm-3D_ngtdm_Busyness', 'dwi_exponential_glcm_ClusterProminence', 'dwi_wavelet2-LL_firstorder_Kurtosis', 'dwi_exponential_glrlm_GrayLevelVariance', 'dwi_exponential_gldm_SmallDependenceHighGrayLevelEmphasis', 'dwi_exponential_firstorder_Maximum', 'dwi_wavelet2-LL_glcm_ClusterShade', 'dwi_log-sigma-2-mm-3D_glcm_MCC', 'dwi_log-sigma-3-mm-3D_gldm_LargeDependenceHighGrayLevelEmphasis', 'dwi_square_glszm_SmallAreaHighGrayLevelEmphasis', 'dwi_square_glszm_SizeZoneNonUniformityNormalized', 'dwi_square_glcm_MCC', 'dwi_wavelet2-LL_glszm_GrayLevelNonUniformity', 'dwi_log-sigma-3-mm-3D_glcm_ClusterShade', 'dwi_wavelet2-LH_glcm_MCC', 'adc_logarithm_gldm_GrayLevelNonUniformity', 'dwi_log-sigma-2-mm-3D_ngtdm_Strength', 'dwi_exponential_glszm_SizeZoneNonUniformityNormalized', 'adc_wavelet2-LL_ngtdm_Coarseness', 'dwi_wavelet2-LH_glcm_Imc2', 'dwi_exponential_glszm_LargeAreaEmphasis', 'dwi_log-sigma-2-mm-3D_ngtdm_Busyness', 'dwi_exponential_gldm_SmallDependenceEmphasis', 'dwi_logarithm_gldm_GrayLevelNonUniformity', 'dwi_log-sigma-3-mm-3D_glcm_JointAverage', 't2_original_shape_SurfaceVolumeRatio', 'dwi_log-sigma-0-6-mm-3D_firstorder_Skewness', 'dwi_log-sigma-0-6-mm-3D_glszm_ZoneVariance']","[0.8125, 0.6140350877192983]","[0.8986175115207373, 0.4375]","[0.8533916849015317, 0.5109489051094891]","[0.8986175115207373, 0.4375]",Gradient Boosting
27,6,0.9804156350204976,0.8726708074534162,0.7730826721858112,0.32429487317207284,0.32020542647650274,0.4748201438848921,0.6585763786379104,0.7574750830564784,0.4230769230769231,0.874439461883408,0.5409836065573771,0.8125,0.6487581924801655,43,"['dwi_square_ngtdm_Strength', 'dwi_log-sigma-3-mm-3D_firstorder_Skewness', 'dwi_exponential_glszm_GrayLevelNonUniformityNormalized', 'dwi_exponential_ngtdm_Strength', 'dwi_exponential_glcm_Imc1', 'dwi_wavelet2-LL_firstorder_Skewness', 'dwi_square_firstorder_Skewness', 'dwi_log-sigma-3-mm-3D_firstorder_Kurtosis', 'dwi_exponential_firstorder_Skewness', 'dwi_square_ngtdm_Busyness', 'dwi_exponential_glcm_ClusterProminence', 'dwi_exponential_glrlm_GrayLevelVariance', 'dwi_wavelet2-LL_ngtdm_Strength', 'dwi_exponential_gldm_SmallDependenceHighGrayLevelEmphasis', 'dwi_exponential_firstorder_Maximum', 'dwi_log-sigma-2-mm-3D_firstorder_Kurtosis', 'dwi_wavelet2-LL_glcm_ClusterShade', 'dwi_square_firstorder_Kurtosis', 'dwi_wavelet2-LL_firstorder_Kurtosis', 'dwi_square_glrlm_GrayLevelNonUniformity', 'dwi_exponential_glszm_SizeZoneNonUniformityNormalized', 'dwi_square_glszm_SmallAreaHighGrayLevelEmphasis', 'dwi_log-sigma-3-mm-3D_ngtdm_Busyness', 'dwi_exponential_glszm_LargeAreaHighGrayLevelEmphasis', 'dwi_square_glcm_ClusterProminence', 'dwi_square_glcm_MCC', 'dwi_square_glszm_SizeZoneNonUniformityNormalized', 'dwi_exponential_gldm_SmallDependenceEmphasis', 'adc_logarithm_gldm_GrayLevelNonUniformity', 'dwi_log-sigma-2-mm-3D_glcm_MCC', 'dwi_square_firstorder_Maximum', 'dwi_wavelet2-LH_glcm_Imc2', 'dwi_exponential_glcm_Imc2', 'dwi_log-sigma-2-mm-3D_ngtdm_Strength', 'dwi_wavelet2-LL_glszm_GrayLevelNonUniformity', 'dwi_log-sigma-0-6-mm-3D_glszm_ZoneVariance', 'dwi_wavelet2-LH_glcm_MCC', 'dwi_log-sigma-3-mm-3D_gldm_LargeDependenceHighGrayLevelEmphasis', 'dwi_wavelet2-LH_glcm_Correlation', 'adc_logarithm_ngtdm_Coarseness', 'dwi_log-sigma-2-mm-3D_ngtdm_Busyness', 't2_original_shape_SurfaceVolumeRatio', 't2_squareroot_glszm_SizeZoneNonUniformity']","[0.8125, 0.5409836065573771]","[0.874439461883408, 0.4230769230769231]","[0.8423326133909287, 0.4748201438848921]","[0.874439461883408, 0.4230769230769231]",Gradient Boosting
28,6,0.9806027831551778,0.8609271523178808,0.7949130391072685,0.45192561313365065,0.4282362143136488,0.569620253164557,0.708233550005702,0.7740863787375415,0.45918367346938777,0.9261083743842364,0.75,0.7800829875518672,0.6926460239268121,40,"['dwi_square_ngtdm_Strength', 'dwi_exponential_glcm_Imc1', 'dwi_exponential_glszm_GrayLevelNonUniformityNormalized', 'dwi_exponential_ngtdm_Strength', 'dwi_log-sigma-3-mm-3D_firstorder_Skewness', 'dwi_exponential_glszm_GrayLevelVariance', 'dwi_wavelet2-LL_firstorder_Skewness', 'dwi_exponential_glcm_ClusterProminence', 'dwi_exponential_glrlm_GrayLevelVariance', 'dwi_wavelet2-LL_ngtdm_Strength', 'dwi_exponential_firstorder_Maximum', 'dwi_square_firstorder_Skewness', 'dwi_exponential_gldm_SmallDependenceHighGrayLevelEmphasis', 'dwi_log-sigma-3-mm-3D_firstorder_Kurtosis', 'dwi_wavelet2-LL_glcm_ClusterShade', 'dwi_exponential_firstorder_Skewness', 'dwi_square_ngtdm_Busyness', 'dwi_square_glrlm_GrayLevelNonUniformity', 'dwi_square_glcm_MCC', 'dwi_log-sigma-3-mm-3D_ngtdm_Busyness', 'dwi_exponential_glszm_SizeZoneNonUniformityNormalized', 'dwi_exponential_glcm_Imc2', 'dwi_exponential_glszm_LargeAreaHighGrayLevelEmphasis', 'dwi_square_glszm_SmallAreaHighGrayLevelEmphasis', 'dwi_log-sigma-2-mm-3D_glcm_MCC', 'dwi_exponential_gldm_SmallDependenceEmphasis', 'dwi_square_firstorder_Kurtosis', 'dwi_log-sigma-2-mm-3D_firstorder_Kurtosis', 'dwi_wavelet2-LH_glcm_Imc2', 'dwi_wavelet2-LH_glcm_Correlation', 'dwi_original_firstorder_Kurtosis', 'adc_logarithm_gldm_GrayLevelNonUniformity', 'dwi_wavelet2-LL_glszm_GrayLevelNonUniformity', 'dwi_log-sigma-3-mm-3D_gldm_LargeDependenceHighGrayLevelEmphasis', 'dwi_square_glszm_SizeZoneNonUniformityNormalized', 'adc_wavelet2-LL_ngtdm_Coarseness', 'dwi_wavelet2-LH_glcm_MCC', 't2_squareroot_glszm_SizeZoneNonUniformity', 'dwi_wavelet-LH_glcm_Imc1', 'dwi_exponential_ngtdm_Contrast']","[0.7800829875518672, 0.75]","[0.9261083743842364, 0.45918367346938777]","[0.8468468468468469, 0.569620253164557]","[0.9261083743842364, 0.45918367346938777]",Gradient Boosting
29,6,0.9773376777653328,0.8416,0.7623868778280543,0.28572945415769174,0.28482590713091427,0.46357615894039733,0.6419876360112187,0.7308970099667774,0.4375,0.8371040723981901,0.49295774647887325,0.8043478260869565,0.6373020361990951,43,"['dwi_square_ngtdm_Strength', 'dwi_log-sigma-3-mm-3D_firstorder_Skewness', 'dwi_exponential_glcm_Imc1', 'dwi_exponential_glszm_GrayLevelNonUniformityNormalized', 'dwi_exponential_ngtdm_Strength', 'dwi_square_glrlm_GrayLevelNonUniformity', 'dwi_wavelet2-LL_ngtdm_Strength', 'dwi_log-sigma-3-mm-3D_firstorder_Kurtosis', 'dwi_exponential_glszm_GrayLevelVariance', 'dwi_wavelet2-LL_firstorder_Skewness', 'dwi_square_firstorder_Skewness', 'dwi_square_ngtdm_Busyness', 'dwi_exponential_gldm_SmallDependenceHighGrayLevelEmphasis', 'dwi_exponential_glcm_ClusterProminence', 'dwi_exponential_glrlm_GrayLevelVariance', 'dwi_log-sigma-3-mm-3D_ngtdm_Strength', 'dwi_exponential_firstorder_Maximum', 'dwi_exponential_firstorder_Skewness', 'dwi_log-sigma-3-mm-3D_ngtdm_Busyness', 'dwi_exponential_glszm_LargeAreaHighGrayLevelEmphasis', 'adc_logarithm_gldm_GrayLevelNonUniformity', 'dwi_wavelet2-LL_glcm_ClusterShade', 'dwi_log-sigma-2-mm-3D_firstorder_Kurtosis', 'dwi_wavelet2-LL_firstorder_Kurtosis', 'dwi_wavelet2-LL_glszm_GrayLevelNonUniformity', 'dwi_exponential_gldm_SmallDependenceEmphasis', 'adc_wavelet2-LL_ngtdm_Coarseness', 'dwi_wavelet2-LH_glcm_MCC', 'dwi_square_glszm_SmallAreaHighGrayLevelEmphasis', 'dwi_log-sigma-0-6-mm-3D_glszm_ZoneVariance', 'dwi_exponential_glszm_SizeZoneNonUniformityNormalized', 'dwi_exponential_glcm_Imc2', 't2_original_glszm_GrayLevelNonUniformity', 't2_original_shape_SurfaceVolumeRatio', 'dwi_wavelet2-LH_glcm_Correlation', 'dwi_square_firstorder_Kurtosis', 'dwi_wavelet2-LH_glcm_Imc2', 'dwi_square_glszm_SizeZoneNonUniformityNormalized', 'dwi_log-sigma-2-mm-3D_glcm_MCC', 't2_log-sigma-3-mm-3D_glszm_ZoneEntropy', 'dwi_square_glcm_MCC', 't2_logarithm_ngtdm_Coarseness', 'adc_wavelet2-LL_glcm_Imc1']","[0.8043478260869565, 0.49295774647887325]","[0.8371040723981901, 0.4375]","[0.8203991130820399, 0.46357615894039733]","[0.8371040723981901, 0.4375]",Gradient Boosting
30,6,0.9759183476631393,0.8471760797342193,0.8349752382980989,0.44779647803945605,0.43888121546961323,0.5806451612903226,0.7172888727799928,0.7833333333333333,0.5056179775280899,0.9004739336492891,0.6818181818181818,0.811965811965812,0.7030459555886894,42,"['dwi_square_ngtdm_Strength', 'dwi_log-sigma-3-mm-3D_firstorder_Skewness', 'dwi_exponential_glcm_Imc1', 'dwi_square_glrlm_GrayLevelNonUniformity', 'dwi_square_firstorder_Skewness', 'dwi_exponential_ngtdm_Strength', 'dwi_log-sigma-3-mm-3D_firstorder_Kurtosis', 'dwi_exponential_glszm_GrayLevelNonUniformityNormalized', 'dwi_wavelet2-LL_firstorder_Skewness', 'dwi_exponential_glszm_GrayLevelVariance', 'dwi_square_ngtdm_Busyness', 'dwi_exponential_glcm_ClusterProminence', 'dwi_exponential_firstorder_Skewness', 'dwi_exponential_gldm_SmallDependenceHighGrayLevelEmphasis', 'dwi_exponential_glrlm_GrayLevelVariance', 'dwi_wavelet2-LL_ngtdm_Strength', 'dwi_exponential_firstorder_Range', 'adc_logarithm_gldm_GrayLevelNonUniformity', 'dwi_square_glcm_MCC', 'adc_wavelet2-LL_ngtdm_Coarseness', 'dwi_exponential_glszm_LargeAreaHighGrayLevelEmphasis', 'dwi_square_firstorder_Kurtosis', 'dwi_wavelet2-LL_glcm_ClusterShade', 'dwi_log-sigma-2-mm-3D_firstorder_Kurtosis', 'dwi_wavelet2-LL_glszm_GrayLevelNonUniformity', 'dwi_wavelet2-LL_firstorder_Kurtosis', 't2_original_shape_SurfaceVolumeRatio', 'dwi_exponential_glszm_SizeZoneNonUniformityNormalized', 'dwi_exponential_gldm_DependenceVariance', 't2_original_glszm_GrayLevelNonUniformity', 't2_logarithm_ngtdm_Coarseness', 'dwi_log-sigma-3-mm-3D_ngtdm_Busyness', 'adc_squareroot_firstorder_TotalEnergy', 'dwi_exponential_glcm_Imc2', 'adc_wavelet2-LL_glcm_Imc1', 'dwi_log-sigma-2-mm-3D_glcm_MCC', 't2_logarithm_glszm_SizeZoneNonUniformity', 't2_original_shape_Maximum2DDiameterRow', 'dwi_log-sigma-0-6-mm-3D_glszm_ZoneVariance', 'dwi_exponential_glszm_ZoneVariance', 'dwi_wavelet2-LH_glcm_Correlation', 'dwi_square_glszm_SmallAreaHighGrayLevelEmphasis']","[0.811965811965812, 0.6818181818181818]","[0.9004739336492891, 0.5056179775280899]","[0.8539325842696629, 0.5806451612903226]","[0.9004739336492891, 0.5056179775280899]",Gradient Boosting
31,7,0.9817743847698411,0.8631239935587761,0.7556546324488909,0.3383882074590786,0.3352272727272728,0.5125,0.6663882488479262,0.7373737373737373,0.4659090909090909,0.8516746411483254,0.5694444444444444,0.7911111111111111,0.6587918660287081,42,"['dwi_square_ngtdm_Strength', 'dwi_log-sigma-3-mm-3D_firstorder_Skewness', 'dwi_exponential_glcm_Imc1', 'dwi_exponential_glszm_GrayLevelNonUniformityNormalized', 'dwi_exponential_ngtdm_Strength', 'dwi_square_ngtdm_Busyness', 'dwi_wavelet2-LL_ngtdm_Strength', 'dwi_exponential_glszm_GrayLevelVariance', 'dwi_log-sigma-3-mm-3D_firstorder_Kurtosis', 'dwi_square_firstorder_Skewness', 'dwi_wavelet2-LL_firstorder_Skewness', 'dwi_exponential_glcm_ClusterProminence', 'dwi_exponential_gldm_SmallDependenceHighGrayLevelEmphasis', 'dwi_square_glrlm_GrayLevelNonUniformity', 'dwi_exponential_glrlm_GrayLevelVariance', 'dwi_exponential_firstorder_Skewness', 'dwi_exponential_firstorder_Maximum', 'dwi_wavelet2-LL_glcm_ClusterShade', 'dwi_square_glcm_MCC', 'dwi_log-sigma-3-mm-3D_ngtdm_Busyness', 'dwi_exponential_glszm_LargeAreaEmphasis', 'adc_wavelet2-LL_ngtdm_Coarseness', 'dwi_exponential_glszm_SizeZoneNonUniformityNormalized', 'adc_logarithm_glrlm_GrayLevelNonUniformity', 'dwi_wavelet2-LH_glcm_Correlation', 'dwi_wavelet2-LL_firstorder_Kurtosis', 'dwi_exponential_gldm_SmallDependenceEmphasis', 'dwi_square_firstorder_Kurtosis', 'dwi_log-sigma-2-mm-3D_firstorder_Kurtosis', 'dwi_log-sigma-2-mm-3D_glcm_MCC', 'dwi_square_glszm_SmallAreaHighGrayLevelEmphasis', 'dwi_exponential_glcm_Imc2', 'dwi_squareroot_glrlm_GrayLevelNonUniformity', 'dwi_wavelet2-LH_glcm_Imc2', 't2_original_shape_SurfaceVolumeRatio', 'dwi_log-sigma-3-mm-3D_glcm_ClusterShade', 'adc_wavelet2-LL_glcm_Imc1', 'dwi_wavelet2-LH_glcm_MCC', 't2_logarithm_ngtdm_Coarseness', 'dwi_log-sigma-0-6-mm-3D_glszm_ZoneVariance', 'dwi_logarithm_gldm_GrayLevelNonUniformity', 'dwi_square_glszm_SizeZoneNonUniformityNormalized']","[0.7911111111111111, 0.5694444444444444]","[0.8516746411483254, 0.4659090909090909]","[0.8202764976958525, 0.5125]","[0.8516746411483254, 0.4659090909090909]",Gradient Boosting
32,7,0.9768187116430465,0.8526645768025078,0.8096254148885728,0.3994784257942153,0.3994784257942152,0.5526315789473685,0.6997392128971076,0.7718120805369127,0.5526315789473685,0.8468468468468469,0.5526315789473685,0.8468468468468469,0.6997392128971076,43,"['dwi_square_ngtdm_Strength', 'dwi_log-sigma-3-mm-3D_firstorder_Skewness', 'dwi_wavelet2-LL_firstorder_Skewness', 'dwi_square_firstorder_Skewness', 'dwi_exponential_glcm_Imc1', 'dwi_exponential_ngtdm_Strength', 'dwi_log-sigma-3-mm-3D_firstorder_Kurtosis', 'dwi_exponential_glszm_GrayLevelNonUniformityNormalized', 'dwi_exponential_firstorder_Skewness', 'dwi_exponential_glszm_GrayLevelVariance', 'dwi_wavelet2-LL_ngtdm_Strength', 'dwi_exponential_glcm_ClusterProminence', 'dwi_square_ngtdm_Busyness', 'dwi_log-sigma-2-mm-3D_firstorder_Kurtosis', 'dwi_square_glrlm_GrayLevelNonUniformity', 'dwi_exponential_glrlm_GrayLevelVariance', 'dwi_exponential_gldm_SmallDependenceHighGrayLevelEmphasis', 'dwi_exponential_firstorder_Maximum', 'dwi_wavelet2-LL_firstorder_Kurtosis', 'dwi_square_firstorder_Kurtosis', 'dwi_wavelet2-LL_glcm_ClusterShade', 'dwi_log-sigma-3-mm-3D_ngtdm_Busyness', 'adc_logarithm_gldm_GrayLevelNonUniformity', 'dwi_exponential_glszm_LargeAreaHighGrayLevelEmphasis', 'dwi_square_glszm_SmallAreaHighGrayLevelEmphasis', 'dwi_log-sigma-2-mm-3D_glcm_MCC', 'dwi_square_glcm_MCC', 'dwi_exponential_gldm_SmallDependenceEmphasis', 'dwi_exponential_glszm_SizeZoneNonUniformityNormalized', 'dwi_square_glszm_SizeZoneNonUniformityNormalized', 'dwi_exponential_glcm_Imc2', 'dwi_log-sigma-3-mm-3D_gldm_LargeDependenceHighGrayLevelEmphasis', 'adc_logarithm_ngtdm_Coarseness', 'dwi_wavelet2-LL_glszm_GrayLevelNonUniformity', 'dwi_wavelet2-LH_glcm_Imc2', 'dwi_wavelet2-LH_glcm_MCC', 'dwi_wavelet2-LH_glcm_Correlation', 'dwi_log-sigma-2-mm-3D_ngtdm_Strength', 'dwi_log-sigma-0-6-mm-3D_glszm_ZoneVariance', 'adc_wavelet2-LL_glcm_Imc1', 't2_original_shape_SurfaceVolumeRatio', 't2_squareroot_glszm_SizeZoneNonUniformity', 'dwi_log-sigma-2-mm-3D_ngtdm_Busyness']","[0.8468468468468469, 0.5526315789473685]","[0.8468468468468469, 0.5526315789473685]","[0.8468468468468469, 0.5526315789473685]","[0.8468468468468469, 0.5526315789473685]",Gradient Boosting
33,7,0.9739789106563853,0.8585209003215434,0.8384563982626128,0.43349436028315175,0.41826683291770583,0.5441176470588235,0.7055352183791972,0.7940199335548173,0.45121951219512196,0.9223744292237442,0.6851851851851852,0.8178137651821862,0.6867969707094331,42,"['dwi_square_ngtdm_Strength', 'dwi_log-sigma-3-mm-3D_firstorder_Skewness', 'dwi_exponential_ngtdm_Strength', 'dwi_wavelet2-LL_firstorder_Skewness', 'dwi_exponential_glszm_GrayLevelNonUniformityNormalized', 'dwi_exponential_glcm_Imc1', 'dwi_square_firstorder_Skewness', 'dwi_exponential_glszm_GrayLevelVariance', 'dwi_log-sigma-3-mm-3D_firstorder_Kurtosis', 'dwi_square_ngtdm_Busyness', 'dwi_exponential_firstorder_Skewness', 'dwi_exponential_firstorder_Maximum', 'dwi_exponential_glcm_ClusterProminence', 'dwi_exponential_glrlm_GrayLevelVariance', 'dwi_exponential_gldm_SmallDependenceHighGrayLevelEmphasis', 'dwi_wavelet2-LL_ngtdm_Strength', 'dwi_log-sigma-2-mm-3D_firstorder_Kurtosis', 'dwi_wavelet2-LL_glcm_ClusterShade', 'dwi_square_glrlm_GrayLevelNonUniformity', 'dwi_square_firstorder_Kurtosis', 'dwi_wavelet2-LL_firstorder_Kurtosis', 'dwi_log-sigma-3-mm-3D_ngtdm_Busyness', 'dwi_exponential_glszm_LargeAreaHighGrayLevelEmphasis', 'dwi_exponential_glszm_SizeZoneNonUniformityNormalized', 'dwi_square_glcm_MCC', 'dwi_square_glszm_SmallAreaHighGrayLevelEmphasis', 'dwi_exponential_gldm_SmallDependenceEmphasis', 'adc_logarithm_gldm_GrayLevelNonUniformity', 'dwi_exponential_glcm_Imc2', 'dwi_log-sigma-3-mm-3D_glcm_MCC', 'dwi_wavelet2-LH_glcm_MCC', 'dwi_wavelet2-LL_glszm_GrayLevelNonUniformity', 'dwi_square_glszm_SizeZoneNonUniformityNormalized', 'dwi_log-sigma-3-mm-3D_gldm_LargeDependenceHighGrayLevelEmphasis', 'dwi_wavelet2-LH_glcm_Imc2', 'adc_wavelet2-LL_ngtdm_Coarseness', 't2_original_glszm_GrayLevelNonUniformity', 'dwi_wavelet2-LH_glcm_Correlation', 'dwi_log-sigma-2-mm-3D_ngtdm_Strength', 'dwi_log-sigma-0-6-mm-3D_glszm_ZoneVariance', 't2_original_shape_SurfaceVolumeRatio', 'dwi_logarithm_gldm_GrayLevelNonUniformity']","[0.8178137651821862, 0.6851851851851852]","[0.9223744292237442, 0.45121951219512196]","[0.8669527896995708, 0.5441176470588235]","[0.9223744292237442, 0.45121951219512196]",Gradient Boosting
34,7,0.9809965237543452,0.8519134775374376,0.7745807127882599,0.3912014061615422,0.3828337874659401,0.5384615384615384,0.6888736263736264,0.7615894039735099,0.4666666666666667,0.8867924528301887,0.6363636363636364,0.7966101694915254,0.6767295597484277,41,"['dwi_square_ngtdm_Strength', 'dwi_exponential_glszm_GrayLevelNonUniformityNormalized', 'dwi_exponential_glcm_Imc1', 'dwi_log-sigma-3-mm-3D_firstorder_Skewness', 'dwi_square_glrlm_GrayLevelNonUniformity', 'dwi_exponential_ngtdm_Strength', 'dwi_exponential_glszm_GrayLevelVariance', 'dwi_square_firstorder_Skewness', 'dwi_exponential_glcm_ClusterProminence', 'dwi_exponential_glrlm_GrayLevelVariance', 'dwi_square_ngtdm_Busyness', 'dwi_exponential_gldm_SmallDependenceHighGrayLevelEmphasis', 'dwi_log-sigma-3-mm-3D_firstorder_Kurtosis', 'dwi_wavelet2-LL_firstorder_Skewness', 'dwi_exponential_firstorder_Maximum', 'dwi_wavelet2-LL_ngtdm_Strength', 'dwi_exponential_glszm_LargeAreaHighGrayLevelEmphasis', 'dwi_exponential_firstorder_Skewness', 'dwi_exponential_glszm_SizeZoneNonUniformityNormalized', 'dwi_wavelet2-LL_glszm_GrayLevelNonUniformity', 'dwi_exponential_gldm_SmallDependenceEmphasis', 'dwi_wavelet2-LL_glcm_ClusterShade', 'dwi_log-sigma-3-mm-3D_ngtdm_Busyness', 'dwi_square_firstorder_Kurtosis', 'dwi_square_glcm_MCC', 'adc_logarithm_gldm_GrayLevelNonUniformity', 'dwi_exponential_glcm_Imc2', 'adc_wavelet2-LL_ngtdm_Coarseness', 'dwi_log-sigma-2-mm-3D_firstorder_Kurtosis', 'dwi_log-sigma-0-6-mm-3D_glszm_ZoneVariance', 'dwi_square_glszm_SmallAreaHighGrayLevelEmphasis', 'dwi_square_glszm_SizeZoneNonUniformityNormalized', 't2_original_shape_SurfaceVolumeRatio', 'dwi_original_firstorder_Kurtosis', 't2_wavelet2-LL_glszm_SizeZoneNonUniformity', 'adc_squareroot_firstorder_TotalEnergy', 'dwi_log-sigma-2-mm-3D_glcm_MCC', 'dwi_exponential_glszm_ZoneVariance', 't2_log-sigma-3-mm-3D_glszm_ZoneEntropy', 'dwi_wavelet2-LH_glcm_Imc2', 'dwi_log-sigma-3-mm-3D_glcm_ClusterShade']","[0.7966101694915254, 0.6363636363636364]","[0.8867924528301887, 0.4666666666666667]","[0.8392857142857143, 0.5384615384615384]","[0.8867924528301887, 0.4666666666666667]",Gradient Boosting
35,7,0.9792806043531103,0.8552412645590682,0.7982275676531098,0.4010100614332302,0.3906024791006054,0.5394736842105263,0.6923032137866791,0.7682119205298014,0.4606741573033708,0.8967136150234741,0.6507936507936508,0.799163179916318,0.6786938861634224,42,"['dwi_square_ngtdm_Strength', 'dwi_log-sigma-3-mm-3D_firstorder_Skewness', 'dwi_exponential_glcm_Imc1', 'dwi_square_firstorder_Skewness', 'dwi_exponential_ngtdm_Strength', 'dwi_log-sigma-3-mm-3D_firstorder_Kurtosis', 'dwi_exponential_glszm_GrayLevelNonUniformityNormalized', 'dwi_wavelet2-LL_firstorder_Skewness', 'dwi_exponential_firstorder_Skewness', 'dwi_wavelet2-LL_ngtdm_Strength', 'dwi_square_ngtdm_Busyness', 'dwi_square_glrlm_GrayLevelNonUniformity', 'dwi_exponential_glcm_ClusterProminence', 'dwi_exponential_glrlm_GrayLevelVariance', 'dwi_wavelet2-LL_glcm_ClusterShade', 'dwi_log-sigma-2-mm-3D_firstorder_Kurtosis', 'dwi_exponential_gldm_SmallDependenceHighGrayLevelEmphasis', 'dwi_exponential_firstorder_Maximum', 'dwi_log-sigma-3-mm-3D_ngtdm_Busyness', 'dwi_square_firstorder_Kurtosis', 'dwi_wavelet2-LL_firstorder_Kurtosis', 'dwi_square_glszm_SmallAreaHighGrayLevelEmphasis', 'dwi_log-sigma-2-mm-3D_glcm_MCC', 'dwi_square_glcm_MCC', 'dwi_exponential_glszm_SizeZoneNonUniformityNormalized', 'dwi_log-sigma-3-mm-3D_gldm_LargeDependenceHighGrayLevelEmphasis', 'dwi_wavelet2-LH_glcm_MCC', 'adc_logarithm_gldm_GrayLevelNonUniformity', 'dwi_wavelet2-LL_glszm_GrayLevelNonUniformity', 'dwi_wavelet2-LH_glcm_Imc2', 'dwi_square_glszm_SizeZoneNonUniformityNormalized', 'dwi_log-sigma-2-mm-3D_ngtdm_Strength', 'dwi_square_glcm_ClusterShade', 'dwi_wavelet2-LH_glcm_Correlation', 'dwi_exponential_glszm_LargeAreaLowGrayLevelEmphasis', 'dwi_square_firstorder_Range', 'dwi_log-sigma-0-6-mm-3D_firstorder_Skewness', 'dwi_exponential_gldm_SmallDependenceEmphasis', 'adc_wavelet2-LL_ngtdm_Coarseness', 'dwi_exponential_glcm_Imc2', 't2_squareroot_glszm_SizeZoneNonUniformity', 'dwi_log-sigma-2-mm-3D_ngtdm_Busyness']","[0.799163179916318, 0.6507936507936508]","[0.8967136150234741, 0.4606741573033708]","[0.8451327433628318, 0.5394736842105263]","[0.8967136150234741, 0.4606741573033708]",Gradient Boosting
36,8,0.9788312502950877,0.8634920634920635,0.7611194983161074,0.41458976217166943,0.41005586592178767,0.5492957746478874,0.7038514271469525,0.7845117845117845,0.4936708860759494,0.8899082568807339,0.6190476190476191,0.8290598290598291,0.6917895714783416,43,"['dwi_square_ngtdm_Strength', 'dwi_exponential_glcm_Imc1', 'dwi_log-sigma-3-mm-3D_firstorder_Skewness', 'dwi_exponential_ngtdm_Strength', 'dwi_exponential_glszm_GrayLevelNonUniformityNormalized', 'dwi_square_firstorder_Skewness', 'dwi_exponential_glszm_GrayLevelVariance', 'dwi_log-sigma-3-mm-3D_firstorder_Kurtosis', 'dwi_exponential_firstorder_Skewness', 'dwi_wavelet2-LL_firstorder_Skewness', 'dwi_exponential_glcm_ClusterProminence', 'dwi_wavelet2-LL_ngtdm_Strength', 'dwi_exponential_glrlm_GrayLevelVariance', 'dwi_square_ngtdm_Busyness', 'dwi_exponential_firstorder_Maximum', 'dwi_exponential_gldm_SmallDependenceHighGrayLevelEmphasis', 'dwi_square_glrlm_GrayLevelNonUniformity', 'dwi_square_firstorder_Kurtosis', 'dwi_log-sigma-2-mm-3D_firstorder_Kurtosis', 'dwi_square_glcm_MCC', 'dwi_log-sigma-3-mm-3D_ngtdm_Busyness', 'dwi_wavelet2-LL_glcm_ClusterShade', 'dwi_original_firstorder_Kurtosis', 'dwi_exponential_glszm_SizeZoneNonUniformityNormalized', 'dwi_wavelet2-LH_glcm_Correlation', 'dwi_square_glszm_SmallAreaHighGrayLevelEmphasis', 'dwi_log-sigma-2-mm-3D_glcm_MCC', 'dwi_exponential_glszm_LargeAreaHighGrayLevelEmphasis', 'dwi_wavelet2-LH_glcm_Imc2', 'dwi_exponential_glcm_Imc2', 'dwi_exponential_gldm_SmallDependenceEmphasis', 'adc_logarithm_gldm_GrayLevelNonUniformity', 'dwi_wavelet2-LH_glcm_MCC', 'dwi_square_glszm_SizeZoneNonUniformityNormalized', 'dwi_log-sigma-3-mm-3D_gldm_LargeDependenceHighGrayLevelEmphasis', 'dwi_log-sigma-3-mm-3D_glcm_ClusterShade', 'dwi_wavelet2-LL_glszm_GrayLevelNonUniformity', 'adc_wavelet2-LL_ngtdm_Coarseness', 'dwi_log-sigma-2-mm-3D_ngtdm_Strength', 'dwi_log-sigma-0-6-mm-3D_glszm_ZoneVariance', 'dwi_log-sigma-0-6-mm-3D_firstorder_Skewness', 'dwi_log-sigma-2-mm-3D_ngtdm_Busyness', 'dwi_log-sigma-3-mm-3D_glcm_JointAverage']","[0.8290598290598291, 0.6190476190476191]","[0.8899082568807339, 0.4936708860759494]","[0.8584070796460177, 0.5492957746478874]","[0.8899082568807339, 0.4936708860759494]",Gradient Boosting
37,8,0.9747636464012145,0.8379705400981997,0.8587209302325581,0.46495411947707527,0.45728257470218625,0.5935483870967742,0.7269294041914026,0.7920792079207921,0.5227272727272727,0.9023255813953488,0.6865671641791045,0.8220338983050848,0.7125264270613108,42,"['dwi_square_ngtdm_Strength', 'dwi_log-sigma-3-mm-3D_firstorder_Skewness', 'dwi_exponential_glcm_Imc1', 'dwi_wavelet2-LL_firstorder_Skewness', 'dwi_exponential_glszm_GrayLevelNonUniformityNormalized', 'dwi_square_ngtdm_Busyness', 'dwi_exponential_ngtdm_Strength', 'dwi_square_firstorder_Skewness', 'dwi_log-sigma-3-mm-3D_firstorder_Kurtosis', 'dwi_square_glrlm_GrayLevelNonUniformity', 'dwi_exponential_glcm_ClusterProminence', 'dwi_exponential_glrlm_GrayLevelVariance', 'dwi_exponential_gldm_SmallDependenceHighGrayLevelEmphasis', 'dwi_exponential_firstorder_Skewness', 'dwi_wavelet2-LL_glcm_ClusterShade', 'dwi_exponential_firstorder_Maximum', 'dwi_log-sigma-3-mm-3D_ngtdm_Strength', 'dwi_log-sigma-2-mm-3D_firstorder_Kurtosis', 'dwi_log-sigma-3-mm-3D_ngtdm_Busyness', 'dwi_square_glszm_GrayLevelVariance', 'dwi_wavelet2-LL_firstorder_Kurtosis', 'dwi_wavelet2-LL_glszm_GrayLevelNonUniformity', 'dwi_exponential_glszm_LargeAreaHighGrayLevelEmphasis', 'dwi_square_firstorder_Kurtosis', 'dwi_square_glcm_MCC', 'adc_logarithm_ngtdm_Coarseness', 'adc_logarithm_gldm_GrayLevelNonUniformity', 'dwi_log-sigma-2-mm-3D_glcm_MCC', 'dwi_exponential_glszm_SizeZoneNonUniformityNormalized', 'dwi_exponential_gldm_SmallDependenceEmphasis', 't2_original_glszm_GrayLevelNonUniformity', 'dwi_square_glszm_SizeZoneNonUniformityNormalized', 'dwi_exponential_glcm_Imc2', 't2_original_shape_SurfaceVolumeRatio', 'dwi_log-sigma-3-mm-3D_glcm_ClusterShade', 'dwi_log-sigma-0-6-mm-3D_glszm_ZoneVariance', 'dwi_log-sigma-3-mm-3D_gldm_LargeDependenceHighGrayLevelEmphasis', 'dwi_square_firstorder_Maximum', 'dwi_wavelet2-LH_glcm_Imc2', 'dwi_wavelet2-LH_glcm_MCC', 'dwi_wavelet2-LH_glcm_Correlation', 't2_logarithm_ngtdm_Coarseness']","[0.8220338983050848, 0.6865671641791045]","[0.9023255813953488, 0.5227272727272727]","[0.8603104212860311, 0.5935483870967742]","[0.9023255813953488, 0.5227272727272727]",Gradient Boosting
38,8,0.9766965864273086,0.8461538461538461,0.8200616419165032,0.42998426037099524,0.4229349470499243,0.5616438356164384,0.7097108066971081,0.785234899328859,0.4939759036144578,0.8976744186046511,0.6507936507936508,0.8212765957446808,0.6958251611095545,42,"['dwi_square_ngtdm_Strength', 'dwi_log-sigma-3-mm-3D_firstorder_Skewness', 'dwi_exponential_ngtdm_Strength', 'dwi_exponential_glcm_Imc1', 'dwi_exponential_glszm_GrayLevelNonUniformityNormalized', 'dwi_log-sigma-3-mm-3D_firstorder_Kurtosis', 'dwi_square_firstorder_Skewness', 'dwi_wavelet2-LL_firstorder_Skewness', 'dwi_square_glrlm_GrayLevelNonUniformity', 'dwi_exponential_glszm_GrayLevelVariance', 'dwi_square_ngtdm_Busyness', 'dwi_exponential_firstorder_Skewness', 'dwi_wavelet2-LL_ngtdm_Strength', 'dwi_exponential_glcm_ClusterProminence', 'dwi_exponential_glrlm_GrayLevelVariance', 'dwi_exponential_gldm_SmallDependenceHighGrayLevelEmphasis', 'dwi_exponential_firstorder_Maximum', 'adc_logarithm_gldm_GrayLevelNonUniformity', 'dwi_wavelet2-LL_glcm_ClusterShade', 'dwi_log-sigma-3-mm-3D_ngtdm_Busyness', 'dwi_square_firstorder_Kurtosis', 'dwi_log-sigma-2-mm-3D_firstorder_Kurtosis', 'dwi_wavelet2-LL_glszm_GrayLevelNonUniformity', 'adc_wavelet2-LL_ngtdm_Coarseness', 't2_original_shape_SurfaceVolumeRatio', 'dwi_exponential_glszm_LargeAreaHighGrayLevelEmphasis', 'dwi_square_glcm_MCC', 't2_squareroot_glszm_SizeZoneNonUniformity', 'dwi_wavelet2-LL_firstorder_Kurtosis', 'dwi_exponential_glszm_SizeZoneNonUniformityNormalized', 'dwi_exponential_gldm_SmallDependenceEmphasis', 'dwi_square_glszm_SmallAreaHighGrayLevelEmphasis', 'dwi_exponential_glcm_Imc2', 'dwi_log-sigma-2-mm-3D_glcm_MCC', 'adc_wavelet2-LL_glcm_Imc1', 'dwi_log-sigma-0-6-mm-3D_glszm_ZoneVariance', 't2_log-sigma-2-mm-3D_glrlm_RunLengthNonUniformity', 't2_logarithm_ngtdm_Coarseness', 't2_log-sigma-3-mm-3D_glszm_ZoneEntropy', 'dwi_wavelet2-LH_glcm_Imc2', 'dwi_square_glszm_SizeZoneNonUniformityNormalized', 't2_wavelet-HL_glszm_GrayLevelNonUniformity']","[0.8212765957446808, 0.6507936507936508]","[0.8976744186046511, 0.4939759036144578]","[0.8577777777777778, 0.5616438356164384]","[0.8976744186046511, 0.4939759036144578]",Gradient Boosting
39,8,0.9794449304613181,0.8566775244299675,0.754416773094934,0.37726762674565417,0.3643294034216824,0.5103448275862069,0.6781659062009125,0.7656765676567657,0.42528735632183906,0.9027777777777778,0.6379310344827587,0.7959183673469388,0.6640325670498084,42,"['dwi_square_ngtdm_Strength', 'dwi_log-sigma-3-mm-3D_firstorder_Skewness', 'dwi_exponential_glcm_Imc1', 'dwi_exponential_ngtdm_Strength', 'dwi_square_firstorder_Skewness', 'dwi_exponential_glszm_GrayLevelNonUniformityNormalized', 'dwi_log-sigma-3-mm-3D_firstorder_Kurtosis', 'dwi_wavelet2-LL_firstorder_Skewness', 'dwi_exponential_glszm_GrayLevelVariance', 'dwi_exponential_firstorder_Skewness', 'dwi_exponential_glcm_ClusterProminence', 'dwi_exponential_glrlm_GrayLevelVariance', 'dwi_wavelet2-LL_ngtdm_Strength', 'dwi_log-sigma-2-mm-3D_firstorder_Kurtosis', 'dwi_exponential_gldm_SmallDependenceHighGrayLevelEmphasis', 'dwi_exponential_firstorder_Range', 'dwi_square_firstorder_Kurtosis', 'dwi_wavelet2-LL_firstorder_Kurtosis', 'dwi_square_ngtdm_Busyness', 'dwi_square_glrlm_GrayLevelNonUniformity', 'dwi_wavelet2-LL_glcm_ClusterShade', 'dwi_log-sigma-3-mm-3D_ngtdm_Busyness', 'dwi_square_glszm_SmallAreaHighGrayLevelEmphasis', 'dwi_exponential_glszm_SizeZoneNonUniformityNormalized', 'dwi_exponential_glszm_LargeAreaEmphasis', 'dwi_log-sigma-3-mm-3D_glrlm_LongRunHighGrayLevelEmphasis', 'dwi_wavelet2-LH_glcm_MCC', 'dwi_square_glcm_MCC', 'adc_logarithm_gldm_GrayLevelNonUniformity', 'dwi_square_glszm_SizeZoneNonUniformityNormalized', 'dwi_log-sigma-2-mm-3D_glcm_MCC', 'dwi_exponential_gldm_SmallDependenceEmphasis', 'dwi_exponential_glcm_Imc2', 'dwi_wavelet2-LH_glcm_Imc2', 'dwi_log-sigma-3-mm-3D_glrlm_GrayLevelNonUniformity', 'dwi_wavelet2-LH_glcm_Correlation', 'adc_original_ngtdm_Coarseness', 'dwi_log-sigma-2-mm-3D_ngtdm_Strength', 'dwi_log-sigma-0-6-mm-3D_firstorder_Skewness', 'dwi_log-sigma-3-mm-3D_glcm_JointAverage', 'dwi_log-sigma-3-mm-3D_gldm_LowGrayLevelEmphasis', 'dwi_log-sigma-0-6-mm-3D_glszm_LargeAreaEmphasis']","[0.7959183673469388, 0.6379310344827587]","[0.9027777777777778, 0.42528735632183906]","[0.8459869848156182, 0.5103448275862069]","[0.9027777777777778, 0.42528735632183906]",Gradient Boosting
40,8,0.9834047697549181,0.8538587848932676,0.7773588970271434,0.41715266127311645,0.40946848678478076,0.5584415584415584,0.7026442026442026,0.7725752508361204,0.48863636363636365,0.8909952606635071,0.6515151515151515,0.8068669527896996,0.6898158121499354,42,"['dwi_square_ngtdm_Strength', 'dwi_log-sigma-3-mm-3D_firstorder_Skewness', 'dwi_exponential_glszm_GrayLevelNonUniformityNormalized', 'dwi_exponential_glcm_Imc1', 'dwi_square_ngtdm_Busyness', 'dwi_wavelet2-LL_firstorder_Skewness', 'dwi_exponential_ngtdm_Strength', 'dwi_square_glrlm_GrayLevelNonUniformity', 'dwi_square_firstorder_Skewness', 'dwi_log-sigma-3-mm-3D_firstorder_Kurtosis', 'dwi_wavelet2-LL_ngtdm_Strength', 'dwi_exponential_glszm_GrayLevelVariance', 'dwi_exponential_gldm_SmallDependenceHighGrayLevelEmphasis', 'dwi_exponential_glcm_ClusterProminence', 'dwi_exponential_glrlm_GrayLevelVariance', 'dwi_wavelet2-LL_glcm_ClusterShade', 'dwi_exponential_firstorder_Skewness', 'dwi_exponential_firstorder_Range', 'dwi_exponential_glszm_LargeAreaHighGrayLevelEmphasis', 'dwi_log-sigma-3-mm-3D_ngtdm_Busyness', 'dwi_square_glcm_MCC', 'dwi_exponential_glszm_SizeZoneNonUniformityNormalized', 'dwi_log-sigma-2-mm-3D_firstorder_Kurtosis', 'dwi_wavelet2-LL_glszm_GrayLevelNonUniformity', 'dwi_exponential_gldm_SmallDependenceEmphasis', 'adc_logarithm_gldm_GrayLevelNonUniformity', 'dwi_wavelet2-LL_firstorder_Kurtosis', 'dwi_square_firstorder_Kurtosis', 'adc_wavelet2-LL_ngtdm_Coarseness', 'dwi_log-sigma-2-mm-3D_glcm_MCC', 'dwi_square_glszm_SmallAreaHighGrayLevelEmphasis', 'dwi_exponential_glcm_Imc2', 'dwi_log-sigma-0-6-mm-3D_glszm_ZoneVariance', 'dwi_square_glszm_SizeZoneNonUniformityNormalized', 't2_original_glszm_GrayLevelNonUniformity', 't2_original_shape_SurfaceVolumeRatio', 'dwi_wavelet2-LH_glcm_Imc2', 'dwi_logarithm_gldm_GrayLevelNonUniformity', 'dwi_wavelet2-LH_glcm_Correlation', 'dwi_exponential_glszm_ZoneVariance', 'adc_squareroot_firstorder_TotalEnergy', 'dwi_log-sigma-2-mm-3D_ngtdm_Strength']","[0.8068669527896996, 0.6515151515151515]","[0.8909952606635071, 0.48863636363636365]","[0.8468468468468469, 0.5584415584415584]","[0.8909952606635071, 0.48863636363636365]",Gradient Boosting
41,9,0.9808476849237718,0.8692699490662139,0.769429922827981,0.37053695494317557,0.35640624156363043,0.5348837209302325,0.6731022378236069,0.7315436241610739,0.44660194174757284,0.882051282051282,0.6666666666666666,0.7510917030567685,0.6643266118994274,40,"['dwi_square_ngtdm_Strength', 'dwi_log-sigma-3-mm-3D_firstorder_Skewness', 'dwi_exponential_glcm_Imc1', 'dwi_wavelet2-LL_firstorder_Skewness', 'dwi_exponential_glszm_GrayLevelNonUniformityNormalized', 'dwi_square_glrlm_GrayLevelNonUniformity', 'dwi_square_firstorder_Skewness', 'dwi_exponential_ngtdm_Strength', 'dwi_square_ngtdm_Busyness', 'dwi_log-sigma-3-mm-3D_firstorder_Kurtosis', 'dwi_wavelet2-LL_ngtdm_Strength', 'dwi_exponential_firstorder_Skewness', 'dwi_exponential_glcm_ClusterProminence', 'dwi_exponential_gldm_SmallDependenceHighGrayLevelEmphasis', 'dwi_exponential_glrlm_GrayLevelVariance', 'dwi_exponential_firstorder_Range', 'dwi_wavelet2-LL_glcm_ClusterShade', 'dwi_exponential_glszm_LargeAreaHighGrayLevelEmphasis', 'dwi_square_firstorder_Kurtosis', 'adc_logarithm_gldm_GrayLevelNonUniformity', 'adc_wavelet2-LL_ngtdm_Coarseness', 'dwi_log-sigma-3-mm-3D_glrlm_GrayLevelNonUniformity', 'dwi_exponential_gldm_DependenceVariance', 'dwi_log-sigma-3-mm-3D_ngtdm_Busyness', 'dwi_log-sigma-2-mm-3D_firstorder_Kurtosis', 'dwi_exponential_glszm_SizeZoneNonUniformityNormalized', 'dwi_original_firstorder_Kurtosis', 'dwi_exponential_glcm_Imc2', 't2_wavelet2-HL_glszm_GrayLevelNonUniformity', 'dwi_log-sigma-2-mm-3D_glcm_MCC', 't2_original_shape_SurfaceVolumeRatio', 'dwi_square_glcm_MCC', 'dwi_square_glszm_SmallAreaHighGrayLevelEmphasis', 'adc_squareroot_firstorder_TotalEnergy', 'dwi_square_glszm_SizeZoneNonUniformityNormalized', 't2_log-sigma-3-mm-3D_glszm_ZoneEntropy', 't2_log-sigma-2-mm-3D_glrlm_RunLengthNonUniformity', 'dwi_exponential_glcm_JointAverage', 'dwi_wavelet2-LH_glcm_MCC', 'dwi_log-sigma-0-6-mm-3D_glszm_LargeAreaEmphasis']","[0.7510917030567685, 0.6666666666666666]","[0.882051282051282, 0.44660194174757284]","[0.8113207547169812, 0.5348837209302325]","[0.882051282051282, 0.44660194174757284]",Gradient Boosting
42,9,0.9807147482596729,0.8657187993680885,0.80624308426999,0.4079985176032804,0.40129244804865694,0.5333333333333333,0.6989247311827957,0.79,0.4675324675324675,0.9013452914798207,0.6206896551724138,0.8305785123966942,0.6844388795061441,43,"['dwi_square_ngtdm_Strength', 'dwi_exponential_glcm_Imc1', 'dwi_log-sigma-3-mm-3D_firstorder_Skewness', 'dwi_exponential_ngtdm_Strength', 'dwi_exponential_glszm_GrayLevelNonUniformityNormalized', 'dwi_exponential_glszm_GrayLevelVariance', 'dwi_log-sigma-3-mm-3D_firstorder_Kurtosis', 'dwi_wavelet2-LL_firstorder_Skewness', 'dwi_square_firstorder_Skewness', 'dwi_exponential_glcm_ClusterProminence', 'dwi_exponential_glrlm_GrayLevelVariance', 'dwi_exponential_gldm_SmallDependenceHighGrayLevelEmphasis', 'dwi_exponential_firstorder_Maximum', 'dwi_wavelet2-LL_ngtdm_Strength', 'dwi_exponential_firstorder_Skewness', 'dwi_square_glrlm_GrayLevelNonUniformity', 'dwi_square_ngtdm_Busyness', 'dwi_wavelet2-LL_firstorder_Kurtosis', 'dwi_log-sigma-2-mm-3D_firstorder_Kurtosis', 'dwi_exponential_glszm_LargeAreaEmphasis', 'dwi_wavelet2-LL_glcm_ClusterShade', 'dwi_square_glcm_MCC', 'dwi_exponential_glszm_SizeZoneNonUniformityNormalized', 'dwi_square_firstorder_Kurtosis', 'dwi_log-sigma-3-mm-3D_ngtdm_Busyness', 'adc_logarithm_gldm_GrayLevelNonUniformity', 'dwi_exponential_gldm_SmallDependenceEmphasis', 'dwi_exponential_glcm_Imc2', 'dwi_square_glszm_SmallAreaHighGrayLevelEmphasis', 'dwi_wavelet2-LL_glszm_GrayLevelNonUniformity', 'dwi_log-sigma-2-mm-3D_glcm_MCC', 'adc_logarithm_ngtdm_Coarseness', 'dwi_wavelet2-LH_glcm_Correlation', 'dwi_square_glszm_SizeZoneNonUniformityNormalized', 'dwi_log-sigma-0-6-mm-3D_glszm_ZoneVariance', 'dwi_log-sigma-3-mm-3D_gldm_LargeDependenceHighGrayLevelEmphasis', 'dwi_wavelet2-LH_glcm_Imc2', 't2_original_shape_SurfaceVolumeRatio', 't2_original_glszm_GrayLevelNonUniformity', 'dwi_log-sigma-3-mm-3D_ngtdm_Coarseness', 'dwi_wavelet2-LH_glcm_MCC', 'dwi_log-sigma-2-mm-3D_ngtdm_Strength', 't2_logarithm_ngtdm_Coarseness']","[0.8305785123966942, 0.6206896551724138]","[0.9013452914798207, 0.4675324675324675]","[0.864516129032258, 0.5333333333333333]","[0.9013452914798207, 0.4675324675324675]",Gradient Boosting
43,9,0.9724988178301825,0.8525641025641025,0.8069478630566123,0.4194428262267858,0.4090125584831322,0.5428571428571428,0.7018633540372671,0.7866666666666666,0.4634146341463415,0.908256880733945,0.6551724137931034,0.8181818181818182,0.6858357574401432,42,"['dwi_square_ngtdm_Strength', 'dwi_log-sigma-3-mm-3D_firstorder_Skewness', 'dwi_exponential_ngtdm_Strength', 'dwi_exponential_glszm_GrayLevelNonUniformityNormalized', 'dwi_square_ngtdm_Busyness', 'dwi_exponential_glcm_Imc1', 'dwi_wavelet2-LL_ngtdm_Strength', 'dwi_log-sigma-3-mm-3D_firstorder_Kurtosis', 'dwi_square_firstorder_Skewness', 'dwi_wavelet2-LL_firstorder_Skewness', 'dwi_square_glrlm_GrayLevelNonUniformity', 'dwi_exponential_glszm_GrayLevelVariance', 'dwi_exponential_glcm_ClusterProminence', 'dwi_exponential_gldm_SmallDependenceHighGrayLevelEmphasis', 'dwi_exponential_glrlm_GrayLevelVariance', 'dwi_exponential_firstorder_Skewness', 'dwi_wavelet2-LL_glcm_ClusterShade', 'dwi_exponential_firstorder_Maximum', 'dwi_log-sigma-3-mm-3D_ngtdm_Busyness', 'dwi_log-sigma-2-mm-3D_firstorder_Kurtosis', 'dwi_square_glcm_MCC', 'adc_logarithm_gldm_GrayLevelNonUniformity', 'dwi_exponential_glszm_LargeAreaHighGrayLevelEmphasis', 'dwi_log-sigma-2-mm-3D_glcm_MCC', 'dwi_wavelet2-LH_glcm_Imc2', 'dwi_wavelet2-LH_glcm_Correlation', 'dwi_wavelet2-LL_glszm_GrayLevelNonUniformity', 'dwi_square_glszm_SmallAreaHighGrayLevelEmphasis', 'dwi_square_firstorder_Kurtosis', 'dwi_exponential_glszm_SizeZoneNonUniformityNormalized', 'dwi_wavelet2-LH_glcm_MCC', 'dwi_log-sigma-3-mm-3D_glcm_ClusterShade', 'dwi_exponential_gldm_SmallDependenceEmphasis', 'adc_original_ngtdm_Coarseness', 'dwi_wavelet2-LL_firstorder_Kurtosis', 'dwi_log-sigma-0-6-mm-3D_glszm_ZoneVariance', 'dwi_square_glszm_SizeZoneNonUniformityNormalized', 'dwi_exponential_glcm_Imc2', 'dwi_log-sigma-2-mm-3D_ngtdm_Strength', 't2_original_glszm_GrayLevelNonUniformity', 'dwi_log-sigma-3-mm-3D_gldm_LargeDependenceHighGrayLevelEmphasis', 'dwi_wavelet-LH_glcm_Imc1']","[0.8181818181818182, 0.6551724137931034]","[0.908256880733945, 0.4634146341463415]","[0.8608695652173913, 0.5428571428571428]","[0.908256880733945, 0.4634146341463415]",Gradient Boosting
44,9,0.9710071456160679,0.8580750407830342,0.8177867288530846,0.41596264209005007,0.4091827155577048,0.5605095541401274,0.7027266871824233,0.770764119601329,0.4943820224719101,0.8867924528301887,0.6470588235294118,0.8068669527896996,0.6905872376510493,42,"['dwi_square_ngtdm_Strength', 'dwi_log-sigma-3-mm-3D_firstorder_Skewness', 'dwi_square_firstorder_Skewness', 'dwi_exponential_ngtdm_Strength', 'dwi_log-sigma-3-mm-3D_firstorder_Kurtosis', 'dwi_exponential_glcm_Imc1', 'dwi_exponential_glszm_GrayLevelNonUniformityNormalized', 'dwi_exponential_glszm_GrayLevelVariance', 'dwi_original_firstorder_Skewness', 'dwi_exponential_firstorder_Skewness', 'dwi_square_glrlm_GrayLevelNonUniformity', 'dwi_square_ngtdm_Busyness', 'dwi_wavelet2-LL_firstorder_Kurtosis', 'dwi_wavelet2-LL_ngtdm_Strength', 'dwi_square_firstorder_Kurtosis', 'dwi_exponential_glrlm_GrayLevelVariance', 'dwi_exponential_glcm_ClusterProminence', 'dwi_exponential_gldm_SmallDependenceHighGrayLevelEmphasis', 'dwi_exponential_firstorder_Maximum', 'dwi_log-sigma-2-mm-3D_firstorder_Kurtosis', 'dwi_wavelet2-LL_glcm_ClusterShade', 'dwi_log-sigma-3-mm-3D_ngtdm_Busyness', 'adc_logarithm_gldm_GrayLevelNonUniformity', 'dwi_exponential_glszm_SizeZoneNonUniformityNormalized', 'dwi_square_glcm_MCC', 'adc_wavelet2-LL_ngtdm_Coarseness', 'dwi_wavelet2-LL_glszm_GrayLevelNonUniformity', 'dwi_square_glszm_SmallAreaHighGrayLevelEmphasis', 'dwi_exponential_glszm_LargeAreaHighGrayLevelEmphasis', 'dwi_square_glszm_SizeZoneNonUniformityNormalized', 'dwi_exponential_gldm_SmallDependenceEmphasis', 'dwi_log-sigma-2-mm-3D_glcm_MCC', 'dwi_log-sigma-3-mm-3D_glcm_ClusterShade', 'dwi_logarithm_gldm_GrayLevelNonUniformity', 't2_original_shape_SurfaceVolumeRatio', 't2_squareroot_glszm_SizeZoneNonUniformity', 'dwi_log-sigma-2-mm-3D_ngtdm_Strength', 'dwi_log-sigma-0-6-mm-3D_glszm_ZoneVariance', 'dwi_log-sigma-3-mm-3D_glrlm_LongRunHighGrayLevelEmphasis', 'dwi_exponential_glcm_Imc2', 'adc_wavelet2-LL_glcm_Imc1', 'dwi_wavelet2-LH_glcm_Imc2']","[0.8068669527896996, 0.6470588235294118]","[0.8867924528301887, 0.4943820224719101]","[0.8449438202247191, 0.5605095541401274]","[0.8867924528301887, 0.4943820224719101]",Gradient Boosting
45,9,0.9769560017201526,0.853125,0.7772949160614359,0.3900574608675068,0.3895230920785768,0.5454545454545454,0.6946022727272727,0.7674418604651163,0.5675675675675675,0.8325991189427313,0.525,0.8552036199095022,0.7000833432551494,43,"['dwi_square_ngtdm_Strength', 'dwi_log-sigma-3-mm-3D_firstorder_Skewness', 'dwi_exponential_glcm_Imc1', 'dwi_exponential_ngtdm_Strength', 'dwi_exponential_glszm_GrayLevelNonUniformityNormalized', 'dwi_square_firstorder_Skewness', 'dwi_exponential_glszm_GrayLevelVariance', 'dwi_log-sigma-3-mm-3D_firstorder_Kurtosis', 'dwi_wavelet2-LL_firstorder_Skewness', 'dwi_exponential_firstorder_Skewness', 'dwi_wavelet2-LL_ngtdm_Strength', 'dwi_exponential_glcm_ClusterProminence', 'dwi_square_ngtdm_Busyness', 'dwi_exponential_glrlm_GrayLevelVariance', 'dwi_exponential_firstorder_Maximum', 'dwi_exponential_gldm_SmallDependenceHighGrayLevelEmphasis', 'dwi_wavelet2-LL_glcm_ClusterShade', 'dwi_log-sigma-3-mm-3D_ngtdm_Busyness', 'dwi_log-sigma-2-mm-3D_firstorder_Kurtosis', 'dwi_square_firstorder_Kurtosis', 'dwi_square_glrlm_GrayLevelNonUniformity', 'dwi_square_glszm_SmallAreaHighGrayLevelEmphasis', 'dwi_square_glcm_MCC', 'dwi_wavelet2-LL_firstorder_Kurtosis', 'dwi_exponential_glszm_SizeZoneNonUniformityNormalized', 'dwi_square_glcm_ClusterShade', 'dwi_square_glszm_SizeZoneNonUniformityNormalized', 'dwi_log-sigma-3-mm-3D_gldm_LargeDependenceHighGrayLevelEmphasis', 'dwi_exponential_glcm_Imc2', 'dwi_exponential_glszm_LargeAreaEmphasis', 'dwi_exponential_gldm_SmallDependenceEmphasis', 'dwi_log-sigma-2-mm-3D_glcm_MCC', 'dwi_wavelet2-LH_glcm_Imc2', 'dwi_wavelet2-LH_glcm_MCC', 'dwi_log-sigma-2-mm-3D_ngtdm_Strength', 'dwi_wavelet2-LH_glcm_Correlation', 'adc_logarithm_gldm_GrayLevelNonUniformity', 'dwi_wavelet2-LL_glszm_GrayLevelNonUniformity', 'dwi_log-sigma-2-mm-3D_ngtdm_Busyness', 'dwi_log-sigma-3-mm-3D_glcm_JointAverage', 'dwi_log-sigma-3-mm-3D_gldm_LowGrayLevelEmphasis', 'adc_wavelet2-LL_ngtdm_Coarseness', 'dwi_log-sigma-3-mm-3D_glrlm_ShortRunLowGrayLevelEmphasis']","[0.8552036199095022, 0.525]","[0.8325991189427313, 0.5675675675675675]","[0.84375, 0.5454545454545454]","[0.8325991189427313, 0.5675675675675675]",Gradient Boosting
46,10,0.9795454545454545,0.8539325842696629,0.770615342911358,0.38228023020513663,0.3794874721762457,0.5384615384615384,0.6888736263736264,0.7615894039735099,0.49411764705882355,0.8663594470046083,0.5915492957746479,0.8138528138528138,0.6802385470317159,42,"['dwi_square_ngtdm_Strength', 'dwi_log-sigma-3-mm-3D_firstorder_Skewness', 'dwi_wavelet2-LL_firstorder_Skewness', 'dwi_exponential_glcm_Imc1', 'dwi_exponential_ngtdm_Strength', 'dwi_exponential_glszm_GrayLevelNonUniformityNormalized', 'dwi_log-sigma-3-mm-3D_firstorder_Kurtosis', 'dwi_square_ngtdm_Busyness', 'dwi_exponential_glszm_GrayLevelVariance', 'dwi_square_firstorder_Skewness', 'dwi_wavelet2-LL_ngtdm_Strength', 'dwi_square_glrlm_GrayLevelNonUniformity', 'dwi_exponential_glcm_ClusterProminence', 'dwi_exponential_firstorder_Skewness', 'dwi_exponential_glrlm_GrayLevelVariance', 'dwi_exponential_gldm_SmallDependenceHighGrayLevelEmphasis', 'dwi_wavelet2-LL_glcm_ClusterShade', 'dwi_exponential_firstorder_Maximum', 'dwi_wavelet2-LL_firstorder_Kurtosis', 'dwi_log-sigma-3-mm-3D_ngtdm_Busyness', 'dwi_log-sigma-2-mm-3D_firstorder_Kurtosis', 'dwi_wavelet2-LL_glszm_GrayLevelNonUniformity', 'dwi_exponential_glszm_LargeAreaHighGrayLevelEmphasis', 'dwi_exponential_glszm_SizeZoneNonUniformityNormalized', 'adc_logarithm_gldm_GrayLevelNonUniformity', 'dwi_square_firstorder_Kurtosis', 'dwi_square_glcm_MCC', 'dwi_exponential_gldm_SmallDependenceEmphasis', 'dwi_square_glszm_SmallAreaHighGrayLevelEmphasis', 'adc_logarithm_ngtdm_Coarseness', 'dwi_exponential_glcm_Imc2', 'dwi_log-sigma-2-mm-3D_glcm_MCC', 'dwi_log-sigma-0-6-mm-3D_glszm_ZoneVariance', 'dwi_log-sigma-3-mm-3D_gldm_LargeDependenceHighGrayLevelEmphasis', 't2_original_glszm_GrayLevelNonUniformity', 'dwi_wavelet2-LH_glcm_Imc2', 'dwi_wavelet2-LH_glcm_Correlation', 'dwi_log-sigma-2-mm-3D_ngtdm_Strength', 'dwi_logarithm_ngtdm_Coarseness', 'dwi_square_glszm_SizeZoneNonUniformityNormalized', 't2_log-sigma-3-mm-3D_glszm_ZoneEntropy', 't2_original_shape_SurfaceVolumeRatio']","[0.8138528138528138, 0.5915492957746479]","[0.8663594470046083, 0.49411764705882355]","[0.8392857142857143, 0.5384615384615384]","[0.8663594470046083, 0.49411764705882355]",Gradient Boosting
47,10,0.9734474277515884,0.8303130148270181,0.8080813633864761,0.41498083324415613,0.4119280384103662,0.5641025641025641,0.7051282051282051,0.7725752508361204,0.5176470588235295,0.8738317757009346,0.6197183098591549,0.8201754385964912,0.695739417262232,42,"['dwi_square_ngtdm_Strength', 'dwi_log-sigma-3-mm-3D_firstorder_Skewness', 'dwi_square_firstorder_Skewness', 'dwi_exponential_glcm_Imc1', 'dwi_log-sigma-3-mm-3D_firstorder_Kurtosis', 'dwi_square_ngtdm_Busyness', 'dwi_exponential_ngtdm_Strength', 'dwi_wavelet2-LL_ngtdm_Strength', 'dwi_wavelet2-LL_firstorder_Skewness', 'dwi_exponential_glszm_GrayLevelNonUniformityNormalized', 'dwi_square_glrlm_GrayLevelNonUniformity', 'dwi_exponential_firstorder_Skewness', 'dwi_square_firstorder_Kurtosis', 'dwi_wavelet2-LL_firstorder_Kurtosis', 'dwi_exponential_glcm_ClusterProminence', 'dwi_wavelet2-LL_glcm_ClusterShade', 'dwi_log-sigma-2-mm-3D_firstorder_Kurtosis', 'dwi_exponential_gldm_SmallDependenceHighGrayLevelEmphasis', 'dwi_exponential_glrlm_GrayLevelVariance', 'dwi_exponential_firstorder_Maximum', 'dwi_log-sigma-3-mm-3D_ngtdm_Busyness', 'dwi_square_glcm_MCC', 'dwi_log-sigma-2-mm-3D_glcm_MCC', 'dwi_square_glszm_SmallAreaHighGrayLevelEmphasis', 'dwi_exponential_glszm_LargeAreaHighGrayLevelEmphasis', 'adc_logarithm_gldm_GrayLevelNonUniformity', 'dwi_wavelet2-LH_glcm_Imc2', 'adc_wavelet2-LL_ngtdm_Coarseness', 'dwi_logarithm_glrlm_GrayLevelNonUniformity', 'dwi_exponential_glszm_SizeZoneNonUniformityNormalized', 'dwi_wavelet2-LH_glcm_Correlation', 'dwi_logarithm_gldm_GrayLevelNonUniformity', 'dwi_log-sigma-2-mm-3D_ngtdm_Strength', 'dwi_log-sigma-3-mm-3D_gldm_LargeDependenceHighGrayLevelEmphasis', 'dwi_log-sigma-0-6-mm-3D_glszm_ZoneVariance', 'dwi_wavelet2-LH_glcm_MCC', 'dwi_square_glszm_SizeZoneNonUniformityNormalized', 'dwi_exponential_gldm_SmallDependenceEmphasis', 't2_original_glszm_GrayLevelNonUniformity', 't2_original_shape_SurfaceVolumeRatio', 'adc_squareroot_firstorder_TotalEnergy', 'dwi_exponential_glcm_Imc2']","[0.8201754385964912, 0.6197183098591549]","[0.8738317757009346, 0.5176470588235295]","[0.8461538461538461, 0.5641025641025641]","[0.8738317757009346, 0.5176470588235295]",Gradient Boosting
48,10,0.9796898753420492,0.8557844690966719,0.8148041474654378,0.3824991322916481,0.3750902867192162,0.5179856115107914,0.685366432129022,0.7744107744107744,0.45,0.8940092165898618,0.6101694915254238,0.8151260504201681,0.6720046082949309,43,"['dwi_square_ngtdm_Strength', 'dwi_log-sigma-3-mm-3D_firstorder_Skewness', 'dwi_exponential_glcm_Imc1', 'dwi_exponential_ngtdm_Strength', 'dwi_exponential_glszm_GrayLevelNonUniformityNormalized', 'dwi_square_firstorder_Skewness', 'dwi_log-sigma-3-mm-3D_firstorder_Kurtosis', 'dwi_wavelet2-LL_firstorder_Skewness', 'dwi_square_glrlm_GrayLevelNonUniformity', 'dwi_exponential_glszm_GrayLevelVariance', 'dwi_wavelet2-LL_ngtdm_Strength', 'dwi_square_ngtdm_Busyness', 'dwi_exponential_firstorder_Skewness', 'dwi_exponential_glcm_ClusterProminence', 'dwi_exponential_glrlm_GrayLevelVariance', 'dwi_exponential_gldm_SmallDependenceHighGrayLevelEmphasis', 'dwi_exponential_firstorder_Maximum', 'dwi_wavelet2-LL_firstorder_Kurtosis', 'dwi_log-sigma-2-mm-3D_firstorder_Kurtosis', 'dwi_square_firstorder_Kurtosis', 'adc_logarithm_gldm_GrayLevelNonUniformity', 'dwi_square_glcm_MCC', 'dwi_exponential_glszm_LargeAreaHighGrayLevelEmphasis', 'dwi_log-sigma-3-mm-3D_ngtdm_Busyness', 'dwi_wavelet2-LL_glcm_ClusterShade', 'adc_wavelet2-LL_ngtdm_Coarseness', 'dwi_wavelet2-LL_glszm_GrayLevelNonUniformity', 'dwi_exponential_gldm_SmallDependenceEmphasis', 't2_original_shape_SurfaceVolumeRatio', 'dwi_exponential_glszm_SizeZoneNonUniformityNormalized', 'dwi_exponential_glcm_Imc2', 'dwi_square_glszm_SmallAreaHighGrayLevelEmphasis', 't2_squareroot_glszm_SizeZoneNonUniformity', 'dwi_square_glszm_SizeZoneNonUniformityNormalized', 'dwi_wavelet2-LH_glcm_Correlation', 'dwi_log-sigma-2-mm-3D_glcm_MCC', 'dwi_log-sigma-0-6-mm-3D_glszm_ZoneVariance', 'dwi_wavelet2-LH_glcm_MCC', 'dwi_square_glcm_ClusterShade', 't2_logarithm_ngtdm_Coarseness', 'dwi_wavelet2-LH_glcm_Imc2', 'adc_wavelet2-LL_glcm_Imc1', 'dwi_log-sigma-3-mm-3D_glrlm_LongRunHighGrayLevelEmphasis']","[0.8151260504201681, 0.6101694915254238]","[0.8940092165898618, 0.45]","[0.8527472527472527, 0.5179856115107914]","[0.8940092165898618, 0.45]",Gradient Boosting
49,10,0.9736274282799607,0.85625,0.7678187036594116,0.3155969519822155,0.30939226519337015,0.453125,0.6524099576271186,0.7666666666666667,0.3918918918918919,0.8893805309734514,0.5370370370370371,0.8170731707317073,0.6406362114326716,43,"['dwi_square_ngtdm_Strength', 'dwi_log-sigma-3-mm-3D_firstorder_Skewness', 'dwi_exponential_glcm_Imc1', 'dwi_exponential_glszm_GrayLevelNonUniformityNormalized', 'dwi_square_firstorder_Skewness', 'dwi_log-sigma-3-mm-3D_firstorder_Kurtosis', 'dwi_wavelet2-LL_firstorder_Skewness', 'dwi_exponential_ngtdm_Strength', 'dwi_exponential_glszm_GrayLevelVariance', 'dwi_square_glrlm_GrayLevelNonUniformity', 'dwi_exponential_glrlm_GrayLevelVariance', 'dwi_exponential_glcm_ClusterProminence', 'dwi_exponential_gldm_SmallDependenceHighGrayLevelEmphasis', 'dwi_exponential_firstorder_Skewness', 'dwi_square_ngtdm_Busyness', 'dwi_exponential_firstorder_Range', 'dwi_wavelet2-LL_ngtdm_Strength', 'dwi_log-sigma-2-mm-3D_firstorder_Kurtosis', 'dwi_wavelet2-LL_glcm_ClusterShade', 'dwi_square_firstorder_Kurtosis', 'dwi_exponential_glszm_SizeZoneNonUniformityNormalized', 'dwi_log-sigma-3-mm-3D_ngtdm_Strength', 'dwi_exponential_glszm_LargeAreaHighGrayLevelEmphasis', 'dwi_square_glcm_MCC', 'dwi_original_firstorder_Kurtosis', 'adc_logarithm_gldm_GrayLevelNonUniformity', 'dwi_square_glszm_SmallAreaHighGrayLevelEmphasis', 'dwi_log-sigma-3-mm-3D_ngtdm_Busyness', 'dwi_exponential_gldm_SmallDependenceEmphasis', 'dwi_square_glszm_SizeZoneNonUniformityNormalized', 'dwi_wavelet2-LL_glszm_GrayLevelNonUniformity', 'dwi_exponential_glcm_Imc2', 'dwi_log-sigma-2-mm-3D_glcm_MCC', 'adc_wavelet2-LL_ngtdm_Coarseness', 'dwi_wavelet2-LH_glcm_MCC', 't2_original_shape_SurfaceVolumeRatio', 'dwi_wavelet2-LH_glcm_Imc2', 't2_squareroot_glszm_SizeZoneNonUniformity', 'dwi_wavelet2-LH_glcm_Correlation', 'dwi_log-sigma-0-6-mm-3D_glszm_ZoneVariance', 'dwi_squareroot_ngtdm_Coarseness', 'dwi_log-sigma-3-mm-3D_gldm_LargeDependenceHighGrayLevelEmphasis', 't2_original_firstorder_TotalEnergy']","[0.8170731707317073, 0.5370370370370371]","[0.8893805309734514, 0.3918918918918919]","[0.8516949152542372, 0.453125]","[0.8893805309734514, 0.3918918918918919]",Gradient Boosting
50,10,0.9787234793909088,0.8556701030927835,0.8058716319393135,0.42099420723659725,0.3960330940770369,0.546583850931677,0.6908991489421366,0.7582781456953642,0.43564356435643564,0.9203980099502488,0.7333333333333333,0.7644628099173554,0.6780207871533422,40,"['dwi_square_ngtdm_Strength', 'dwi_exponential_ngtdm_Strength', 'dwi_exponential_glszm_GrayLevelNonUniformityNormalized', 'dwi_exponential_glszm_GrayLevelVariance', 'dwi_exponential_glcm_Imc1', 'dwi_log-sigma-3-mm-3D_firstorder_Skewness', 'dwi_exponential_glcm_ClusterProminence', 'dwi_exponential_firstorder_Skewness', 'dwi_exponential_glrlm_GrayLevelVariance', 'dwi_exponential_firstorder_Maximum', 'dwi_square_firstorder_Skewness', 'dwi_exponential_gldm_SmallDependenceHighGrayLevelEmphasis', 'dwi_log-sigma-3-mm-3D_firstorder_Kurtosis', 'dwi_wavelet2-LL_ngtdm_Strength', 'dwi_wavelet2-LL_firstorder_Skewness', 'dwi_square_ngtdm_Busyness', 'dwi_wavelet2-LL_glcm_ClusterShade', 'dwi_log-sigma-2-mm-3D_firstorder_Kurtosis', 'dwi_log-sigma-3-mm-3D_ngtdm_Busyness', 'dwi_square_glrlm_GrayLevelNonUniformity', 'dwi_exponential_glszm_SizeZoneNonUniformityNormalized', 'dwi_square_firstorder_Kurtosis', 'dwi_square_glszm_SmallAreaHighGrayLevelEmphasis', 'dwi_exponential_glszm_LargeAreaEmphasis', 'dwi_square_glcm_MCC', 'dwi_exponential_gldm_SmallDependenceEmphasis', 'dwi_log-sigma-2-mm-3D_glcm_MCC', 'dwi_square_glszm_SizeZoneNonUniformityNormalized', 'dwi_exponential_glcm_Imc2', 'adc_logarithm_gldm_GrayLevelNonUniformity', 'dwi_log-sigma-3-mm-3D_gldm_LargeDependenceHighGrayLevelEmphasis', 'dwi_wavelet2-LH_glcm_Imc2', 'dwi_log-sigma-2-mm-3D_ngtdm_Strength', 'dwi_wavelet2-LH_glcm_Correlation', 'dwi_original_firstorder_Kurtosis', 'dwi_wavelet2-LH_glcm_MCC', 'dwi_wavelet2-LL_glszm_GrayLevelNonUniformity', 'adc_wavelet2-LL_ngtdm_Coarseness', 'dwi_log-sigma-2-mm-3D_ngtdm_Busyness', 'dwi_log-sigma-0-6-mm-3D_glszm_ZoneVariance']","[0.7644628099173554, 0.7333333333333333]","[0.9203980099502488, 0.43564356435643564]","[0.835214446952596, 0.546583850931677]","[0.9203980099502488, 0.43564356435643564]",Gradient Boosting
