Repeat,Fold,feature,auc,direction,threshold,sensitivity,specificity,test,p_value,q_value,selection_rank,passes_fdr,removed_by_correlation_with,is_selected,feature_limit
,,dwi_square_ngtdm_Strength,0.7317060196307228,positive_higher,0.2528203086124055,0.8382352941176471,0.5227537922987164,mann_whitney_u,5.968966461415778e-36,2.506369017148485e-32,1,True,,True,42
,,dwi_exponential_glszm_GrayLevelNonUniformityNormalized,0.7119414510261514,negative_higher,0.3408941485864563,0.7036172695449242,0.6617647058823529,mann_whitney_u,1.2530784528873355e-30,2.630838211836961e-27,2,True,,True,42
,,dwi_exponential_glcm_Imc1,0.7094721669297824,negative_higher,-0.2612556420326501,0.7141190198366394,0.6294117647058823,mann_whitney_u,5.873207391104313e-30,8.220532611749003e-27,3,True,,True,42
,,dwi_exponential_ngtdm_Strength,0.7085627016267416,positive_higher,0.8482876518136782,0.7235294117647059,0.6336056009334889,mann_whitney_u,1.0327174201069393e-29,1.0840951117572596e-26,4,True,,True,42
,,dwi_exponential_glszm_GrayLevelVariance,0.7053040702862241,positive_higher,1.1019066403681788,0.7176470588235294,0.6382730455075847,mann_whitney_u,7.647503305365602e-29,6.422373275846032e-26,5,True,,True,42
,,dwi_log-sigma-3-mm-3D_firstorder_Skewness,0.7045404626261239,negative_higher,-1.013988653379185,0.8109684947491248,0.5205882352941176,mann_whitney_u,2.188798926733258e-28,1.5317944488921583e-25,6,True,,True,42
,,dwi_exponential_glcm_ClusterProminence,0.7012972750360353,positive_higher,1.9140996465276168,0.6970588235294117,0.6441073512252042,mann_whitney_u,8.597955679013257e-28,5.157545128025239e-25,7,True,,True,42
,,dwi_exponential_glszm_HighGrayLevelZoneEmphasis,0.7002694076463725,positive_higher,6.0,0.6705882352941176,0.6756126021003501,mann_whitney_u,1.5870425554119734e-27,8.329989612718595e-25,8,True,dwi_exponential_glszm_GrayLevelVariance,False,42
,,dwi_exponential_glrlm_GrayLevelVariance,0.6999519527764431,positive_higher,0.3099310358096321,0.6882352941176471,0.6476079346557759,mann_whitney_u,1.9170743326115284e-27,8.350653123692229e-25,9,True,,True,42
,,dwi_exponential_glcm_ClusterShade,0.6998901777747272,positive_higher,0.4667199430440281,0.6852941176470588,0.6511085180863477,mann_whitney_u,1.988724249509938e-27,8.350653123692229e-25,10,True,dwi_exponential_glcm_ClusterProminence,False,42
,,dwi_exponential_gldm_SmallDependenceHighGrayLevelEmphasis,0.6997460361040565,positive_higher,0.0637963536178331,0.6411764705882353,0.676779463243874,mann_whitney_u,3.791404804446582e-27,1.4472826158064727e-24,11,True,,True,42
,,dwi_exponential_glrlm_ShortRunHighGrayLevelEmphasis,0.6988811860800329,positive_higher,0.7520402218845691,0.6705882352941176,0.6452742123687281,mann_whitney_u,6.297221269686013e-27,2.034002470108582e-24,12,True,dwi_exponential_glrlm_GrayLevelVariance,False,42
,,dwi_exponential_glszm_SmallAreaHighGrayLevelEmphasis,0.6988811860800329,positive_higher,3.5984308314340407,0.6617647058823529,0.6686114352392065,mann_whitney_u,6.297221269686013e-27,2.034002470108582e-24,13,True,dwi_exponential_glszm_GrayLevelVariance,False,42
,,dwi_square_ngtdm_Busyness,0.6979803006383417,negative_higher,18.20576208193272,0.5297549591598599,0.7970588235294118,mann_whitney_u,1.0655998650533146e-26,3.1960384523991915e-24,14,True,,True,42
,,dwi_exponential_firstorder_Maximum,0.6959811929439219,positive_higher,180.2382113403017,0.7,0.6266044340723453,mann_whitney_u,3.3974629578776383e-26,9.058584554029595e-24,15,True,,True,42
,,dwi_exponential_firstorder_Range,0.6959537373876038,positive_higher,176.424213108715,0.7058823529411765,0.6219369894982497,mann_whitney_u,3.451711189913635e-26,9.058584554029595e-24,16,True,dwi_exponential_firstorder_Maximum,False,42
,,dwi_exponential_gldm_GrayLevelVariance,0.6936268789896356,positive_higher,0.0471574946857911,0.6529411764705882,0.6756126021003501,mann_whitney_u,7.746957633361633e-26,1.913498535440323e-23,17,True,dwi_exponential_gldm_SmallDependenceHighGrayLevelEmphasis,False,42
,,dwi_exponential_glrlm_HighGrayLevelRunEmphasis,0.6930331525842541,positive_higher,1.7721951647140533,0.6529411764705882,0.6639439906651108,mann_whitney_u,1.089743723010865e-25,2.5398304437046228e-23,18,True,dwi_exponential_glrlm_GrayLevelVariance,False,42
,,dwi_exponential_glcm_ClusterTendency,0.6929404900816802,positive_higher,0.1376627466344189,0.6441176470588236,0.676779463243874,mann_whitney_u,1.1492445446627254e-25,2.5398304437046228e-23,19,True,dwi_exponential_gldm_SmallDependenceHighGrayLevelEmphasis,False,42
,,dwi_log-sigma-3-mm-3D_firstorder_Kurtosis,0.6934793053744251,positive_higher,4.508316495220338,0.6470588235294118,0.676779463243874,mann_whitney_u,1.426195887409566e-25,2.994298265616384e-23,20,True,,True,42
,,dwi_square_firstorder_Skewness,0.6929576498043791,positive_higher,2.29148545797808,0.7058823529411765,0.6231038506417736,mann_whitney_u,1.9190741996217623e-25,3.837234554386562e-23,21,True,,True,42
,,dwi_wavelet2-LL_ngtdm_Strength,0.6926178872949413,positive_higher,5.5061280589391925,0.6205882352941177,0.676779463243874,mann_whitney_u,2.327398206412229e-25,4.4091099456408495e-23,22,True,,True,42
,,dwi_square_glrlm_GrayLevelNonUniformity,0.6925526803486854,negative_higher,454.1856461669481,0.5659276546091015,0.7558823529411764,mann_whitney_u,2.4150876101390697e-25,4.4091099456408495e-23,23,True,,True,42
,,dwi_exponential_glcm_SumSquares,0.6914681858741163,positive_higher,0.0521930175871517,0.6323529411764706,0.6884480746791132,mann_whitney_u,2.6655995293053494e-25,4.6636885098138176e-23,24,True,dwi_exponential_gldm_SmallDependenceHighGrayLevelEmphasis,False,42
,,dwi_exponential_firstorder_Skewness,0.6918765872743498,positive_higher,5.939506266403892,0.7441176470588236,0.6056009334889147,mann_whitney_u,3.5412585299722486e-25,5.947897826941389e-23,25,True,,True,42
,,dwi_wavelet2-LL_firstorder_Skewness,0.6912828608689684,positive_higher,0.5207871709888531,0.7058823529411765,0.5962660443407235,mann_whitney_u,4.95060230084654e-25,7.995222715867162e-23,26,True,,True,42
,,dwi_original_firstorder_Skewness,0.6885613288489258,positive_higher,0.5348615761362226,0.7264705882352941,0.5670945157526255,mann_whitney_u,2.269539619886328e-24,3.5295543940380337e-22,27,True,dwi_wavelet2-LL_firstorder_Skewness,False,42
,,dwi_exponential_gldm_HighGrayLevelEmphasis,0.6864129315670259,positive_higher,1.0744115413819286,0.6676470588235294,0.6371061843640606,mann_whitney_u,4.5649320471180705e-24,6.588065989726713e-22,28,True,dwi_exponential_gldm_SmallDependenceHighGrayLevelEmphasis,False,42
,,dwi_exponential_glszm_LargeAreaHighGrayLevelEmphasis,0.687178255199396,negative_higher,38185.45555555556,0.690781796966161,0.6029411764705883,mann_whitney_u,4.88014444662478e-24,6.588065989726713e-22,29,True,,True,42
,,dwi_exponential_glcm_DifferenceVariance,0.6862825176745144,positive_higher,0.0238694666960017,0.7235294117647059,0.574095682613769,mann_whitney_u,4.907164281335793e-24,6.588065989726713e-22,30,True,dwi_exponential_glrlm_GrayLevelVariance | dwi_exponential_gldm_SmallDependenceHighGrayLevelEmphasis,False,42
,,dwi_exponential_glszm_LargeAreaEmphasis,0.6871439357539981,negative_higher,38097.61111111111,0.690781796966161,0.6029411764705883,mann_whitney_u,4.973391238648024e-24,6.588065989726713e-22,31,True,dwi_exponential_glszm_LargeAreaHighGrayLevelEmphasis,False,42
,,dwi_exponential_glszm_LargeAreaLowGrayLevelEmphasis,0.6871267760312992,negative_higher,38081.0836695705,0.690781796966161,0.6029411764705883,mann_whitney_u,5.020674247946054e-24,6.588065989726713e-22,32,True,dwi_exponential_glszm_LargeAreaHighGrayLevelEmphasis,False,42
,,dwi_exponential_glcm_Contrast,0.6854519870958885,positive_higher,0.0239539790226591,0.7235294117647059,0.572928821470245,mann_whitney_u,7.767288337075877e-24,9.883285977994427e-22,33,True,dwi_exponential_gldm_SmallDependenceHighGrayLevelEmphasis,False,42
,,dwi_exponential_firstorder_Variance,0.6858089093280253,positive_higher,128.55389200618362,0.6029411764705882,0.6989498249708285,mann_whitney_u,1.0357638573824158e-23,1.2791683638672835e-21,34,True,dwi_exponential_gldm_SmallDependenceHighGrayLevelEmphasis,False,42
,,dwi_exponential_glcm_Autocorrelation,0.6840826412245178,positive_higher,1.020995850307377,0.7558823529411764,0.5472578763127187,mann_whitney_u,1.648871750294522e-23,1.9781749941390567e-21,35,True,dwi_exponential_gldm_SmallDependenceHighGrayLevelEmphasis,False,42
,,dwi_log-sigma-3-mm-3D_ngtdm_Strength,0.6847621662433936,positive_higher,0.0741392172302139,0.6735294117647059,0.6044340723453909,mann_whitney_u,1.8344416707585415e-23,2.139672382087532e-21,36,True,dwi_wavelet2-LL_ngtdm_Strength,False,42
,,dwi_wavelet2-LL_glcm_ClusterShade,0.6841650078934725,positive_higher,820.179138282867,0.6529411764705882,0.6347724620770128,mann_whitney_u,2.5380975964800856e-23,2.8803977858432105e-21,37,True,,True,42
,,dwi_exponential_ngtdm_Complexity,0.683159448143318,positive_higher,0.1850054000733548,0.7058823529411765,0.5985997666277714,mann_whitney_u,2.7305397712670785e-23,3.0172464472501216e-21,38,True,dwi_exponential_gldm_SmallDependenceHighGrayLevelEmphasis,False,42
,,dwi_exponential_glszm_SizeZoneNonUniformityNormalized,0.6830393300844259,positive_higher,0.0843195266272189,0.8029411764705883,0.4679113185530922,mann_whitney_u,4.639995346406564e-23,4.9957283229644005e-21,39,True,,True,42
,,dwi_exponential_gldm_SmallDependenceEmphasis,0.6829123481364541,positive_higher,0.0174507553472741,0.7647058823529411,0.5215869311551926,mann_whitney_u,4.9984905887906303e-23,5.247165495582964e-21,40,True,,True,42
,,dwi_square_glszm_GrayLevelVariance,0.6819651314434758,positive_higher,3.484392934128384,0.5941176470588235,0.7117852975495915,mann_whitney_u,8.318039166417114e-23,8.51888938043548e-21,41,True,dwi_wavelet2-LL_ngtdm_Strength,False,42
,,dwi_log-sigma-2-mm-3D_firstorder_Skewness,0.681426316150731,negative_higher,-0.9509177539161572,0.7362893815635939,0.5735294117647058,mann_whitney_u,1.1103226954614947e-22,1.1100583329149562e-20,42,True,dwi_log-sigma-3-mm-3D_firstorder_Skewness,False,42
,,dwi_exponential_glszm_ZonePercentage,0.6811534765598188,positive_higher,0.0064412238325281,0.7029411764705882,0.5810968494749125,mann_whitney_u,1.2846547941870113e-22,1.2544803443700605e-20,43,True,dwi_exponential_gldm_SmallDependenceEmphasis,False,42
,,dwi_log-sigma-3-mm-3D_ngtdm_Busyness,0.6810762578076738,negative_higher,9.910507065576985,0.5355892648774796,0.7352941176470589,mann_whitney_u,1.338737384343301e-22,1.2775814265585275e-20,44,True,,True,42
,,dwi_original_ngtdm_Strength,0.6808703411352872,positive_higher,0.2811911801840322,0.6470588235294118,0.6184364060676779,mann_whitney_u,1.4942229912042143e-22,1.3942760755703324e-20,45,True,dwi_square_ngtdm_Strength | dwi_wavelet2-LL_ngtdm_Strength,False,42
,,dwi_exponential_gldm_DependenceVariance,0.6806472647402018,positive_higher,1.7633269954448634,0.7705882352941177,0.5274212368728122,mann_whitney_u,1.682875753338859e-22,1.5361728887543193e-20,46,True,dwi_exponential_gldm_SmallDependenceEmphasis,False,42
,,dwi_original_glcm_ClusterShade,0.6805751939048665,positive_higher,14.676977113673292,0.6705882352941176,0.6091015169194867,mann_whitney_u,1.748724164734404e-22,1.562317610153141e-20,47,True,dwi_wavelet2-LL_glcm_ClusterShade,False,42
,,dwi_square_glcm_MCC,0.6799797515272153,positive_higher,0.729212593164195,0.6647058823529411,0.6114352392065344,mann_whitney_u,2.3995036314171e-22,2.099065780900084e-20,48,True,,True,42
,,dwi_exponential_glcm_Imc2,0.6789072688585353,positive_higher,0.1690931851463906,0.7323529411764705,0.572928821470245,mann_whitney_u,2.699545806866172e-22,2.3133454781696033e-20,49,True,,True,42
,,dwi_square_glszm_SmallAreaHighGrayLevelEmphasis,0.6770814743633743,positive_higher,7.585690144597348,0.6029411764705882,0.6872812135355892,mann_whitney_u,1.1039946971790242e-21,9.271347466909446e-20,50,True,,True,42
,,dwi_exponential_firstorder_Kurtosis,0.6769750840826412,positive_higher,57.154881170083065,0.7441176470588236,0.5799299883313886,mann_whitney_u,1.1670666978836739e-21,9.608849145908915e-20,51,True,dwi_exponential_firstorder_Skewness,False,42
,,dwi_square_glcm_ClusterProminence,0.6764139611503878,positive_higher,259.95168879942435,0.5558823529411765,0.73512252042007,mann_whitney_u,1.5633367157133692e-21,1.2623943979385455e-19,52,True,dwi_exponential_glcm_ClusterProminence,False,42
,,dwi_square_glrlm_GrayLevelVariance,0.6744886402635734,positive_higher,1.947625960411782,0.5852941176470589,0.6966161026837806,mann_whitney_u,4.235422979764413e-21,3.355573790949202e-19,53,True,dwi_square_glszm_SmallAreaHighGrayLevelEmphasis,False,42
,,dwi_square_glcm_ClusterShade,0.6741934930331525,positive_higher,18.34663213433854,0.5941176470588235,0.7001166861143524,mann_whitney_u,4.92991931969657e-21,3.8334687450751665e-19,54,True,dwi_wavelet2-LL_glcm_ClusterShade,False,42
,,dwi_exponential_glszm_SmallAreaEmphasis,0.6739961562221155,positive_higher,0.2680952729537114,0.7088235294117647,0.5682613768961493,mann_whitney_u,5.456754882015502e-21,4.165984318106017e-19,55,True,dwi_exponential_glszm_GrayLevelNonUniformityNormalized | dwi_exponential_glszm_SizeZoneNonUniformityNormalized,False,42
,,dwi_wavelet2-LL_glszm_GrayLevelNonUniformity,0.6732445603679044,negative_higher,94.50965250965253,0.6277712952158693,0.6411764705882352,mann_whitney_u,8.020089883739053e-21,6.013635253896479e-19,56,True,,True,42
,,dwi_exponential_glcm_JointAverage,0.6722355686732102,positive_higher,1.0079114994789866,0.75,0.5460910151691949,mann_whitney_u,8.838083366012721e-21,6.398467595497831e-19,57,True,dwi_exponential_gldm_SmallDependenceEmphasis,False,42
,,dwi_exponential_glcm_SumAverage,0.6722355686732102,positive_higher,2.015822998957973,0.75,0.5460910151691949,mann_whitney_u,8.838083366012721e-21,6.398467595497831e-19,58,True,dwi_exponential_gldm_SmallDependenceEmphasis,False,42
,,dwi_square_firstorder_Kurtosis,0.6728601825794496,positive_higher,12.516613206619793,0.6558823529411765,0.6581096849474912,mann_whitney_u,9.759712834313844e-21,6.945937998522684e-19,59,True,,True,42
,,dwi_square_glszm_SizeZoneNonUniformityNormalized,0.6720176401949345,positive_higher,0.1798825802615933,0.5882352941176471,0.691948658109685,mann_whitney_u,1.498543202436402e-20,1.0487304845050753e-18,60,True,,True,42
,,dwi_log-sigma-2-mm-3D_glcm_MCC,0.6712574644793741,positive_higher,0.660405577858898,0.5470588235294118,0.7199533255542591,mann_whitney_u,2.2025966945313318e-20,1.5047228548183511e-18,61,True,,True,42
,,dwi_exponential_gldm_SmallDependenceLowGrayLevelEmphasis,0.6712403047566751,positive_higher,0.0162704022190185,0.7647058823529411,0.5122520420070011,mann_whitney_u,2.2217865443852766e-20,1.5047228548183511e-18,62,True,dwi_exponential_gldm_SmallDependenceEmphasis,False,42
,,dwi_log-sigma-3-mm-3D_glrlm_GrayLevelNonUniformity,0.6710995950305443,negative_higher,504.25407691012776,0.5752625437572929,0.6764705882352942,mann_whitney_u,2.3855068637852688e-20,1.5787396777580434e-18,63,True,dwi_wavelet2-LL_glszm_GrayLevelNonUniformity,False,42
,,dwi_wavelet2-LL_firstorder_Kurtosis,0.6710824353078454,positive_higher,4.418828670210399,0.5558823529411765,0.7467911318553092,mann_whitney_u,2.406271478364248e-20,1.5787396777580434e-18,64,True,,True,42
,,adc_logarithm_gldm_GrayLevelNonUniformity,0.6708044478001236,negative_higher,951.4030418250952,0.5997666277712952,0.6911764705882353,mann_whitney_u,2.768657477244105e-20,1.788552730299692e-18,65,True,,True,42
,,adc_wavelet2-LL_ngtdm_Coarseness,0.6697611366600317,positive_higher,0.0042239724929446,0.7029411764705882,0.5600933488914819,mann_whitney_u,4.678002964086304e-20,2.976202188817938e-18,66,True,,True,42
,,dwi_square_glszm_HighGrayLevelZoneEmphasis,0.6696032672112018,positive_higher,13.17910447761194,0.6058823529411764,0.6709451575262544,mann_whitney_u,5.062284717659512e-20,3.169696391593134e-18,67,True,dwi_square_glszm_SmallAreaHighGrayLevelEmphasis,False,42
,,dwi_log-sigma-2-mm-3D_firstorder_Kurtosis,0.6695758116548836,positive_higher,4.927089705961117,0.6558823529411765,0.632438739789965,mann_whitney_u,5.1331115653330104e-20,3.169696391593134e-18,68,True,,True,42
,,t2_squareroot_glrlm_RunLengthNonUniformity,0.6693355755370993,negative_higher,36909.45389382615,0.6382730455075846,0.6176470588235294,mann_whitney_u,5.788733695924587e-20,3.5227380853894695e-18,69,True,dwi_wavelet2-LL_glszm_GrayLevelNonUniformity | adc_logarithm_gldm_GrayLevelNonUniformity,False,42
,,dwi_exponential_glrlm_RunPercentage,0.6692309012286362,positive_higher,0.0884474467597893,0.7176470588235294,0.5659276546091014,mann_whitney_u,6.099670161550345e-20,3.658930715478557e-18,70,True,dwi_exponential_gldm_SmallDependenceEmphasis,False,42
,,adc_logarithm_glrlm_GrayLevelNonUniformity,0.6691159310865537,negative_higher,441.3426738955952,0.6499416569428238,0.6088235294117648,mann_whitney_u,6.460239268375128e-20,3.820640096888333e-18,71,True,dwi_wavelet2-LL_glszm_GrayLevelNonUniformity | adc_logarithm_gldm_GrayLevelNonUniformity,False,42
,,t2_logarithm_glrlm_RunLengthNonUniformity,0.6686938019081612,negative_higher,34738.95442474533,0.6394399066511085,0.6176470588235294,mann_whitney_u,7.97416216006355e-20,4.6504870708481736e-18,72,True,adc_logarithm_gldm_GrayLevelNonUniformity,False,42
,,dwi_square_glszm_SmallAreaEmphasis,0.6683300157869448,positive_higher,0.416012106504618,0.6235294117647059,0.662777129521587,mann_whitney_u,9.556630622323087e-20,5.49702629905954e-18,73,True,dwi_square_glszm_SizeZoneNonUniformityNormalized,False,42
,,dwi_exponential_glrlm_ShortRunEmphasis,0.6680760518910014,positive_higher,0.0920730675391895,0.7264705882352941,0.557759626604434,mann_whitney_u,1.0841564757594469e-19,6.151855461775564e-18,74,True,dwi_exponential_glcm_Imc2,False,42
,,dwi_log-sigma-3-mm-3D_glcm_MCC,0.667883862996774,positive_higher,0.7439679947096052,0.7264705882352941,0.5414235705950992,mann_whitney_u,1.1926109685891492e-19,6.677031276141116e-18,75,True,dwi_log-sigma-2-mm-3D_glcm_MCC,False,42
,,adc_original_ngtdm_Coarseness,0.667698537991626,positive_higher,0.0033208879200425,0.5823529411764706,0.6837806301050176,mann_whitney_u,1.3073232267322308e-19,7.121988516984913e-18,76,True,adc_wavelet2-LL_ngtdm_Coarseness,False,42
,,adc_squareroot_ngtdm_Coarseness,0.6676882421580067,positive_higher,0.003304706724704,0.5617647058823529,0.6977829638273045,mann_whitney_u,1.3140064677192746e-19,7.121988516984913e-18,77,True,adc_wavelet2-LL_ngtdm_Coarseness,False,42
,,t2_squareroot_glszm_GrayLevelNonUniformity,0.6676745143798477,negative_higher,1290.2788493700525,0.514585764294049,0.7470588235294118,mann_whitney_u,1.3229700031550922e-19,7.121988516984913e-18,78,True,dwi_wavelet2-LL_glszm_GrayLevelNonUniformity,False,42
,,dwi_exponential_glcm_DifferenceAverage,0.666778776854966,positive_higher,0.0126025514362317,0.7176470588235294,0.574095682613769,mann_whitney_u,1.392005039545826e-19,7.39877108994041e-18,79,True,dwi_exponential_gldm_SmallDependenceEmphasis,False,42
,,t2_logarithm_glszm_GrayLevelNonUniformity,0.6675372365982566,negative_higher,1111.4157528593323,0.514585764294049,0.75,mann_whitney_u,1.4159957550551278e-19,7.432207719345602e-18,80,True,dwi_wavelet2-LL_glszm_GrayLevelNonUniformity,False,42
,,adc_logarithm_ngtdm_Coarseness,0.6672935685359325,positive_higher,0.002893874569393,0.5411764705882353,0.7281213535589265,mann_whitney_u,1.5973037473651705e-19,8.193245746069175e-18,81,True,adc_wavelet2-LL_ngtdm_Coarseness,False,42
,,dwi_original_firstorder_Kurtosis,0.6672901365913927,positive_higher,4.449519510662964,0.5911764705882353,0.7071178529754959,mann_whitney_u,1.6000146491490172e-19,8.193245746069175e-18,82,True,dwi_wavelet2-LL_firstorder_Kurtosis,False,42
,,dwi_log-sigma-3-mm-3D_glcm_ClusterShade,0.6671356990871027,negative_higher,-3.246048446165181,0.6744457409568262,0.5970588235294118,mann_whitney_u,1.7268271182698606e-19,8.736080806765234e-18,83,True,,True,42
,,dwi_exponential_glrlm_LongRunEmphasis,0.6670121490836707,negative_higher,167.0758655314929,0.6347724620770129,0.6323529411764706,mann_whitney_u,1.8353853590829976e-19,9.174741812844652e-18,84,True,dwi_exponential_glszm_LargeAreaHighGrayLevelEmphasis,False,42
,,dwi_exponential_glrlm_LongRunLowGrayLevelEmphasis,0.6669366463037958,negative_higher,167.2874333674202,0.6336056009334889,0.6323529411764706,mann_whitney_u,1.9050180421780754e-19,9.410789128359692e-18,85,True,dwi_exponential_glszm_LargeAreaHighGrayLevelEmphasis,False,42
,,dwi_square_firstorder_Range,0.6666277712952159,positive_higher,339.4374053364304,0.6529411764705882,0.6079346557759626,mann_whitney_u,2.2181055003770825e-19,1.083002906521322e-17,86,True,dwi_exponential_firstorder_Maximum,False,42
,,dwi_square_firstorder_Maximum,0.6665831560161988,positive_higher,331.8549167278776,0.6647058823529411,0.5950991831971995,mann_whitney_u,2.267345251882644e-19,1.0910575970860918e-17,87,True,dwi_exponential_firstorder_Maximum,False,42
,,t2_squareroot_glszm_SizeZoneNonUniformity,0.6665659962934999,negative_higher,10021.137761097843,0.6546091015169195,0.6205882352941177,mann_whitney_u,2.2865698629096467e-19,1.0910575970860918e-17,88,True,,True,42
,,t2_logarithm_gldm_DependenceNonUniformity,0.6662330976731416,negative_higher,12994.038285378743,0.6546091015169195,0.5970588235294118,mann_whitney_u,2.6930707679043674e-19,1.2705847364528584e-17,89,True,adc_logarithm_gldm_GrayLevelNonUniformity | t2_squareroot_glszm_SizeZoneNonUniformity,False,42
,,dwi_log-sigma-0-6-mm-3D_glszm_ZoneVariance,0.6661713226714256,negative_higher,2676.736105103806,0.6487747957992999,0.6088235294117648,mann_whitney_u,2.776000209438583e-19,1.2951583199369566e-17,90,True,,True,42
,,adc_square_ngtdm_Coarseness,0.6661232754478688,positive_higher,0.0031517208464013,0.6,0.6697782963827305,mann_whitney_u,2.8422407834875995e-19,1.3114911043807066e-17,91,True,adc_wavelet2-LL_ngtdm_Coarseness,False,42
,,dwi_exponential_gldm_LargeDependenceEmphasis,0.6658933351637037,negative_higher,70.6355221290136,0.5647607934655776,0.7088235294117646,mann_whitney_u,3.1815086360008364e-19,1.4520820394095122e-17,92,True,dwi_exponential_gldm_SmallDependenceEmphasis,False,42
,,t2_squareroot_gldm_DependenceNonUniformity,0.6658212643283685,negative_higher,14823.568764830914,0.6266044340723453,0.6264705882352941,mann_whitney_u,3.2958616978850595e-19,1.488099276281652e-17,93,True,dwi_wavelet2-LL_glszm_GrayLevelNonUniformity | adc_logarithm_gldm_GrayLevelNonUniformity | t2_squareroot_glszm_SizeZoneNonUniformity,False,42
,,dwi_wavelet2-LH_glcm_Imc2,0.6655947559887433,positive_higher,0.5476230719595692,0.4823529411764706,0.8028004667444574,mann_whitney_u,3.682350063258558e-19,1.6449136080449666e-17,94,True,,True,42
,,dwi_exponential_glszm_LowGrayLevelZoneEmphasis,0.664340380259455,negative_higher,0.595600358422939,0.5950991831971996,0.7,mann_whitney_u,4.638966289207091e-19,2.0504230998295343e-17,95,True,dwi_exponential_glszm_GrayLevelNonUniformityNormalized | dwi_exponential_glcm_Imc2,False,42
,,adc_squareroot_glrlm_GrayLevelNonUniformity,0.6647367698537991,negative_higher,278.9745418557591,0.6242707117852976,0.6558823529411765,mann_whitney_u,5.596953243176739e-19,2.4480840279269923e-17,96,True,adc_logarithm_gldm_GrayLevelNonUniformity,False,42
,,dwi_exponential_gldm_LargeDependenceLowGrayLevelEmphasis,0.6646887226302423,negative_higher,70.74396782841823,0.5425904317386231,0.7352941176470589,mann_whitney_u,5.72936779124419e-19,2.4801665314880776e-17,97,True,dwi_exponential_gldm_SmallDependenceEmphasis,False,42
,,t2_original_glszm_GrayLevelNonUniformity,0.6645583087377308,negative_higher,1186.7154958677686,0.5064177362893816,0.7529411764705882,mann_whitney_u,6.104579590741186e-19,2.6156254797471674e-17,98,True,t2_squareroot_glszm_SizeZoneNonUniformity,False,42
,,dwi_exponential_glrlm_GrayLevelNonUniformity,0.664065824696273,negative_higher,326.6105556198666,0.6219369894982497,0.6294117647058823,mann_whitney_u,7.753482106285306e-19,3.2885728650800003e-17,99,True,dwi_wavelet2-LL_glszm_GrayLevelNonUniformity,False,42
,,dwi_log-sigma-0-6-mm-3D_glszm_LargeAreaEmphasis,0.6640366531676848,negative_higher,3392.4634146341464,0.6511085180863477,0.5970588235294118,mann_whitney_u,7.863917574727499e-19,3.302058989628077e-17,100,True,dwi_log-sigma-0-6-mm-3D_glszm_ZoneVariance,False,42
,,dwi_log-sigma-2-mm-3D_glrlm_GrayLevelNonUniformity,0.6638547601070766,negative_higher,625.8805126626171,0.5764294049008168,0.6735294117647059,mann_whitney_u,8.588319849905933e-19,3.547294329478607e-17,101,True,dwi_wavelet2-LL_glszm_GrayLevelNonUniformity | dwi_log-sigma-0-6-mm-3D_glszm_ZoneVariance,False,42
,,dwi_exponential_gldm_DependenceEntropy,0.6638478962179971,positive_higher,1.3972754991712728,0.7323529411764705,0.5554259043173863,mann_whitney_u,8.616909302377183e-19,3.547294329478607e-17,102,True,dwi_exponential_gldm_SmallDependenceEmphasis,False,42
,,dwi_square_glcm_Correlation,0.6632318621731073,positive_higher,0.7200623533390249,0.5882352941176471,0.6756126021003501,mann_whitney_u,1.1603539013375378e-18,4.7304136230255545e-17,103,True,dwi_square_glcm_MCC,False,42
,,dwi_original_glrlm_GrayLevelNonUniformity,0.6631237559201043,negative_higher,451.2467195540226,0.5647607934655776,0.6823529411764706,mann_whitney_u,1.2226140817390274e-18,4.936304355021323e-17,104,True,dwi_wavelet2-LL_glszm_GrayLevelNonUniformity | dwi_log-sigma-0-6-mm-3D_glszm_ZoneVariance,False,42
,,adc_squareroot_gldm_GrayLevelNonUniformity,0.6630757086965475,negative_higher,393.49051724137934,0.5717619603267211,0.7088235294117646,mann_whitney_u,1.2512593797844075e-18,5.0038458435378354e-17,105,True,adc_logarithm_gldm_GrayLevelNonUniformity,False,42
,,t2_original_shape_SurfaceVolumeRatio,0.6629075434140984,positive_higher,0.1720870812606311,0.7,0.5460910151691949,mann_whitney_u,1.3568361698928917e-18,5.3748632805474076e-17,106,True,,True,42
,,dwi_exponential_glrlm_LongRunHighGrayLevelEmphasis,0.6628423364678426,negative_higher,167.3595030297426,0.6417736289381564,0.6294117647058823,mann_whitney_u,1.4001002515775926e-18,5.4944121087610384e-17,107,True,dwi_exponential_glszm_LargeAreaHighGrayLevelEmphasis,False,42
,,t2_wavelet2-LL_glszm_SizeZoneNonUniformity,0.6627016267417118,negative_higher,28678.54431485289,0.5682613768961493,0.6911764705882353,mann_whitney_u,1.4981552159882628e-18,5.824771992532144e-17,108,True,t2_squareroot_glszm_SizeZoneNonUniformity,False,42
,,dwi_squareroot_glrlm_GrayLevelNonUniformity,0.6623652961768138,negative_higher,343.97415833890034,0.7036172695449242,0.5323529411764706,mann_whitney_u,1.760856512048525e-18,6.783336233111703e-17,109,True,dwi_wavelet2-LL_glszm_GrayLevelNonUniformity,False,42
,,t2_original_glrlm_RunLengthNonUniformity,0.6622348822843023,negative_higher,29429.60638487088,0.5425904317386231,0.7088235294117646,mann_whitney_u,1.8745348912748777e-18,7.155610916784737e-17,110,True,t2_squareroot_glszm_SizeZoneNonUniformity,False,42
,,adc_original_glszm_GrayLevelNonUniformity,0.6619122794975634,negative_higher,120.31731448763252,0.6592765460910152,0.5911764705882353,mann_whitney_u,2.187816733813823e-18,8.276254473229047e-17,111,True,dwi_wavelet2-LL_glszm_GrayLevelNonUniformity | adc_logarithm_gldm_GrayLevelNonUniformity | t2_squareroot_glszm_SizeZoneNonUniformity,False,42
,,dwi_log-sigma-3-mm-3D_ngtdm_Coarseness,0.6618196169949895,positive_higher,0.0028796386001646,0.6529411764705882,0.5985997666277714,mann_whitney_u,2.2869952019836385e-18,8.574190047436874e-17,112,True,adc_wavelet2-LL_ngtdm_Coarseness,False,42
,,dwi_exponential_ngtdm_Contrast,0.6610062461390624,positive_higher,1.755906593738982e-05,0.7705882352941177,0.5075845974329054,mann_whitney_u,2.3399100603190276e-18,8.694940126796103e-17,113,True,,True,42
,,adc_squareroot_glszm_GrayLevelNonUniformity,0.6611829912828608,negative_higher,115.5505617977528,0.721120186697783,0.5323529411764706,mann_whitney_u,3.0992655751699787e-18,1.1415628201876087e-16,114,True,dwi_wavelet2-LL_glszm_GrayLevelNonUniformity | adc_logarithm_gldm_GrayLevelNonUniformity,False,42
,,t2_wavelet2-LL_gldm_DependenceNonUniformity,0.6605635252934313,negative_higher,30424.14927751101,0.5379229871645275,0.7147058823529412,mann_whitney_u,4.161094316396241e-18,1.513623834062523e-16,115,True,dwi_wavelet2-LL_glszm_GrayLevelNonUniformity | t2_squareroot_glszm_SizeZoneNonUniformity,False,42
,,dwi_exponential_glrlm_RunLengthNonUniformityNormalized,0.660553229459812,positive_higher,0.0676754686671519,0.6264705882352941,0.6371061843640606,mann_whitney_u,4.181480465616877e-18,1.513623834062523e-16,116,True,dwi_exponential_gldm_SmallDependenceEmphasis,False,42
,,dwi_wavelet2-LH_glcm_Correlation,0.6604056558446015,positive_higher,0.4044073125998331,0.538235294117647,0.7514585764294048,mann_whitney_u,4.484749278010527e-18,1.6095266853304449e-16,117,True,,True,42
,,t2_wavelet2-HL_glrlm_RunLengthNonUniformity,0.660199739172215,negative_higher,24947.177283290857,0.5845974329054843,0.6705882352941177,mann_whitney_u,4.944501444950942e-18,1.7594882684194073e-16,118,True,t2_squareroot_glszm_SizeZoneNonUniformity,False,42
,,dwi_logarithm_glrlm_GrayLevelNonUniformity,0.6601757155604365,negative_higher,352.60927692441027,0.7584597432905484,0.48235294117647054,mann_whitney_u,5.0010810165138435e-18,1.7646671586841705e-16,119,True,dwi_wavelet2-LL_glszm_GrayLevelNonUniformity,False,42
,,t2_wavelet-HL_glrlm_RunLengthNonUniformity,0.6600075502779875,negative_higher,15625.224355932776,0.6219369894982497,0.6470588235294117,mann_whitney_u,5.415434834084506e-18,1.8949509056934034e-16,120,True,t2_squareroot_glszm_SizeZoneNonUniformity,False,42
,,dwi_wavelet2-LH_glrlm_GrayLevelNonUniformity,0.6595373738760382,negative_higher,648.8581233231812,0.6137689614935823,0.6264705882352941,mann_whitney_u,6.762368352985823e-18,2.346709480511361e-16,121,True,dwi_wavelet2-LL_glszm_GrayLevelNonUniformity | dwi_log-sigma-0-6-mm-3D_glszm_ZoneVariance,False,42
,,dwi_exponential_glszm_SizeZoneNonUniformity,0.6583053057862585,positive_higher,3.066666666666667,0.6823529411764706,0.5764294049008167,mann_whitney_u,7.344156609689707e-18,2.527714229843203e-16,122,True,,True,42
,,dwi_exponential_firstorder_Entropy,0.6583945363442928,positive_higher,0.0644240199088153,0.7147058823529412,0.5834305717619603,mann_whitney_u,8.125421871222836e-18,2.77387369408656e-16,123,True,dwi_exponential_gldm_SmallDependenceEmphasis,False,42
,,adc_wavelet2-LL_glszm_GrayLevelNonUniformity,0.6588475530235431,negative_higher,62.01026119402985,0.5962660443407235,0.6676470588235295,mann_whitney_u,9.356807054191374e-18,3.168486517786256e-16,124,True,adc_logarithm_gldm_GrayLevelNonUniformity,False,42
,,dwi_log-sigma-3-mm-3D_gldm_LargeDependenceHighGrayLevelEmphasis,0.6587651863545885,positive_higher,1475.1220214715895,0.4852941176470588,0.7724620770128354,mann_whitney_u,9.725840337343367e-18,3.267104286120384e-16,125,True,,True,42
,,adc_square_glszm_GrayLevelNonUniformity,0.6586759557965542,negative_higher,120.040071237756,0.6651108518086347,0.5852941176470587,mann_whitney_u,1.0141845041446213e-17,3.3798101054787813e-16,126,True,dwi_wavelet2-LL_glszm_GrayLevelNonUniformity | adc_logarithm_gldm_GrayLevelNonUniformity | t2_squareroot_glszm_SizeZoneNonUniformity,False,42
,,t2_logarithm_glszm_SizeZoneNonUniformity,0.6584460155123892,negative_higher,13201.02789686238,0.6114352392065344,0.6441176470588235,mann_whitney_u,1.1296524519839933e-17,3.7349690125045574e-16,127,True,t2_squareroot_glszm_SizeZoneNonUniformity,False,42
,,adc_original_glrlm_GrayLevelNonUniformity,0.6584151280115313,negative_higher,229.7282893825512,0.6207701283547258,0.6411764705882352,mann_whitney_u,1.1461200761091586e-17,3.759811093423716e-16,128,True,adc_logarithm_gldm_GrayLevelNonUniformity,False,42
,,t2_wavelet2-HL_glszm_GrayLevelNonUniformity,0.658312169675338,negative_higher,2259.5756393584743,0.48891481913652274,0.7617647058823529,mann_whitney_u,1.2027417834708267e-17,3.9149711230961254e-16,129,True,t2_squareroot_glszm_SizeZoneNonUniformity,False,42
,,dwi_wavelet2-HH_glszm_ZoneVariance,0.658236666895463,negative_higher,4335.701512163051,0.572928821470245,0.6764705882352942,mann_whitney_u,1.2460103165594574e-17,4.0246133224870475e-16,130,True,dwi_log-sigma-0-6-mm-3D_glszm_ZoneVariance,False,42
,,dwi_exponential_glrlm_LowGrayLevelRunEmphasis,0.657179627977212,negative_higher,0.9401338476055504,0.6137689614935823,0.6735294117647059,mann_whitney_u,1.4401414227671168e-17,4.608889881447514e-16,131,True,dwi_exponential_glcm_Imc2,False,42
,,t2_log-sigma-0-6-mm-3D_glrlm_RunLengthNonUniformity,0.657914064108724,negative_higher,14291.707579495009,0.5694282380396732,0.6823529411764706,mann_whitney_u,1.4488532135057675e-17,4.608889881447514e-16,132,True,t2_squareroot_glszm_SizeZoneNonUniformity,False,42
,,t2_wavelet2-LL_glrlm_RunLengthNonUniformity,0.6573031779806437,negative_higher,58420.699441263554,0.6266044340723453,0.611764705882353,mann_whitney_u,1.9262147204648865e-17,6.081335046039142e-16,133,True,dwi_wavelet2-LL_glszm_GrayLevelNonUniformity | adc_logarithm_gldm_GrayLevelNonUniformity | t2_squareroot_glszm_SizeZoneNonUniformity,False,42
,,dwi_wavelet2-LH_glcm_MCC,0.6571075571418765,positive_higher,0.4554946550688514,0.6294117647058823,0.6651108518086348,mann_whitney_u,2.1096551864286593e-17,6.610777707323836e-16,134,True,,False,42
,,dwi_exponential_glrlm_ShortRunLowGrayLevelEmphasis,0.6568089779669161,positive_higher,0.0524008935838637,0.7176470588235294,0.5519253208868145,mann_whitney_u,2.4233658429626224e-17,7.494063010994315e-16,135,True,,False,42
,,dwi_wavelet-LH_ngtdm_Coarseness,0.6568055460223763,positive_higher,0.0013354770539815,0.6323529411764706,0.603267211201867,mann_whitney_u,2.4272268861520048e-17,7.494063010994315e-16,136,True,adc_wavelet2-LL_ngtdm_Coarseness,False,42
,,dwi_exponential_gldm_GrayLevelNonUniformity,0.6567832383828676,negative_higher,3960.648351648352,0.646441073512252,0.6029411764705883,mann_whitney_u,2.4524717112213467e-17,7.516736288626595e-16,137,True,dwi_wavelet2-LL_glszm_GrayLevelNonUniformity | adc_logarithm_gldm_GrayLevelNonUniformity | dwi_log-sigma-0-6-mm-3D_glszm_ZoneVariance,False,42
,,t2_original_gldm_DependenceNonUniformity,0.6565412862928135,negative_higher,14537.540095001306,0.5204200700116686,0.7235294117647059,mann_whitney_u,2.7434894230871248e-17,8.347762382277418e-16,138,True,dwi_wavelet2-LL_glszm_GrayLevelNonUniformity | t2_squareroot_glszm_SizeZoneNonUniformity,False,42
,,dwi_exponential_gldm_DependenceNonUniformity,0.6564451918456997,negative_higher,2296.305312016503,0.6102683780630105,0.6411764705882352,mann_whitney_u,2.868299556692016e-17,8.664740891043003e-16,139,True,dwi_wavelet2-LL_glszm_GrayLevelNonUniformity | adc_logarithm_gldm_GrayLevelNonUniformity | dwi_log-sigma-0-6-mm-3D_glszm_ZoneVariance,False,42
,,t2_squareroot_ngtdm_Coarseness,0.6562838904523303,positive_higher,0.0002938493961279,0.6235294117647059,0.6277712952158694,mann_whitney_u,3.0905129905900525e-17,9.269331462491164e-16,140,True,t2_original_shape_SurfaceVolumeRatio,False,42
,,t2_wavelet-HL_glszm_GrayLevelNonUniformity,0.6562186835060745,negative_higher,1270.361008784358,0.6289381563593932,0.6323529411764706,mann_whitney_u,3.185089637465702e-17,9.485242118949278e-16,141,True,,False,42
,,t2_log-sigma-2-mm-3D_glrlm_GrayLevelNonUniformity,0.6561466126707393,negative_higher,4252.922359890633,0.4492415402567094,0.788235294117647,mann_whitney_u,3.292945665308399e-17,9.737379470866175e-16,142,True,dwi_wavelet2-LL_glszm_GrayLevelNonUniformity | adc_logarithm_gldm_GrayLevelNonUniformity | t2_squareroot_glszm_SizeZoneNonUniformity,False,42
,,adc_wavelet2-LL_glrlm_GrayLevelNonUniformity,0.6561294529480404,negative_higher,76.36886397782041,0.5915985997666278,0.6705882352941177,mann_whitney_u,3.319152111602045e-17,9.746237564067823e-16,143,True,adc_logarithm_gldm_GrayLevelNonUniformity,False,42
,,dwi_exponential_glrlm_GrayLevelNonUniformityNormalized,0.6553092182030338,negative_higher,0.8839815682382637,0.5705950991831972,0.711764705882353,mann_whitney_u,3.4469009415349005e-17,1.0051067398267394e-15,144,True,dwi_exponential_glcm_Imc2 | dwi_exponential_glrlm_ShortRunLowGrayLevelEmphasis,False,42
,,t2_original_shape_LeastAxisLength,0.6559990390555288,negative_higher,38.950064278537965,0.37222870478413067,0.861764705882353,mann_whitney_u,3.525159805738554e-17,1.020837656848013e-15,145,True,t2_original_shape_SurfaceVolumeRatio,False,42
,,t2_log-sigma-0-6-mm-3D_glszm_GrayLevelNonUniformity,0.6559647196101311,negative_higher,955.6783256880734,0.5915985997666278,0.6558823529411765,mann_whitney_u,3.581436762618865e-17,1.0300310250846995e-15,146,True,t2_squareroot_glszm_SizeZoneNonUniformity | t2_wavelet-HL_glszm_GrayLevelNonUniformity,False,42
,,t2_wavelet2-LL_ngtdm_Coarseness,0.6558171459949208,positive_higher,0.0005884044794557,0.6029411764705882,0.6534422403733955,mann_whitney_u,3.833698458789145e-17,1.0950816209833754e-15,147,True,t2_original_shape_SurfaceVolumeRatio,False,42
,,adc_original_gldm_GrayLevelNonUniformity,0.6557828265495229,negative_higher,279.38205002452185,0.6254375729288215,0.6323529411764706,mann_whitney_u,3.894831002395032e-17,1.105026714801131e-15,148,True,adc_logarithm_gldm_GrayLevelNonUniformity,False,42
,,dwi_wavelet2-LH_ngtdm_Coarseness,0.6557485071041252,positive_higher,0.0018929687096736,0.5911764705882353,0.6394399066511085,mann_whitney_u,3.95692494654108e-17,1.112942941453824e-15,149,True,adc_wavelet2-LL_ngtdm_Coarseness,False,42
,,dwi_exponential_glszm_ZoneVariance,0.6557382112705059,negative_higher,24213.647058823528,0.5834305717619603,0.6676470588235295,mann_whitney_u,3.9757428249124464e-17,1.112942941453824e-15,150,True,,False,42
,,adc_squareroot_firstorder_TotalEnergy,0.6556661404351707,negative_higher,225463483895.94897,0.6196032672112018,0.6323529411764706,mann_whitney_u,4.109962581267554e-17,1.1428962171352623e-15,151,True,,False,42
,,dwi_log-sigma-2-mm-3D_ngtdm_Strength,0.6555425904317386,positive_higher,0.0596041243732241,0.6882352941176471,0.5554259043173863,mann_whitney_u,4.3505286922047265e-17,1.2018335512215556e-15,152,True,,False,42
,,dwi_wavelet-LH_glrlm_GrayLevelNonUniformity,0.6555082709863409,negative_higher,783.6515972368857,0.6207701283547258,0.6176470588235294,mann_whitney_u,4.4197826991707095e-17,1.2129848074390727e-15,153,True,dwi_wavelet2-LL_glszm_GrayLevelNonUniformity | dwi_log-sigma-0-6-mm-3D_glszm_ZoneVariance,False,42
,,dwi_log-sigma-2-mm-3D_ngtdm_Coarseness,0.6554464959846249,positive_higher,0.0022363930309954,0.6205882352941177,0.61610268378063,mann_whitney_u,4.5471909214926475e-17,1.2398477064511448e-15,154,True,adc_wavelet2-LL_ngtdm_Coarseness,False,42
,,t2_logarithm_ngtdm_Coarseness,0.6554156084837668,positive_higher,0.0001929082536781,0.6823529411764706,0.5647607934655776,mann_whitney_u,4.612246763549788e-17,1.2494725264610038e-15,155,True,,False,42
,,dwi_wavelet2-HH_gldm_DependenceNonUniformity,0.6553195140366531,negative_higher,841.0804538421867,0.6791131855309218,0.5588235294117647,mann_whitney_u,4.820570317344724e-17,1.297536843751955e-15,156,True,dwi_wavelet2-LL_glszm_GrayLevelNonUniformity | adc_logarithm_gldm_GrayLevelNonUniformity | dwi_log-sigma-0-6-mm-3D_glszm_ZoneVariance,False,42
,,adc_wavelet2-LL_gldm_GrayLevelNonUniformity,0.6552954904248748,negative_higher,78.62149929278642,0.6056009334889149,0.65,mann_whitney_u,4.874084894431055e-17,1.3035848708099362e-15,157,True,adc_logarithm_gldm_GrayLevelNonUniformity,False,42
,,dwi_exponential_glcm_DifferenceEntropy,0.654434072345391,positive_higher,0.0888739457682018,0.6823529411764706,0.5974329054842473,mann_whitney_u,5.167169697593651e-17,1.3732244025440343e-15,158,True,dwi_exponential_gldm_SmallDependenceEmphasis,False,42
,,dwi_log-sigma-0-6-mm-3D_ngtdm_Coarseness,0.6550964376415678,positive_higher,0.0011578780222819,0.5941176470588235,0.6511085180863477,mann_whitney_u,5.3406308125552105e-17,1.4103967787370646e-15,159,True,adc_wavelet2-LL_ngtdm_Coarseness | t2_original_shape_SurfaceVolumeRatio,False,42
,,dwi_log-sigma-0-6-mm-3D_gldm_GrayLevelNonUniformity,0.6550792779188687,negative_higher,2020.969405378732,0.6522753792298717,0.5941176470588235,mann_whitney_u,5.382854048823856e-17,1.4126627594382106e-15,160,True,dwi_wavelet2-LL_glszm_GrayLevelNonUniformity | adc_logarithm_gldm_GrayLevelNonUniformity | dwi_log-sigma-0-6-mm-3D_glszm_ZoneVariance,False,42
,,dwi_exponential_glcm_Idm,0.6539913514997598,negative_higher,0.9946106971654344,0.5915985997666278,0.6941176470588235,mann_whitney_u,6.336224252728269e-17,1.6509890740790814e-15,161,True,dwi_exponential_gldm_SmallDependenceEmphasis,False,42
,,dwi_log-sigma-0-6-mm-3D_glrlm_GrayLevelNonUniformity,0.6547120598531128,negative_higher,958.0036828275502,0.6499416569428238,0.5911764705882353,mann_whitney_u,6.369617289850231e-17,1.6509890740790814e-15,162,True,dwi_wavelet2-LL_glszm_GrayLevelNonUniformity | adc_logarithm_gldm_GrayLevelNonUniformity | dwi_log-sigma-0-6-mm-3D_glszm_ZoneVariance,False,42
,,dwi_log-sigma-3-mm-3D_firstorder_TotalEnergy,0.6546743084631752,negative_higher,3743772986.234814,0.6429404900816803,0.5882352941176471,mann_whitney_u,6.480653570139979e-17,1.6645056433038829e-15,163,True,dwi_wavelet2-LL_glszm_GrayLevelNonUniformity | adc_logarithm_gldm_GrayLevelNonUniformity,False,42
,,dwi_log-sigma-0-6-mm-3D_gldm_DependenceNonUniformity,0.6546674445740956,negative_higher,704.955220470642,0.6277712952158693,0.6147058823529412,mann_whitney_u,6.501046094351912e-17,1.6645056433038829e-15,164,True,dwi_wavelet2-LL_glszm_GrayLevelNonUniformity | adc_logarithm_gldm_GrayLevelNonUniformity | dwi_log-sigma-0-6-mm-3D_glszm_ZoneVariance,False,42
,,dwi_exponential_gldm_LowGrayLevelEmphasis,0.6536824764911798,negative_higher,0.9948366272906256,0.5705950991831972,0.7147058823529412,mann_whitney_u,7.302682888320257e-17,1.8584221483670764e-15,165,True,dwi_exponential_gldm_SmallDependenceEmphasis,False,42
,,dwi_wavelet2-HH_gldm_GrayLevelNonUniformity,0.654279634841101,negative_higher,2010.2209769507288,0.6522753792298717,0.5941176470588235,mann_whitney_u,7.762083716799789e-17,1.9634331040266457e-15,166,True,dwi_wavelet2-LL_glszm_GrayLevelNonUniformity | adc_logarithm_gldm_GrayLevelNonUniformity | dwi_log-sigma-0-6-mm-3D_glszm_ZoneVariance,False,42
,,dwi_squareroot_ngtdm_Coarseness,0.6542590431738623,positive_higher,0.002653003000879,0.6647058823529411,0.5717619603267211,mann_whitney_u,7.835402258451927e-17,1.9701110229484814e-15,167,True,adc_wavelet2-LL_ngtdm_Coarseness,False,42
,,dwi_log-sigma-2-mm-3D_firstorder_TotalEnergy,0.6539844876106802,negative_higher,4020405400.571428,0.6301050175029171,0.5970588235294118,mann_whitney_u,8.8807631805394e-17,2.2196621782788655e-15,168,True,dwi_wavelet2-LL_glszm_GrayLevelNonUniformity | adc_logarithm_gldm_GrayLevelNonUniformity | t2_squareroot_glszm_SizeZoneNonUniformity,False,42
,,dwi_wavelet-HH_gldm_GrayLevelNonUniformity,0.653941588303933,negative_higher,2005.6706556968336,0.6394399066511085,0.6058823529411765,mann_whitney_u,9.056074768751039e-17,2.2500862694666043e-15,169,True,dwi_wavelet2-LL_glszm_GrayLevelNonUniformity | adc_logarithm_gldm_GrayLevelNonUniformity | dwi_log-sigma-0-6-mm-3D_glszm_ZoneVariance,False,42
,,dwi_log-sigma-0-6-mm-3D_firstorder_TotalEnergy,0.6538437778845494,negative_higher,3754628368.073464,0.721120186697783,0.5117647058823529,mann_whitney_u,9.468650962272629e-17,2.3387567876813394e-15,170,True,dwi_wavelet2-LL_glszm_GrayLevelNonUniformity | adc_logarithm_gldm_GrayLevelNonUniformity | t2_squareroot_glszm_SizeZoneNonUniformity | t2_original_shape_SurfaceVolumeRatio,False,42
,,dwi_wavelet-HH_gldm_DependenceNonUniformity,0.6538266181618504,negative_higher,910.7885824866956,0.6522753792298717,0.5852941176470587,mann_whitney_u,9.542919704341947e-17,2.343316949621745e-15,171,True,dwi_wavelet2-LL_glszm_GrayLevelNonUniformity | adc_logarithm_gldm_GrayLevelNonUniformity | dwi_log-sigma-0-6-mm-3D_glszm_ZoneVariance,False,42
,,dwi_wavelet-HH_ngtdm_Coarseness,0.653757979271055,positive_higher,0.0009970403796736,0.5911764705882353,0.6511085180863477,mann_whitney_u,9.845782434566649e-17,2.4036302582991488e-15,172,True,adc_wavelet2-LL_ngtdm_Coarseness | t2_original_shape_SurfaceVolumeRatio,False,42
,,dwi_wavelet2-HH_ngtdm_Coarseness,0.6537065001029583,positive_higher,0.0011832250630447,0.5647058823529412,0.6826137689614935,mann_whitney_u,1.0079131051022375e-16,2.4463740626151993e-15,173,True,adc_wavelet2-LL_ngtdm_Coarseness | t2_original_shape_SurfaceVolumeRatio,False,42
,,dwi_exponential_gldm_DependenceNonUniformityNormalized,0.6536001098222253,negative_higher,0.5733117936819229,0.5180863477246208,0.7411764705882353,mann_whitney_u,1.0578802143230089e-16,2.5502169288444695e-15,174,True,dwi_exponential_glrlm_ShortRunLowGrayLevelEmphasis,False,42
,,t2_wavelet2-HL_gldm_DependenceNonUniformity,0.6535898139886059,negative_higher,14553.49003101462,0.5180863477246208,0.7147058823529412,mann_whitney_u,1.0628434449816197e-16,2.5502169288444695e-15,175,True,dwi_wavelet2-LL_glszm_GrayLevelNonUniformity | t2_squareroot_glszm_SizeZoneNonUniformity | t2_wavelet-HL_glszm_GrayLevelNonUniformity,False,42
,,t2_wavelet2-LH_glrlm_RunLengthNonUniformity,0.6531985723110715,negative_higher,21215.626178128423,0.6942823803967327,0.5588235294117647,mann_whitney_u,1.269455889902116e-16,2.9800729899321155e-15,176,True,t2_squareroot_glszm_SizeZoneNonUniformity | t2_wavelet-HL_glszm_GrayLevelNonUniformity,False,42
,,adc_logarithm_firstorder_TotalEnergy,0.6531436611984349,negative_higher,462428525477.71857,0.5542590431738623,0.6823529411764706,mann_whitney_u,1.3014579200544172e-16,2.9800729899321155e-15,177,True,adc_squareroot_firstorder_TotalEnergy,False,42
,,dwi_wavelet-HL_firstorder_TotalEnergy,0.6531402292538953,negative_higher,3754754506.9332247,0.7176196032672112,0.5176470588235293,mann_whitney_u,1.3034842492297488e-16,2.9800729899321155e-15,178,True,dwi_wavelet2-LL_glszm_GrayLevelNonUniformity | adc_logarithm_gldm_GrayLevelNonUniformity | t2_squareroot_glszm_SizeZoneNonUniformity | t2_original_shape_SurfaceVolumeRatio,False,42
,,dwi_wavelet-HH_glrlm_GrayLevelNonUniformity,0.6531299334202758,negative_higher,1073.2295528053933,0.6546091015169195,0.5882352941176471,mann_whitney_u,1.3095819195201468e-16,2.9800729899321155e-15,179,True,dwi_wavelet2-LL_glszm_GrayLevelNonUniformity | adc_logarithm_gldm_GrayLevelNonUniformity | dwi_log-sigma-0-6-mm-3D_glszm_ZoneVariance,False,42
,,t2_original_firstorder_TotalEnergy,0.6531265014757361,negative_higher,4508454343.067074,0.6697782963827305,0.5735294117647058,mann_whitney_u,1.3116207195796013e-16,2.9800729899321155e-15,180,True,,False,42
,,t2_wavelet2-HH_firstorder_TotalEnergy,0.6531265014757361,negative_higher,3767182962.2331614,0.705950991831972,0.5235294117647059,mann_whitney_u,1.3116207195796013e-16,2.9800729899321155e-15,181,True,dwi_wavelet2-LL_glszm_GrayLevelNonUniformity | adc_logarithm_gldm_GrayLevelNonUniformity | t2_squareroot_glszm_SizeZoneNonUniformity | t2_original_firstorder_TotalEnergy,False,42
,,t2_original_shape_VoxelVolume,0.6531196375866566,negative_higher,41850.88465658305,0.705950991831972,0.5235294117647059,mann_whitney_u,1.3157077129904634e-16,2.9800729899321155e-15,182,True,dwi_wavelet2-LL_glszm_GrayLevelNonUniformity | adc_logarithm_gldm_GrayLevelNonUniformity | t2_squareroot_glszm_SizeZoneNonUniformity | t2_original_firstorder_TotalEnergy,False,42
,,t2_wavelet-HH_firstorder_TotalEnergy,0.6531162056421168,negative_higher,3767066414.642541,0.705950991831972,0.5235294117647059,mann_whitney_u,1.3177559158158217e-16,2.9800729899321155e-15,183,True,dwi_wavelet2-LL_glszm_GrayLevelNonUniformity | adc_logarithm_gldm_GrayLevelNonUniformity | t2_squareroot_glszm_SizeZoneNonUniformity | t2_original_firstorder_TotalEnergy,False,42
,,dwi_exponential_glcm_JointEntropy,0.6523886333996841,positive_higher,0.1047520577335028,0.7147058823529412,0.5694282380396734,mann_whitney_u,1.3195513674071129e-16,2.9800729899321155e-15,184,True,dwi_exponential_gldm_SmallDependenceEmphasis,False,42
,,t2_wavelet-HL_firstorder_TotalEnergy,0.6531024778639578,negative_higher,3766170348.26044,0.705950991831972,0.5235294117647059,mann_whitney_u,1.32598021210907e-16,2.9800729899321155e-15,185,True,dwi_wavelet2-LL_glszm_GrayLevelNonUniformity | adc_logarithm_gldm_GrayLevelNonUniformity | t2_squareroot_glszm_SizeZoneNonUniformity | t2_original_firstorder_TotalEnergy,False,42
,,t2_wavelet2-HL_firstorder_TotalEnergy,0.6530990459194179,negative_higher,3769691607.77394,0.704784130688448,0.5235294117647059,mann_whitney_u,1.3280441812566518e-16,2.9800729899321155e-15,186,True,dwi_wavelet2-LL_glszm_GrayLevelNonUniformity | adc_logarithm_gldm_GrayLevelNonUniformity | t2_squareroot_glszm_SizeZoneNonUniformity | t2_original_firstorder_TotalEnergy,False,42
,,t2_original_shape_MeshVolume,0.6530921820303384,negative_higher,41803.83880741105,0.705950991831972,0.5235294117647059,mann_whitney_u,1.3321816270971663e-16,2.9800729899321155e-15,187,True,dwi_wavelet2-LL_glszm_GrayLevelNonUniformity | adc_logarithm_gldm_GrayLevelNonUniformity | t2_squareroot_glszm_SizeZoneNonUniformity | t2_original_firstorder_TotalEnergy,False,42
,,dwi_wavelet2-HH_firstorder_TotalEnergy,0.6530887500857986,negative_higher,3863473041.14029,0.6896149358226371,0.5352941176470588,mann_whitney_u,1.3342551133775607e-16,2.9800729899321155e-15,188,True,dwi_wavelet2-LL_glszm_GrayLevelNonUniformity | adc_logarithm_gldm_GrayLevelNonUniformity | t2_squareroot_glszm_SizeZoneNonUniformity | t2_original_shape_SurfaceVolumeRatio | t2_original_firstorder_TotalEnergy,False,42
,,dwi_wavelet-HH_firstorder_TotalEnergy,0.6530578625849407,negative_higher,3840255803.9764624,0.7012835472578763,0.5235294117647059,mann_whitney_u,1.3530602577574594e-16,3.00608466789607e-15,189,True,dwi_wavelet2-LL_glszm_GrayLevelNonUniformity | adc_logarithm_gldm_GrayLevelNonUniformity | t2_squareroot_glszm_SizeZoneNonUniformity | t2_original_shape_SurfaceVolumeRatio | t2_original_firstorder_TotalEnergy,False,42
,,t2_wavelet-LH_firstorder_TotalEnergy,0.6530132473059236,negative_higher,3764865421.136994,0.705950991831972,0.5235294117647059,mann_whitney_u,1.3806854367909502e-16,3.0400613554911816e-15,190,True,dwi_wavelet2-LL_glszm_GrayLevelNonUniformity | adc_logarithm_gldm_GrayLevelNonUniformity | t2_squareroot_glszm_SizeZoneNonUniformity | t2_original_firstorder_TotalEnergy,False,42
,,adc_log-sigma-3-mm-3D_ngtdm_Coarseness,0.6530098153613837,positive_higher,0.0039329251025159,0.7294117647058823,0.500583430571762,mann_whitney_u,1.3828333386492396e-16,3.0400613554911816e-15,191,True,adc_wavelet2-LL_ngtdm_Coarseness | t2_original_shape_SurfaceVolumeRatio,False,42
,,t2_wavelet2-LH_firstorder_TotalEnergy,0.6529754959159859,negative_higher,3767571353.253497,0.704784130688448,0.5235294117647059,mann_whitney_u,1.404494377312491e-16,3.0715999428828903e-15,192,True,dwi_wavelet2-LL_glszm_GrayLevelNonUniformity | adc_logarithm_gldm_GrayLevelNonUniformity | t2_squareroot_glszm_SizeZoneNonUniformity | t2_original_firstorder_TotalEnergy,False,42
,,adc_log-sigma-2-mm-3D_ngtdm_Coarseness,0.6529102889697302,positive_higher,0.0035089537641427,0.5058823529411764,0.7199533255542591,mann_whitney_u,1.4465760083826638e-16,3.147239719792127e-15,193,True,adc_wavelet2-LL_ngtdm_Coarseness | t2_original_shape_SurfaceVolumeRatio | t2_logarithm_ngtdm_Coarseness,False,42
,,t2_exponential_firstorder_TotalEnergy,0.6527386917427414,negative_higher,4067407921.756328,0.6534422403733956,0.5705882352941176,mann_whitney_u,1.5633491865386218e-16,3.383764553750347e-15,194,True,dwi_wavelet2-LL_glszm_GrayLevelNonUniformity | adc_logarithm_gldm_GrayLevelNonUniformity | t2_squareroot_glszm_SizeZoneNonUniformity | t2_original_firstorder_TotalEnergy,False,42
,,t2_log-sigma-3-mm-3D_glszm_ZoneEntropy,0.6476868693801908,negative_higher,8.646647055183866,0.6149358226371062,0.6147058823529412,t_test,1.576734220802872e-16,3.3952343554621843e-15,195,True,,False,42
,,t2_log-sigma-0-6-mm-3D_firstorder_TotalEnergy,0.6527078042418833,negative_higher,3757231070.2694025,0.704784130688448,0.5235294117647059,mann_whitney_u,1.5853338541554408e-16,3.3963351293870898e-15,196,True,dwi_wavelet2-LL_glszm_GrayLevelNonUniformity | adc_logarithm_gldm_GrayLevelNonUniformity | t2_squareroot_glszm_SizeZoneNonUniformity | t2_original_firstorder_TotalEnergy,False,42
,,adc_squareroot_firstorder_Energy,0.6525808222939118,negative_higher,18278707009.05364,0.6989498249708285,0.55,mann_whitney_u,1.6789626255562136e-16,3.578661961782e-15,197,True,adc_squareroot_firstorder_TotalEnergy,False,42
,,dwi_wavelet2-HH_glrlm_GrayLevelNonUniformity,0.6524984556249571,negative_higher,945.7077976647346,0.6744457409568262,0.5676470588235294,mann_whitney_u,1.7425881797243663e-16,3.695519074072027e-15,198,True,dwi_wavelet2-LL_glszm_GrayLevelNonUniformity | adc_logarithm_gldm_GrayLevelNonUniformity | dwi_log-sigma-0-6-mm-3D_glszm_ZoneVariance | t2_original_firstorder_TotalEnergy,False,42
,,dwi_exponential_glcm_SumEntropy,0.6517502917152859,positive_higher,0.1024494558228883,0.6970588235294117,0.5834305717619603,mann_whitney_u,1.7636638308633603e-16,3.721419309444849e-15,199,True,dwi_exponential_gldm_SmallDependenceEmphasis,False,42
,,dwi_exponential_glcm_Id,0.6516816528244904,negative_higher,0.9945536409464384,0.5962660443407235,0.6823529411764706,mann_whitney_u,1.819417801721009e-16,3.8198676747132584e-15,200,True,dwi_exponential_gldm_SmallDependenceEmphasis,False,42
,,t2_log-sigma-3-mm-3D_glrlm_GrayLevelNonUniformity,0.652223900061775,negative_higher,3201.7330604452104,0.40956826137689617,0.8235294117647058,mann_whitney_u,1.9723286524086522e-16,4.120302493265637e-15,201,True,dwi_wavelet2-LL_glszm_GrayLevelNonUniformity | adc_logarithm_gldm_GrayLevelNonUniformity | t2_squareroot_glszm_SizeZoneNonUniformity | t2_original_firstorder_TotalEnergy,False,42
,,dwi_wavelet-LH_firstorder_TotalEnergy,0.6520900542247238,negative_higher,3779413151.721235,0.7117852975495916,0.5117647058823529,mann_whitney_u,2.094908527416324e-16,4.3165955618215745e-15,202,True,dwi_wavelet2-LL_glszm_GrayLevelNonUniformity | adc_logarithm_gldm_GrayLevelNonUniformity | t2_squareroot_glszm_SizeZoneNonUniformity | t2_original_shape_SurfaceVolumeRatio | t2_original_firstorder_TotalEnergy,False,42
,,dwi_log-sigma-3-mm-3D_glrlm_LongRunHighGrayLevelEmphasis,0.6520831903356442,positive_higher,433.3252882451699,0.4852941176470588,0.7736289381563594,mann_whitney_u,2.101393194137632e-16,4.3165955618215745e-15,203,True,dwi_log-sigma-3-mm-3D_gldm_LargeDependenceHighGrayLevelEmphasis,False,42
,,dwi_wavelet2-HL_firstorder_TotalEnergy,0.6520831903356441,negative_higher,3757551370.0553937,0.7141190198366394,0.5147058823529411,mann_whitney_u,2.101393194137632e-16,4.3165955618215745e-15,204,True,dwi_wavelet2-LL_glszm_GrayLevelNonUniformity | adc_logarithm_gldm_GrayLevelNonUniformity | t2_squareroot_glszm_SizeZoneNonUniformity | t2_original_shape_SurfaceVolumeRatio | t2_original_firstorder_TotalEnergy,False,42
,,dwi_logarithm_ngtdm_Coarseness,0.6520763264465645,positive_higher,0.002246519742815,0.6764705882352942,0.5554259043173863,mann_whitney_u,2.1078976478676425e-16,4.3165955618215745e-15,205,True,,False,42
,,t2_wavelet2-LH_gldm_DependenceNonUniformity,0.6520660306129453,negative_higher,14542.892361216154,0.5122520420070011,0.7205882352941176,mann_whitney_u,2.1176915592646925e-16,4.3165955618215745e-15,206,True,dwi_wavelet2-LL_glszm_GrayLevelNonUniformity | t2_squareroot_glszm_SizeZoneNonUniformity | t2_wavelet-HL_glszm_GrayLevelNonUniformity | t2_original_firstorder_TotalEnergy,False,42
,,t2_wavelet2-HH_glrlm_RunLengthNonUniformity,0.651733131992587,negative_higher,14697.82550535618,0.4970828471411902,0.7235294117647059,mann_whitney_u,2.4597122940150687e-16,4.98953232974361e-15,207,True,dwi_wavelet2-LL_glszm_GrayLevelNonUniformity | t2_original_firstorder_TotalEnergy,False,42
,,t2_exponential_gldm_GrayLevelNonUniformity,0.6516541972681722,negative_higher,75269.49524792608,0.632438739789965,0.5882352941176471,mann_whitney_u,2.548481498695005e-16,5.1280274257688044e-15,208,True,dwi_wavelet2-LL_glszm_GrayLevelNonUniformity | adc_logarithm_gldm_GrayLevelNonUniformity | t2_squareroot_glszm_SizeZoneNonUniformity,False,42
,,dwi_wavelet2-HH_glszm_LargeAreaEmphasis,0.6516507653236323,negative_higher,5668.672131147541,0.5927654609101517,0.6411764705882352,mann_whitney_u,2.5524118408804003e-16,5.1280274257688044e-15,209,True,dwi_log-sigma-0-6-mm-3D_glszm_ZoneVariance,False,42
,,dwi_log-sigma-2-mm-3D_ngtdm_Busyness,0.6516027181000754,negative_higher,12.610378359504235,0.49941656942823803,0.7264705882352941,mann_whitney_u,2.6080680759829855e-16,5.214894214786932e-15,210,True,,False,42
,,t2_wavelet-HH_glrlm_RunLengthNonUniformity,0.6515134875420413,negative_higher,16100.954993853587,0.5600933488914819,0.6676470588235295,mann_whitney_u,2.7146216034133586e-16,5.402225645844878e-15,211,True,dwi_wavelet2-LL_glszm_GrayLevelNonUniformity | t2_original_firstorder_TotalEnergy,False,42
,,t2_wavelet2-LL_glszm_GrayLevelNonUniformity,0.6514105292058481,negative_higher,986.4166333220476,0.514585764294049,0.7205882352941176,mann_whitney_u,2.8429076543055554e-16,5.630834547372183e-15,212,True,dwi_wavelet2-LL_glszm_GrayLevelNonUniformity,False,42
,,dwi_exponential_firstorder_Uniformity,0.6505628389045233,negative_higher,0.986030580777226,0.5834305717619603,0.6941176470588235,mann_whitney_u,3.0158872255675077e-16,5.945403971905148e-15,213,True,dwi_exponential_gldm_SmallDependenceEmphasis,False,42
,,t2_log-sigma-2-mm-3D_firstorder_TotalEnergy,0.6511188139199671,negative_higher,5650484755.300394,0.39789964994165694,0.8264705882352941,mann_whitney_u,3.239730629839708e-16,6.3568359414471654e-15,214,True,dwi_wavelet2-LL_glszm_GrayLevelNonUniformity | adc_logarithm_gldm_GrayLevelNonUniformity | t2_squareroot_glszm_SizeZoneNonUniformity | t2_original_firstorder_TotalEnergy,False,42
,,t2_original_ngtdm_Coarseness,0.6510227194728533,positive_higher,0.0003184087552805,0.6882352941176471,0.5682613768961493,mann_whitney_u,3.382037806008233e-16,6.6051984871760795e-15,215,True,t2_original_shape_SurfaceVolumeRatio | t2_logarithm_ngtdm_Coarseness,False,42
,,dwi_square_glszm_GrayLevelNonUniformityNormalized,0.6509884000274555,negative_higher,0.1898595905107443,0.6954492415402567,0.5441176470588236,mann_whitney_u,3.4339451739516277e-16,6.675525826584669e-15,216,True,,False,42
,,adc_logarithm_firstorder_Energy,0.650906033358501,negative_higher,33645023919.109463,0.7129521586931156,0.5294117647058824,mann_whitney_u,3.5631418728629995e-16,6.863134277133823e-15,217,True,adc_squareroot_firstorder_TotalEnergy,False,42
,,dwi_wavelet-HL_glrlm_GrayLevelNonUniformity,0.650906033358501,negative_higher,791.6013959663272,0.6371061843640606,0.5941176470588235,mann_whitney_u,3.5631418728629995e-16,6.863134277133823e-15,218,True,dwi_wavelet2-LL_glszm_GrayLevelNonUniformity | dwi_log-sigma-0-6-mm-3D_glszm_ZoneVariance | t2_original_firstorder_TotalEnergy,False,42
,,t2_wavelet-LH_glrlm_RunLengthNonUniformity,0.650875145857643,negative_higher,16795.776071869972,0.5822637106184364,0.6588235294117647,mann_whitney_u,3.61265996994667e-16,6.926739367034733e-15,219,True,t2_wavelet-HL_glszm_GrayLevelNonUniformity | t2_original_firstorder_TotalEnergy,False,42
,,t2_log-sigma-2-mm-3D_glrlm_RunLengthNonUniformity,0.6507378680760518,negative_higher,5348.245396072323,0.6931155192532089,0.5588235294117647,mann_whitney_u,3.8410727611946723e-16,7.331211147389285e-15,220,True,,False,42
,,dwi_wavelet2-HL_glrlm_GrayLevelNonUniformity,0.6506005902944608,negative_higher,623.3626741311891,0.6522753792298717,0.5764705882352941,mann_whitney_u,4.083705593499468e-16,7.759040627648988e-15,221,True,dwi_wavelet2-LL_glszm_GrayLevelNonUniformity | dwi_log-sigma-0-6-mm-3D_glszm_ZoneVariance | t2_original_firstorder_TotalEnergy,False,42
,,dwi_wavelet-HL_ngtdm_Coarseness,0.6505799986272222,positive_higher,0.0014581269806173,0.5823529411764706,0.6487747957992999,mann_whitney_u,4.1213801675887207e-16,7.79534924491218e-15,222,True,adc_wavelet2-LL_ngtdm_Coarseness | dwi_logarithm_ngtdm_Coarseness,False,42
,,dwi_wavelet2-LH_firstorder_TotalEnergy,0.6503878097329947,negative_higher,4969204965.663509,0.49474912485414235,0.7294117647058824,mann_whitney_u,4.489942757042527e-16,8.454381003059e-15,223,True,dwi_wavelet2-LL_glszm_GrayLevelNonUniformity | adc_logarithm_gldm_GrayLevelNonUniformity | t2_squareroot_glszm_SizeZoneNonUniformity | t2_original_shape_SurfaceVolumeRatio | t2_original_firstorder_TotalEnergy,False,42
,,dwi_log-sigma-3-mm-3D_firstorder_Minimum,0.6502882833413411,negative_higher,-156.1881866455078,0.5717619603267211,0.6529411764705882,mann_whitney_u,4.693382777914185e-16,8.797997448420385e-15,224,True,,False,42
,,dwi_original_ngtdm_Coarseness,0.6502573958404833,positive_higher,0.0034563568683117,0.47941176470588237,0.7549591598599766,mann_whitney_u,4.758346866186065e-16,8.867885248732744e-15,225,True,,False,42
,,t2_log-sigma-3-mm-3D_firstorder_TotalEnergy,0.6502505319514036,negative_higher,3891775340.77959,0.6697782963827305,0.5588235294117647,mann_whitney_u,4.772903229849012e-16,8.867885248732744e-15,226,True,dwi_wavelet2-LL_glszm_GrayLevelNonUniformity | adc_logarithm_gldm_GrayLevelNonUniformity | t2_squareroot_glszm_SizeZoneNonUniformity | t2_original_firstorder_TotalEnergy,False,42
,,adc_wavelet2-LL_firstorder_TotalEnergy,0.6501029583361932,negative_higher,1462636146565.6047,0.6744457409568262,0.5764705882352941,mann_whitney_u,5.096697062270617e-16,9.427766944702343e-15,227,True,adc_squareroot_firstorder_TotalEnergy,False,42
,,adc_original_firstorder_TotalEnergy,0.650030887500858,negative_higher,92134187919.2159,0.6744457409568262,0.5764705882352941,mann_whitney_u,5.262602365448404e-16,9.691959356367477e-15,228,True,adc_squareroot_firstorder_TotalEnergy,False,42
,,dwi_log-sigma-2-mm-3D_gldm_DependenceNonUniformity,0.6500205916672386,negative_higher,614.1423101467773,0.6406067677946324,0.5882352941176471,mann_whitney_u,5.28673348739797e-16,9.693883805058549e-15,229,True,dwi_wavelet2-LL_glszm_GrayLevelNonUniformity | adc_logarithm_gldm_GrayLevelNonUniformity | t2_original_firstorder_TotalEnergy,False,42
,,dwi_log-sigma-3-mm-3D_gldm_DependenceNonUniformity,0.649969112499142,negative_higher,579.1371935315598,0.7269544924154026,0.5029411764705882,mann_whitney_u,5.409034289854825e-16,9.875015210043657e-15,230,True,dwi_log-sigma-0-6-mm-3D_glszm_ZoneVariance | t2_original_firstorder_TotalEnergy,False,42
,,t2_wavelet2-LH_glszm_GrayLevelNonUniformity,0.6499382249982841,negative_higher,2208.2930957683743,0.4830805134189031,0.7588235294117647,mann_whitney_u,5.483748581059017e-16,9.968078048427191e-15,231,True,t2_wavelet-HL_glszm_GrayLevelNonUniformity | t2_original_firstorder_TotalEnergy,False,42
,,t2_wavelet2-HH_glrlm_GrayLevelNonUniformity,0.6498146749948521,negative_higher,18042.88473294576,0.6067677946324388,0.6147058823529412,mann_whitney_u,5.792910425446565e-16,1.0484668481228504e-14,232,True,dwi_wavelet2-LL_glszm_GrayLevelNonUniformity | adc_logarithm_gldm_GrayLevelNonUniformity | dwi_log-sigma-0-6-mm-3D_glszm_ZoneVariance | t2_original_firstorder_TotalEnergy,False,42
,,dwi_log-sigma-3-mm-3D_firstorder_Energy,0.649800947216693,negative_higher,330795187.55373704,0.6639439906651109,0.5676470588235294,mann_whitney_u,5.82830434633196e-16,1.0503454914269486e-14,233,True,dwi_wavelet2-LL_glszm_GrayLevelNonUniformity | adc_logarithm_gldm_GrayLevelNonUniformity | dwi_log-sigma-0-6-mm-3D_glszm_ZoneVariance | t2_original_firstorder_TotalEnergy,False,42
,,dwi_log-sigma-0-6-mm-3D_firstorder_Energy,0.6497666277712952,negative_higher,364008452.21447897,0.6697782963827305,0.5705882352941176,mann_whitney_u,5.917724103878825e-16,1.0619027141960337e-14,234,True,dwi_wavelet2-LL_glszm_GrayLevelNonUniformity | adc_logarithm_gldm_GrayLevelNonUniformity | t2_original_firstorder_TotalEnergy,False,42
,,dwi_log-sigma-2-mm-3D_firstorder_Energy,0.649722012492278,negative_higher,348267964.4117128,0.6674445740956826,0.5647058823529412,mann_whitney_u,6.035993342592929e-16,1.0785164274701154e-14,235,True,dwi_wavelet2-LL_glszm_GrayLevelNonUniformity | adc_logarithm_gldm_GrayLevelNonUniformity | t2_original_firstorder_TotalEnergy,False,42
,,t2_wavelet2-HL_firstorder_Energy,0.6496979888804997,negative_higher,7051863587.829446,0.6686114352392065,0.5588235294117647,mann_whitney_u,6.100638355493882e-16,1.0828981339645973e-14,236,True,dwi_wavelet2-LL_glszm_GrayLevelNonUniformity | adc_logarithm_gldm_GrayLevelNonUniformity | dwi_log-sigma-0-6-mm-3D_glszm_ZoneVariance | t2_original_firstorder_TotalEnergy,False,42
,,t2_wavelet-HH_firstorder_Energy,0.6496876930468802,negative_higher,7032167240.963381,0.6709451575262544,0.5558823529411765,mann_whitney_u,6.128551756383142e-16,1.0828981339645973e-14,237,True,dwi_wavelet2-LL_glszm_GrayLevelNonUniformity | adc_logarithm_gldm_GrayLevelNonUniformity | dwi_log-sigma-0-6-mm-3D_glszm_ZoneVariance | t2_original_firstorder_TotalEnergy,False,42
,,t2_wavelet2-HH_firstorder_Energy,0.6496842611023406,negative_higher,7032577696.377795,0.6709451575262544,0.5558823529411765,mann_whitney_u,6.137884160123224e-16,1.0828981339645973e-14,238,True,dwi_wavelet2-LL_glszm_GrayLevelNonUniformity | adc_logarithm_gldm_GrayLevelNonUniformity | dwi_log-sigma-0-6-mm-3D_glszm_ZoneVariance | t2_original_firstorder_TotalEnergy,False,42
,,t2_wavelet-HL_firstorder_Energy,0.6496739652687211,negative_higher,7042697663.856739,0.6697782963827305,0.5558823529411765,mann_whitney_u,6.165965470896404e-16,1.0833007954934728e-14,239,True,dwi_wavelet2-LL_glszm_GrayLevelNonUniformity | adc_logarithm_gldm_GrayLevelNonUniformity | dwi_log-sigma-0-6-mm-3D_glszm_ZoneVariance | t2_original_firstorder_TotalEnergy,False,42
,,t2_square_firstorder_TotalEnergy,0.649632781934244,negative_higher,5188982577.921722,0.5402567094515752,0.6882352941176471,mann_whitney_u,6.279562192180209e-16,1.0974364271108957e-14,240,True,dwi_wavelet2-LL_glszm_GrayLevelNonUniformity | adc_logarithm_gldm_GrayLevelNonUniformity | t2_original_firstorder_TotalEnergy,False,42
,,dwi_log-sigma-3-mm-3D_glrlm_HighGrayLevelRunEmphasis,0.6496259180451645,positive_higher,28.15068750035138,0.5794117647058824,0.6417736289381564,mann_whitney_u,6.29869442566625e-16,1.0974364271108957e-14,241,True,dwi_log-sigma-3-mm-3D_gldm_LargeDependenceHighGrayLevelEmphasis | dwi_log-sigma-3-mm-3D_firstorder_Minimum,False,42
,,t2_wavelet2-LH_firstorder_Energy,0.6495847347106871,negative_higher,7019414056.714396,0.67561260210035,0.55,mann_whitney_u,6.414699910778517e-16,1.1118256950441928e-14,242,True,dwi_wavelet2-LL_glszm_GrayLevelNonUniformity | adc_logarithm_gldm_GrayLevelNonUniformity | dwi_log-sigma-0-6-mm-3D_glszm_ZoneVariance | t2_original_firstorder_TotalEnergy,False,42
,,t2_exponential_gldm_DependenceNonUniformity,0.6495778708216076,negative_higher,66648.59031718798,0.6067677946324388,0.6176470588235294,mann_whitney_u,6.434237768414833e-16,1.1118256950441928e-14,243,True,dwi_wavelet2-LL_glszm_GrayLevelNonUniformity | adc_logarithm_gldm_GrayLevelNonUniformity,False,42
,,t2_wavelet-LH_firstorder_Energy,0.6495641430434484,negative_higher,7031476524.599197,0.6697782963827305,0.5558823529411765,mann_whitney_u,6.47348955693879e-16,1.1140238790813928e-14,244,True,dwi_wavelet2-LL_glszm_GrayLevelNonUniformity | adc_logarithm_gldm_GrayLevelNonUniformity | dwi_log-sigma-0-6-mm-3D_glszm_ZoneVariance | t2_original_firstorder_TotalEnergy,False,42
,,t2_wavelet2-HH_ngtdm_Coarseness,0.6495263916535109,positive_higher,6.191511795100757e-05,0.5411764705882353,0.6791131855309218,mann_whitney_u,6.582652651620054e-16,1.1281860605776574e-14,245,True,adc_wavelet2-LL_ngtdm_Coarseness | t2_original_shape_SurfaceVolumeRatio,False,42
,,t2_wavelet-HH_ngtdm_Coarseness,0.6494234333173176,positive_higher,4.831573647883311e-05,0.6647058823529411,0.557759626604434,mann_whitney_u,6.889673965596502e-16,1.176005730956899e-14,246,True,adc_wavelet2-LL_ngtdm_Coarseness | t2_original_shape_SurfaceVolumeRatio,False,42
,,dwi_wavelet-HH_firstorder_Energy,0.6493959777609994,negative_higher,364925321.40791285,0.6732788798133023,0.5617647058823529,mann_whitney_u,6.9739018095252395e-16,1.1855633076192907e-14,247,True,dwi_wavelet2-LL_glszm_GrayLevelNonUniformity | adc_logarithm_gldm_GrayLevelNonUniformity | t2_squareroot_glszm_SizeZoneNonUniformity | t2_original_firstorder_TotalEnergy,False,42
,,dwi_wavelet2-HH_firstorder_Energy,0.6493273388702038,negative_higher,364991121.78270507,0.6721120186697783,0.5617647058823529,mann_whitney_u,7.188935734625179e-16,1.2171911753907712e-14,248,True,dwi_wavelet2-LL_glszm_GrayLevelNonUniformity | adc_logarithm_gldm_GrayLevelNonUniformity | t2_squareroot_glszm_SizeZoneNonUniformity | t2_original_firstorder_TotalEnergy,False,42
,,dwi_log-sigma-3-mm-3D_glcm_JointAverage,0.6492724277575674,positive_higher,5.331907755269818,0.5794117647058824,0.6441073512252042,mann_whitney_u,7.365655126129747e-16,1.2371354349847524e-14,249,True,dwi_log-sigma-3-mm-3D_firstorder_Minimum,False,42
,,dwi_log-sigma-3-mm-3D_glcm_SumAverage,0.6492724277575674,positive_higher,10.663815510539637,0.5794117647058824,0.6441073512252042,mann_whitney_u,7.365655126129747e-16,1.2371354349847524e-14,250,True,dwi_log-sigma-3-mm-3D_firstorder_Minimum,False,42
,,t2_log-sigma-0-6-mm-3D_firstorder_Energy,0.6492140847003912,negative_higher,7030887350.137756,0.6662777129521587,0.5588235294117647,mann_whitney_u,7.558109939155924e-16,1.2644025352396703e-14,251,True,dwi_wavelet2-LL_glszm_GrayLevelNonUniformity | adc_logarithm_gldm_GrayLevelNonUniformity | dwi_log-sigma-0-6-mm-3D_glszm_ZoneVariance | t2_original_firstorder_TotalEnergy,False,42
,,adc_log-sigma-0-6-mm-3D_ngtdm_Coarseness,0.6492037888667719,positive_higher,0.0012749055687937,0.6588235294117647,0.5624270711785297,mann_whitney_u,7.592583132322736e-16,1.265129229072348e-14,252,True,t2_original_shape_SurfaceVolumeRatio,False,42
,,dwi_wavelet-HL_firstorder_Energy,0.6491591735877549,negative_higher,363362748.0615823,0.662777129521587,0.5735294117647058,mann_whitney_u,7.743765847968731e-16,1.2852202686016088e-14,253,True,dwi_wavelet2-LL_glszm_GrayLevelNonUniformity | adc_logarithm_gldm_GrayLevelNonUniformity | t2_original_firstorder_TotalEnergy,False,42
,,t2_wavelet-HH_glrlm_GrayLevelNonUniformity,0.6491145583087377,negative_higher,21141.1877858603,0.5577596266044341,0.6647058823529413,mann_whitney_u,7.897913662115204e-16,1.3056432861110921e-14,254,True,dwi_wavelet2-LL_glszm_GrayLevelNonUniformity | adc_logarithm_gldm_GrayLevelNonUniformity | dwi_log-sigma-0-6-mm-3D_glszm_ZoneVariance | t2_original_firstorder_TotalEnergy,False,42
,,t2_log-sigma-0-6-mm-3D_gldm_DependenceNonUniformity,0.6490527833070218,negative_higher,11356.053879390853,0.6114352392065344,0.6176470588235294,mann_whitney_u,8.116350948125051e-16,1.3364924561245918e-14,255,True,dwi_wavelet2-LL_glszm_GrayLevelNonUniformity | adc_logarithm_gldm_GrayLevelNonUniformity | t2_original_firstorder_TotalEnergy,False,42
,,t2_exponential_firstorder_Energy,0.6490390555288627,negative_higher,7951376314.240144,0.5834305717619603,0.638235294117647,mann_whitney_u,8.165695022796738e-16,1.3393653672157619e-14,256,True,dwi_wavelet2-LL_glszm_GrayLevelNonUniformity | adc_logarithm_gldm_GrayLevelNonUniformity | dwi_log-sigma-0-6-mm-3D_glszm_ZoneVariance | t2_original_firstorder_TotalEnergy,False,42
,,t2_wavelet2-HH_gldm_DependenceNonUniformity,0.6489978721943852,negative_higher,19550.97602537098,0.6184364060676779,0.6029411764705883,mann_whitney_u,8.315507449164677e-16,1.358630964165077e-14,257,True,dwi_wavelet2-LL_glszm_GrayLevelNonUniformity | adc_logarithm_gldm_GrayLevelNonUniformity | t2_original_firstorder_TotalEnergy,False,42
,,dwi_logarithm_gldm_GrayLevelNonUniformity,0.648987576360766,negative_higher,1179.8797184900832,0.5192532088681447,0.7029411764705882,mann_whitney_u,8.353381691812184e-16,1.359529059066642e-14,258,True,,False,42
,,dwi_square_glrlm_ShortRunHighGrayLevelEmphasis,0.6489704166380672,positive_higher,4.522213891019516,0.5764705882352941,0.6569428238039674,mann_whitney_u,8.416883454692733e-16,1.3645750434847409e-14,259,True,,False,42
,,adc_wavelet2-HL_ngtdm_Coarseness,0.6489395291372093,positive_higher,0.0023869871636875,0.6176470588235294,0.6231038506417736,mann_whitney_u,8.532387369373855e-16,1.3779805601538775e-14,260,True,adc_wavelet2-LL_ngtdm_Coarseness | t2_original_shape_SurfaceVolumeRatio | dwi_logarithm_ngtdm_Coarseness,False,42
,,adc_wavelet-HL_ngtdm_Coarseness,0.648850298579175,positive_higher,0.0017906796184798,0.6205882352941177,0.603267211201867,mann_whitney_u,8.874909319050776e-16,1.4278062923637626e-14,261,True,adc_wavelet2-LL_ngtdm_Coarseness | t2_original_shape_SurfaceVolumeRatio | t2_logarithm_ngtdm_Coarseness | dwi_logarithm_ngtdm_Coarseness,False,42
,,t2_original_shape_MinorAxisLength,0.6488365708010159,negative_higher,43.0557468869481,0.5355892648774796,0.7,mann_whitney_u,8.928793704402705e-16,1.4309925482743114e-14,262,True,t2_original_shape_SurfaceVolumeRatio,False,42
,,dwi_wavelet-LH_firstorder_Energy,0.6487473402429816,negative_higher,362349856.6322802,0.6709451575262544,0.5588235294117647,mann_whitney_u,9.286983397980906e-16,1.4827392885217426e-14,263,True,dwi_wavelet2-LL_glszm_GrayLevelNonUniformity | adc_logarithm_gldm_GrayLevelNonUniformity | t2_squareroot_glszm_SizeZoneNonUniformity | t2_original_firstorder_TotalEnergy,False,42
,,dwi_log-sigma-3-mm-3D_gldm_HighGrayLevelEmphasis,0.6486787013521861,positive_higher,19.73190401258851,0.6970588235294117,0.528588098016336,mann_whitney_u,9.572112782514119e-16,1.522473544461242e-14,264,True,dwi_log-sigma-3-mm-3D_gldm_LargeDependenceHighGrayLevelEmphasis | dwi_log-sigma-3-mm-3D_firstorder_Minimum,False,42
,,t2_log-sigma-0-6-mm-3D_glrlm_GrayLevelNonUniformity,0.6486478138513281,negative_higher,8421.265725118854,0.6301050175029171,0.6,mann_whitney_u,9.703218217293876e-16,1.5375023884685657e-14,265,True,dwi_wavelet2-LL_glszm_GrayLevelNonUniformity | t2_original_firstorder_TotalEnergy,False,42
,,dwi_log-sigma-3-mm-3D_glcm_Autocorrelation,0.6486375180177087,positive_higher,19.61525105159909,0.6970588235294117,0.528588098016336,mann_whitney_u,9.747311919795237e-16,1.5386828101962482e-14,266,True,dwi_log-sigma-3-mm-3D_gldm_LargeDependenceHighGrayLevelEmphasis | dwi_log-sigma-3-mm-3D_firstorder_Minimum,False,42
,,t2_wavelet2-HH_gldm_GrayLevelNonUniformity,0.6484075777335438,negative_higher,42917.06252508687,0.5799299883313885,0.6411764705882352,mann_whitney_u,1.0785149014626558e-15,1.6961363562702964e-14,267,True,dwi_wavelet2-LL_glszm_GrayLevelNonUniformity | adc_logarithm_gldm_GrayLevelNonUniformity | dwi_log-sigma-0-6-mm-3D_glszm_ZoneVariance | t2_original_firstorder_TotalEnergy,False,42
,,t2_log-sigma-2-mm-3D_glszm_GrayLevelNonUniformity,0.6482634360628732,negative_higher,128.43545150501672,0.6277712952158693,0.611764705882353,mann_whitney_u,1.1490468783308383e-15,1.800316358996713e-14,268,True,t2_log-sigma-2-mm-3D_glrlm_RunLengthNonUniformity,False,42
,,t2_original_glszm_SizeZoneNonUniformity,0.648235980506555,negative_higher,3773.45159549349,0.6266044340723453,0.6441176470588235,mann_whitney_u,1.1629876641589264e-15,1.8113894023927525e-14,269,True,t2_squareroot_glszm_SizeZoneNonUniformity | t2_wavelet-HL_glszm_GrayLevelNonUniformity | t2_log-sigma-2-mm-3D_glrlm_RunLengthNonUniformity,False,42
,,t2_log-sigma-3-mm-3D_ngtdm_Coarseness,0.6482325485620153,positive_higher,0.0003762731755779,0.8029411764705883,0.43057176196032676,mann_whitney_u,1.1647419353323247e-15,1.8113894023927525e-14,270,True,adc_wavelet2-LL_ngtdm_Coarseness | t2_original_shape_SurfaceVolumeRatio | t2_logarithm_ngtdm_Coarseness,False,42
,,dwi_wavelet-HL_gldm_GrayLevelNonUniformity,0.648222252728396,negative_higher,1646.3095308350546,0.6277712952158693,0.5970588235294118,mann_whitney_u,1.1700204039885117e-15,1.8128840134124578e-14,271,True,dwi_wavelet2-LL_glszm_GrayLevelNonUniformity | dwi_log-sigma-0-6-mm-3D_glszm_ZoneVariance,False,42
,,dwi_wavelet2-HL_firstorder_Energy,0.648174205504839,negative_higher,363026589.5305988,0.6592765460910152,0.5705882352941176,mann_whitney_u,1.1949664902231055e-15,1.8367908272334518e-14,272,True,dwi_wavelet2-LL_glszm_GrayLevelNonUniformity | adc_logarithm_gldm_GrayLevelNonUniformity | t2_original_firstorder_TotalEnergy,False,42
,,adc_wavelet2-LL_glrlm_RunLengthNonUniformity,0.6481707735602992,negative_higher,4647.809290390166,0.4352392065344224,0.7852941176470588,mann_whitney_u,1.196768268877768e-15,1.8367908272334518e-14,273,True,dwi_wavelet2-LL_glszm_GrayLevelNonUniformity | t2_original_firstorder_TotalEnergy,False,42
,,t2_wavelet-HH_gldm_DependenceNonUniformity,0.6481673416157595,negative_higher,19668.80748622555,0.67561260210035,0.5441176470588236,mann_whitney_u,1.1985727236531693e-15,1.8367908272334518e-14,274,True,dwi_wavelet2-LL_glszm_GrayLevelNonUniformity | adc_logarithm_gldm_GrayLevelNonUniformity | dwi_log-sigma-0-6-mm-3D_glszm_ZoneVariance | t2_original_firstorder_TotalEnergy,False,42
,,adc_log-sigma-0-6-mm-3D_glrlm_GrayLevelNonUniformity,0.6480026082778503,negative_higher,1196.3745787660869,0.3453908984830805,0.8735294117647059,mann_whitney_u,1.2884116712495005e-15,1.963111856612578e-14,275,True,dwi_wavelet2-LL_glszm_GrayLevelNonUniformity | adc_logarithm_gldm_GrayLevelNonUniformity | t2_squareroot_glszm_SizeZoneNonUniformity,False,42
,,t2_wavelet-HH_gldm_GrayLevelNonUniformity,0.6479991763333104,negative_higher,42816.19586919869,0.5799299883313885,0.638235294117647,mann_whitney_u,1.2903521610504205e-15,1.963111856612578e-14,276,True,dwi_wavelet2-LL_glszm_GrayLevelNonUniformity | adc_logarithm_gldm_GrayLevelNonUniformity | dwi_log-sigma-0-6-mm-3D_glszm_ZoneVariance | t2_original_firstorder_TotalEnergy,False,42
,,dwi_exponential_firstorder_TotalEnergy,0.647806987439083,negative_higher,5459357560.908867,0.47024504084014,0.7529411764705882,mann_whitney_u,1.403739588282462e-15,2.127907050974028e-14,277,True,adc_logarithm_gldm_GrayLevelNonUniformity | t2_squareroot_glszm_SizeZoneNonUniformity | t2_original_shape_SurfaceVolumeRatio | t2_original_firstorder_TotalEnergy,False,42
,,t2_original_firstorder_Energy,0.6477692360491454,negative_higher,8404847046.362165,0.6266044340723453,0.6058823529411765,mann_whitney_u,1.4271385834168708e-15,2.1555952920026763e-14,278,True,t2_original_firstorder_TotalEnergy,False,42
,,adc_log-sigma-0-6-mm-3D_gldm_DependenceNonUniformity,0.6477211888255886,negative_higher,629.6411615579626,0.6417736289381564,0.5794117647058823,mann_whitney_u,1.4574754387051055e-15,2.1935266548827015e-14,279,True,dwi_wavelet2-LL_glszm_GrayLevelNonUniformity | adc_logarithm_gldm_GrayLevelNonUniformity | t2_original_firstorder_TotalEnergy,False,42
,,dwi_wavelet2-LH_firstorder_Energy,0.6473642665934518,negative_higher,363175297.8978307,0.6651108518086347,0.5617647058823529,mann_whitney_u,1.7036158731622781e-15,2.554815375503002e-14,280,True,dwi_wavelet2-LL_glszm_GrayLevelNonUniformity | adc_logarithm_gldm_GrayLevelNonUniformity | t2_squareroot_glszm_SizeZoneNonUniformity | t2_original_firstorder_TotalEnergy,False,42
,,t2_log-sigma-2-mm-3D_firstorder_Energy,0.6473368110371337,negative_higher,6672007294.79009,0.6989498249708285,0.5235294117647059,mann_whitney_u,1.7241625043796316e-15,2.5764264611708442e-14,281,True,dwi_wavelet2-LL_glszm_GrayLevelNonUniformity | adc_logarithm_gldm_GrayLevelNonUniformity | dwi_log-sigma-0-6-mm-3D_glszm_ZoneVariance | t2_original_firstorder_TotalEnergy,False,42
,,dwi_wavelet-LH_gldm_GrayLevelNonUniformity,0.6471377582538266,negative_higher,1850.120176947653,0.49474912485414235,0.7264705882352941,mann_whitney_u,1.8806037251497924e-15,2.8002322843631126e-14,282,True,dwi_log-sigma-0-6-mm-3D_glszm_ZoneVariance,False,42
,,adc_wavelet-HH_ngtdm_Coarseness,0.6470588235294117,positive_higher,0.0014204245485689,0.5029411764705882,0.7222870478413068,mann_whitney_u,1.9464406190945388e-15,2.8880226712289644e-14,283,True,t2_original_shape_SurfaceVolumeRatio,False,42
,,t2_original_glrlm_GrayLevelNonUniformity,0.6470279360285538,negative_higher,3893.470417740965,0.5320886814469078,0.6970588235294117,mann_whitney_u,1.972816268032442e-15,2.916850531502896e-14,284,True,,False,42
,,adc_square_glrlm_GrayLevelNonUniformity,0.6469970485276958,negative_higher,255.29573966856864,0.6347724620770129,0.611764705882353,mann_whitney_u,1.999543838736131e-15,2.945994589071233e-14,285,True,adc_logarithm_gldm_GrayLevelNonUniformity,False,42
,,adc_wavelet2-HH_ngtdm_Coarseness,0.6469661610268378,positive_higher,0.0016117524895221,0.5117647058823529,0.7047841306884481,mann_whitney_u,2.0266279513677893e-15,2.975458310417254e-14,286,True,t2_original_shape_SurfaceVolumeRatio,False,42
,,adc_wavelet2-LH_ngtdm_Coarseness,0.6469181138032809,positive_higher,0.0021205357350413,0.6147058823529412,0.6056009334889147,mann_whitney_u,2.0694785194541742e-15,3.017270938606972e-14,287,True,adc_wavelet2-LL_ngtdm_Coarseness | t2_original_shape_SurfaceVolumeRatio | t2_logarithm_ngtdm_Coarseness,False,42
,,t2_wavelet-HL_glszm_SizeZoneNonUniformity,0.6469181138032809,negative_higher,1454.7038232373386,0.5600933488914819,0.7,mann_whitney_u,2.0694785194541742e-15,3.017270938606972e-14,288,True,t2_wavelet-HL_glszm_GrayLevelNonUniformity,False,42
,,dwi_log-sigma-2-mm-3D_gldm_GrayLevelNonUniformity,0.646900954080582,negative_higher,1578.3265758631612,0.5834305717619603,0.6352941176470588,mann_whitney_u,2.0849975242261497e-15,3.029378755787406e-14,289,True,dwi_log-sigma-0-6-mm-3D_glszm_ZoneVariance,False,42
,,adc_wavelet-HH_glrlm_GrayLevelNonUniformity,0.6467979957443888,negative_higher,756.875271924117,0.690781796966161,0.5411764705882354,mann_whitney_u,2.1805474607286085e-15,3.1464325730582225e-14,290,True,adc_logarithm_gldm_GrayLevelNonUniformity | t2_squareroot_glszm_SizeZoneNonUniformity | t2_original_glrlm_GrayLevelNonUniformity,False,42
,,dwi_wavelet2-HL_ngtdm_Coarseness,0.6467979957443888,positive_higher,0.0019751197286195,0.5852941176470589,0.6359393232205368,mann_whitney_u,2.1805474607286085e-15,3.1464325730582225e-14,291,True,adc_wavelet2-LL_ngtdm_Coarseness | dwi_logarithm_ngtdm_Coarseness,False,42
,,adc_wavelet-LH_ngtdm_Coarseness,0.6466504221291784,positive_higher,0.0016400892521452,0.638235294117647,0.5834305717619603,mann_whitney_u,2.325065112845704e-15,3.3434754824791473e-14,292,True,t2_original_shape_SurfaceVolumeRatio,False,42
,,adc_wavelet2-LL_glcm_Imc1,0.6466126707392408,negative_higher,-0.2315674845241709,0.5099183197199533,0.7205882352941176,mann_whitney_u,2.363524870798331e-15,3.387181205625321e-14,293,True,,False,42
,,t2_log-sigma-3-mm-3D_firstorder_Energy,0.6464959846248883,negative_higher,6508117205.010401,0.704784130688448,0.5147058823529411,mann_whitney_u,2.4864047421485e-15,3.551161058599167e-14,294,True,dwi_wavelet2-LL_glszm_GrayLevelNonUniformity | adc_logarithm_gldm_GrayLevelNonUniformity | dwi_log-sigma-0-6-mm-3D_glszm_ZoneVariance | t2_original_firstorder_TotalEnergy | t2_original_glrlm_GrayLevelNonUniformity,False,42
,,t2_log-sigma-2-mm-3D_ngtdm_Coarseness,0.6464376415677122,positive_higher,0.000293916495283,0.8088235294117647,0.41656942823803966,mann_whitney_u,2.550182565633637e-15,3.6299039298629294e-14,295,True,adc_wavelet2-LL_ngtdm_Coarseness | t2_original_shape_SurfaceVolumeRatio,False,42
,,dwi_log-sigma-3-mm-3D_gldm_LowGrayLevelEmphasis,0.646272908229803,negative_higher,0.0376207634497863,0.6662777129521587,0.5558823529411765,mann_whitney_u,2.7390854741162006e-15,3.8856148330452455e-14,296,True,,False,42
,,dwi_log-sigma-3-mm-3D_gldm_GrayLevelNonUniformity,0.6462523165625644,negative_higher,1588.3168219715546,0.5612602100350058,0.6588235294117647,mann_whitney_u,2.763646495592535e-15,3.907256442758604e-14,297,True,dwi_log-sigma-0-6-mm-3D_glszm_ZoneVariance,False,42
,,adc_wavelet2-LL_firstorder_Energy,0.6460361040565584,negative_higher,136165118940.28528,0.661610268378063,0.5764705882352941,mann_whitney_u,3.0349953406380006e-15,4.276491756825156e-14,298,True,adc_squareroot_firstorder_TotalEnergy,False,42
,,adc_original_firstorder_Energy,0.6459777609993823,negative_higher,8483045031.898166,0.6697782963827305,0.5676470588235294,mann_whitney_u,3.1126046681910836e-15,4.371179599242261e-14,299,True,adc_squareroot_firstorder_TotalEnergy,False,42
,,adc_wavelet2-HH_gldm_DependenceNonUniformity,0.6457546846042967,negative_higher,864.4409263614981,0.5122520420070011,0.7029411764705882,mann_whitney_u,3.4277831573907914e-15,4.7977538259613104e-14,300,True,dwi_wavelet2-LL_glszm_GrayLevelNonUniformity | adc_logarithm_gldm_GrayLevelNonUniformity | adc_squareroot_firstorder_TotalEnergy | t2_original_firstorder_TotalEnergy | t2_original_glrlm_GrayLevelNonUniformity,False,42
,,dwi_wavelet-HL_gldm_DependenceNonUniformity,0.6457409568261376,negative_higher,619.5203653418909,0.6826137689614936,0.5558823529411765,mann_whitney_u,3.4481735672280946e-15,4.810259404913876e-14,301,True,dwi_wavelet2-LL_glszm_GrayLevelNonUniformity | t2_original_firstorder_TotalEnergy | t2_original_glrlm_GrayLevelNonUniformity,False,42
,,t2_square_firstorder_Energy,0.6456963415471206,negative_higher,9724455958.110754,0.48424737456242706,0.7264705882352941,mann_whitney_u,3.5152706724165428e-15,4.88762303095267e-14,302,True,dwi_wavelet2-LL_glszm_GrayLevelNonUniformity | dwi_log-sigma-0-6-mm-3D_glszm_ZoneVariance | t2_original_firstorder_TotalEnergy | t2_original_glrlm_GrayLevelNonUniformity,False,42
,,t2_original_shape_SurfaceArea,0.6456071109890863,negative_higher,7887.252065079135,0.67561260210035,0.5411764705882354,mann_whitney_u,3.653344428739693e-15,5.061154123758127e-14,303,True,t2_original_shape_SurfaceVolumeRatio | t2_original_firstorder_TotalEnergy | t2_original_glrlm_GrayLevelNonUniformity,False,42
,,adc_wavelet-HH_gldm_GrayLevelNonUniformity,0.6456002471000069,negative_higher,1383.628243814122,0.6651108518086347,0.5764705882352941,mann_whitney_u,3.664183981001359e-15,5.061154123758127e-14,304,True,adc_logarithm_gldm_GrayLevelNonUniformity,False,42
,,dwi_square_glszm_LowGrayLevelZoneEmphasis,0.645474981124305,negative_higher,0.2569086161400586,0.6732788798133023,0.5764705882352941,mann_whitney_u,3.867246413677511e-15,5.3241205544366783e-14,305,True,,False,42
,,adc_wavelet2-HL_glszm_GrayLevelNonUniformity,0.645414922094859,negative_higher,133.9594053744997,0.7631271878646441,0.47058823529411764,mann_whitney_u,3.969124046595909e-15,5.446520219495498e-14,306,True,dwi_wavelet2-LL_glszm_GrayLevelNonUniformity | adc_logarithm_gldm_GrayLevelNonUniformity | t2_original_firstorder_TotalEnergy | t2_original_glrlm_GrayLevelNonUniformity,False,42
,,dwi_wavelet-LH_glcm_Imc2,0.6452398929233303,positive_higher,0.3786094690217023,0.5823529411764706,0.6406067677946324,mann_whitney_u,4.28000174318461e-15,5.853982840271068e-14,307,True,,False,42
,,dwi_exponential_firstorder_Energy,0.6450785915299608,negative_higher,416284220.4734573,0.5962660443407235,0.6323529411764706,mann_whitney_u,4.587655273617537e-15,6.247979954841419e-14,308,True,dwi_wavelet2-LL_glszm_GrayLevelNonUniformity | adc_logarithm_gldm_GrayLevelNonUniformity | t2_original_firstorder_TotalEnergy | t2_original_glrlm_GrayLevelNonUniformity,False,42
,,dwi_log-sigma-3-mm-3D_glszm_HighGrayLevelZoneEmphasis,0.6450734436131512,positive_higher,19.01408450704225,0.7,0.5180863477246207,mann_whitney_u,4.597822829354604e-15,6.247979954841419e-14,309,True,dwi_log-sigma-3-mm-3D_gldm_LargeDependenceHighGrayLevelEmphasis | dwi_log-sigma-3-mm-3D_firstorder_Minimum,False,42
,,dwi_wavelet-LH_glcm_Imc1,0.6448006040222389,negative_higher,-0.0814228608358967,0.6231038506417736,0.6147058823529412,mann_whitney_u,5.1697519956445274e-15,7.002512461197216e-14,310,True,,False,42
,,dwi_wavelet2-LL_ngtdm_Coarseness,0.6444848651245795,positive_higher,0.0039039166168566,0.7588235294117647,0.456242707117853,mann_whitney_u,5.919389166496045e-15,7.992127045053664e-14,311,True,adc_wavelet2-LL_ngtdm_Coarseness | dwi_logarithm_ngtdm_Coarseness,False,42
,,t2_squareroot_firstorder_TotalEnergy,0.6444402498455626,negative_higher,4991027872.796025,0.676779463243874,0.5647058823529412,mann_whitney_u,6.033600723441579e-15,8.120220973631792e-14,312,True,t2_original_firstorder_TotalEnergy,False,42
,,t2_log-sigma-3-mm-3D_glszm_GrayLevelNonUniformity,0.6442240373395566,negative_higher,69.20316868592731,0.43757292882147025,0.7823529411764706,mann_whitney_u,6.618550060548051e-15,8.879006934262386e-14,313,True,t2_log-sigma-2-mm-3D_glrlm_RunLengthNonUniformity,False,42
,,t2_wavelet-HL_glrlm_GrayLevelNonUniformity,0.6441965817832384,negative_higher,12172.706247923908,0.6744457409568262,0.538235294117647,mann_whitney_u,6.6967132464652706e-15,8.955254433728557e-14,314,True,dwi_wavelet2-LL_glszm_GrayLevelNonUniformity | dwi_log-sigma-0-6-mm-3D_glszm_ZoneVariance | t2_original_glrlm_GrayLevelNonUniformity,False,42
,,t2_wavelet-LH_gldm_DependenceNonUniformity,0.6441691262269202,negative_higher,11702.507525321866,0.6861143523920653,0.5294117647058824,mann_whitney_u,6.775784834011201e-15,9.032228735877154e-14,315,True,dwi_wavelet2-LL_glszm_GrayLevelNonUniformity | adc_logarithm_gldm_GrayLevelNonUniformity | dwi_log-sigma-0-6-mm-3D_glszm_ZoneVariance | t2_original_firstorder_TotalEnergy | t2_original_glrlm_GrayLevelNonUniformity,False,42
,,adc_wavelet2-HH_glrlm_GrayLevelNonUniformity,0.6440730317798065,negative_higher,720.9696910512758,0.6732788798133023,0.5470588235294118,mann_whitney_u,7.05983998894495e-15,9.381097504297419e-14,316,True,dwi_wavelet2-LL_glszm_GrayLevelNonUniformity | adc_logarithm_gldm_GrayLevelNonUniformity | t2_squareroot_glszm_SizeZoneNonUniformity | t2_original_glrlm_GrayLevelNonUniformity,False,42
,,adc_log-sigma-0-6-mm-3D_gldm_GrayLevelNonUniformity,0.6440593040016473,negative_higher,1814.4682779456195,0.5297549591598599,0.7,mann_whitney_u,7.1013645831955326e-15,9.406507850106637e-14,317,True,adc_logarithm_gldm_GrayLevelNonUniformity | t2_squareroot_glszm_SizeZoneNonUniformity,False,42
,,dwi_exponential_glcm_JointEnergy,0.6433214359255954,negative_higher,0.9778664197099846,0.5822637106184364,0.6882352941176471,mann_whitney_u,7.274543086083318e-15,9.605599502661588e-14,318,True,dwi_exponential_gldm_SmallDependenceEmphasis,False,42
,,dwi_wavelet2-LH_gldm_GrayLevelNonUniformity,0.6439357539982153,negative_higher,1780.3975903614455,0.4072345390898483,0.8058823529411765,mann_whitney_u,7.486068386429222e-15,9.85391885724649e-14,319,True,dwi_log-sigma-0-6-mm-3D_glszm_ZoneVariance,False,42
,,dwi_exponential_glcm_MaximumProbability,0.6431704303658453,negative_higher,0.9888586544187884,0.5822637106184364,0.6882352941176471,mann_whitney_u,7.761203111934034e-15,1.018415370844094e-13,320,True,dwi_exponential_gldm_SmallDependenceEmphasis,False,42
,,t2_wavelet-HL_gldm_DependenceNonUniformity,0.6437229734367492,negative_higher,12136.33909726007,0.6511085180863477,0.5705882352941176,mann_whitney_u,8.19725868004128e-15,1.0722831525698858e-13,321,True,dwi_wavelet2-LL_glszm_GrayLevelNonUniformity | adc_logarithm_gldm_GrayLevelNonUniformity | dwi_log-sigma-0-6-mm-3D_glszm_ZoneVariance | t2_original_firstorder_TotalEnergy | t2_original_glrlm_GrayLevelNonUniformity,False,42
,,adc_wavelet-HH_gldm_DependenceNonUniformity,0.6433660512046125,negative_higher,763.6633340578135,0.6242707117852976,0.5911764705882353,mann_whitney_u,9.542385368228316e-15,1.2443626137015743e-13,322,True,dwi_wavelet2-LL_glszm_GrayLevelNonUniformity | adc_logarithm_gldm_GrayLevelNonUniformity | t2_original_firstorder_TotalEnergy | t2_original_glrlm_GrayLevelNonUniformity,False,42
,,adc_wavelet-HL_glszm_GrayLevelNonUniformity,0.6432253414784816,negative_higher,180.10716268739588,0.5845974329054843,0.6470588235294117,mann_whitney_u,1.0130429763972617e-14,1.31695586931644e-13,323,True,dwi_wavelet2-LL_glszm_GrayLevelNonUniformity | t2_original_firstorder_TotalEnergy | t2_original_glrlm_GrayLevelNonUniformity,False,42
,,t2_wavelet-LH_glrlm_GrayLevelNonUniformity,0.642868419246345,negative_higher,11530.16681168418,0.7199533255542591,0.4970588235294118,mann_whitney_u,1.1786760735154451e-14,1.5275496397195535e-13,324,True,dwi_wavelet2-LL_glszm_GrayLevelNonUniformity | t2_original_glrlm_GrayLevelNonUniformity,False,42
,,t2_square_gldm_GrayLevelNonUniformity,0.6427654609101516,negative_higher,44037.31431986369,0.5927654609101517,0.6294117647058823,mann_whitney_u,1.2312211059278304e-14,1.5907376688587566e-13,325,True,adc_logarithm_gldm_GrayLevelNonUniformity | t2_original_glrlm_GrayLevelNonUniformity,False,42
,,t2_wavelet2-HL_glrlm_GrayLevelNonUniformity,0.6426933900748164,negative_higher,10055.928941814063,0.67561260210035,0.5441176470588236,mann_whitney_u,1.2693672467921811e-14,1.6349917390430576e-13,326,True,dwi_wavelet2-LL_glszm_GrayLevelNonUniformity | dwi_log-sigma-0-6-mm-3D_glszm_ZoneVariance | t2_original_glrlm_GrayLevelNonUniformity,False,42
,,dwi_log-sigma-0-6-mm-3D_glszm_ZonePercentage,0.6426642185462282,positive_higher,0.0335783494821249,0.7676470588235295,0.46324387397899647,mann_whitney_u,1.285135177126616e-14,1.6502393298943914e-13,327,True,,False,42
,,adc_logarithm_gldm_DependenceNonUniformity,0.6426213192394812,negative_higher,608.246581586144,0.6161026837806302,0.6,mann_whitney_u,1.308675709619876e-14,1.6753443002115426e-13,328,True,dwi_wavelet2-LL_glszm_GrayLevelNonUniformity | t2_original_firstorder_TotalEnergy | t2_original_glrlm_GrayLevelNonUniformity,False,42
,,adc_square_glrlm_RunLengthNonUniformity,0.6425492484041457,negative_higher,2655.6864587116606,0.5274212368728122,0.6911764705882353,mann_whitney_u,1.3491812965625772e-14,1.7219490164943045e-13,329,True,dwi_wavelet2-LL_glszm_GrayLevelNonUniformity | adc_squareroot_firstorder_TotalEnergy | t2_original_firstorder_TotalEnergy,False,42
,,t2_original_shape_Maximum2DDiameterRow,0.6424668817351912,negative_higher,53.495711761728295,0.5647607934655776,0.6529411764705882,mann_whitney_u,1.3969852666834857e-14,1.7775579196375626e-13,330,True,,False,42
,,adc_wavelet2-LH_glrlm_RunLengthNonUniformity,0.6423124442309013,negative_higher,3168.166155465389,0.4982497082847141,0.7294117647058824,mann_whitney_u,1.4911517500266557e-14,1.8916453771486187e-13,331,True,dwi_wavelet2-LL_glszm_GrayLevelNonUniformity | adc_squareroot_firstorder_TotalEnergy | t2_original_firstorder_TotalEnergy | t2_original_glrlm_GrayLevelNonUniformity,False,42
,,dwi_wavelet-LH_gldm_DependenceNonUniformity,0.6422987164527422,negative_higher,950.70743584941,0.42473745624270715,0.7970588235294118,mann_whitney_u,1.499818221762971e-14,1.8969086485490108e-13,332,True,dwi_wavelet2-LL_glszm_GrayLevelNonUniformity | adc_logarithm_gldm_GrayLevelNonUniformity | t2_original_firstorder_TotalEnergy | t2_original_glrlm_GrayLevelNonUniformity,False,42
,,t2_wavelet2-HL_ngtdm_Coarseness,0.6422643970073444,positive_higher,0.0001249029317092,0.5352941176470588,0.676779463243874,mann_whitney_u,1.521701800698037e-14,1.913061635069179e-13,333,True,adc_wavelet2-LL_ngtdm_Coarseness | t2_original_shape_SurfaceVolumeRatio,False,42
,,dwi_log-sigma-3-mm-3D_glrlm_LowGrayLevelRunEmphasis,0.6422643970073443,negative_higher,0.0647864193512775,0.49008168028004667,0.7264705882352941,mann_whitney_u,1.521701800698037e-14,1.913061635069179e-13,334,True,dwi_log-sigma-3-mm-3D_gldm_LowGrayLevelEmphasis,False,42
,,adc_log-sigma-2-mm-3D_glrlm_GrayLevelNonUniformity,0.6419795456105429,negative_higher,431.26431521186913,0.4970828471411902,0.7176470588235294,mann_whitney_u,1.715882450603637e-14,2.1507434059954245e-13,335,True,adc_logarithm_gldm_GrayLevelNonUniformity | t2_squareroot_glszm_SizeZoneNonUniformity | t2_original_glrlm_GrayLevelNonUniformity,False,42
,,dwi_wavelet2-LH_glcm_Imc1,0.6419109067197473,negative_higher,-0.1126720779013852,0.6826137689614936,0.5617647058823529,mann_whitney_u,1.7662028455082994e-14,2.207227901276592e-13,336,True,,False,42
,,adc_original_glrlm_RunLengthNonUniformity,0.6418525636625712,negative_higher,3074.088947068328,0.5087514585764294,0.7147058823529412,mann_whitney_u,1.8101145026840616e-14,2.255391927825037e-13,337,True,dwi_wavelet2-LL_glszm_GrayLevelNonUniformity | adc_squareroot_firstorder_TotalEnergy | t2_original_firstorder_TotalEnergy | t2_original_glrlm_GrayLevelNonUniformity,False,42
,,adc_wavelet-LH_glrlm_GrayLevelNonUniformity,0.641547120598531,negative_higher,507.30783245690304,0.5227537922987164,0.6970588235294117,mann_whitney_u,2.05813367515703e-14,2.5568352964450796e-13,338,True,adc_logarithm_gldm_GrayLevelNonUniformity | t2_original_glrlm_GrayLevelNonUniformity,False,42
,,dwi_log-sigma-3-mm-3D_glcm_ClusterProminence,0.6414819136522754,positive_higher,21.996890228252944,0.6470588235294118,0.586931155192532,mann_whitney_u,2.1152608277608064e-14,2.6123471222845957e-13,339,True,dwi_log-sigma-3-mm-3D_glcm_ClusterShade,False,42
,,t2_wavelet-LH_glszm_GrayLevelNonUniformity,0.6414819136522754,negative_higher,1111.9414017617771,0.6861143523920653,0.538235294117647,mann_whitney_u,2.1152608277608064e-14,2.6123471222845957e-13,340,True,t2_wavelet-HL_glszm_GrayLevelNonUniformity,False,42
,,t2_wavelet2-LH_ngtdm_Coarseness,0.64140984281694,positive_higher,0.0001235500555277,0.5352941176470588,0.6779463243873979,mann_whitney_u,2.180216980633141e-14,2.6846718773250905e-13,341,True,adc_wavelet2-LL_ngtdm_Coarseness | t2_original_shape_SurfaceVolumeRatio,False,42
,,dwi_log-sigma-2-mm-3D_glcm_ClusterShade,0.6413995469833208,negative_higher,-1.1558256136424825,0.5192532088681447,0.7147058823529412,mann_whitney_u,2.1896551870992167e-14,2.6884099797162603e-13,342,True,dwi_log-sigma-2-mm-3D_ngtdm_Strength,False,42
,,t2_wavelet2-LH_glrlm_GrayLevelNonUniformity,0.6411970622554739,negative_higher,9748.923413220717,0.7024504084014003,0.5176470588235293,mann_whitney_u,2.3836570003791968e-14,2.9180687302018214e-13,343,True,dwi_wavelet2-LL_glszm_GrayLevelNonUniformity | t2_original_glrlm_GrayLevelNonUniformity,False,42
,,t2_log-sigma-3-mm-3D_glrlm_RunLengthNonUniformity,0.640936234470451,negative_higher,3492.47615742856,0.6102683780630105,0.6235294117647059,mann_whitney_u,2.6586391435625286e-14,3.245135293400855e-13,344,True,t2_log-sigma-2-mm-3D_glrlm_RunLengthNonUniformity,False,42
,,adc_log-sigma-3-mm-3D_glrlm_GrayLevelNonUniformity,0.6409293705813714,negative_higher,359.1618970587954,0.4725787631271879,0.7441176470588236,mann_whitney_u,2.666281677121446e-14,3.245135293400855e-13,345,True,adc_logarithm_gldm_GrayLevelNonUniformity | t2_squareroot_glszm_SizeZoneNonUniformity | t2_original_glrlm_GrayLevelNonUniformity,False,42
,,adc_wavelet-LH_glrlm_RunLengthNonUniformity,0.6406067677946324,negative_higher,2941.99749181655,0.4830805134189031,0.7352941176470589,mann_whitney_u,3.050924776286655e-14,3.7025529293721567e-13,346,True,dwi_wavelet2-LL_glszm_GrayLevelNonUniformity | adc_squareroot_firstorder_TotalEnergy | t2_original_firstorder_TotalEnergy | t2_original_glrlm_GrayLevelNonUniformity,False,42
,,t2_squareroot_firstorder_Energy,0.6403047566751321,negative_higher,8967241941.304146,0.6662777129521587,0.5794117647058823,mann_whitney_u,3.460219341751292e-14,4.187164557929013e-13,347,True,t2_original_firstorder_TotalEnergy,False,42
,,adc_wavelet-LH_gldm_GrayLevelNonUniformity,0.6402120941725582,negative_higher,659.7732287325325,0.5402567094515752,0.6823529411764706,mann_whitney_u,3.596294267197646e-14,4.339321732173251e-13,348,True,adc_logarithm_gldm_GrayLevelNonUniformity,False,42
,,adc_wavelet2-HH_gldm_GrayLevelNonUniformity,0.640140023337223,negative_higher,1991.0701457133173,0.43757292882147025,0.7852941176470588,mann_whitney_u,3.7057560879435326e-14,4.458587339047247e-13,349,True,adc_logarithm_gldm_GrayLevelNonUniformity | t2_squareroot_glszm_SizeZoneNonUniformity,False,42
,,adc_wavelet2-LL_gldm_DependenceNonUniformity,0.6400027455556317,negative_higher,2700.6751790719404,0.46674445740956827,0.7411764705882353,mann_whitney_u,3.923394437905274e-14,4.706952355646928e-13,350,True,dwi_wavelet2-LL_glszm_GrayLevelNonUniformity | adc_squareroot_firstorder_TotalEnergy | t2_original_firstorder_TotalEnergy | t2_original_glrlm_GrayLevelNonUniformity,False,42
,,dwi_log-sigma-3-mm-3D_glrlm_ShortRunLowGrayLevelEmphasis,0.6399341066648363,negative_higher,0.0191473832063033,0.6989498249708285,0.5294117647058824,mann_whitney_u,4.0368789523490633e-14,4.829303339291657e-13,351,True,,False,42
,,dwi_wavelet2-HL_gldm_GrayLevelNonUniformity,0.6397178941588304,negative_higher,1824.860465116279,0.4387397899649942,0.7764705882352941,mann_whitney_u,4.4158686059364296e-14,5.267679623956554e-13,352,True,dwi_log-sigma-0-6-mm-3D_glszm_ZoneVariance,False,42
,,dwi_log-sigma-3-mm-3D_glszm_LargeAreaLowGrayLevelEmphasis,0.6396835747134326,negative_higher,136.64911646586344,0.5554259043173863,0.6617647058823529,mann_whitney_u,4.479159835068458e-14,5.32804310126132e-13,353,True,,False,42
,,adc_wavelet-HL_glrlm_GrayLevelNonUniformity,0.6394776580410461,negative_higher,715.4052779810637,0.38273045507584597,0.8323529411764706,mann_whitney_u,4.878072088499499e-14,5.786165169381185e-13,354,True,adc_logarithm_gldm_GrayLevelNonUniformity,False,42
,,t2_wavelet-HL_ngtdm_Coarseness,0.6392236941451025,positive_higher,9.774342775426852e-05,0.5029411764705882,0.7047841306884481,mann_whitney_u,5.418416886970857e-14,6.408995072786092e-13,355,True,t2_original_shape_SurfaceVolumeRatio,False,42
,,t2_wavelet-LH_ngtdm_Coarseness,0.6391653510879264,positive_higher,8.98710507722398e-05,0.55,0.6639439906651108,mann_whitney_u,5.5506301287064096e-14,6.546937053493881e-13,356,True,,False,42
,,adc_log-sigma-2-mm-3D_glszm_GrayLevelNonUniformity,0.6391275996979888,negative_higher,139.20795400095832,0.5939323220536756,0.65,mann_whitney_u,5.6378647075350624e-14,6.631202775053145e-13,357,True,dwi_wavelet2-LL_glszm_GrayLevelNonUniformity | t2_original_firstorder_TotalEnergy | t2_original_glrlm_GrayLevelNonUniformity,False,42
,,dwi_square_glrlm_HighGrayLevelRunEmphasis,0.6391052920584803,positive_higher,6.469387482507337,0.5617647058823529,0.6592765460910152,mann_whitney_u,5.689490534375297e-14,6.673232054145774e-13,358,True,dwi_square_glrlm_ShortRunHighGrayLevelEmphasis,False,42
,,dwi_wavelet2-LL_glrlm_GrayLevelNonUniformity,0.6390898483080513,negative_higher,168.92998032914358,0.6382730455075846,0.5882352941176471,mann_whitney_u,5.726446841533297e-14,6.697869160890896e-13,359,True,,False,42
,,dwi_squareroot_gldm_GrayLevelNonUniformity,0.6390418010844945,negative_higher,780.9722526469515,0.5530921820303384,0.6558823529411765,mann_whitney_u,5.84116896832161e-14,6.803833165211201e-13,360,True,dwi_logarithm_gldm_GrayLevelNonUniformity | dwi_wavelet2-LL_glrlm_GrayLevelNonUniformity,False,42
,,adc_wavelet2-LL_glszm_SizeZoneNonUniformity,0.6390383691399547,negative_higher,2783.0133000831256,0.5180863477246208,0.6970588235294117,mann_whitney_u,5.849449327557141e-14,6.803833165211201e-13,361,True,dwi_wavelet2-LL_glszm_GrayLevelNonUniformity | adc_squareroot_firstorder_TotalEnergy | t2_original_firstorder_TotalEnergy,False,42
,,adc_wavelet2-HL_glrlm_RunLengthNonUniformity,0.6388770677465851,negative_higher,2913.9268618741035,0.4830805134189031,0.7323529411764707,mann_whitney_u,6.251920726630717e-14,7.251882632906735e-13,362,True,dwi_wavelet2-LL_glszm_GrayLevelNonUniformity | adc_squareroot_firstorder_TotalEnergy | t2_original_firstorder_TotalEnergy | t2_original_glrlm_GrayLevelNonUniformity,False,42
,,t2_wavelet2-HL_glszm_SizeZoneNonUniformity,0.63880156496671,negative_higher,3436.862779661017,0.47024504084014,0.7647058823529411,mann_whitney_u,6.44954773311522e-14,7.460509898443749e-13,363,True,t2_wavelet-HL_glszm_GrayLevelNonUniformity,False,42
,,adc_square_gldm_DependenceNonUniformity,0.6386231038506418,negative_higher,1076.4896698615548,0.5670945157526255,0.6441176470588235,mann_whitney_u,6.941405785800276e-14,8.007407388619604e-13,364,True,adc_squareroot_firstorder_TotalEnergy,False,42
,,dwi_wavelet2-HH_glrlm_RunVariance,0.638527009403528,negative_higher,1.7614572030402766,0.6534422403733956,0.5676470588235294,mann_whitney_u,7.221338292040116e-14,8.307506709116835e-13,365,True,,False,42
,,adc_wavelet2-LH_glrlm_GrayLevelNonUniformity,0.6384274830118746,negative_higher,408.07228750732,0.47841306884480744,0.7382352941176471,mann_whitney_u,7.522964828129143e-14,8.630855003637779e-13,366,True,adc_logarithm_gldm_GrayLevelNonUniformity,False,42
,,t2_log-sigma-0-6-mm-3D_ngtdm_Coarseness,0.6384206191227949,positive_higher,0.0001770647513313,0.5323529411764706,0.6791131855309218,mann_whitney_u,7.54421724192138e-14,8.631653460171083e-13,367,True,t2_original_shape_SurfaceVolumeRatio | t2_wavelet-LH_ngtdm_Coarseness,False,42
,,dwi_wavelet2-HH_glrlm_RunLengthNonUniformity,0.638327956620221,negative_higher,768.0349473294257,0.6161026837806302,0.6029411764705883,mann_whitney_u,7.836967033605638e-14,8.942234938616867e-13,368,True,dwi_wavelet2-LL_glszm_GrayLevelNonUniformity | t2_original_firstorder_TotalEnergy | t2_original_glrlm_GrayLevelNonUniformity,False,42
,,adc_square_gldm_GrayLevelNonUniformity,0.6381254718923742,negative_higher,399.9994175888177,0.5297549591598599,0.6970588235294117,mann_whitney_u,8.516090101482456e-14,9.6646114421959e-13,369,True,adc_logarithm_gldm_GrayLevelNonUniformity,False,42
,,dwi_log-sigma-3-mm-3D_glszm_SmallAreaHighGrayLevelEmphasis,0.6381254718923741,positive_higher,8.032087193370003,0.5294117647058824,0.6721120186697783,mann_whitney_u,8.516090101482456e-14,9.6646114421959e-13,370,True,,False,42
,,dwi_square_gldm_SmallDependenceHighGrayLevelEmphasis,0.6377273663257602,positive_higher,0.3121200512186172,0.7352941176470589,0.4714119019836639,mann_whitney_u,1.0024256472709629e-13,1.1345512918843054e-12,371,True,dwi_square_glrlm_ShortRunHighGrayLevelEmphasis,False,42
,,adc_log-sigma-2-mm-3D_gldm_GrayLevelNonUniformity,0.6377102066030613,negative_higher,545.4549356223176,0.5752625437572929,0.6441176470588235,mann_whitney_u,1.0094852209706127e-13,1.1394700115203233e-12,372,True,adc_logarithm_gldm_GrayLevelNonUniformity,False,42
,,adc_log-sigma-3-mm-3D_gldm_DependenceNonUniformity,0.6376587274349647,negative_higher,875.5591186307299,0.572928821470245,0.6470588235294117,mann_whitney_u,1.0309584177851367e-13,1.1605883099945816e-12,373,True,dwi_wavelet2-LL_glszm_GrayLevelNonUniformity | adc_squareroot_firstorder_TotalEnergy | t2_original_firstorder_TotalEnergy,False,42
,,adc_wavelet-LH_gldm_DependenceNonUniformity,0.6375214496533737,negative_higher,1209.9544554455445,0.4912485414235706,0.7235294117647059,mann_whitney_u,1.0904392753899674e-13,1.2242659137332817e-12,374,True,dwi_wavelet2-LL_glszm_GrayLevelNonUniformity | adc_squareroot_firstorder_TotalEnergy | t2_original_firstorder_TotalEnergy | t2_original_glrlm_GrayLevelNonUniformity,False,42
,,adc_wavelet2-LH_glszm_GrayLevelNonUniformity,0.6373841718717825,negative_higher,185.14312441534145,0.5519253208868145,0.6617647058823529,mann_whitney_u,1.1532894688824572e-13,1.2913766612899834e-12,375,True,dwi_wavelet2-LL_glszm_GrayLevelNonUniformity | adc_logarithm_gldm_GrayLevelNonUniformity | t2_squareroot_glszm_SizeZoneNonUniformity | t2_original_firstorder_TotalEnergy | t2_original_glrlm_GrayLevelNonUniformity,False,42
,,adc_squareroot_gldm_DependenceNonUniformity,0.6373018052028279,negative_higher,924.6814249363867,0.6709451575262544,0.538235294117647,mann_whitney_u,1.1926943260616954e-13,1.3284147148894056e-12,376,True,dwi_wavelet2-LL_glszm_GrayLevelNonUniformity | adc_squareroot_firstorder_TotalEnergy | t2_original_firstorder_TotalEnergy | t2_original_glrlm_GrayLevelNonUniformity,False,42
,,t2_logarithm_firstorder_TotalEnergy,0.6373018052028279,negative_higher,6403642245.848157,0.661610268378063,0.5764705882352941,mann_whitney_u,1.1926943260616954e-13,1.3284147148894056e-12,377,True,t2_original_firstorder_TotalEnergy,False,42
,,dwi_log-sigma-0-6-mm-3D_firstorder_Skewness,0.6371336399203789,negative_higher,-0.6557332726860718,0.6884480746791132,0.5411764705882354,mann_whitney_u,1.2772987752851582e-13,1.4188829516990423e-12,378,True,,False,42
,,adc_wavelet2-HL_glrlm_GrayLevelNonUniformity,0.6371130482531402,negative_higher,392.02532980022136,0.5717619603267211,0.6441176470588235,mann_whitney_u,1.2880554628603318e-13,1.4270566988259982e-12,379,True,adc_logarithm_gldm_GrayLevelNonUniformity,False,42
,,adc_squareroot_glrlm_RunLengthNonUniformity,0.6370032260278673,negative_higher,2729.1716380609914,0.48774795799299886,0.7235294117647059,mann_whitney_u,1.3469454254646428e-13,1.4883746951384303e-12,380,True,dwi_wavelet2-LL_glszm_GrayLevelNonUniformity | adc_squareroot_firstorder_TotalEnergy | t2_original_firstorder_TotalEnergy | t2_original_glrlm_GrayLevelNonUniformity,False,42
,,adc_log-sigma-2-mm-3D_gldm_DependenceNonUniformity,0.6369311551925321,negative_higher,797.2921964597357,0.691948658109685,0.5176470588235293,mann_whitney_u,1.3870215484195842e-13,1.5286360844655733e-12,381,True,adc_squareroot_firstorder_TotalEnergy | t2_original_firstorder_TotalEnergy,False,42
,,t2_wavelet2-LL_glrlm_GrayLevelNonUniformity,0.6369242913034525,negative_higher,1502.6226927511825,0.4865810968494749,0.7323529411764707,mann_whitney_u,1.3908988787905918e-13,1.52889643770725e-12,382,True,t2_original_glrlm_GrayLevelNonUniformity,False,42
,,adc_exponential_glrlm_GrayLevelNonUniformity,0.636855652412657,negative_higher,336.24235063602146,0.661610268378063,0.5617647058823529,mann_whitney_u,1.4302627074850248e-13,1.568060863898073e-12,383,True,,False,42
,,dwi_square_firstorder_Variance,0.6367973093554807,positive_higher,1516.7028343340412,0.55,0.6709451575262544,mann_whitney_u,1.464581070528694e-13,1.6015041445703087e-12,384,True,dwi_square_glrlm_ShortRunHighGrayLevelEmphasis,False,42
,,dwi_wavelet2-HL_gldm_DependenceNonUniformity,0.6365570732376964,negative_higher,734.1078880407125,0.543757292882147,0.6676470588235295,mann_whitney_u,1.6146210057283073e-13,1.7609853514423797e-12,385,True,t2_original_firstorder_TotalEnergy | t2_original_glrlm_GrayLevelNonUniformity,False,42
,,adc_original_gldm_DependenceNonUniformity,0.6364678426796623,negative_higher,1313.8484643941952,0.5250875145857643,0.6852941176470588,mann_whitney_u,1.6741136704159865e-13,1.821140751833349e-12,386,True,dwi_wavelet2-LL_glszm_GrayLevelNonUniformity | adc_squareroot_firstorder_TotalEnergy | t2_original_firstorder_TotalEnergy,False,42
,,adc_wavelet-LH_glszm_GrayLevelNonUniformity,0.6364506829569634,negative_higher,247.5276518585676,0.4235705950991832,0.788235294117647,mann_whitney_u,1.6857990093228366e-13,1.8291137054642354e-12,387,True,dwi_wavelet2-LL_glszm_GrayLevelNonUniformity | adc_logarithm_gldm_GrayLevelNonUniformity | t2_squareroot_glszm_SizeZoneNonUniformity | t2_original_firstorder_TotalEnergy | t2_original_glrlm_GrayLevelNonUniformity,False,42
,,adc_wavelet2-LH_gldm_DependenceNonUniformity,0.6363820440661678,negative_higher,1380.5080438330613,0.5005834305717619,0.711764705882353,mann_whitney_u,1.733347067523248e-13,1.873637784706685e-12,388,True,dwi_wavelet2-LL_glszm_GrayLevelNonUniformity | adc_squareroot_firstorder_TotalEnergy | t2_original_firstorder_TotalEnergy,False,42
,,adc_wavelet2-LH_gldm_GrayLevelNonUniformity,0.6363786121216282,negative_higher,473.1761512165695,0.5320886814469078,0.6882352941176471,mann_whitney_u,1.7357587479183152e-13,1.873637784706685e-12,389,True,adc_logarithm_gldm_GrayLevelNonUniformity,False,42
,,dwi_log-sigma-3-mm-3D_glszm_LowGrayLevelZoneEmphasis,0.6362104468391792,negative_higher,0.0830353746721422,0.49941656942823803,0.7176470588235294,mann_whitney_u,1.8580576205279894e-13,2.0005087047684684e-12,390,True,dwi_log-sigma-3-mm-3D_gldm_LowGrayLevelEmphasis | dwi_log-sigma-3-mm-3D_glrlm_ShortRunLowGrayLevelEmphasis,False,42
,,adc_log-sigma-2-mm-3D_glrlm_RunLengthNonUniformity,0.6357539982153888,negative_higher,2074.8835068048297,0.5985997666277713,0.6088235294117648,mann_whitney_u,2.234304861112779e-13,2.399449133455897e-12,391,True,adc_squareroot_firstorder_TotalEnergy,False,42
,,t2_squareroot_ngtdm_Strength,0.6357334065481501,positive_higher,0.185441953457066,0.85,0.3640606767794633,mann_whitney_u,2.252937206856238e-13,2.4132865641809547e-12,392,True,,False,42
,,adc_log-sigma-3-mm-3D_gldm_GrayLevelNonUniformity,0.6356476079346557,negative_higher,522.5315955766192,0.5040840140023337,0.7264705882352941,mann_whitney_u,2.3322287070556895e-13,2.491864717793089e-12,393,True,adc_logarithm_gldm_GrayLevelNonUniformity,False,42
,,dwi_log-sigma-3-mm-3D_gldm_SmallDependenceHighGrayLevelEmphasis,0.6355686732102409,positive_higher,1.2604074145354631,0.611764705882353,0.5939323220536756,mann_whitney_u,2.407594372296957e-13,2.5658600937245997e-12,394,True,dwi_log-sigma-3-mm-3D_glszm_SmallAreaHighGrayLevelEmphasis,False,42
,,dwi_exponential_firstorder_MeanAbsoluteDeviation,0.6355309218203034,positive_higher,2.424900142638497,0.7911764705882353,0.41656942823803966,mann_whitney_u,2.444479509405663e-13,2.59857454683402e-12,395,True,dwi_exponential_gldm_SmallDependenceEmphasis,False,42
,,dwi_wavelet-HH_glrlm_RunLengthNonUniformity,0.6355206259866841,negative_higher,918.2805246740088,0.6394399066511085,0.5764705882352941,mann_whitney_u,2.4546350620916563e-13,2.602780966091633e-12,396,True,dwi_wavelet2-LL_glszm_GrayLevelNonUniformity | t2_original_glrlm_GrayLevelNonUniformity,False,42
,,dwi_wavelet-HH_glszm_ZoneVariance,0.6354588509849681,negative_higher,6170.58984375,0.4935822637106184,0.711764705882353,mann_whitney_u,2.516444476993209e-13,2.661599586623296e-12,397,True,dwi_log-sigma-0-6-mm-3D_glszm_ZoneVariance,False,42
,,dwi_log-sigma-3-mm-3D_glrlm_ShortRunHighGrayLevelEmphasis,0.6350813370855927,positive_higher,9.119682100462562,0.6735294117647059,0.5379229871645275,mann_whitney_u,2.9287788748203144e-13,3.0864399492887122e-12,398,True,dwi_log-sigma-3-mm-3D_firstorder_Minimum | dwi_log-sigma-3-mm-3D_glszm_SmallAreaHighGrayLevelEmphasis,False,42
,,dwi_logarithm_gldm_DependenceNonUniformity,0.6350779051410529,negative_higher,574.0832960143305,0.6546091015169195,0.5558823529411765,mann_whitney_u,2.9328162414055633e-13,3.0864399492887122e-12,399,True,,False,42
,,adc_wavelet-HL_glrlm_RunLengthNonUniformity,0.6350676093074336,negative_higher,2340.6417574001684,0.5169194865810969,0.6941176470588235,mann_whitney_u,2.944961168153047e-13,3.089857728132998e-12,400,True,adc_squareroot_firstorder_TotalEnergy,False,42
,,dwi_square_ngtdm_Complexity,0.635062461390624,positive_higher,10.106647269970964,0.6647058823529411,0.5367561260210034,mann_whitney_u,2.95078101686433e-13,3.089857728132998e-12,401,True,,False,42
,,dwi_log-sigma-3-mm-3D_gldm_LargeDependenceLowGrayLevelEmphasis,0.6343846523440181,negative_higher,1.1773339138718946,0.661610268378063,0.5470588235294118,mann_whitney_u,3.8710997111519375e-13,4.043469573912186e-12,402,True,dwi_log-sigma-3-mm-3D_gldm_LowGrayLevelEmphasis,False,42
,,dwi_wavelet2-LH_ngtdm_Busyness,0.634003706500103,negative_higher,6.658755432560944,0.5180863477246208,0.6970588235294117,mann_whitney_u,4.506319565335472e-13,4.695294256785024e-12,403,True,,False,42
,,dwi_original_gldm_DependenceNonUniformity,0.6339865467774042,negative_higher,591.5713335550382,0.7269544924154026,0.4882352941176471,mann_whitney_u,4.537223228895844e-13,4.715792162904369e-12,404,True,,False,42
,,dwi_square_glcm_ClusterTendency,0.6337068432974122,positive_higher,4.0862983623486855,0.5294117647058824,0.6884480746791132,mann_whitney_u,5.070844853132989e-13,5.257401861309981e-12,405,True,dwi_square_glrlm_ShortRunHighGrayLevelEmphasis,False,42
,,t2_square_gldm_DependenceNonUniformity,0.6336605120461254,negative_higher,29310.85963466192,0.558926487747958,0.6470588235294117,mann_whitney_u,5.165537272016892e-13,5.342386947093333e-12,406,True,,False,42
,,t2_logarithm_firstorder_Energy,0.6335129384309149,negative_higher,11980412946.994295,0.6336056009334889,0.5970588235294118,mann_whitney_u,5.477300913110421e-13,5.650905782346599e-12,407,True,t2_original_firstorder_TotalEnergy,False,42
,,dwi_wavelet2-LH_ngtdm_Strength,0.6334683231518978,positive_higher,0.0802164462233916,0.7264705882352941,0.4924154025670945,mann_whitney_u,5.575140024859781e-13,5.737748275584858e-12,408,True,,False,42
,,dwi_wavelet2-LH_gldm_DependenceNonUniformity,0.6333310453703068,negative_higher,817.631935301862,0.5134189031505251,0.6941176470588235,mann_whitney_u,5.887070536777071e-13,6.0439631256545045e-12,409,True,t2_original_firstorder_TotalEnergy | t2_original_glrlm_GrayLevelNonUniformity | dwi_original_gldm_DependenceNonUniformity,False,42
,,dwi_log-sigma-0-6-mm-3D_glrlm_RunLengthNonUniformity,0.6329981467499486,negative_higher,635.1743686080616,0.6709451575262544,0.5352941176470588,mann_whitney_u,6.716409259714253e-13,6.878585971107353e-12,410,True,t2_original_glrlm_GrayLevelNonUniformity | dwi_original_gldm_DependenceNonUniformity,False,42
,,dwi_exponential_glszm_ZoneEntropy,0.6420481845013384,positive_higher,4.415311532225093,0.5941176470588235,0.6464410735122521,t_test,6.815849803687027e-13,6.963443631552756e-12,411,True,,False,42
,,adc_wavelet2-LL_glcm_Imc2,0.6328196856338801,positive_higher,0.9682727793493934,0.6676470588235294,0.5519253208868145,mann_whitney_u,7.207166628243765e-13,7.34536229902805e-12,412,True,,False,42
,,adc_wavelet-HL_gldm_DependenceNonUniformity,0.6327476147985449,negative_higher,1043.2488918075849,0.4830805134189031,0.7205882352941176,mann_whitney_u,7.415186550407213e-13,7.539072233694887e-12,413,True,adc_squareroot_firstorder_TotalEnergy,False,42
,,dwi_square_gldm_GrayLevelVariance,0.6325296863202691,positive_higher,1.1972643560004046,0.5235294117647059,0.6931155192532088,mann_whitney_u,8.079994490658746e-13,8.195144170598085e-12,414,True,dwi_square_glrlm_ShortRunHighGrayLevelEmphasis,False,42
,,adc_wavelet2-HL_gldm_DependenceNonUniformity,0.6322774383965954,negative_higher,1095.1472556894244,0.572928821470245,0.6264705882352941,mann_whitney_u,8.924449259166325e-13,9.029822274515518e-12,415,True,adc_squareroot_firstorder_TotalEnergy,False,42
,,adc_wavelet-HL_gldm_GrayLevelNonUniformity,0.6321710481158624,negative_higher,863.9518886679921,0.5204200700116686,0.7,mann_whitney_u,9.305706686776295e-13,9.392947686964822e-12,416,True,adc_logarithm_gldm_GrayLevelNonUniformity,False,42
,,t2_wavelet-HL_gldm_GrayLevelNonUniformity,0.6320474981124304,negative_higher,32945.776725692245,0.5239206534422404,0.6676470588235295,mann_whitney_u,9.768545837784818e-13,9.836480569030803e-12,417,True,t2_original_glrlm_GrayLevelNonUniformity,False,42
,,t2_original_shape_Maximum3DDiameter,0.6319531196375866,negative_higher,60.64374628966776,0.4364060676779463,0.7735294117647059,mann_whitney_u,1.013725284571416e-12,1.0183331267740133e-11,418,True,t2_original_shape_Maximum2DDiameterRow,False,42
,,dwi_original_ngtdm_Busyness,0.6319273800535383,negative_higher,2.9000146667174898,0.691948658109685,0.5,mann_whitney_u,1.0240158625020738e-12,1.026215419247305e-11,419,True,,False,42
,,adc_log-sigma-3-mm-3D_glszm_GrayLevelNonUniformity,0.6317763744937881,negative_higher,110.3094527363184,0.5064177362893816,0.7029411764705882,mann_whitney_u,1.0864841988475268e-12,1.0835160316388515e-11,420,True,adc_exponential_glrlm_GrayLevelNonUniformity,False,42
,,t2_exponential_glrlm_GrayLevelNonUniformity,0.6317729425492484,negative_higher,1838.3476143507523,0.47374562427071176,0.75,mann_whitney_u,1.08794654109919e-12,1.0835160316388515e-11,421,True,,False,42
,,t2_wavelet2-HH_glszm_GrayLevelNonUniformity,0.6317695106047087,negative_higher,237.64805583250248,0.44807467911318555,0.7676470588235293,mann_whitney_u,1.0894107163835315e-12,1.0835160316388515e-11,422,True,,False,42
,,dwi_square_glcm_SumSquares,0.631764362687899,positive_higher,1.1690825106616862,0.5235294117647059,0.6849474912485414,mann_whitney_u,1.0915153164640015e-12,1.0835160316388515e-11,423,True,dwi_square_glrlm_ShortRunHighGrayLevelEmphasis,False,42
,,adc_wavelet2-HL_gldm_GrayLevelNonUniformity,0.6316185050449584,negative_higher,579.1983240223464,0.5040840140023337,0.711764705882353,mann_whitney_u,1.1557894622681652e-12,1.1446131962415155e-11,424,True,adc_logarithm_gldm_GrayLevelNonUniformity,False,42
,,dwi_wavelet2-LL_glcm_ClusterProminence,0.6315258425423844,positive_higher,53148.22208374906,0.6852941176470588,0.52975495915986,mann_whitney_u,1.1984700388561348e-12,1.1840883983898612e-11,425,True,dwi_wavelet2-LL_glcm_ClusterShade,False,42
,,t2_wavelet2-LL_gldm_GrayLevelNonUniformity,0.6314674994852083,negative_higher,1742.8369548824203,0.47841306884480744,0.7323529411764707,mann_whitney_u,1.2261324552441778e-12,1.2085751595235453e-11,426,True,t2_original_glrlm_GrayLevelNonUniformity,False,42
,,t2_original_gldm_GrayLevelNonUniformity,0.6314434758734297,negative_higher,6623.162530493956,0.5005834305717619,0.711764705882353,mann_whitney_u,1.237704100637196e-12,1.217124009034095e-11,427,True,t2_original_glrlm_GrayLevelNonUniformity,False,42
,,t2_log-sigma-3-mm-3D_gldm_DependenceNonUniformity,0.6311346008648501,negative_higher,14725.360517088293,0.7374562427071178,0.4558823529411765,mann_whitney_u,1.3963773217207453e-12,1.3699505546507966e-11,428,True,t2_original_glrlm_GrayLevelNonUniformity,False,42
,,t2_wavelet-LH_glszm_SizeZoneNonUniformity,0.6310865536412932,negative_higher,1362.3859674820565,0.6091015169194866,0.6205882352941177,mann_whitney_u,1.4227907689358794e-12,1.3926103586857244e-11,429,True,,False,42
,,t2_wavelet-LH_gldm_GrayLevelNonUniformity,0.631059098084975,negative_higher,37013.153914998125,0.44807467911318555,0.7470588235294118,mann_whitney_u,1.4381036156265308e-12,1.4043249027943727e-11,430,True,t2_original_glrlm_GrayLevelNonUniformity | t2_square_gldm_DependenceNonUniformity,False,42
,,t2_exponential_glrlm_RunVariance,0.6307467911318554,negative_higher,932.4709249344354,0.47607934655775963,0.7647058823529411,mann_whitney_u,1.624082521617789e-12,1.582255802383549e-11,431,True,,False,42
,,t2_log-sigma-3-mm-3D_gldm_GrayLevelNonUniformity,0.6306781522410597,negative_higher,12392.533742529478,0.5250875145857643,0.6735294117647059,mann_whitney_u,1.6680157645008273e-12,1.6212958785043922e-11,432,True,t2_original_glrlm_GrayLevelNonUniformity,False,42
,,dwi_original_gldm_GrayLevelNonUniformity,0.6305992175166448,negative_higher,763.2414974953863,0.6266044340723453,0.5970588235294118,mann_whitney_u,1.7199814697630583e-12,1.6679450788764623e-11,433,True,dwi_wavelet2-LL_glrlm_GrayLevelNonUniformity,False,42
,,dwi_log-sigma-2-mm-3D_gldm_LargeDependenceHighGrayLevelEmphasis,0.6303486855652413,positive_higher,1030.81455064194,0.6147058823529412,0.6091015169194867,mann_whitney_u,1.8956597968427703e-12,1.8340726928439614e-11,434,True,dwi_log-sigma-3-mm-3D_gldm_LargeDependenceHighGrayLevelEmphasis,False,42
,,dwi_log-sigma-3-mm-3D_firstorder_Range,0.6302972063971447,positive_higher,243.31578063964844,0.5764705882352941,0.6266044340723453,mann_whitney_u,1.9338798303094265e-12,1.866749748843513e-11,435,True,dwi_log-sigma-3-mm-3D_firstorder_Minimum,False,42
,,dwi_original_glcm_ClusterProminence,0.6302869105635253,positive_higher,259.4055095940979,0.6852941176470588,0.5239206534422404,mann_whitney_u,1.9416140451698272e-12,1.8699168292816753e-11,436,True,dwi_wavelet2-LL_glcm_ClusterShade,False,42
,,dwi_log-sigma-2-mm-3D_glrlm_LongRunHighGrayLevelEmphasis,0.6301462008373945,positive_higher,275.2707524316168,0.6088235294117647,0.6441073512252042,mann_whitney_u,2.0504055535421766e-12,1.9701722927513956e-11,437,True,,False,42
,,dwi_exponential_glcm_InverseVariance,0.6293225341478482,positive_higher,0.004279974362095,0.7676470588235295,0.4900816802800467,mann_whitney_u,2.2229212327936298e-12,2.1266796438511678e-11,438,True,,False,42
,,dwi_log-sigma-0-6-mm-3D_glszm_LargeAreaLowGrayLevelEmphasis,0.629936852220468,negative_higher,746.2673611111112,0.5659276546091015,0.6323529411764706,mann_whitney_u,2.223415964874167e-12,2.1266796438511678e-11,439,True,,False,42
,,t2_log-sigma-2-mm-3D_gldm_DependenceNonUniformity,0.6299025327750704,negative_higher,13045.007675999708,0.661610268378063,0.538235294117647,mann_whitney_u,2.253112540582833e-12,2.1501862631607533e-11,440,True,t2_original_glrlm_GrayLevelNonUniformity,False,42
,,adc_log-sigma-3-mm-3D_glrlm_RunLengthNonUniformity,0.6297137758253826,negative_higher,1881.7837078893192,0.6056009334889149,0.611764705882353,mann_whitney_u,2.4235310689080382e-12,2.3075752740011004e-11,441,True,adc_squareroot_firstorder_TotalEnergy,False,42
,,t2_squareroot_glrlm_GrayLevelNonUniformity,0.6296142494337291,negative_higher,2955.492281726085,0.47374562427071176,0.7352941176470589,mann_whitney_u,2.518414447966397e-12,2.3924937255680774e-11,442,True,t2_original_glrlm_GrayLevelNonUniformity,False,42
,,adc_wavelet-HH_glrlm_RunLengthNonUniformity,0.6294529480403597,negative_higher,1302.58919989709,0.6651108518086347,0.5441176470588236,mann_whitney_u,2.6799819951390602e-12,2.5402357556634118e-11,443,True,,False,42
,,t2_wavelet2-LH_glszm_SizeZoneNonUniformity,0.6294289244285812,negative_higher,3254.1215859659133,0.4795799299883314,0.7323529411764707,mann_whitney_u,2.704899159530524e-12,2.558079182628079e-11,444,True,t2_wavelet-HL_glszm_GrayLevelNonUniformity | t2_wavelet-LH_glszm_SizeZoneNonUniformity,False,42
,,dwi_wavelet2-LL_glrlm_RunLengthNonUniformity,0.6293602855377857,negative_higher,2368.922271736849,0.67561260210035,0.5411764705882354,mann_whitney_u,2.7773496486920153e-12,2.6206946460354546e-11,445,True,dwi_original_gldm_DependenceNonUniformity,False,42
,,t2_log-sigma-0-6-mm-3D_glszm_SizeZoneNonUniformity,0.6287288077424669,negative_higher,860.232635729451,0.5799299883313885,0.6352941176470588,mann_whitney_u,3.5397020663131414e-12,3.332558066468359e-11,446,True,,False,42
,,dwi_wavelet-LH_glcm_Correlation,0.6284988674583019,positive_higher,0.1871218320677687,0.5147058823529411,0.6989498249708285,mann_whitney_u,3.865445794663302e-12,3.6310977386557505e-11,447,True,,False,42
,,t2_square_glszm_GrayLevelNonUniformity,0.6282140160615004,negative_higher,516.060858819895,0.5157526254375729,0.7058823529411764,mann_whitney_u,4.309942651872022e-12,4.039609195359514e-11,448,True,t2_wavelet-HL_glszm_GrayLevelNonUniformity,False,42
,,dwi_square_glcm_DifferenceVariance,0.6279205848033496,positive_higher,0.4570828678972337,0.5205882352941177,0.6861143523920654,mann_whitney_u,4.819764754386203e-12,4.5073924729772085e-11,449,True,dwi_square_glrlm_ShortRunHighGrayLevelEmphasis | dwi_square_ngtdm_Complexity,False,42
,,t2_square_ngtdm_Coarseness,0.6276168577115794,positive_higher,0.000223827284721,0.7735294117647059,0.4574095682613769,mann_whitney_u,5.410582673972837e-12,5.048674810669321e-11,450,True,,False,42
,,dwi_log-sigma-3-mm-3D_glrlm_LongRunLowGrayLevelEmphasis,0.6273869174274144,negative_higher,0.5575043025586153,0.5904317386231038,0.6176470588235294,mann_whitney_u,5.90417019550635e-12,5.497031186459238e-11,451,True,dwi_log-sigma-3-mm-3D_gldm_LowGrayLevelEmphasis | dwi_log-sigma-3-mm-3D_glszm_LargeAreaLowGrayLevelEmphasis,False,42
,,dwi_wavelet2-HL_ngtdm_Strength,0.6269853799162606,positive_higher,0.1566679212917434,0.47941176470588237,0.7141190198366394,mann_whitney_u,6.8740181433611364e-12,6.38584119114456e-11,452,True,,False,42
,,adc_log-sigma-0-6-mm-3D_glrlm_RunLengthNonUniformity,0.6266010021278056,negative_higher,1026.893495271954,0.6207701283547258,0.5970588235294118,mann_whitney_u,7.94789133352811e-12,7.367151370747137e-11,453,True,adc_wavelet-HH_glrlm_RunLengthNonUniformity,False,42
,,dwi_wavelet2-HH_glszm_LargeAreaHighGrayLevelEmphasis,0.6262646715629075,negative_higher,36199.92929292929,0.456242707117853,0.7411764705882353,mann_whitney_u,9.021158420405794e-12,8.343578019225535e-11,454,True,,False,42
,,dwi_log-sigma-3-mm-3D_glcm_Idmn,0.6261617132267143,positive_higher,0.9938697247509594,0.49117647058823527,0.7036172695449241,mann_whitney_u,9.377220046494165e-12,8.653834500050329e-11,455,True,,False,42
,,dwi_log-sigma-2-mm-3D_glcm_ClusterProminence,0.6260312993342028,positive_higher,17.883190670921948,0.6,0.6044340723453909,mann_whitney_u,9.84804743184458e-12,9.068410343490218e-11,456,True,,False,42
,,dwi_wavelet2-LL_gldm_GrayLevelNonUniformity,0.6258013590500378,negative_higher,201.7670118343196,0.6452742123687282,0.5764705882352941,mann_whitney_u,1.0735236470360437e-11,9.863732590600322e-11,457,True,dwi_wavelet2-LL_glrlm_GrayLevelNonUniformity,False,42
,,t2_log-sigma-2-mm-3D_gldm_GrayLevelNonUniformity,0.6256057382112704,negative_higher,13338.197554597667,0.5379229871645275,0.6558823529411765,mann_whitney_u,1.15512793611988e-11,1.0590354156697327e-10,458,True,t2_original_glrlm_GrayLevelNonUniformity,False,42
,,dwi_wavelet-LH_glcm_MCC,0.625598874322191,positive_higher,0.3553743730039727,0.6352941176470588,0.5915985997666278,mann_whitney_u,1.1580989314548869e-11,1.0594460595161373e-10,459,True,,False,42
,,dwi_wavelet2-HH_glszm_ZonePercentage,0.6254993479305374,positive_higher,0.0231652316523165,0.711764705882353,0.48074679113185526,mann_whitney_u,1.2020287728246433e-11,1.0972432211066689e-10,460,True,dwi_log-sigma-0-6-mm-3D_glszm_ZonePercentage,False,42
,,dwi_log-sigma-3-mm-3D_ngtdm_Complexity,0.6254924840414579,positive_higher,7.445053599782268,0.5735294117647058,0.6219369894982497,mann_whitney_u,1.2051179773852277e-11,1.0976768735445924e-10,461,True,dwi_log-sigma-3-mm-3D_firstorder_Minimum | dwi_log-sigma-3-mm-3D_glszm_SmallAreaHighGrayLevelEmphasis,False,42
,,dwi_log-sigma-3-mm-3D_glcm_Correlation,0.6254478687624409,positive_higher,0.7394501141297032,0.638235294117647,0.5962660443407235,mann_whitney_u,1.2253875586701635e-11,1.113723454297839e-10,462,True,,False,42
,,adc_exponential_gldm_GrayLevelNonUniformity,0.6253929576498043,negative_higher,2860.8941261783903,0.6196032672112018,0.5735294117647058,mann_whitney_u,1.2507935732600186e-11,1.1343590095289025e-10,463,True,adc_logarithm_gldm_GrayLevelNonUniformity,False,42
,,dwi_log-sigma-3-mm-3D_glrlm_GrayLevelVariance,0.6250840826412245,positive_higher,0.8298260786431673,0.6323529411764706,0.574095682613769,mann_whitney_u,1.4036110839850067e-11,1.2702075305286732e-10,464,True,,False,42
,,dwi_wavelet2-HL_ngtdm_Busyness,0.6248747340242982,negative_higher,3.5118274832190584,0.7269544924154026,0.4529411764705882,mann_whitney_u,1.5174336171092312e-11,1.3702588727401423e-10,465,True,,False,42
,,t2_wavelet2-HH_glszm_LargeAreaHighGrayLevelEmphasis,0.6248541423570595,negative_higher,7444232.614583333,0.3220536756126021,0.8764705882352941,mann_whitney_u,1.5291058049996964e-11,1.3778358959643187e-10,466,True,,False,42
,,dwi_log-sigma-3-mm-3D_glszm_GrayLevelVariance,0.6248163909671219,positive_higher,1.8962585034013608,0.5852941176470589,0.6277712952158694,mann_whitney_u,1.550733613881152e-11,1.3943320010036313e-10,467,True,dwi_wavelet2-LL_ngtdm_Strength | dwi_log-sigma-3-mm-3D_firstorder_Minimum | dwi_log-sigma-3-mm-3D_glszm_SmallAreaHighGrayLevelEmphasis | dwi_log-sigma-3-mm-3D_glrlm_GrayLevelVariance,False,42
,,dwi_log-sigma-3-mm-3D_glszm_SizeZoneNonUniformityNormalized,0.624493788180383,positive_higher,0.0863020408163265,0.4764705882352941,0.7222870478413068,mann_whitney_u,1.7481920971531666e-11,1.5685167982790913e-10,468,True,dwi_log-sigma-3-mm-3D_glrlm_GrayLevelVariance,False,42
,,t2_original_shape_MajorAxisLength,0.6244045576223488,negative_higher,49.13486940003145,0.544924154025671,0.6529411764705882,mann_whitney_u,1.8070240635940922e-11,1.6178452117338153e-10,469,True,,False,42
,,t2_log-sigma-0-6-mm-3D_gldm_GrayLevelNonUniformity,0.624294735397076,negative_higher,19662.68357668124,0.6744457409568262,0.5205882352941176,mann_whitney_u,1.882097575781749e-11,1.681473983129269e-10,470,True,t2_original_glrlm_GrayLevelNonUniformity,False,42
,,dwi_wavelet2-LL_ngtdm_Busyness,0.6240098840002746,negative_higher,0.1769841899937987,0.690781796966161,0.5117647058823529,mann_whitney_u,2.091342273161499e-11,1.864447177283468e-10,471,True,,False,42
,,t2_wavelet2-LL_firstorder_TotalEnergy,0.6239343812203995,negative_higher,8135046737.615479,0.6301050175029171,0.5882352941176471,mann_whitney_u,2.1505198748546522e-11,1.9131425751090434e-10,472,True,,False,42
,,dwi_log-sigma-2-mm-3D_firstorder_Minimum,0.6232617200906033,negative_higher,-165.91397094726562,0.5752625437572929,0.6176470588235294,mann_whitney_u,2.7554609603334507e-11,2.446126970917581e-10,473,True,dwi_log-sigma-3-mm-3D_firstorder_Minimum,False,42
,,dwi_wavelet2-LL_firstorder_Maximum,0.6232102409225067,positive_higher,1565.1013758023942,0.6029411764705882,0.6126021003500584,mann_whitney_u,2.8080813701642554e-11,2.487580943738335e-10,474,True,dwi_log-sigma-3-mm-3D_firstorder_Minimum,False,42
,,dwi_original_glszm_GrayLevelVariance,0.6230146200837394,positive_higher,10.62496875826228,0.34411764705882353,0.8576429404900817,mann_whitney_u,3.0171596008672544e-11,2.667169087166653e-10,475,True,dwi_square_glszm_SmallAreaHighGrayLevelEmphasis | dwi_log-sigma-3-mm-3D_glrlm_GrayLevelVariance,False,42
,,dwi_exponential_ngtdm_Coarseness,0.6223265152035142,negative_higher,0.0518693977962915,0.5204200700116686,0.7147058823529412,mann_whitney_u,3.137274457121492e-11,2.767524253246459e-10,476,True,,False,42
,,dwi_wavelet-HH_glszm_LargeAreaEmphasis,0.6228945020248472,negative_higher,9749.491228070176,0.4515752625437573,0.7205882352941176,mann_whitney_u,3.153011980044745e-11,2.7755759547605626e-10,477,True,,False,42
,,t2_wavelet2-LH_gldm_GrayLevelNonUniformity,0.6227434964650971,negative_higher,26477.517487463032,0.441073512252042,0.7470588235294118,mann_whitney_u,3.332314547728711e-11,2.927277988684698e-10,478,True,t2_original_glrlm_GrayLevelNonUniformity,False,42
,,dwi_log-sigma-3-mm-3D_glszm_SmallAreaLowGrayLevelEmphasis,0.6224140297892786,negative_higher,0.0189721977895652,0.46557759626604434,0.7294117647058824,mann_whitney_u,3.758856604348703e-11,3.2950811861503556e-10,479,True,,False,42
,,dwi_wavelet-HH_glszm_LargeAreaHighGrayLevelEmphasis,0.6223522547875626,negative_higher,67781.140625,0.4340723453908985,0.7588235294117647,mann_whitney_u,3.8445793718038016e-11,3.363205996292534e-10,480,True,,False,42
,,t2_wavelet2-HL_gldm_GrayLevelNonUniformity,0.6220296520008236,negative_higher,24263.0163717819,0.48774795799299886,0.6941176470588235,mann_whitney_u,4.324276326779808e-11,3.774976360945616e-10,481,True,t2_original_glrlm_GrayLevelNonUniformity,False,42
,,dwi_log-sigma-2-mm-3D_glrlm_HighGrayLevelRunEmphasis,0.621902670052852,positive_higher,19.299877497036043,0.7382352941176471,0.46674445740956827,mann_whitney_u,4.5287452275608595e-11,3.942018316080818e-10,482,True,dwi_log-sigma-2-mm-3D_ngtdm_Strength,False,42
,,adc_wavelet2-HH_glszm_LargeAreaHighGrayLevelEmphasis,0.6218992381083122,negative_higher,23853.060661764703,0.5507584597432905,0.6705882352941177,mann_whitney_u,4.534400682703108e-11,3.942018316080818e-10,483,True,,False,42
,,dwi_original_firstorder_Maximum,0.6213089436474707,positive_higher,421.4401064758204,0.6205882352941177,0.5939323220536756,mann_whitney_u,5.617293224782247e-11,4.869346787205109e-10,484,True,dwi_log-sigma-3-mm-3D_firstorder_Minimum,False,42
,,dwi_squareroot_gldm_DependenceNonUniformity,0.6213055117029309,negative_higher,612.457094512932,0.6977829638273045,0.4882352941176471,mann_whitney_u,5.624275284102115e-11,4.869346787205109e-10,485,True,dwi_logarithm_gldm_DependenceNonUniformity | dwi_original_gldm_DependenceNonUniformity,False,42
,,t2_log-sigma-2-mm-3D_glszm_ZoneEntropy,0.6195037408195484,negative_higher,8.740943947920995,0.5519253208868145,0.6441176470588235,t_test,6.181749835091662e-11,5.340980978919731e-10,486,True,,False,42
,,dwi_square_firstorder_Energy,0.6210172283615896,negative_higher,533655892.7470088,0.5834305717619603,0.6205882352941177,mann_whitney_u,6.242092955753378e-11,5.382042776428837e-10,487,True,dwi_original_gldm_DependenceNonUniformity,False,42
,,t2_wavelet2-LL_firstorder_Energy,0.620797583911044,negative_higher,14007019819.466951,0.6359393232205367,0.5794117647058823,mann_whitney_u,6.756901426046216e-11,5.813981370485259e-10,488,True,t2_wavelet2-LL_firstorder_TotalEnergy,False,42
,,dwi_wavelet2-LH_glcm_ClusterShade,0.6207255130757087,negative_higher,-1.5760669051032494,0.5285880980163361,0.6852941176470588,mann_whitney_u,6.934700791990346e-11,5.954766590095596e-10,489,True,,False,42
,,adc_wavelet2-HH_glrlm_RunLengthNonUniformity,0.6207083533530098,negative_higher,1150.8534313151488,0.6301050175029171,0.5823529411764705,mann_whitney_u,6.977703734624589e-11,5.979464894222174e-10,490,True,adc_wavelet-HH_glrlm_RunLengthNonUniformity,False,42
,,t2_log-sigma-3-mm-3D_glszm_SizeZoneNonUniformity,0.6204063422335094,negative_higher,11.68471337579618,0.5799299883313885,0.6264705882352941,mann_whitney_u,7.778665911988662e-11,6.652264391943054e-10,491,True,,False,42
,,dwi_log-sigma-2-mm-3D_glcm_JointAverage,0.6203274075090945,positive_higher,5.3069711248032885,0.6323529411764706,0.5589264877479581,mann_whitney_u,8.002412370428867e-11,6.815847777572173e-10,492,True,dwi_log-sigma-3-mm-3D_firstorder_Minimum,False,42
,,dwi_log-sigma-2-mm-3D_glcm_SumAverage,0.6203274075090945,positive_higher,10.613942249606575,0.6323529411764706,0.5589264877479581,mann_whitney_u,8.002412370428867e-11,6.815847777572173e-10,493,True,dwi_log-sigma-3-mm-3D_firstorder_Minimum,False,42
,,dwi_exponential_glcm_Idn,0.6196272908229803,negative_higher,0.9986877684788372,0.5227537922987164,0.7323529411764707,mann_whitney_u,8.388673121281602e-11,7.130372153089362e-10,494,True,dwi_exponential_glcm_InverseVariance,False,42
,,t2_logarithm_glrlm_GrayLevelNonUniformity,0.620001372777816,negative_higher,2857.7905068904533,0.44807467911318555,0.7529411764705882,mann_whitney_u,8.995151827661113e-11,7.630432833201821e-10,495,True,,False,42
,,dwi_log-sigma-2-mm-3D_glszm_HighGrayLevelZoneEmphasis,0.6199756331937676,positive_higher,36.548895899053626,0.5352941176470588,0.6522753792298717,mann_whitney_u,9.078458880618322e-11,7.674830799377479e-10,496,True,dwi_log-sigma-2-mm-3D_ngtdm_Strength,False,42
,,dwi_log-sigma-2-mm-3D_glcm_Autocorrelation,0.6199739172214976,positive_higher,29.183957966088105,0.6029411764705882,0.5904317386231038,mann_whitney_u,9.084045980687323e-11,7.674830799377479e-10,497,True,dwi_log-sigma-2-mm-3D_ngtdm_Strength,False,42
,,dwi_log-sigma-2-mm-3D_gldm_HighGrayLevelEmphasis,0.6198263436062873,positive_higher,19.834662998624484,0.7147058823529412,0.47607934655775963,mann_whitney_u,9.576768398974227e-11,8.074869579777666e-10,498,True,dwi_log-sigma-2-mm-3D_ngtdm_Strength,False,42
,,dwi_log-sigma-3-mm-3D_glszm_ZoneVariance,0.6198057519390486,negative_higher,2651.9618921206525,0.4912485414235706,0.7088235294117646,mann_whitney_u,9.647565127697254e-11,8.118261717675504e-10,499,True,,False,42
,,dwi_log-sigma-3-mm-3D_glszm_LargeAreaEmphasis,0.6196375866565996,negative_higher,3571.218309859155,0.485414235705951,0.7088235294117646,mann_whitney_u,1.0245213687241726e-10,8.603930454545601e-10,500,True,dwi_log-sigma-3-mm-3D_glszm_ZoneVariance,False,42
,,dwi_wavelet2-HH_glrlm_LongRunEmphasis,0.6195689477658041,negative_higher,6.043572053440036,0.5799299883313885,0.6088235294117648,mann_whitney_u,1.0499420883164552e-10,8.799814029622346e-10,501,True,dwi_wavelet2-HH_glrlm_RunVariance,False,42
,,dwi_log-sigma-2-mm-3D_glrlm_ShortRunLowGrayLevelEmphasis,0.6194042144278948,negative_higher,0.0267598571958916,0.514585764294049,0.7029411764705882,mann_whitney_u,1.1134939770569415e-10,9.313866951518121e-10,502,True,,False,42
,,t2_logarithm_ngtdm_Strength,0.6193595991488777,positive_higher,0.2586850542746334,0.8058823529411765,0.39439906651108514,mann_whitney_u,1.1313433506683406e-10,9.44435532695102e-10,503,True,,False,42
,,dwi_log-sigma-2-mm-3D_glszm_LargeAreaLowGrayLevelEmphasis,0.6193527352597982,negative_higher,89.19428263214671,0.5180863477246208,0.6764705882352942,mann_whitney_u,1.1341141175634828e-10,9.448700753271953e-10,504,True,,False,42
,,dwi_log-sigma-0-6-mm-3D_glszm_GrayLevelNonUniformity,0.6191742741437298,negative_higher,85.01960784313725,0.41890315052508753,0.7676470588235293,mann_whitney_u,1.2085268793127062e-10,1.0048721517295155e-09,505,True,,False,42
,,t2_wavelet-HH_glszm_GrayLevelNonUniformity,0.6190610199739173,negative_higher,259.67446043165467,0.34305717619603265,0.8470588235294118,mann_whitney_u,1.258205734298775e-10,1.044111833660189e-09,506,True,,False,42
,,dwi_exponential_gldm_LargeDependenceHighGrayLevelEmphasis,0.6189237421923262,negative_higher,70.47868396663577,0.6651108518086347,0.5352941176470588,mann_whitney_u,1.3211017233917005e-10,1.0941432221936391e-09,507,True,,False,42
,,adc_square_firstorder_TotalEnergy,0.6187864644107351,negative_higher,20280557763.1957,0.646441073512252,0.5617647058823529,mann_whitney_u,1.3870671259597954e-10,1.146514736595508e-09,508,True,,False,42
,,dwi_log-sigma-2-mm-3D_glcm_Correlation,0.6187658727434965,positive_higher,0.5994979384997152,0.6294117647058823,0.5892648774795799,mann_whitney_u,1.3972356097823067e-10,1.1526507515669756e-09,509,True,,False,42
,,adc_wavelet-LH_glszm_SizeZoneNonUniformity,0.6182991282860869,negative_higher,741.5932678821879,0.6336056009334889,0.5676470588235294,mann_whitney_u,1.648280075571139e-10,1.3570839288869046e-09,510,True,,False,42
,,dwi_log-sigma-2-mm-3D_gldm_LowGrayLevelEmphasis,0.6182236255062119,negative_higher,0.0562553507797676,0.47024504084014,0.7176470588235294,mann_whitney_u,1.6928328311291915e-10,1.391038171802637e-09,511,True,,False,42
,,adc_wavelet2-LH_glszm_SizeZoneNonUniformity,0.618113803280939,negative_higher,1031.626392961877,0.5787631271878646,0.6264705882352941,mann_whitney_u,1.7597442101542968e-10,1.443196472351151e-09,512,True,,False,42
,,t2_square_glrlm_GrayLevelNonUniformity,0.6177912004942,negative_higher,3928.416311237589,0.514585764294049,0.7029411764705882,mann_whitney_u,1.9715928568904025e-10,1.6137852643436257e-09,513,True,,False,42
,,dwi_square_firstorder_TotalEnergy,0.6175887157663532,negative_higher,6782819424.155316,0.49241540256709454,0.6970588235294117,mann_whitney_u,2.117080697191277e-10,1.7294984139117065e-09,514,True,,False,42
,,dwi_square_glszm_LargeAreaHighGrayLevelEmphasis,0.61733131992587,negative_higher,5128.7276995305165,0.5425904317386231,0.6441176470588235,mann_whitney_u,2.3172309944563558e-10,1.8879393525907237e-09,515,True,,False,42
,,dwi_log-sigma-3-mm-3D_glszm_SmallAreaEmphasis,0.6173278879813303,positive_higher,0.2846651303939156,0.4323529411764706,0.7712952158693116,mann_whitney_u,2.3200207333574982e-10,1.8879393525907237e-09,516,True,,False,42
,,dwi_wavelet2-LL_firstorder_Range,0.6172695449241541,positive_higher,1887.722721914436,0.5323529411764706,0.6639439906651108,mann_whitney_u,2.367951291151454e-10,1.923216145366529e-09,517,True,,False,42
,,dwi_log-sigma-2-mm-3D_glrlm_LowGrayLevelRunEmphasis,0.6170842199190061,negative_higher,0.0601509562788129,0.4690781796966161,0.7205882352941176,mann_whitney_u,2.526705830024811e-10,2.048192621674552e-09,518,True,,False,42
,,dwi_wavelet2-LL_ngtdm_Complexity,0.616778776854966,positive_higher,828.4632079088348,0.6264705882352941,0.5624270711785297,mann_whitney_u,2.811316440282066e-10,2.2745120872339873e-09,519,True,,False,42
,,dwi_log-sigma-0-6-mm-3D_ngtdm_Strength,0.6167616171322672,positive_higher,0.0088007752446792,0.4823529411764706,0.6861143523920654,mann_whitney_u,2.82820259950826e-10,2.28377359910292e-09,520,True,,False,42
,,adc_original_firstorder_10Percentile,0.6167547532431875,negative_higher,1021.9200438810198,0.7456242707117853,0.4558823529411765,mann_whitney_u,2.834984761411747e-10,2.2848562405312717e-09,521,True,,False,42
,,adc_log-sigma-0-6-mm-3D_glszm_LargeAreaHighGrayLevelEmphasis,0.6161472990596473,negative_higher,22708.1921921922,0.5647607934655776,0.65,mann_whitney_u,3.502500219769849e-10,2.8174326480485815e-09,522,True,,False,42
,,dwi_wavelet-LH_ngtdm_Busyness,0.6160992518360903,negative_higher,17.502689320401355,0.47374562427071176,0.7147058823529412,mann_whitney_u,3.561408897348086e-10,2.859341483740844e-09,523,True,,False,42
,,adc_square_firstorder_Energy,0.6160100212780562,negative_higher,1291321621.6206803,0.8121353558926487,0.3852941176470588,mann_whitney_u,3.673387762508091e-10,2.943617407399136e-09,524,True,,False,42
,,dwi_log-sigma-2-mm-3D_glszm_SmallAreaLowGrayLevelEmphasis,0.6158487198846867,negative_higher,0.0206339404846066,0.5519253208868145,0.6529411764705882,mann_whitney_u,3.8845976139126525e-10,3.1069381677750913e-09,525,True,,False,42
,,t2_wavelet2-HH_glszm_SizeZoneNonUniformity,0.6153751115381976,negative_higher,178.0595238095238,0.5472578763127188,0.6441176470588235,mann_whitney_u,4.5755970140738105e-10,3.6526486429840176e-09,526,True,,False,42
,,t2_wavelet-HH_glszm_SizeZoneNonUniformity,0.615275585146544,negative_higher,219.22816399286987,0.6219369894982497,0.5617647058823529,mann_whitney_u,4.735371906617118e-10,3.7730221320465425e-09,527,True,,False,42
,,dwi_log-sigma-2-mm-3D_glrlm_ShortRunHighGrayLevelEmphasis,0.6149220948589471,positive_higher,9.231018012792925,0.7147058823529412,0.4830805134189031,mann_whitney_u,5.348081803308797e-10,4.250112963962764e-09,528,True,,False,42
,,dwi_log-sigma-3-mm-3D_glszm_ZonePercentage,0.6149186629144072,positive_higher,0.0349611542730299,0.6911764705882353,0.47957992998833143,mann_whitney_u,5.354393326830916e-10,4.250112963962764e-09,529,True,,False,42
,,t2_original_shape_Maximum2DDiameterColumn,0.6148019768000549,negative_higher,57.531022492399565,0.41073512252042005,0.7588235294117647,mann_whitney_u,5.573301456321123e-10,4.415526946243848e-09,530,True,,False,42
,,adc_wavelet2-LL_firstorder_10Percentile,0.6147813851328163,negative_higher,4165.655775725507,0.7409568261376897,0.47352941176470587,mann_whitney_u,5.61293397759945e-10,4.438551746128078e-09,531,True,,False,42
,,t2_original_shape_Maximum2DDiameterSlice,0.6144656462351569,negative_higher,51.10055776920976,0.7094515752625438,0.4764705882352941,mann_whitney_u,6.254499655981748e-10,4.936587228471309e-09,532,True,,False,42
,,dwi_log-sigma-0-6-mm-3D_ngtdm_Busyness,0.6143146406754068,negative_higher,111.34798048225196,0.5752625437572929,0.5970588235294118,mann_whitney_u,6.586367507131609e-10,5.1887724507402675e-09,533,True,,False,42
,,dwi_wavelet2-LL_glszm_GrayLevelVariance,0.6143009128972476,positive_higher,42.85249513408304,0.6058823529411764,0.5799299883313886,mann_whitney_u,6.61735904126703e-10,5.203425208666716e-09,534,True,,False,42
,,adc_exponential_gldm_DependenceNonUniformity,0.6141910906719747,negative_higher,1890.9431879862493,0.3920653442240373,0.7941176470588236,mann_whitney_u,6.870466223080715e-10,5.392352835647836e-09,535,True,,False,42
,,t2_logarithm_glcm_MaximumProbability,0.6140572448349235,positive_higher,0.0530040438918375,0.35294117647058826,0.8179696616102684,mann_whitney_u,7.191731690219367e-10,5.633970404334165e-09,536,True,,False,42
,,dwi_log-sigma-2-mm-3D_gldm_SmallDependenceHighGrayLevelEmphasis,0.6140469490013042,positive_higher,1.2923688965601012,0.6941176470588235,0.5064177362893816,mann_whitney_u,7.217042622549881e-10,5.6432703858634914e-09,537,True,,False,42
,,dwi_original_firstorder_Range,0.6139748781659689,positive_higher,504.14901992004366,0.5617647058823529,0.6219369894982497,mann_whitney_u,7.396668428928427e-10,5.772975972689678e-09,538,True,,False,42
,,adc_wavelet-LH_firstorder_TotalEnergy,0.6139611503878097,negative_higher,1028459076.2888384,0.6639439906651109,0.5411764705882354,mann_whitney_u,7.431373906391391e-10,5.789302232455928e-09,539,True,,False,42
,,dwi_square_gldm_DependenceNonUniformity,0.6137929851053607,negative_higher,546.0705108116578,0.7782963827304551,0.40294117647058825,mann_whitney_u,7.869623569860068e-10,6.119360994415264e-09,540,True,,False,42
,,dwi_log-sigma-0-6-mm-3D_firstorder_Kurtosis,0.6136591392683094,positive_higher,4.612457542545243,0.7676470588235295,0.4422403733955659,mann_whitney_u,8.236358368551623e-10,6.39269293706992e-09,541,True,,False,42
,,dwi_log-sigma-2-mm-3D_glszm_SmallAreaHighGrayLevelEmphasis,0.6135527489875764,positive_higher,6.542357915376709,0.6794117647058824,0.5040840140023337,mann_whitney_u,8.539707337696517e-10,6.615909799075217e-09,542,True,,False,42
,,dwi_log-sigma-2-mm-3D_glszm_LowGrayLevelZoneEmphasis,0.6134017434278263,negative_higher,0.0736764705882352,0.49241540256709454,0.6911764705882353,mann_whitney_u,8.989050012308115e-10,6.951200921120032e-09,543,True,,False,42
,,t2_logarithm_gldm_DependenceVariance,0.6131031642528657,positive_higher,4.390675916061062,0.5058823529411764,0.6849474912485414,mann_whitney_u,9.946405336485953e-10,7.677381619100096e-09,544,True,,False,42
,,dwi_exponential_glszm_GrayLevelNonUniformity,0.6130808566133572,negative_higher,11.9,0.7386231038506418,0.4764705882352941,mann_whitney_u,1.0004986154598669e-09,7.708428782231158e-09,545,True,,False,42
,,dwi_square_glcm_Contrast,0.6129538746653854,positive_higher,1.2157347376415553,0.3588235294117647,0.823803967327888,mann_whitney_u,1.0460990997738325e-09,8.045000219689236e-09,546,True,,False,42
,,dwi_log-sigma-3-mm-3D_gldm_SmallDependenceLowGrayLevelEmphasis,0.6128663600796211,negative_higher,0.0025275934307015,0.6826137689614936,0.4911764705882353,mann_whitney_u,1.0775723395705695e-09,8.271894431182488e-09,547,True,,False,42
,,dwi_original_ngtdm_Complexity,0.6128080170224449,positive_higher,47.69574271395416,0.5705882352941176,0.61610268378063,mann_whitney_u,1.0990180630965596e-09,8.421125633106667e-09,548,True,,False,42
,,adc_wavelet-HH_glszm_LargeAreaHighGrayLevelEmphasis,0.6127050586862515,negative_higher,28633.230414746544,0.6231038506417736,0.5411764705882354,mann_whitney_u,1.137882980696542e-09,8.703043052722731e-09,549,True,,False,42
,,dwi_wavelet2-HL_firstorder_Skewness,0.6124751184020867,negative_higher,-0.3266763778655568,0.4865810968494749,0.6941176470588235,mann_whitney_u,1.2295817605982007e-09,9.38729784136699e-09,550,True,,False,42
,,dwi_wavelet2-HH_glrlm_RunPercentage,0.6121456517262681,positive_higher,0.4890031233732431,0.6264705882352941,0.5589264877479581,mann_whitney_u,1.373637917075935e-09,1.0468068264613159e-08,551,True,,False,42
,,dwi_squareroot_glszm_GrayLevelNonUniformity,0.6121079003363306,negative_higher,107.72258064516129,0.47024504084014,0.7264705882352941,mann_whitney_u,1.3911594676874194e-09,1.0582388776846872e-08,552,True,,False,42
,,dwi_wavelet2-LL_gldm_DependenceNonUniformity,0.6117200906033359,negative_higher,1618.6011329985838,0.3757292882147025,0.8029411764705883,mann_whitney_u,1.584243467288213e-09,1.2029364049083554e-08,553,True,,False,42
,,dwi_original_glszm_GrayLevelNonUniformity,0.611610268378063,negative_higher,98.41498216409038,0.4912485414235706,0.7088235294117646,mann_whitney_u,1.6435107034373024e-09,1.2456861811792839e-08,554,True,,False,42
,,dwi_wavelet-LH_ngtdm_Strength,0.6115313336536481,positive_higher,0.0348888645161599,0.7205882352941176,0.47374562427071176,mann_whitney_u,1.6874379832358818e-09,1.2766760525418859e-08,555,True,,False,42
,,adc_logarithm_glszm_GrayLevelNonUniformity,0.6112808017022445,negative_higher,89.82375478927203,0.5134189031505251,0.6794117647058824,mann_whitney_u,1.83457228657116e-09,1.3854980272144426e-08,556,True,,False,42
,,adc_wavelet-LH_firstorder_Energy,0.6112293225341477,negative_higher,100776976.93231408,0.6149358226371062,0.5735294117647058,mann_whitney_u,1.86631761262877e-09,1.4069421284431249e-08,557,True,,False,42
,,t2_logarithm_gldm_LargeDependenceEmphasis,0.6109170155810282,positive_higher,16.633320250271282,0.45,0.7397899649941657,mann_whitney_u,2.0706959992314883e-09,1.5582172940453437e-08,558,True,,False,42
,,dwi_log-sigma-2-mm-3D_gldm_LargeDependenceLowGrayLevelEmphasis,0.6108518086347724,negative_higher,1.782338630204484,0.5052508751458576,0.6911764705882353,mann_whitney_u,2.116040763531125e-09,1.5894910851640776e-08,559,True,,False,42
,,t2_logarithm_gldm_DependenceNonUniformityNormalized,0.6106253002951472,negative_higher,0.1498088119383749,0.7654609101516919,0.42352941176470593,mann_whitney_u,2.28119540833975e-09,1.7104891999318944e-08,560,True,,False,42
,,dwi_log-sigma-2-mm-3D_glszm_ZoneVariance,0.6104159516782208,negative_higher,1663.3340993967252,0.5099183197199533,0.6617647058823529,mann_whitney_u,2.44496081954862e-09,1.8267598721147072e-08,561,True,,False,42
,,t2_logarithm_glrlm_RunVariance,0.6104159516782208,positive_higher,1.104450471340451,0.4676470588235294,0.7292882147024504,mann_whitney_u,2.44496081954862e-09,1.8267598721147072e-08,562,True,,False,42
,,t2_logarithm_glrlm_LongRunEmphasis,0.6103129933420276,positive_higher,3.239306115246649,0.45,0.7397899649941657,mann_whitney_u,2.5296470347598798e-09,1.88667635860688e-08,563,True,,False,42
,,t2_logarithm_glszm_ZoneVariance,0.6101860113940558,positive_higher,100.2419622422702,0.4647058823529412,0.7386231038506418,mann_whitney_u,2.638034276991457e-09,1.9640258739516182e-08,564,True,,False,42
,,t2_log-sigma-2-mm-3D_glszm_SizeZoneNonUniformity,0.6100916329192121,negative_higher,65.13299663299664,0.5262543757292882,0.6558823529411765,mann_whitney_u,2.7215088831490878e-09,2.022586867317349e-08,565,True,,False,42
,,t2_logarithm_glszm_LargeAreaEmphasis,0.609877136385476,positive_higher,113.01185114081076,0.45,0.7514585764294048,mann_whitney_u,2.9209043764144063e-09,2.1669394834918894e-08,566,True,,False,42
,,dwi_log-sigma-2-mm-3D_glrlm_LongRunLowGrayLevelEmphasis,0.6097673141602031,negative_higher,0.4096021091027194,0.5460910151691949,0.6529411764705882,mann_whitney_u,3.0284303204447426e-09,2.242747604152994e-08,567,True,,False,42
,,dwi_square_gldm_GrayLevelNonUniformity,0.6094206877616857,negative_higher,1873.1392736802693,0.6301050175029171,0.5411764705882354,mann_whitney_u,3.393701738624114e-09,2.5088298592399043e-08,568,True,,False,42
,,dwi_wavelet2-HH_gldm_SmallDependenceEmphasis,0.6093623447045096,positive_higher,0.0533794324973697,0.7852941176470588,0.38389731621936984,mann_whitney_u,3.4592612033615572e-09,2.5528010180870262e-08,569,True,,False,42
,,adc_logarithm_glszm_ZoneVariance,0.6093314572036516,negative_higher,378.6872136609746,0.4329054842473746,0.7558823529411764,mann_whitney_u,3.4944666294834666e-09,2.574257083719487e-08,570,True,,False,42
,,dwi_log-sigma-3-mm-3D_glcm_ClusterTendency,0.6091667238657422,positive_higher,2.1538675947259973,0.611764705882353,0.5705950991831972,mann_whitney_u,3.6882005784098547e-09,2.71221615214413e-08,571,True,,False,42
,,t2_logarithm_glcm_JointEnergy,0.6089813988605945,positive_higher,0.0088396769933835,0.638235294117647,0.528588098016336,mann_whitney_u,3.9186571689487814e-09,2.8766506035692192e-08,572,True,,False,42
,,adc_wavelet2-LH_glcm_Idn,0.6089505113597364,negative_higher,0.9403076964674928,0.5239206534422404,0.6441176470588235,mann_whitney_u,3.958405354656207e-09,2.900758129878083e-08,573,True,,False,42
,,dwi_log-sigma-0-6-mm-3D_glcm_Imc2,0.6088441210790033,positive_higher,0.1926326632027453,0.5323529411764706,0.6662777129521587,mann_whitney_u,4.0983422451325504e-09,2.9980730117267565e-08,574,True,,False,42
,,t2_logarithm_glrlm_RunPercentage,0.6087926419109068,negative_higher,0.6977487912973408,0.705950991831972,0.4764705882352941,mann_whitney_u,4.1677707693881245e-09,3.043559906201867e-08,575,True,,False,42
,,dwi_log-sigma-2-mm-3D_glszm_LargeAreaEmphasis,0.6087686182991283,negative_higher,2149.700374531835,0.5005834305717619,0.6705882352941177,mann_whitney_u,4.200561209659535e-09,3.0621799512778453e-08,576,True,,False,42
,,t2_squareroot_gldm_LargeDependenceEmphasis,0.6087480266318896,positive_higher,13.647892644322935,0.45588235294117646,0.7269544924154026,mann_whitney_u,4.228867029172446e-09,3.077471864037279e-08,577,True,,False,42
,,adc_log-sigma-0-6-mm-3D_glszm_GrayLevelNonUniformity,0.6087034113528725,negative_higher,105.80988593155894,0.5810968494749125,0.6058823529411765,mann_whitney_u,4.290834604162527e-09,3.1171651389063065e-08,578,True,,False,42
,,dwi_wavelet2-HH_gldm_DependenceNonUniformityNormalized,0.6086073169057589,negative_higher,0.2142998124364753,0.6604434072345391,0.5205882352941176,mann_whitney_u,4.4273195449268416e-09,3.2107624817181016e-08,579,True,,False,42
,,t2_squareroot_glszm_ZoneVariance,0.6085489738485828,positive_higher,31.75926818265776,0.5617647058823529,0.6196032672112018,mann_whitney_u,4.5122369058640235e-09,3.2667039254694886e-08,580,True,,False,42
,,dwi_wavelet2-LH_glcm_ClusterProminence,0.6084906307914064,positive_higher,23.62562697249929,0.7294117647058823,0.45507584597432904,mann_whitney_u,4.598738460309318e-09,3.323597727166752e-08,581,True,,False,42
,,t2_squareroot_gldm_DependenceNonUniformityNormalized,0.6084563113460086,negative_higher,0.1703857294997251,0.7304550758459744,0.4441176470588235,mann_whitney_u,4.6503732860048635e-09,3.355140451535124e-08,582,True,,False,42
,,dwi_wavelet2-HL_glcm_MCC,0.6084460155123893,positive_higher,0.5344054496180118,0.4176470588235294,0.7782963827304551,mann_whitney_u,4.665973442089408e-09,3.3606213522012735e-08,583,True,,False,42
,,dwi_log-sigma-3-mm-3D_glszm_GrayLevelNonUniformityNormalized,0.6083670807879744,negative_higher,0.206172388604821,0.6546091015169195,0.5235294117647059,mann_whitney_u,4.787277986186741e-09,3.4420856616435144e-08,584,True,,False,42
,,t2_squareroot_glszm_LargeAreaEmphasis,0.6083327613425767,positive_higher,57.39238653001464,0.4088235294117647,0.7701283547257877,mann_whitney_u,4.840971627911885e-09,3.474741857367864e-08,585,True,,False,42
,,t2_wavelet-HH_glszm_LargeAreaHighGrayLevelEmphasis,0.6082744182854005,negative_higher,8407995.630498534,0.5064177362893816,0.6647058823529413,mann_whitney_u,4.933598068423412e-09,3.53518400841466e-08,586,True,,False,42
,,dwi_log-sigma-2-mm-3D_glrlm_GrayLevelVariance,0.6082606905072414,positive_higher,0.7058577364744234,0.6205882352941177,0.5600933488914819,mann_whitney_u,4.955641869735612e-09,3.544930189270841e-08,587,True,,False,42
,,adc_wavelet-LH_glcm_Idn,0.6082195071727641,negative_higher,0.9403297214190331,0.558926487747958,0.638235294117647,mann_whitney_u,5.022349840226365e-09,3.586538601889542e-08,588,True,,False,42
,,adc_original_glszm_SizeZoneNonUniformity,0.6081886196719062,negative_higher,897.0181983621474,0.5997666277712952,0.5852941176470587,mann_whitney_u,5.0729533775516005e-09,3.61652482722227e-08,589,True,,False,42
,,dwi_wavelet-LH_glcm_ClusterShade,0.6081680280046674,negative_higher,-0.9090686088593614,0.6476079346557759,0.5323529411764706,mann_whitney_u,5.10696430918343e-09,3.634600531230716e-08,590,True,,False,42
,,dwi_wavelet2-HH_glszm_LargeAreaLowGrayLevelEmphasis,0.6080238863339968,negative_higher,1001.9949596774194,0.661610268378063,0.5058823529411764,mann_whitney_u,5.351330992559574e-09,3.8020708693329356e-08,591,True,,False,42
,,dwi_original_glrlm_GrayLevelVariance,0.6080135905003775,positive_higher,4.199884537021268,0.5029411764705882,0.6744457409568261,mann_whitney_u,5.369214563402534e-09,3.808333099953926e-08,592,True,,False,42
,,dwi_squareroot_firstorder_Skewness,0.607728739103576,positive_higher,-1.0755568962980893,0.7235294117647059,0.4539089848308051,mann_whitney_u,5.887708666262548e-09,4.169053741928573e-08,593,True,,False,42
,,adc_wavelet2-LH_firstorder_TotalEnergy,0.6077150113254169,negative_higher,2111977207.9936624,0.6266044340723453,0.5617647058823529,mann_whitney_u,5.913889483136702e-09,4.180542414089396e-08,594,True,,False,42
,,t2_squareroot_gldm_DependenceVariance,0.6076909877136385,positive_higher,3.3621138178986363,0.4411764705882353,0.7292882147024504,mann_whitney_u,5.959978666235209e-09,4.206042087314561e-08,595,True,,False,42
,,dwi_wavelet2-HL_glcm_ClusterShade,0.607636076601002,negative_higher,-4.384722393956408,0.7747957992998833,0.38235294117647056,mann_whitney_u,6.066641272463534e-09,4.274131997160131e-08,596,True,,False,42
,,dwi_log-sigma-3-mm-3D_glcm_SumSquares,0.6076292127119226,positive_higher,0.6262241178903862,0.611764705882353,0.5717619603267211,mann_whitney_u,6.08010395491732e-09,4.276441625912533e-08,597,True,,False,42
,,dwi_log-sigma-2-mm-3D_firstorder_Range,0.6076189168783032,positive_higher,247.0368804931641,0.5882352941176471,0.5799299883313886,mann_whitney_u,6.100352482846478e-09,4.283508373824809e-08,598,True,,False,42
,,dwi_log-sigma-2-mm-3D_glszm_GrayLevelVariance,0.6075983252110646,positive_higher,1.5805704416322317,0.6058823529411764,0.5705950991831972,mann_whitney_u,6.141046508328459e-09,4.304883854502704e-08,599,True,,False,42
,,dwi_wavelet-HL_ngtdm_Busyness,0.6075365502093486,negative_higher,9.70895310246116,0.6884480746791132,0.4794117647058823,mann_whitney_u,6.264719263266247e-09,4.384259364409162e-08,600,True,,False,42
,,dwi_wavelet-HH_gldm_DependenceNonUniformityNormalized,0.6075125265975702,negative_higher,0.2284395188237915,0.5869311551925321,0.5823529411764705,mann_whitney_u,6.313465595661152e-09,4.411021969414505e-08,601,True,,False,42
,,dwi_log-sigma-3-mm-3D_gldm_GrayLevelVariance,0.6074782071521724,positive_higher,0.6334260241202418,0.6088235294117647,0.574095682613769,mann_whitney_u,6.383743732384863e-09,4.452714274465787e-08,602,True,,False,42
,,adc_square_firstorder_10Percentile,0.6074130002059166,negative_higher,318.1757986354177,0.721120186697783,0.4764705882352941,mann_whitney_u,6.519374444631993e-09,4.539776665507419e-08,603,True,,False,42
,,t2_squareroot_glrlm_LongRunEmphasis,0.6073821127050587,positive_higher,2.657979423168499,0.45588235294117646,0.7281213535589265,mann_whitney_u,6.5845948386287066e-09,4.577601610497009e-08,604,True,,False,42
,,t2_squareroot_glrlm_RunVariance,0.607193355755371,positive_higher,0.6910209630469327,0.5147058823529411,0.6697782963827305,mann_whitney_u,6.997172598118457e-09,4.856384750330479e-08,605,True,,False,42
,,adc_wavelet2-LH_glcm_Idmn,0.6070389182510809,negative_higher,0.9909302487134576,0.543757292882147,0.65,mann_whitney_u,7.353338484963622e-09,5.095159785208291e-08,606,True,,False,42
,,dwi_log-sigma-2-mm-3D_ngtdm_Complexity,0.6070286224174617,positive_higher,7.427094196594902,0.6735294117647059,0.5110851808634773,mann_whitney_u,7.377699718101373e-09,5.1036179763274566e-08,607,True,,False,42
,,dwi_exponential_firstorder_RootMeanSquared,0.6067986821332967,positive_higher,305.6889637059262,0.6558823529411765,0.5239206534422404,mann_whitney_u,7.942675996057012e-09,5.4854106097768735e-08,608,True,,False,42
,,dwi_square_gldm_DependenceVariance,0.6065756057382112,positive_higher,4.956251828865148,0.35294117647058826,0.8179696616102684,mann_whitney_u,8.530877809626011e-09,5.881963205684666e-08,609,True,,False,42
,,t2_wavelet-HL_glszm_LowGrayLevelZoneEmphasis,0.6065481501818931,positive_higher,0.0214583580143663,0.4088235294117647,0.7771295215869312,mann_whitney_u,8.606135240109513e-09,5.924124897249155e-08,610,True,,False,42
,,t2_squareroot_glrlm_RunPercentage,0.6065378543482738,negative_higher,0.7171438876309937,0.7677946324387398,0.40588235294117647,mann_whitney_u,8.634522854320975e-09,5.9339380466929256e-08,611,True,,False,42
,,t2_squareroot_glszm_LargeAreaLowGrayLevelEmphasis,0.6063010501750292,positive_higher,0.8074181315431329,0.49411764705882355,0.6814469078179697,mann_whitney_u,9.313143262047784e-09,6.389851071460564e-08,612,True,,False,42
,,adc_wavelet2-LH_glszm_LargeAreaHighGrayLevelEmphasis,0.6062083876724551,negative_higher,3179.337950937951,0.44457409568261375,0.7205882352941176,mann_whitney_u,9.592568078285333e-09,6.570830890818941e-08,613,True,,False,42
,,dwi_wavelet2-LH_glrlm_RunEntropy,0.6060024710000687,positive_higher,3.8504622792494176,0.5294117647058824,0.6511085180863477,mann_whitney_u,1.0242999950597827e-08,7.004944103022847e-08,614,True,,False,42
,,adc_squareroot_firstorder_10Percentile,0.6059612876655913,negative_higher,1860.74568410758,0.6161026837806302,0.5764705882352941,mann_whitney_u,1.0378135691568927e-08,7.085819799820801e-08,615,True,,False,42
,,dwi_wavelet2-HH_gldm_LargeDependenceEmphasis,0.6059304001647333,negative_higher,27.62567963195316,0.5659276546091015,0.6058823529411765,mann_whitney_u,1.0480623045899644e-08,7.144177949631917e-08,616,True,,False,42
,,dwi_log-sigma-2-mm-3D_glcm_Imc2,0.6058514654403185,positive_higher,0.6886695282965899,0.5794117647058824,0.603267211201867,mann_whitney_u,1.0747024492964122e-08,7.313898840511565e-08,617,True,,False,42
,,t2_logarithm_glcm_Idm,0.6057896904386024,positive_higher,0.5068007962914203,0.45,0.7187864644107351,mann_whitney_u,1.0960091964211653e-08,7.446832711605945e-08,618,True,,False,42
,,dwi_square_glszm_ZonePercentage,0.6057793946049831,positive_higher,0.0417463352453792,0.6882352941176471,0.4889148191365228,mann_whitney_u,1.0996000059027084e-08,7.45916062162435e-08,619,True,,False,42
,,adc_logarithm_glszm_LargeAreaEmphasis,0.605721051547807,negative_higher,316.0984848484849,0.5845974329054843,0.6,mann_whitney_u,1.1201649036043319e-08,7.586407145539661e-08,620,True,,False,42
,,dwi_wavelet-HL_ngtdm_Strength,0.6056352529343126,positive_higher,0.0694582340066213,0.46176470588235297,0.7164527421236873,mann_whitney_u,1.1510878953048905e-08,7.78328192010505e-08,621,True,,False,42
,,adc_wavelet-HH_glszm_GrayLevelNonUniformity,0.6055700459880569,negative_higher,104.36842105263158,0.7316219369894983,0.4558823529411765,mann_whitney_u,1.1751425968505297e-08,7.933157177130827e-08,622,True,,False,42
,,adc_wavelet-LH_glcm_Idmn,0.6055391584871989,negative_higher,0.9912247420923848,0.5250875145857643,0.6676470588235295,mann_whitney_u,1.1867067359559644e-08,7.998365303818772e-08,623,True,,False,42
,,dwi_log-sigma-3-mm-3D_glcm_DifferenceVariance,0.6055185668199601,positive_higher,0.2540511658605679,0.5441176470588235,0.6301050175029171,mann_whitney_u,1.1944775150477085e-08,8.037838278341872e-08,624,True,,False,42
,,adc_logarithm_glrlm_RunLengthNonUniformity,0.6052851945912554,negative_higher,1058.0484612811583,0.5670945157526255,0.6176470588235294,mann_whitney_u,1.2860757365890356e-08,8.640371228699778e-08,625,True,,False,42
,,t2_logarithm_glcm_Id,0.6051444848651246,positive_higher,0.5489690680357351,0.45294117647058824,0.7141190198366394,mann_whitney_u,1.3445643105197142e-08,9.01889063877361e-08,626,True,,False,42
,,t2_squareroot_gldm_GrayLevelNonUniformity,0.604876793191022,negative_higher,3639.9286365520097,0.5647607934655776,0.6205882352941177,mann_whitney_u,1.4630521096435153e-08,9.798015643370209e-08,627,True,,False,42
,,dwi_wavelet2-LL_glcm_DifferenceVariance,0.6047429473539707,positive_higher,4.774206410491485,0.5647058823529412,0.6102683780630105,mann_whitney_u,1.5260393833298406e-08,1.0203565876754778e-07,628,True,,False,42
,,t2_wavelet-HL_glszm_SmallAreaLowGrayLevelEmphasis,0.6047189237421924,positive_higher,0.0086423208477945,0.4764705882352941,0.7001166861143524,mann_whitney_u,1.5376202317816532e-08,1.0264653979731577e-07,629,True,,False,42
,,dwi_wavelet2-LL_glcm_Imc2,0.604708627908573,positive_higher,0.9552473552469508,0.4323529411764706,0.779463243873979,mann_whitney_u,1.5426095430311672e-08,1.0281615033631541e-07,630,True,,False,42
,,dwi_log-sigma-3-mm-3D_firstorder_Variance,0.6046399890177775,positive_higher,840.0531435232383,0.5676470588235294,0.6102683780630105,mann_whitney_u,1.5762757618253715e-08,1.0489353286695301e-07,631,True,,False,42
,,dwi_wavelet-HL_glszm_ZoneVariance,0.604523302903425,negative_higher,860.144375,0.5344224037339557,0.6352941176470588,mann_whitney_u,1.635152900518136e-08,1.0863935172904514e-07,632,True,,False,42
,,adc_wavelet2-LH_firstorder_Energy,0.6045027112361864,negative_higher,199348310.8283248,0.6009334889148191,0.5794117647058823,mann_whitney_u,1.645762362514388e-08,1.0899930852047184e-07,633,True,,False,42
,,dwi_log-sigma-3-mm-3D_gldm_SmallDependenceEmphasis,0.6045027112361864,positive_higher,0.0500252311061436,0.5647058823529412,0.6056009334889147,mann_whitney_u,1.645762362514388e-08,1.0899930852047184e-07,634,True,,False,42
,,dwi_wavelet2-LH_glszm_GrayLevelVariance,0.6042453153957033,positive_higher,2.492935635792778,0.5941176470588235,0.5705950991831972,mann_whitney_u,1.7841544594203504e-08,1.1797896968670947e-07,635,True,,False,42
,,dwi_original_glcm_MCC,0.6040462626123961,positive_higher,0.8257032157475037,0.3352941176470588,0.8483080513418904,mann_whitney_u,1.8988628166917447e-08,1.2536674476868924e-07,636,True,,False,42
,,t2_wavelet-HL_firstorder_Range,0.6039501681652825,negative_higher,166.2979833739561,0.6837806301050176,0.5,mann_whitney_u,1.956771418121289e-08,1.2898717715370945e-07,637,True,,False,42
,,t2_squareroot_glcm_Idm,0.6038986889971858,positive_higher,0.5061870755131438,0.40588235294117647,0.7596266044340724,mann_whitney_u,1.988495490145597e-08,1.308729241868552e-07,638,True,,False,42
,,t2_logarithm_glrlm_RunLengthNonUniformityNormalized,0.6038883931635665,negative_higher,0.5942483801210152,0.7141190198366394,0.44705882352941173,mann_whitney_u,1.994899956873658e-08,1.310889658671751e-07,639,True,,False,42
,,t2_logarithm_glrlm_ShortRunEmphasis,0.6038780973299471,negative_higher,0.7969505315287257,0.7269544924154026,0.43529411764705883,mann_whitney_u,2.001324448327076e-08,1.3130564622695926e-07,640,True,,False,42
,,t2_wavelet-HL_glrlm_LowGrayLevelRunEmphasis,0.6036756126021005,positive_higher,0.0189430519871178,0.42058823529411765,0.7631271878646442,mann_whitney_u,2.131832442917204e-08,1.3964999107346862e-07,641,True,,False,42
,,t2_squareroot_glcm_Id,0.6035966778776855,positive_higher,0.5498467943325123,0.4147058823529412,0.7421236872812136,mann_whitney_u,2.1849152168347624e-08,1.4290434572413032e-07,642,True,,False,42
,,dwi_log-sigma-0-6-mm-3D_gldm_DependenceNonUniformityNormalized,0.6035760862104469,negative_higher,0.1643404326390351,0.7537922987164527,0.44705882352941173,mann_whitney_u,2.1989725578966103e-08,1.436000897450679e-07,643,True,,False,42
,,adc_wavelet2-LH_gldm_SmallDependenceLowGrayLevelEmphasis,0.6035520625986684,positive_higher,0.0021224945356272,0.5794117647058824,0.6009334889148191,mann_whitney_u,2.2154837674270268e-08,1.4445366986686468e-07,644,True,,False,42
,,adc_squareroot_ngtdm_Contrast,0.6035314709314298,positive_higher,0.0291700156697075,0.7205882352941176,0.45157526254375724,mann_whitney_u,2.2297319639085876e-08,1.4515727932483966e-07,645,True,,False,42
,,t2_squareroot_glrlm_ShortRunEmphasis,0.6034113528725376,negative_higher,0.82308178147632,0.485414235705951,0.6705882352941177,mann_whitney_u,2.314636231742289e-08,1.5037920907018763e-07,646,True,,False,42
,,t2_squareroot_glrlm_RunLengthNonUniformityNormalized,0.6034079209279978,negative_higher,0.6328196003437188,0.485414235705951,0.6705882352941177,mann_whitney_u,2.3171076034391854e-08,1.5037920907018763e-07,647,True,,False,42
,,t2_wavelet2-LL_gldm_LargeDependenceLowGrayLevelEmphasis,0.6033907612052989,positive_higher,0.0070424980967639,0.5235294117647059,0.6487747957992999,mann_whitney_u,2.3295029305050535e-08,1.5095035193195553e-07,648,True,,False,42
,,dwi_log-sigma-2-mm-3D_glcm_ClusterTendency,0.6032088681446908,positive_higher,1.6445945451876791,0.6294117647058823,0.5414235705950992,mann_whitney_u,2.4649139397188664e-08,1.594787924942915e-07,649,True,,False,42
,,dwi_log-sigma-2-mm-3D_gldm_SmallDependenceLowGrayLevelEmphasis,0.6030269750840827,negative_higher,0.0035528066294152,0.5822637106184364,0.611764705882353,mann_whitney_u,2.6079512252530097e-08,1.684736491513444e-07,650,True,,False,42
,,dwi_log-sigma-0-6-mm-3D_gldm_DependenceVariance,0.6028794014688723,positive_higher,2.8014320546562663,0.49411764705882355,0.6942823803967328,mann_whitney_u,2.7298889893884754e-08,1.760799365044886e-07,651,True,,False,42
,,dwi_logarithm_glszm_GrayLevelNonUniformity,0.6028416500789346,negative_higher,87.41290322580645,0.47607934655775963,0.6941176470588235,mann_whitney_u,2.761960323520897e-08,1.7787532819730438e-07,652,True,,False,42
,,t2_logarithm_glcm_Imc1,0.6027249639645823,negative_higher,-0.3469433408150325,0.6137689614935823,0.5676470588235294,mann_whitney_u,2.863418357124794e-08,1.8412700890607977e-07,653,True,,False,42
,,dwi_wavelet2-HH_ngtdm_Strength,0.6026803486855652,positive_higher,0.0040988230230125,0.6588235294117647,0.5134189031505251,mann_whitney_u,2.903159078983634e-08,1.8639701793046297e-07,654,True,,False,42
,,t2_wavelet-HL_gldm_LowGrayLevelEmphasis,0.6026288695174686,positive_higher,0.0182763939724186,0.48823529411764705,0.6966161026837806,mann_whitney_u,2.949678895861633e-08,1.8909468219424424e-07,655,True,,False,42
,,dwi_wavelet-HL_firstorder_Skewness,0.6023337222870478,negative_higher,-0.3393392887838623,0.5659276546091015,0.6235294117647059,mann_whitney_u,3.230681073627034e-08,2.0679313762438897e-07,656,True,,False,42
,,t2_wavelet-HL_firstorder_Minimum,0.6021930125609172,positive_higher,-83.87960609974829,0.5029411764705882,0.6802800466744457,mann_whitney_u,3.373625800868686e-08,2.1561422736449944e-07,657,True,,False,42
,,t2_wavelet-HL_glszm_HighGrayLevelZoneEmphasis,0.6020351431120873,negative_higher,73.75408003577017,0.6674445740956826,0.5147058823529411,mann_whitney_u,3.541308088431844e-08,2.259871225429379e-07,658,True,,False,42
,,dwi_square_ngtdm_Coarseness,0.6020299951952777,positive_higher,0.0031125526640065,0.6764705882352942,0.5425904317386231,mann_whitney_u,3.546721372352464e-08,2.2598912052364184e-07,659,True,,False,42
,,dwi_log-sigma-2-mm-3D_glcm_SumSquares,0.6019870958885304,positive_higher,0.5449975660506319,0.6058823529411764,0.5682613768961493,mann_whitney_u,3.5939269898444953e-08,2.2864999136904603e-07,660,True,,False,42
,,adc_wavelet-HH_glszm_SizeZoneNonUniformity,0.6018772736632576,negative_higher,293.94800483675937,0.6534422403733956,0.5147058823529411,mann_whitney_u,3.717061948034259e-08,2.361262196640825e-07,661,True,,False,42
,,adc_wavelet-LH_glszm_LargeAreaHighGrayLevelEmphasis,0.6018120667170019,negative_higher,2833.609154929577,0.5705950991831972,0.6,mann_whitney_u,3.792098898283817e-08,2.4052905247573637e-07,662,True,,False,42
,,t2_wavelet2-LL_glrlm_LongRunLowGrayLevelEmphasis,0.6016885167135699,positive_higher,0.0021169018781577,0.4147058823529412,0.7421236872812136,mann_whitney_u,3.938322985603197e-08,2.494271224215358e-07,663,True,,False,42
,,dwi_original_glszm_SmallAreaEmphasis,0.601640469490013,positive_higher,0.4426826243440251,0.5970588235294118,0.5950991831971995,mann_whitney_u,3.9966521083575e-08,2.5274009341857143e-07,664,True,,False,42
,,t2_wavelet-HL_ngtdm_Complexity,0.6016198778227744,negative_higher,55.61139097930165,0.6394399066511085,0.5205882352941176,mann_whitney_u,4.021905955009527e-08,2.53954633159173e-07,665,True,,False,42
,,t2_wavelet-HL_glcm_JointAverage,0.601578694488297,negative_higher,7.503896590540209,0.6966161026837806,0.4882352941176471,mann_whitney_u,4.072878676188782e-08,2.5640206238855615e-07,666,True,,False,42
,,t2_wavelet-HL_glcm_SumAverage,0.601578694488297,negative_higher,15.00779318108042,0.6966161026837806,0.4882352941176471,mann_whitney_u,4.072878676188782e-08,2.5640206238855615e-07,667,True,,False,42
,,dwi_original_glszm_SizeZoneNonUniformityNormalized,0.6014826000411834,positive_higher,0.1886424420358342,0.6088235294117647,0.5834305717619603,mann_whitney_u,4.194262993349382e-08,2.636483579202703e-07,668,True,,False,42
,,t2_wavelet-HL_glrlm_HighGrayLevelRunEmphasis,0.6013693458713707,negative_higher,72.63633160071203,0.6826137689614936,0.4970588235294118,mann_whitney_u,4.341829560915082e-08,2.725163277471215e-07,669,True,,False,42
,,dwi_log-sigma-2-mm-3D_gldm_GrayLevelVariance,0.6011668611435239,positive_higher,0.5525168514783921,0.6058823529411764,0.5717619603267211,mann_whitney_u,4.618300278102317e-08,2.894364607127109e-07,670,True,,False,42
,,t2_wavelet-HL_glrlm_ShortRunLowGrayLevelEmphasis,0.601118813919967,positive_higher,0.0112819707913467,0.3911764705882353,0.7864644107351225,mann_whitney_u,4.686367085962847e-08,2.9326461093827117e-07,671,True,,False,42
,,dwi_wavelet-HH_glrlm_RunVariance,0.6009986958610749,negative_higher,1.3304030747850826,0.5869311551925321,0.6,mann_whitney_u,4.860816270486663e-08,3.0372868332996276e-07,672,True,,False,42
,,dwi_square_glcm_Idmn,0.6008528382181344,positive_higher,0.99350170153315,0.8088235294117647,0.39439906651108514,mann_whitney_u,5.080857393254415e-08,3.1700624359992997e-07,673,True,,False,42
,,t2_wavelet-HL_gldm_HighGrayLevelEmphasis,0.6008099389113872,negative_higher,57.23725301840236,0.691948658109685,0.4882352941176471,mann_whitney_u,5.147737946100932e-08,3.207025465234097e-07,674,True,,False,42
,,dwi_wavelet2-LH_glszm_GrayLevelNonUniformityNormalized,0.6007104125197338,negative_higher,0.1794525404665264,0.6067677946324388,0.5558823529411765,mann_whitney_u,5.3055652635551303e-08,3.3004545987656286e-07,675,True,,False,42
,,t2_wavelet2-LL_glszm_LargeAreaLowGrayLevelEmphasis,0.6007035486306541,positive_higher,0.0091573946291247,0.38235294117647056,0.7771295215869312,mann_whitney_u,5.316621095179256e-08,3.302439641813269e-07,676,True,,False,42
,,adc_log-sigma-3-mm-3D_glszm_ZoneEntropy,0.5974981124305031,negative_higher,6.336121356193769,0.5799299883313885,0.5705882352941176,t_test,5.6861588386556725e-08,3.5267623284365095e-07,677,True,,False,42
,,t2_wavelet-HL_glrlm_ShortRunHighGrayLevelEmphasis,0.6002848513968014,negative_higher,39.41469088172545,0.6686114352392065,0.5176470588235293,mann_whitney_u,6.034940367993735e-08,3.737568525841548e-07,678,True,,False,42
,,dwi_log-sigma-0-6-mm-3D_glcm_Imc1,0.6002745555631821,negative_higher,-0.0273485373027091,0.7607934655775963,0.4323529411764706,mann_whitney_u,6.053738251610495e-08,3.74368879506811e-07,679,True,,False,42
,,t2_wavelet-HL_glszm_SmallAreaHighGrayLevelEmphasis,0.6002539638959434,negative_higher,30.13072636551608,0.67561260210035,0.5088235294117647,mann_whitney_u,6.091504366200472e-08,3.7615039461287915e-07,680,True,,False,42
,,dwi_wavelet2-HL_firstorder_Kurtosis,0.6002333722287048,positive_higher,4.815919917407855,0.5970588235294118,0.5717619603267211,mann_whitney_u,6.129498715171521e-08,3.7794075044060523e-07,681,True,,False,42
,,t2_wavelet-HL_glcm_Autocorrelation,0.6001784611160683,negative_higher,71.96391030885302,0.6884480746791132,0.4911764705882353,mann_whitney_u,6.23194294510718e-08,3.8369396519802127e-07,682,True,,False,42
,,dwi_log-sigma-2-mm-3D_glcm_DifferenceVariance,0.6001715972269888,positive_higher,0.276260625556718,0.6235294117647059,0.5484247374562428,mann_whitney_u,6.244864525791856e-08,3.839265906852123e-07,683,True,,False,42
,,adc_original_glcm_Imc2,0.6001269819479718,positive_higher,0.8876614999154102,0.5647058823529412,0.6009334889148191,mann_whitney_u,6.329489740458389e-08,3.8856034240036225e-07,684,True,,False,42
,,dwi_squareroot_ngtdm_Strength,0.6001166861143524,positive_higher,0.4732692758440092,0.5676470588235294,0.5962660443407235,mann_whitney_u,6.349175840410869e-08,3.8919984458226626e-07,685,True,,False,42
,,dwi_square_firstorder_MeanAbsoluteDeviation,0.6001063902807331,positive_higher,33.95488223337425,0.4147058823529412,0.7584597432905484,mann_whitney_u,6.368921254446653e-08,3.898411129361734e-07,686,True,,False,42
,,dwi_square_gldm_SmallDependenceEmphasis,0.5999965680554602,positive_higher,0.081899176487429,0.4441176470588235,0.7152858809801634,mann_whitney_u,6.583275307342605e-08,4.023751530645065e-07,687,True,,False,42
,,dwi_exponential_glcm_Idmn,0.5994886402635733,negative_higher,0.999605453661371,0.4690781796966161,0.75,mann_whitney_u,6.652821891099276e-08,4.060348709407828e-07,688,True,,False,42
,,adc_wavelet-LH_ngtdm_Contrast,0.5999313611092044,positive_higher,0.0238437640002189,0.7088235294117647,0.4865810968494749,mann_whitney_u,6.71383747068364e-08,4.091640571756256e-07,689,True,,False,42
,,dwi_original_glszm_LargeAreaHighGrayLevelEmphasis,0.599831834717551,negative_higher,7194.041666666667,0.5239206534422404,0.6352941176470588,mann_whitney_u,6.917965360539224e-08,4.2099328331745213e-07,690,True,,False,42
,,dwi_wavelet-HL_glszm_LargeAreaEmphasis,0.5997975152721532,negative_higher,1103.5111111111112,0.5262543757292882,0.6323529411764706,mann_whitney_u,6.989738383452412e-08,4.247454626934396e-07,691,True,,False,42
,,dwi_wavelet2-HH_ngtdm_Busyness,0.5997528999931361,negative_higher,132.56689013732327,0.5414235705950992,0.6205882352941177,mann_whitney_u,7.084122338763159e-08,4.2985881070038294e-07,692,True,,False,42
,,t2_wavelet2-LL_gldm_LowGrayLevelEmphasis,0.5997014208250395,positive_higher,0.0008892570911184,0.75,0.4037339556592765,mann_whitney_u,7.194561237782817e-08,4.35930196788601e-07,693,True,,False,42
,,t2_logarithm_glcm_JointEntropy,0.5996602374905622,negative_higher,8.012467628134473,0.6394399066511085,0.5205882352941176,mann_whitney_u,7.284111305753139e-08,4.4072022151091397e-07,694,True,,False,42
,,dwi_wavelet2-LL_glrlm_GrayLevelVariance,0.5995469833207494,positive_higher,51.49513257947975,0.5058823529411764,0.6674445740956827,mann_whitney_u,7.535976290590299e-08,4.553030855278944e-07,695,True,,False,42
,,dwi_log-sigma-0-6-mm-3D_gldm_SmallDependenceEmphasis,0.599495504152653,positive_higher,0.0638201446984942,0.7205882352941176,0.44807467911318555,mann_whitney_u,7.653229485991724e-08,4.617228536160811e-07,696,True,,False,42
,,dwi_log-sigma-3-mm-3D_glcm_Imc2,0.599203788866772,positive_higher,0.8115271173264352,0.5970588235294118,0.5834305717619603,mann_whitney_u,8.351785479561121e-08,5.031441496223407e-07,697,True,,False,42
,,t2_logarithm_glszm_ZonePercentage,0.5990356235843228,negative_higher,0.3678866517819572,0.5857642940490082,0.5705882352941176,mann_whitney_u,8.782131196163873e-08,5.283118752534685e-07,698,True,,False,42
,,t2_wavelet-HL_gldm_LargeDependenceLowGrayLevelEmphasis,0.5989772805271467,positive_higher,0.4098928517991987,0.5294117647058824,0.6581096849474912,mann_whitney_u,8.936391738321214e-08,5.368227311761198e-07,699,True,,False,42
,,t2_squareroot_glrlm_LongRunLowGrayLevelEmphasis,0.598894913858192,positive_higher,0.0424620884475061,0.4,0.7666277712952159,mann_whitney_u,9.158644975077374e-08,5.493878607192843e-07,700,True,,False,42
,,t2_squareroot_ngtdm_Complexity,0.5988777541354932,negative_higher,1082.8993117011976,0.43990665110851807,0.711764705882353,mann_whitney_u,9.205616688667744e-08,5.514177528632791e-07,701,True,,False,42
,,t2_squareroot_gldm_LargeDependenceLowGrayLevelEmphasis,0.5988434346900954,positive_higher,0.2593283763316971,0.3911764705882353,0.7747957992998833,mann_whitney_u,9.300260782879598e-08,5.562933764574278e-07,702,True,,False,42
,,t2_wavelet-HL_gldm_LargeDependenceHighGrayLevelEmphasis,0.5987850916329192,negative_higher,1608.264246932109,0.7607934655775963,0.41764705882352937,mann_whitney_u,9.463321767123048e-08,5.65241651495728e-07,703,True,,False,42
,,dwi_square_gldm_HighGrayLevelEmphasis,0.5987387603816322,positive_higher,6.662986156888596,0.37058823529411766,0.7876312718786465,mann_whitney_u,9.594301627237745e-08,5.722510302950468e-07,704,True,,False,42
,,dwi_log-sigma-2-mm-3D_glszm_ZonePercentage,0.5987336124648226,positive_higher,0.0454995054401582,0.7441176470588236,0.41190198366394404,mann_whitney_u,9.609494235530768e-08,5.723442027658681e-07,705,True,,False,42
,,dwi_wavelet2-HH_gldm_DependenceVariance,0.5987095888530442,positive_higher,1.877603305785124,0.47058823529411764,0.6837806301050176,mann_whitney_u,9.678454480387142e-08,5.756349909793995e-07,706,True,,False,42
,,adc_square_glszm_SizeZoneNonUniformity,0.5986237902395497,negative_higher,582.0226666666666,0.6931155192532089,0.47352941176470587,mann_whitney_u,9.928671458430595e-08,5.894500023203909e-07,707,True,,False,42
,,t2_squareroot_glcm_MaximumProbability,0.5986203582950099,positive_higher,0.0233177501131266,0.5735294117647058,0.5974329054842473,mann_whitney_u,9.938809279419784e-08,5.894500023203909e-07,708,True,,False,42
,,t2_wavelet2-LL_ngtdm_Busyness,0.5985379916260554,negative_higher,0.3025665673036715,0.5845974329054843,0.5764705882352941,mann_whitney_u,1.018514489268787e-07,6.03207664377946e-07,709,True,,False,42
,,t2_logarithm_gldm_SmallDependenceHighGrayLevelEmphasis,0.5984796485688793,negative_higher,297.3121232921097,0.6067677946324388,0.5470588235294118,mann_whitney_u,1.0363197317623621e-07,6.128882469957969e-07,710,True,,False,42
,,dwi_squareroot_glszm_LargeAreaHighGrayLevelEmphasis,0.59831148328643,negative_higher,12084.375636672326,0.6114352392065344,0.5470588235294118,mann_whitney_u,1.0893427015583884e-07,6.433403662227389e-07,711,True,,False,42
,,adc_wavelet-LH_glszm_ZoneEntropy,0.598266868007413,negative_higher,5.463194320082926,0.6406067677946324,0.5323529411764706,mann_whitney_u,1.1038449487407962e-07,6.509894578318263e-07,712,True,,False,42
,,t2_wavelet2-HL_glszm_SmallAreaLowGrayLevelEmphasis,0.5982497082847141,positive_higher,0.0034503273955512,0.6088235294117647,0.5682613768961493,mann_whitney_u,1.1094723390818459e-07,6.533905121745682e-07,713,True,,False,42
,,dwi_wavelet2-HH_glrlm_ShortRunEmphasis,0.5982394124510947,positive_higher,0.5284579775049828,0.6235294117647059,0.5274212368728122,mann_whitney_u,1.1128620888700118e-07,6.544688951211736e-07,714,True,,False,42
,,t2_wavelet2-LL_glrlm_LowGrayLevelRunEmphasis,0.5980952707804242,positive_higher,0.0008672118154852,0.75,0.40140023337222874,mann_whitney_u,1.161383951255982e-07,6.820491204648768e-07,715,True,,False,42
,,dwi_wavelet-LH_glszm_ZoneVariance,0.5980540874459469,negative_higher,1095.6911524413686,0.4072345390898483,0.7588235294117647,mann_whitney_u,1.1756192539213653e-07,6.894448669295828e-07,716,True,,False,42
,,dwi_log-sigma-2-mm-3D_glcm_Idmn,0.5979785846660718,positive_higher,0.9911902158308497,0.6352941176470588,0.5565927654609102,mann_whitney_u,1.2021570296570507e-07,7.040247374518767e-07,717,True,,False,42
,,dwi_original_glcm_SumSquares,0.5979202416088956,positive_higher,2.6263545547018907,0.5794117647058824,0.5834305717619603,mann_whitney_u,1.2230595713341218e-07,7.152684039041751e-07,718,True,,False,42
,,adc_wavelet2-HL_glszm_SizeZoneNonUniformity,0.5978893541080377,negative_higher,675.417704011065,0.6394399066511085,0.538235294117647,mann_whitney_u,1.2342675454775682e-07,7.205478125998062e-07,719,True,,False,42
,,dwi_wavelet2-LH_glcm_ClusterTendency,0.5978859221634978,positive_higher,2.5021158988595644,0.6352941176470588,0.543757292882147,mann_whitney_u,1.235518992788427e-07,7.205478125998062e-07,720,True,,False,42
,,t2_original_gldm_LargeDependenceLowGrayLevelEmphasis,0.5977863957718444,positive_higher,0.33863103315502,0.42058823529411765,0.7479579929988331,mann_whitney_u,1.272349720998571e-07,7.409981246148405e-07,721,True,,False,42
,,dwi_original_glcm_ClusterTendency,0.5976765735465716,positive_higher,12.02101856193149,0.5088235294117647,0.6569428238039674,mann_whitney_u,1.3142232088834226e-07,7.643245504295694e-07,722,True,,False,42
,,t2_logarithm_gldm_SmallDependenceEmphasis,0.5974912485414237,negative_higher,0.3215668542270529,0.5915985997666278,0.5588235294117647,mann_whitney_u,1.3879256323093553e-07,8.060718852098179e-07,723,True,,False,42
,,adc_wavelet2-LL_ngtdm_Contrast,0.5974432013178668,positive_higher,0.1378490442933997,0.6676470588235294,0.5157526254375729,mann_whitney_u,1.4076769069899834e-07,8.164137199517873e-07,724,True,,False,42
,,adc_log-sigma-2-mm-3D_glszm_ZoneEntropy,0.5973882902052303,negative_higher,5.963298062669738,0.5904317386231038,0.5823529411764705,mann_whitney_u,1.430582750997216e-07,8.285540650258358e-07,725,True,,False,42
,,dwi_wavelet2-HH_gldm_DependenceEntropy,0.5972990596471961,positive_higher,3.449147077104706,0.6470588235294118,0.514585764294049,mann_whitney_u,1.4685756559045567e-07,8.493869392759275e-07,726,True,,False,42
,,t2_squareroot_gldm_SmallDependenceHighGrayLevelEmphasis,0.5971892374219232,negative_higher,159.29273524390248,0.5040840140023337,0.65,mann_whitney_u,1.5166771788024478e-07,8.760010280318402e-07,727,True,,False,42
,,dwi_wavelet2-LH_glrlm_GrayLevelVariance,0.5971411901983664,positive_higher,1.1873692210225262,0.6323529411764706,0.544924154025671,mann_whitney_u,1.538197501084156e-07,8.872103443753256e-07,728,True,,False,42
,,adc_original_ngtdm_Contrast,0.5971343263092869,positive_higher,0.0413808423941869,0.7294117647058823,0.4387397899649942,mann_whitney_u,1.541295837153852e-07,8.877779451589882e-07,729,True,,False,42
,,t2_log-sigma-3-mm-3D_glszm_LargeAreaHighGrayLevelEmphasis,0.597117166586588,negative_higher,6928624.026066351,0.7852975495915986,0.361764705882353,mann_whitney_u,1.5490681048317483e-07,8.910324619436316e-07,730,True,,False,42
,,dwi_wavelet2-LH_glszm_LargeAreaLowGrayLevelEmphasis,0.5970656874184913,negative_higher,7.831577594716913,0.5635939323220537,0.6,mann_whitney_u,1.5726129934686007e-07,9.033381613645217e-07,731,True,,False,42
,,dwi_log-sigma-3-mm-3D_gldm_DependenceVariance,0.596887226302423,positive_higher,3.890442755337292,0.40294117647058825,0.7957992998833139,mann_whitney_u,1.6569445575499216e-07,9.504795351300712e-07,732,True,,False,42
,,dwi_original_firstorder_Variance,0.5968357471343264,positive_higher,5152.345690330883,0.49411764705882355,0.6744457409568261,mann_whitney_u,1.682072745893441e-07,9.635775525247692e-07,733,True,,False,42
,,dwi_original_glcm_DifferenceVariance,0.5968185874116274,positive_higher,0.6254816853459393,0.5970588235294118,0.5822637106184364,mann_whitney_u,1.690530391509213e-07,9.67103149039126e-07,734,True,,False,42
,,t2_squareroot_glcm_JointEnergy,0.5967396526872126,positive_higher,0.0067447714392088,0.6323529411764706,0.5169194865810969,mann_whitney_u,1.7299680428595028e-07,9.883177975465376e-07,735,True,,False,42
,,adc_wavelet2-HH_gldm_SmallDependenceLowGrayLevelEmphasis,0.596719061019974,positive_higher,0.004189593318731,0.7911764705882353,0.3885647607934656,mann_whitney_u,1.7404015260223954e-07,9.929274467076137e-07,736,True,,False,42
,,dwi_log-sigma-2-mm-3D_firstorder_Variance,0.5965611915711442,positive_higher,644.8635619310938,0.6,0.5787631271878646,mann_whitney_u,1.8224376653855464e-07,1.0369127041942965e-06,737,True,,False,42
,,dwi_original_gldm_GrayLevelVariance,0.5965611915711442,positive_higher,3.8359392376452486,0.49411764705882355,0.6744457409568261,mann_whitney_u,1.8224376653855464e-07,1.0369127041942965e-06,738,True,,False,42
,,t2_squareroot_glcm_Imc1,0.5965474637929851,negative_higher,-0.3562861325251303,0.6196032672112018,0.55,mann_whitney_u,1.8297453249324463e-07,1.0396617888215617e-06,739,True,,False,42
,,dwi_wavelet2-LH_firstorder_Mean,0.5963998901777747,negative_higher,-6.273136042970912,0.780630105017503,0.3764705882352941,mann_whitney_u,1.9101132976436925e-07,1.0838602347034952e-06,740,True,,False,42
,,dwi_wavelet2-LL_glcm_ClusterTendency,0.5963587068432974,positive_higher,176.0552771485037,0.5147058823529411,0.6569428238039674,mann_whitney_u,1.9331437983800353e-07,1.0954481524153533e-06,741,True,,False,42
,,t2_wavelet2-LL_glrlm_ShortRunLowGrayLevelEmphasis,0.5962694762852632,positive_higher,0.0011438306058932,0.4147058823529412,0.7304550758459744,mann_whitney_u,1.9839676269912838e-07,1.122733162498167e-06,742,True,,False,42
,,dwi_exponential_firstorder_Mean,0.5962454526734847,positive_higher,5.514561424320398,0.6441176470588236,0.5180863477246207,mann_whitney_u,1.9978701300020398e-07,1.1290789604143425e-06,743,True,,False,42
,,dwi_square_glcm_Autocorrelation,0.5961956894776581,positive_higher,6.278570089185259,0.37058823529411766,0.7876312718786465,mann_whitney_u,2.0268723219551007e-07,1.1439296881571865e-06,744,True,,False,42
,,t2_wavelet2-HL_glszm_LowGrayLevelZoneEmphasis,0.5961905415608484,positive_higher,0.0073403623806765,0.6058823529411764,0.5682613768961493,mann_whitney_u,2.0300017567110283e-07,1.1441580371046455e-06,745,True,,False,42
,,dwi_wavelet2-LL_glcm_SumSquares,0.5959743290548425,positive_higher,45.59255908804845,0.5176470588235295,0.6522753792298717,mann_whitney_u,2.1614439040612037e-07,1.2166089749534845e-06,746,True,,False,42
,,t2_wavelet-HL_gldm_SmallDependenceHighGrayLevelEmphasis,0.5958988262749674,negative_higher,6.3174754953813945,0.6569428238039673,0.5147058823529411,mann_whitney_u,2.209253023809867e-07,1.24185454444145e-06,747,True,,False,42
,,dwi_wavelet-HL_glrlm_RunVariance,0.5958507790514105,negative_higher,2.3083673217569456,0.5122520420070011,0.638235294117647,mann_whitney_u,2.2402073306317887e-07,1.257570933331936e-06,748,True,,False,42
,,dwi_log-sigma-3-mm-3D_glcm_DifferenceEntropy,0.5956448623790239,positive_higher,0.954824619596656,0.5705882352941176,0.5904317386231038,mann_whitney_u,2.3776811735128705e-07,1.332961715297803e-06,749,True,,False,42
,,adc_log-sigma-3-mm-3D_glszm_LargeAreaHighGrayLevelEmphasis,0.5955521998764499,negative_higher,11368.390173410404,0.3080513418903151,0.8735294117647059,mann_whitney_u,2.442170938629139e-07,1.3672901028405007e-06,750,True,,False,42
,,adc_log-sigma-2-mm-3D_glszm_SizeZoneNonUniformity,0.5955178804310522,negative_higher,412.9469026548672,0.6254375729288215,0.55,mann_whitney_u,2.466482224354826e-07,1.3790624314335441e-06,751,True,,False,42
,,dwi_log-sigma-0-6-mm-3D_glcm_ClusterProminence,0.5954320818175578,positive_higher,0.6684093997624874,0.5205882352941177,0.6336056009334889,mann_whitney_u,2.5282876797057143e-07,1.409388647622126e-06,752,True,,False,42
,,dwi_log-sigma-2-mm-3D_glszm_GrayLevelNonUniformityNormalized,0.5954320818175578,negative_higher,0.237267293888873,0.5460910151691949,0.6147058823529412,mann_whitney_u,2.5282876797057143e-07,1.409388647622126e-06,753,True,,False,42
,,dwi_original_glrlm_RunEntropy,0.595428649873018,positive_higher,4.641105774533525,0.3176470588235294,0.8704784130688448,mann_whitney_u,2.530790760436016e-07,1.409388647622126e-06,754,True,,False,42
,,t2_logarithm_ngtdm_Complexity,0.5953737387603816,negative_higher,2503.5447254312567,0.5484247374562428,0.6176470588235294,mann_whitney_u,2.571167104055391e-07,1.4299775721759718e-06,755,True,,False,42
,,dwi_wavelet2-LH_glrlm_LongRunHighGrayLevelEmphasis,0.5952948040359667,positive_higher,222.90146984737112,0.638235294117647,0.5320886814469078,mann_whitney_u,2.630299973706933e-07,1.4609298398935732e-06,756,True,,False,42
,,dwi_wavelet-HL_glcm_ClusterShade,0.5952776443132679,negative_higher,-0.895732463235051,0.73512252042007,0.4205882352941176,mann_whitney_u,2.643327671344369e-07,1.4662262737087194e-06,757,True,,False,42
,,t2_original_shape_Flatness,0.5952570526460292,negative_higher,0.725885421804964,0.574095682613769,0.6,mann_whitney_u,2.6590431874842996e-07,1.4729976707449307e-06,758,True,,False,42
,,dwi_log-sigma-3-mm-3D_glcm_Contrast,0.5951952776443132,positive_higher,0.3490071987890721,0.5705882352941176,0.5927654609101517,mann_whitney_u,2.706733094937888e-07,1.4969471550038323e-06,759,True,,False,42
,,adc_log-sigma-2-mm-3D_glszm_LargeAreaHighGrayLevelEmphasis,0.5951918456997736,negative_higher,6147.814007617436,0.36406067677946324,0.7911764705882353,mann_whitney_u,2.7094066153915514e-07,1.4969471550038323e-06,760,True,,False,42
,,t2_squareroot_glszm_ZonePercentage,0.5951781179216143,negative_higher,0.3499939533196275,0.6161026837806302,0.5264705882352941,mann_whitney_u,2.7201262245440644e-07,1.5008948773798327e-06,761,True,,False,42
,,t2_wavelet-HL_firstorder_Maximum,0.5950099526391655,negative_higher,86.0385810474224,0.5997666277712952,0.5529411764705883,mann_whitney_u,2.854811528855071e-07,1.5731435183284048e-06,762,True,,False,42
,,dwi_wavelet2-LH_firstorder_Minimum,0.5949756331937677,negative_higher,-202.3938155198661,0.5204200700116686,0.6529411764705882,mann_whitney_u,2.8830788437171397e-07,1.5866380163523289e-06,763,True,,False,42
,,dwi_log-sigma-0-6-mm-3D_glcm_MCC,0.5949310179147504,positive_higher,0.1846890393285849,0.5852941176470589,0.6242707117852975,mann_whitney_u,2.9202306683860327e-07,1.6049801801770879e-06,764,True,,False,42
,,adc_logarithm_firstorder_Uniformity,0.5948211956894776,negative_higher,0.1864261084173598,0.7654609101516919,0.38235294117647056,mann_whitney_u,3.0136615049602854e-07,1.6541653149448677e-06,765,True,,False,42
,,dwi_wavelet-HH_gldm_DependenceVariance,0.5947937401331596,positive_higher,1.5802412320107937,0.5588235294117647,0.61610268378063,mann_whitney_u,3.0374664185587914e-07,1.665055025003703e-06,766,True,,False,42
,,dwi_wavelet-LH_glszm_LargeAreaEmphasis,0.5947491248541423,negative_higher,1340.0332167832169,0.3990665110851809,0.7588235294117647,mann_whitney_u,3.076537123296416e-07,1.6842737132622752e-06,767,True,,False,42
,,dwi_wavelet2-LH_glcm_SumSquares,0.594725101242364,positive_higher,1.4733276650680198,0.48823529411764705,0.6802800466744457,mann_whitney_u,3.097775727470409e-07,1.6936927447458656e-06,768,True,,False,42
,,dwi_wavelet2-LL_firstorder_Variance,0.5946736220742672,positive_higher,64975.261206904135,0.5176470588235295,0.6522753792298717,mann_whitney_u,3.143764766453278e-07,1.7166018536199367e-06,769,True,,False,42
,,dwi_wavelet2-LL_gldm_GrayLevelVariance,0.5946290067952502,positive_higher,47.29099580747005,0.5176470588235295,0.6511085180863477,mann_whitney_u,3.1841545411071387e-07,1.735849233754374e-06,770,True,,False,42
,,adc_wavelet2-LL_firstorder_Kurtosis,0.5946255748507103,negative_higher,3.4492812840457465,0.7082847141190198,0.4294117647058824,mann_whitney_u,3.187282112942659e-07,1.735849233754374e-06,771,True,,False,42
,,dwi_log-sigma-0-6-mm-3D_gldm_DependenceEntropy,0.5946187109616308,positive_higher,3.817924169314833,0.4117647058823529,0.7712952158693116,mann_whitney_u,3.1935461566434453e-07,1.7370078124023091e-06,772,True,,False,42
,,adc_wavelet2-HH_firstorder_TotalEnergy,0.5945878234607729,negative_higher,81110917.42685118,0.750291715285881,0.4117647058823529,mann_whitney_u,3.2218817404750335e-07,1.7501528367729193e-06,773,True,,False,42
,,dwi_wavelet-HL_glcm_Imc2,0.594539776237216,positive_higher,0.4531892656793398,0.3029411764705882,0.8786464410735122,mann_whitney_u,3.266442353174935e-07,1.7720660776461953e-06,774,True,,False,42
,,dwi_log-sigma-0-6-mm-3D_gldm_SmallDependenceHighGrayLevelEmphasis,0.5944608415128011,positive_higher,0.4247548647501153,0.5970588235294118,0.5495915985997666,mann_whitney_u,3.34094364646393e-07,1.8095848964828872e-06,775,True,,False,42
,,t2_original_glrlm_LongRunLowGrayLevelEmphasis,0.5944574095682613,positive_higher,0.0604342327319465,0.4441176470588235,0.7164527421236873,mann_whitney_u,3.3442197658269124e-07,1.8095848964828872e-06,776,True,,False,42
,,dwi_wavelet-LH_firstorder_Mean,0.5944196581783239,negative_higher,-3.5152017423586,0.8203033838973163,0.33529411764705885,mann_whitney_u,3.3804623745482154e-07,1.8268418932725812e-06,777,True,,False,42
,,adc_original_firstorder_Kurtosis,0.594309835953051,negative_higher,4.095817291723315,0.5250875145857643,0.6205882352941177,mann_whitney_u,3.4880642711450384e-07,1.8825683643365059e-06,778,True,,False,42
,,adc_exponential_firstorder_10Percentile,0.59417255817146,negative_higher,11.905399238240586,0.7281213535589265,0.45882352941176474,mann_whitney_u,3.627221914200614e-07,1.9551610805813066e-06,779,True,,False,42
,,dwi_wavelet2-LH_gldm_LargeDependenceHighGrayLevelEmphasis,0.5941348067815224,positive_higher,1021.8834875024602,0.5941176470588235,0.5752625437572929,mann_whitney_u,3.666420099010781e-07,1.9737561533008036e-06,780,True,,False,42
,,t2_squareroot_gldm_SmallDependenceEmphasis,0.5939563456654541,negative_higher,0.25851659682409,0.8483080513418904,0.2941176470588235,mann_whitney_u,3.857322251117899e-07,2.0738663421823377e-06,781,True,,False,42
,,adc_logarithm_glszm_LargeAreaHighGrayLevelEmphasis,0.5938430914956414,negative_higher,85126.94208893485,0.5694282380396732,0.5617647058823529,mann_whitney_u,3.983409187946647e-07,2.1389175422235255e-06,782,True,,False,42
,,t2_logarithm_glszm_LargeAreaLowGrayLevelEmphasis,0.5938293637174823,positive_higher,1.886131722405983,0.5352941176470588,0.6172695449241541,mann_whitney_u,3.9989600282765043e-07,2.1445253076287407e-06,783,True,,False,42
,,dwi_wavelet2-LH_gldm_GrayLevelVariance,0.5937813164939254,positive_higher,0.8792832031992871,0.65,0.514585764294049,mann_whitney_u,4.053850612267253e-07,2.1705348116691967e-06,784,True,,False,42
,,adc_wavelet2-HH_glszm_GrayLevelNonUniformity,0.5937778845493857,negative_higher,90.42231075697212,0.7374562427071178,0.4323529411764706,mann_whitney_u,4.0577990644446757e-07,2.1705348116691967e-06,785,True,,False,42
,,dwi_wavelet2-LH_glszm_SmallAreaHighGrayLevelEmphasis,0.5937229734367493,positive_higher,12.36948793336328,0.7411764705882353,0.42007001166861146,mann_whitney_u,4.12148123079507e-07,2.201136726402346e-06,786,True,,False,42
,,t2_wavelet2-HL_glrlm_LowGrayLevelRunEmphasis,0.5937195414922095,positive_higher,0.0068258869931189,0.6147058823529412,0.5565927654609102,mann_whitney_u,4.125493221430452e-07,2.201136726402346e-06,787,True,,False,42
,,adc_wavelet2-LH_glszm_ZoneEntropy,0.5936749262131924,negative_higher,5.717766907731032,0.5029171528588098,0.65,mann_whitney_u,4.1779932280849954e-07,2.226318980295545e-06,788,True,,False,42
,,adc_log-sigma-2-mm-3D_firstorder_TotalEnergy,0.5936165831560162,negative_higher,974870034.5516772,0.7129521586931156,0.45882352941176474,mann_whitney_u,4.247620437218334e-07,2.257690913402504e-06,789,True,,False,42
,,t2_logarithm_glcm_DifferenceEntropy,0.5936165831560162,negative_higher,3.034011654726521,0.5682613768961493,0.5882352941176471,mann_whitney_u,4.247620437218334e-07,2.257690913402504e-06,790,True,,False,42
,,dwi_log-sigma-0-6-mm-3D_glcm_SumEntropy,0.5935376484316014,positive_higher,1.5702566926392607,0.5794117647058824,0.5845974329054843,mann_whitney_u,4.343606012633829e-07,2.305790347288173e-06,791,True,,False,42
,,dwi_square_glszm_LargeAreaEmphasis,0.5934793053744252,negative_higher,5477.992156862745,0.4632438739789965,0.6882352941176471,mann_whitney_u,4.415893282754084e-07,2.341204027056111e-06,792,True,,False,42
,,adc_logarithm_firstorder_InterquartileRange,0.5933969387054705,positive_higher,122.65925173255664,0.38235294117647056,0.7607934655775963,mann_whitney_u,4.519924627096646e-07,2.3933371386101914e-06,793,True,,False,42
,,adc_squareroot_glszm_SizeZoneNonUniformity,0.5933729150936922,negative_higher,585.246835443038,0.661610268378063,0.5147058823529411,mann_whitney_u,4.5507097875452844e-07,2.406603324672878e-06,794,True,,False,42
,,t2_squareroot_firstorder_Range,0.5932322053675613,negative_higher,490.6815605468802,0.7141190198366394,0.4323529411764706,mann_whitney_u,4.735125261761251e-07,2.500979996746603e-06,795,True,,False,42
,,dwi_square_glszm_ZoneVariance,0.5931155192532088,negative_higher,5510.77728888889,0.4340723453908985,0.711764705882353,mann_whitney_u,4.893503053908383e-07,2.5813843371056913e-06,796,True,,False,42
,,dwi_log-sigma-2-mm-3D_gldm_SmallDependenceEmphasis,0.5930880636968907,positive_higher,0.0643541063327906,0.5647058823529412,0.5880980163360561,mann_whitney_u,4.931504242997901e-07,2.5981664135945028e-06,797,True,,False,42
,,dwi_log-sigma-3-mm-3D_glrlm_ShortRunEmphasis,0.5930331525842542,positive_higher,0.4337958509609056,0.5852941176470589,0.5694282380396734,mann_whitney_u,5.008362237405237e-07,2.6353525106346603e-06,798,True,,False,42
,,t2_wavelet2-HL_gldm_LowGrayLevelEmphasis,0.5927791886883108,positive_higher,0.0067268641637843,0.6088235294117647,0.5659276546091014,mann_whitney_u,5.379112358427602e-07,2.826895218152378e-06,799,True,,False,42
,,t2_wavelet2-HL_glszm_HighGrayLevelZoneEmphasis,0.5927654609101516,negative_higher,183.1299644950871,0.5005834305717619,0.6617647058823529,mann_whitney_u,5.399889127044809e-07,2.8342668055576444e-06,800,True,,False,42
,,dwi_wavelet2-LH_glszm_HighGrayLevelZoneEmphasis,0.5927380053538335,positive_higher,32.00239234449761,0.7088235294117647,0.45507584597432904,mann_whitney_u,5.441675037707371e-07,2.852633393674563e-06,801,True,,False,42
,,t2_wavelet2-HL_glrlm_HighGrayLevelRunEmphasis,0.5926968220193561,negative_higher,158.03053937964734,0.5460910151691949,0.6147058823529412,mann_whitney_u,5.50493900000479e-07,2.8821993592294405e-06,802,True,,False,42
,,adc_log-sigma-0-6-mm-3D_glszm_ZoneVariance,0.5926556386848788,negative_higher,997.7761714285716,0.42473745624270715,0.75,mann_whitney_u,5.568911789520312e-07,2.9120623417429382e-06,803,True,,False,42
,,dwi_wavelet2-LH_glszm_ZoneVariance,0.5926110234058617,negative_higher,256.5762118909911,0.5682613768961493,0.5852941176470587,mann_whitney_u,5.639024378297719e-07,2.9413991757108224e-06,804,True,,False,42
,,t2_wavelet-HL_glrlm_LongRunLowGrayLevelEmphasis,0.5926110234058617,positive_higher,0.1048986003341601,0.5147058823529411,0.6452742123687281,mann_whitney_u,5.639024378297719e-07,2.9413991757108224e-06,805,True,,False,42
,,adc_squareroot_glcm_Imc2,0.5925904317386231,positive_higher,0.8820080296140987,0.5529411764705883,0.5974329054842473,mann_whitney_u,5.671670335794058e-07,2.954757287841098e-06,806,True,,False,42
,,dwi_wavelet-HH_glszm_ZonePercentage,0.5925561122932254,positive_higher,0.0399433427762039,0.37941176470588234,0.7467911318553092,mann_whitney_u,5.726485304472147e-07,2.9796173226119633e-06,807,True,,False,42
,,t2_wavelet2-HL_gldm_HighGrayLevelEmphasis,0.5924600178461117,negative_higher,157.80388606721846,0.5425904317386231,0.6176470588235294,mann_whitney_u,5.882698914588922e-07,3.057110487915703e-06,808,True,,False,42
,,adc_wavelet2-LH_glszm_SmallAreaLowGrayLevelEmphasis,0.5924394261788729,positive_higher,0.0029532079960906,0.7058823529411765,0.4504084014002334,mann_whitney_u,5.91670363458162e-07,3.070981280792116e-06,809,True,,False,42
,,dwi_wavelet2-LH_firstorder_Variance,0.5924119706225547,positive_higher,1922.0423690587863,0.4852941176470588,0.676779463243874,mann_whitney_u,5.962338120082905e-07,3.0908466378059406e-06,810,True,,False,42
,,t2_wavelet2-LL_glcm_Imc1,0.5923879470107762,negative_higher,-0.3243007131794242,0.603267211201867,0.5529411764705883,mann_whitney_u,6.002546450080457e-07,3.1078535812438764e-06,811,True,,False,42
,,adc_wavelet-HL_glszm_SizeZoneNonUniformity,0.5923742192326171,negative_higher,469.15503875968994,0.6394399066511085,0.5352941176470588,mann_whitney_u,6.025639856414485e-07,3.1159681966852735e-06,812,True,,False,42
,,t2_wavelet2-HL_glcm_Autocorrelation,0.5923604914544581,negative_higher,156.66637794801355,0.5647607934655776,0.5970588235294118,mann_whitney_u,6.048818891386078e-07,3.124107075637164e-06,813,True,,False,42
,,t2_wavelet2-HL_firstorder_Minimum,0.5923193081199808,positive_higher,-141.36955979456152,0.6441176470588236,0.5215869311551926,mann_whitney_u,6.118872820387207e-07,3.1564062620154643e-06,814,True,,False,42
,,adc_wavelet2-LH_ngtdm_Contrast,0.5922815567300432,positive_higher,0.0327415477169505,0.6705882352941176,0.5075845974329054,mann_whitney_u,6.183775410866012e-07,3.1859721411320716e-06,815,True,,False,42
,,adc_square_glcm_Imc2,0.592147710892992,positive_higher,0.8903348327465086,0.45294117647058824,0.6954492415402567,mann_whitney_u,6.419273811824976e-07,3.303251315668269e-06,816,True,,False,42
,,t2_squareroot_glcm_JointEntropy,0.5921236872812135,negative_higher,7.679462502674019,0.780630105017503,0.37058823529411766,mann_whitney_u,6.462447778523837e-07,3.3213975791948094e-06,817,True,,False,42
,,dwi_square_glszm_SmallAreaLowGrayLevelEmphasis,0.5921030956139749,negative_higher,0.0739451205680504,0.49474912485414235,0.6882352941176471,mann_whitney_u,6.499676648996838e-07,3.336447707718548e-06,818,True,,False,42
,,dwi_log-sigma-2-mm-3D_glcm_DifferenceEntropy,0.5920722081131169,positive_higher,1.0427819375934018,0.6176470588235294,0.544924154025671,mann_whitney_u,6.555907757085762e-07,3.361203500855081e-06,819,True,,False,42
,,t2_wavelet2-HL_glcm_JointAverage,0.5920413206122589,negative_higher,12.47815258063754,0.5694282380396732,0.5970588235294118,mann_whitney_u,6.612607535601115e-07,3.382014499633262e-06,820,True,,False,42
,,t2_wavelet2-HL_glcm_SumAverage,0.5920413206122589,negative_higher,24.956305161275075,0.5694282380396732,0.5970588235294118,mann_whitney_u,6.612607535601115e-07,3.382014499633262e-06,821,True,,False,42
,,adc_logarithm_firstorder_RobustMeanAbsoluteDeviation,0.5920275928340998,positive_higher,49.965898134826425,0.4147058823529412,0.7327887981330221,mann_whitney_u,6.637958853569653e-07,3.3908502708198265e-06,822,True,,False,42
,,adc_log-sigma-2-mm-3D_gldm_SmallDependenceLowGrayLevelEmphasis,0.5920104331114009,positive_higher,0.0030659778806119,0.6,0.544924154025671,mann_whitney_u,6.669779731581702e-07,3.402965381884759e-06,823,True,,False,42
,,dwi_wavelet2-LH_gldm_SmallDependenceHighGrayLevelEmphasis,0.5919726817214634,positive_higher,7.191775683674336,0.5529411764705883,0.603267211201867,mann_whitney_u,6.740303924101608e-07,3.434773807925079e-06,824,True,,False,42
,,dwi_wavelet2-LH_glrlm_ShortRunHighGrayLevelEmphasis,0.591962385887844,positive_higher,18.850427095015608,0.7529411764705882,0.4025670945157527,mann_whitney_u,6.759662165056297e-07,3.440463203766229e-06,825,True,,False,42
,,dwi_original_firstorder_Energy,0.5918182442171736,negative_higher,975230395.2475616,0.5134189031505251,0.6529411764705882,mann_whitney_u,7.036367490812265e-07,3.5769621179080747e-06,826,True,,False,42
,,t2_wavelet2-LL_ngtdm_Strength,0.5917907886608552,positive_higher,5.118265950111193,0.5323529411764706,0.6172695449241541,mann_whitney_u,7.090296429994776e-07,3.60001870732141e-06,827,True,,False,42
,,dwi_wavelet2-LH_gldm_HighGrayLevelEmphasis,0.5917667650490769,positive_higher,30.834776334776336,0.7029411764705882,0.4574095682613769,mann_whitney_u,7.137810746986883e-07,3.619766585337913e-06,828,True,,False,42
,,dwi_log-sigma-2-mm-3D_glcm_Contrast,0.5917496053263779,positive_higher,0.4199717949729668,0.6235294117647059,0.5390898483080513,mann_whitney_u,7.171937213459102e-07,3.6326856886990073e-06,829,True,,False,42
,,t2_wavelet2-LL_glszm_LowGrayLevelZoneEmphasis,0.5917393094927585,positive_higher,0.0010503170420086,0.4970588235294118,0.6406067677946324,mann_whitney_u,7.19248849236955e-07,3.638705925236113e-06,830,True,,False,42
,,dwi_wavelet-LH_glcm_ClusterProminence,0.5916363511565653,positive_higher,9.658927616043206,0.5764705882352941,0.5799299883313886,mann_whitney_u,7.401146471131997e-07,3.739761014715193e-06,831,True,,False,42
,,dwi_wavelet2-LH_glszm_GrayLevelNonUniformity,0.5915385407371817,negative_higher,117.5472440944882,0.5250875145857643,0.6264705882352941,mann_whitney_u,7.604764682424497e-07,3.838029675661113e-06,832,True,,False,42
,,dwi_original_glszm_GrayLevelNonUniformityNormalized,0.5915025053195141,negative_higher,0.1189916716240333,0.6779463243873979,0.5,mann_whitney_u,7.681134140838733e-07,3.871918638341157e-06,833,True,,False,42
,,adc_wavelet2-LL_gldm_SmallDependenceLowGrayLevelEmphasis,0.5914784817077355,positive_higher,0.0005059962610876,0.7029411764705882,0.46207701283547253,mann_whitney_u,7.732456741689701e-07,3.893115810354323e-06,834,True,,False,42
,,dwi_wavelet2-LH_glcm_Autocorrelation,0.5914510261514174,positive_higher,30.35162337354436,0.7058823529411765,0.4597432905484248,mann_whitney_u,7.791515642159878e-07,3.918152596578362e-06,835,True,,False,42
,,dwi_wavelet2-LH_glrlm_HighGrayLevelRunEmphasis,0.5914235705950992,positive_higher,30.61405669804087,0.711764705882353,0.4492415402567095,mann_whitney_u,7.851008925196946e-07,3.9433476647011935e-06,836,True,,False,42
,,dwi_wavelet2-HH_glszm_GrayLevelNonUniformity,0.5913669435101929,negative_higher,53.0,0.43990665110851807,0.6941176470588235,mann_whitney_u,7.975053646600088e-07,4.000866220080499e-06,837,True,,False,42
,,dwi_wavelet2-LL_glcm_Contrast,0.5913583636488434,positive_higher,9.48249276618338,0.5705882352941176,0.5892648774795799,mann_whitney_u,7.994064340435666e-07,4.005617680845986e-06,838,True,,False,42
,,dwi_wavelet2-LH_glcm_JointAverage,0.5912862928135081,positive_higher,5.490429522477266,0.7058823529411765,0.4597432905484248,mann_whitney_u,8.155099009450371e-07,4.076578659605013e-06,839,True,,False,42
,,dwi_wavelet2-LH_glcm_SumAverage,0.5912862928135081,positive_higher,10.980859044954531,0.7058823529411765,0.4597432905484248,mann_whitney_u,8.155099009450371e-07,4.076578659605013e-06,840,True,,False,42
,,t2_wavelet2-HL_glrlm_ShortRunLowGrayLevelEmphasis,0.5912554053126502,positive_higher,0.0048294765113542,0.6029411764705882,0.5694282380396734,mann_whitney_u,8.225066231165686e-07,4.106665054062392e-06,841,True,,False,42
,,dwi_wavelet-LH_glcm_ClusterTendency,0.5912245178117921,positive_higher,1.2496043919491866,0.6088235294117647,0.5495915985997666,mann_whitney_u,8.295611415157362e-07,4.136968210480495e-06,842,True,,False,42
,,t2_original_ngtdm_Busyness,0.5911421511428375,negative_higher,4.90495709530507,0.8051341890315052,0.3382352941176471,mann_whitney_u,8.486592410278414e-07,4.227188793684349e-06,843,True,,False,42
,,dwi_wavelet2-LH_glcm_DifferenceVariance,0.591073512252042,positive_higher,0.5747158621356925,0.6176470588235294,0.5414235705950992,mann_whitney_u,8.64897116557818e-07,4.302965630836822e-06,844,True,,False,42
,,t2_square_glszm_SizeZoneNonUniformity,0.5909225066922918,negative_higher,560.1504225352113,0.5017502917152858,0.6617647058823529,mann_whitney_u,9.016802655774314e-07,4.480657319715544e-06,845,True,,False,42
,,t2_wavelet2-HL_glrlm_ShortRunHighGrayLevelEmphasis,0.5908435719678771,negative_higher,123.3288142672636,0.47374562427071176,0.6823529411764706,mann_whitney_u,9.215026740624076e-07,4.573746723862943e-06,846,True,,False,42
,,t2_original_gldm_LowGrayLevelEmphasis,0.590829844189718,positive_higher,0.0115774440565997,0.6411764705882353,0.5180863477246207,mann_whitney_u,9.249926070471441e-07,4.585648119233717e-06,847,True,,False,42
,,t2_exponential_glrlm_RunEntropy,0.5908161164115588,negative_higher,6.277412271792791,0.6056009334889149,0.5617647058823529,mann_whitney_u,9.284952636999625e-07,4.597584448438847e-06,848,True,,False,42
,,dwi_log-sigma-0-6-mm-3D_glcm_ClusterTendency,0.5907646372434621,positive_higher,0.6134814009215598,0.4411764705882353,0.7292882147024504,mann_whitney_u,9.417443069096967e-07,4.657696519097546e-06,849,True,,False,42
,,dwi_wavelet2-LH_glszm_LargeAreaEmphasis,0.5907337497426042,negative_higher,302.82329317269074,0.5694282380396732,0.5852941176470587,mann_whitney_u,9.497809004899365e-07,4.691917648420286e-06,850,True,,False,42
,,t2_squareroot_glszm_LowGrayLevelZoneEmphasis,0.5907165900199052,positive_higher,0.0076839028138939,0.40588235294117647,0.7526254375729289,mann_whitney_u,9.542741622249713e-07,4.708574861554236e-06,851,True,,False,42
,,adc_wavelet-LH_firstorder_Kurtosis,0.5906651108518086,negative_higher,7.388466759832355,0.46091015169194866,0.7029411764705882,mann_whitney_u,9.678770694020952e-07,4.770088984060327e-06,852,True,,False,42
,,dwi_wavelet2-LH_gldm_LargeDependenceLowGrayLevelEmphasis,0.5906479511291097,negative_higher,0.4267105435953106,0.5950991831971996,0.5617647058823529,mann_whitney_u,9.724527112710854e-07,4.787021025354381e-06,853,True,,False,42
,,t2_logarithm_firstorder_Uniformity,0.5905484247374563,positive_higher,0.0400611363271526,0.638235294117647,0.5075845974329054,mann_whitney_u,9.994048812980338e-07,4.913935710269841e-06,854,True,,False,42
,,t2_wavelet2-HL_firstorder_Range,0.5905346969592972,negative_higher,269.5928412809003,0.5519253208868145,0.6205882352941177,mann_whitney_u,1.003178384919962e-06,4.926720512606924e-06,855,True,,False,42
,,dwi_square_glszm_SizeZoneNonUniformity,0.5904094309835953,positive_higher,42.41279069767442,0.5588235294117647,0.6009334889148191,mann_whitney_u,1.0381907161800545e-06,5.089460537503622e-06,856,True,,False,42
,,dwi_wavelet-HH_glrlm_LongRunEmphasis,0.5904077150113255,negative_higher,4.648001202592346,0.5134189031505251,0.6470588235294117,mann_whitney_u,1.0387396238724943e-06,5.089460537503622e-06,857,True,,False,42
,,t2_wavelet-HL_gldm_SmallDependenceLowGrayLevelEmphasis,0.5902635733406548,positive_higher,0.0012973593142575,0.6852941176470588,0.45857642940490084,mann_whitney_u,1.0805769543508335e-06,5.288278125080594e-06,858,True,,False,42
,,dwi_wavelet-HH_gldm_DependenceEntropy,0.5902223900061775,positive_higher,3.3904154594559746,0.5264705882352941,0.6312718786464411,mann_whitney_u,1.092825306876007e-06,5.341994718943368e-06,859,True,,False,42
,,t2_squareroot_gldm_LowGrayLevelEmphasis,0.5901743427826206,positive_higher,0.0139856805851984,0.37058823529411766,0.8074679113185531,mann_whitney_u,1.1072839424537e-06,5.406378226003589e-06,860,True,,False,42
,,dwi_wavelet2-LH_gldm_DependenceEntropy,0.5900748163909671,positive_higher,4.757246073817482,0.5323529411764706,0.6242707117852975,mann_whitney_u,1.1378218270096448e-06,5.5490288636626e-06,861,True,,False,42
,,dwi_square_glrlm_RunEntropy,0.5900404969455694,positive_higher,4.499925573141841,0.43529411764705883,0.7257876312718786,mann_whitney_u,1.148538812902824e-06,5.594796375149602e-06,862,True,,False,42
,,adc_exponential_glszm_GrayLevelNonUniformity,0.5900181893060608,negative_higher,57.45659163987138,0.41656942823803966,0.7205882352941176,mann_whitney_u,1.1555557244637991e-06,5.62245479376998e-06,863,True,,False,42
,,adc_logarithm_glrlm_GrayLevelNonUniformityNormalized,0.5898105566614044,negative_higher,0.1788629154277154,0.7024504084014003,0.4323529411764706,mann_whitney_u,1.222888799167237e-06,5.9431829487305885e-06,864,True,,False,42
,,adc_wavelet2-HH_firstorder_Energy,0.5897933969387055,negative_higher,13703510.35308705,0.4970828471411902,0.6529411764705882,mann_whitney_u,1.2286192179315255e-06,5.964129590860665e-06,865,True,,False,42
,,dwi_square_glrlm_GrayLevelNonUniformityNormalized,0.5897470656874184,negative_higher,0.2877190649542186,0.6744457409568262,0.4676470588235294,mann_whitney_u,1.2441691422869654e-06,6.032639986677792e-06,866,True,,False,42
,,dwi_original_glszm_SmallAreaHighGrayLevelEmphasis,0.5897419177706088,positive_higher,24.61622933132399,0.4852941176470588,0.661610268378063,mann_whitney_u,1.2459658895195826e-06,6.034383817869351e-06,867,True,,False,42
,,dwi_log-sigma-2-mm-3D_gldm_DependenceEntropy,0.5897178941588305,positive_higher,4.332180855837822,0.6264705882352941,0.5250875145857643,mann_whitney_u,1.2541414034162942e-06,6.066981282194723e-06,868,True,,False,42
,,dwi_wavelet2-HL_glszm_LargeAreaLowGrayLevelEmphasis,0.589632095545336,negative_higher,17.803892543859646,0.4959159859976663,0.6470588235294117,mann_whitney_u,1.2837630046529402e-06,6.203131020181468e-06,869,True,,False,42
,,adc_log-sigma-3-mm-3D_glcm_Idn,0.589614935822637,negative_higher,0.9579654040820392,0.30688448074679114,0.8382352941176471,mann_whitney_u,1.2897675468915133e-06,6.223639653352152e-06,870,True,,False,42
,,adc_wavelet-LH_gldm_SmallDependenceLowGrayLevelEmphasis,0.5896115038780972,positive_higher,0.0026506561782008,0.6147058823529412,0.5589264877479581,mann_whitney_u,1.2909716928006012e-06,6.223639653352152e-06,871,True,,False,42
,,adc_logarithm_glcm_Imc2,0.5894124510947903,positive_higher,0.8343394993076088,0.5941176470588235,0.5460910151691949,mann_whitney_u,1.3626928604666658e-06,6.560456128453374e-06,872,True,,False,42
,,dwi_log-sigma-0-6-mm-3D_glszm_SmallAreaLowGrayLevelEmphasis,0.5894090191502506,negative_higher,0.0610357184186061,0.7444574095682613,0.4,mann_whitney_u,1.3639624196570125e-06,6.560456128453374e-06,873,True,,False,42
,,t2_log-sigma-3-mm-3D_ngtdm_Busyness,0.5893746997048528,negative_higher,8.284871031650626,0.7071178529754959,0.4529411764705882,mann_whitney_u,1.376720734325529e-06,6.614245267085694e-06,874,True,,False,42
,,adc_log-sigma-3-mm-3D_gldm_SmallDependenceLowGrayLevelEmphasis,0.5893335163703755,positive_higher,0.0024774119533413,0.7558823529411764,0.4002333722287048,mann_whitney_u,1.3921822395511216e-06,6.680883684428753e-06,875,True,,False,42
,,adc_wavelet2-HH_glcm_Idmn,0.5891275996979889,negative_higher,0.991833682355772,0.38273045507584597,0.7735294117647059,mann_whitney_u,1.4720282304387637e-06,7.05598920047074e-06,876,True,,False,42
,,t2_wavelet-HL_glrlm_LongRunHighGrayLevelEmphasis,0.5890383691399548,negative_higher,490.9288272925836,0.588098016336056,0.5558823529411765,mann_whitney_u,1.507979309808232e-06,7.220074255284796e-06,877,True,,False,42
,,adc_log-sigma-0-6-mm-3D_firstorder_TotalEnergy,0.5889662983046194,negative_higher,91406308.04236878,0.6359393232205367,0.5117647058823529,mann_whitney_u,1.5376315321725734e-06,7.3536615075086965e-06,878,True,,False,42
,,dwi_wavelet2-LH_gldm_LowGrayLevelEmphasis,0.588880499691125,negative_higher,0.0296402500130523,0.47374562427071176,0.6911764705882353,mann_whitney_u,1.5736629573466663e-06,7.517418382137259e-06,879,True,,False,42
,,adc_log-sigma-2-mm-3D_firstorder_Energy,0.5888290205230283,negative_higher,129329092.48318484,0.5029171528588098,0.6529411764705882,mann_whitney_u,1.5956699520919656e-06,7.613884237311549e-06,880,True,,False,42
,,adc_wavelet2-LL_glrlm_ShortRunLowGrayLevelEmphasis,0.5887844052440112,positive_higher,0.0005385645981777,0.7558823529411764,0.40490081680280043,mann_whitney_u,1.6149817181853013e-06,7.697285169875233e-06,881,True,,False,42
,,dwi_log-sigma-2-mm-3D_glszm_SizeZoneNonUniformityNormalized,0.5887294941313749,positive_higher,0.1245871317214955,0.5176470588235295,0.6406067677946324,mann_whitney_u,1.6390583736780914e-06,7.80318153183028e-06,882,True,,False,42
,,dwi_wavelet2-HL_glszm_ZoneVariance,0.5887054705195964,negative_higher,424.5909754838161,0.5215869311551925,0.638235294117647,mann_whitney_u,1.649700359493659e-06,7.84495108665218e-06,883,True,,False,42
,,adc_log-sigma-3-mm-3D_firstorder_TotalEnergy,0.5886711510741987,negative_higher,1542921190.074584,0.632438739789965,0.5264705882352941,mann_whitney_u,1.6650181742862944e-06,7.908836327859899e-06,884,True,,False,42
,,adc_log-sigma-0-6-mm-3D_glszm_LargeAreaEmphasis,0.5886436955178804,negative_higher,1171.056987788331,0.396732788798133,0.7764705882352941,mann_whitney_u,1.677370761820934e-06,7.958508281227234e-06,885,True,,False,42
,,t2_squareroot_glrlm_LowGrayLevelRunEmphasis,0.5886093760724826,positive_higher,0.0107564240747523,0.4088235294117647,0.7607934655775963,mann_whitney_u,1.6929353941261632e-06,8.023290880288668e-06,886,True,,False,42
,,dwi_wavelet-LH_gldm_DependenceEntropy,0.5885613288489258,positive_higher,4.200185501810833,0.6147058823529412,0.5367561260210034,mann_whitney_u,1.7149592601275434e-06,8.118504998055869e-06,887,True,,False,42
,,adc_wavelet2-LH_gldm_LargeDependenceHighGrayLevelEmphasis,0.5885201455144485,negative_higher,2043.0860827834435,0.6184364060676779,0.5264705882352941,mann_whitney_u,1.7340557885531375e-06,8.199662450602054e-06,888,True,,False,42
,,dwi_wavelet2-LH_glrlm_LongRunLowGrayLevelEmphasis,0.5883828677328574,negative_higher,0.0983349447651643,0.5962660443407235,0.5647058823529412,mann_whitney_u,1.7991979412710716e-06,8.498123909333217e-06,889,True,,False,42
,,dwi_wavelet2-LH_glcm_SumEntropy,0.5883657080101585,positive_higher,2.733849995661733,0.5588235294117647,0.6009334889148191,mann_whitney_u,1.807504179059367e-06,8.527764098730655e-06,890,True,,False,42
,,adc_exponential_ngtdm_Coarseness,0.5883176607866016,positive_higher,0.0036749453973239,0.6588235294117647,0.4749124854142357,mann_whitney_u,1.8309581398103499e-06,8.628724162809942e-06,891,True,,False,42
,,adc_wavelet2-LH_firstorder_Kurtosis,0.5882627496739652,negative_higher,5.69850688544959,0.5029171528588098,0.6617647058823529,mann_whitney_u,1.8581207631610287e-06,8.746916014028205e-06,892,True,,False,42
,,dwi_log-sigma-3-mm-3D_glrlm_GrayLevelNonUniformityNormalized,0.5881941107831697,negative_higher,0.3195227378602222,0.5834305717619603,0.5735294117647058,mann_whitney_u,1.892618812996207e-06,8.899335269620464e-06,893,True,,False,42
,,dwi_wavelet2-HL_firstorder_Minimum,0.5881563593932322,negative_higher,-235.8424326877357,0.661610268378063,0.4852941176470589,mann_whitney_u,1.911854186465698e-06,8.979726766185087e-06,894,True,,False,42
,,adc_wavelet2-LL_gldm_LowGrayLevelEmphasis,0.5881426316150731,positive_higher,0.0004992568731627,0.8029411764705883,0.3605600933488915,mann_whitney_u,1.918895324889433e-06,9.002727898559472e-06,895,True,,False,42
,,dwi_wavelet-LH_glszm_LargeAreaLowGrayLevelEmphasis,0.5881083121696754,negative_higher,15.170878905226832,0.6277712952158693,0.5147058823529411,mann_whitney_u,1.9366073360629415e-06,9.075685495678898e-06,896,True,,False,42
,,dwi_log-sigma-2-mm-3D_glszm_SmallAreaEmphasis,0.588098016336056,positive_higher,0.3829738546314171,0.3735294117647059,0.7864644107351225,mann_whitney_u,1.941951495437719e-06,9.09058453661425e-06,897,True,,False,42
,,dwi_logarithm_glszm_LargeAreaHighGrayLevelEmphasis,0.5879813302217036,negative_higher,173866.02626970227,0.4130688448074679,0.7294117647058824,mann_whitney_u,2.0035173933517146e-06,9.368340239068875e-06,898,True,,False,42
,,adc_wavelet2-HH_glszm_SizeZoneNonUniformity,0.5879744663326241,negative_higher,237.8793893129771,0.5355892648774796,0.6205882352941177,mann_whitney_u,2.007196709145503e-06,9.375104540269153e-06,899,True,,False,42
,,dwi_square_glrlm_ShortRunEmphasis,0.5879641704990047,positive_higher,0.4635418336122701,0.6235294117647059,0.5192532088681447,mann_whitney_u,2.0127278552204756e-06,9.390493626745307e-06,900,True,,False,42
,,t2_logarithm_glcm_SumEntropy,0.587929851053607,negative_higher,6.032188826560106,0.5565927654609102,0.6029411764705883,mann_whitney_u,2.0312709481485484e-06,9.46648913571116e-06,901,True,,False,42
,,adc_wavelet2-LL_glrlm_LowGrayLevelRunEmphasis,0.5878749399409706,positive_higher,0.0005132717017281,0.7970588235294118,0.3640606767794633,mann_whitney_u,2.0612816750900754e-06,9.59570039213218e-06,902,True,,False,42
,,t2_log-sigma-2-mm-3D_ngtdm_Complexity,0.5877170704921408,negative_higher,34.4772868759006,0.6511085180863477,0.49411764705882355,mann_whitney_u,2.1499535706270065e-06,9.986344074184514e-06,903,True,,False,42
,,t2_wavelet2-HL_gldm_LargeDependenceLowGrayLevelEmphasis,0.5877170704921408,positive_higher,0.1120187478406784,0.6911764705882353,0.4504084014002334,mann_whitney_u,2.1499535706270065e-06,9.986344074184514e-06,904,True,,False,42
,,t2_wavelet2-HL_ngtdm_Complexity,0.5874871302079758,negative_higher,125.80621678496472,0.6884480746791132,0.4647058823529412,mann_whitney_u,2.285687742338077e-06,1.060508600008573e-05,905,True,,False,42
,,dwi_square_glcm_Imc2,0.5874510947903082,positive_higher,0.7759250096113417,0.4588235294117647,0.6872812135355892,mann_whitney_u,2.3076007858393753e-06,1.0694940065937679e-05,906,True,,False,42
,,dwi_wavelet2-HL_glszm_GrayLevelNonUniformity,0.5874150593726406,negative_higher,133.2353770260747,0.34305717619603265,0.8029411764705883,mann_whitney_u,2.329898993214026e-06,1.0782293603110133e-05,907,True,,False,42
,,adc_logarithm_glcm_SumEntropy,0.5874116274281007,positive_higher,3.5500545347815664,0.4264705882352941,0.7199533255542591,mann_whitney_u,2.3320246415133623e-06,1.0782293603110133e-05,908,True,,False,42
,,dwi_squareroot_glcm_ClusterShade,0.587408195483561,positive_higher,5.831311507896161,0.3264705882352941,0.852975495915986,mann_whitney_u,2.3341521517568733e-06,1.0782293603110133e-05,909,True,,False,42
,,t2_wavelet2-HL_glszm_SmallAreaHighGrayLevelEmphasis,0.5873944677054019,negative_higher,75.65041087042795,0.5157526254375729,0.6264705882352941,mann_whitney_u,2.3426808433462723e-06,1.0809798748583513e-05,910,True,,False,42
,,t2_logarithm_firstorder_Entropy,0.5873532843709246,negative_higher,4.997821388221295,0.5134189031505251,0.6323529411764706,mann_whitney_u,2.3684468149787362e-06,1.0914666126964124e-05,911,True,,False,42
,,adc_original_glcm_Imc1,0.5873498524263847,negative_higher,-0.2094337676082255,0.7654609101516919,0.3970588235294118,mann_whitney_u,2.370606217621167e-06,1.0914666126964124e-05,912,True,,False,42
,,dwi_wavelet-HL_glrlm_LongRunEmphasis,0.5873361246482256,negative_higher,7.028350056714153,0.5204200700116686,0.6176470588235294,mann_whitney_u,2.3792627457350845e-06,1.0940515702008629e-05,913,True,,False,42
,,dwi_wavelet-HL_glcm_MCC,0.5873326927036859,positive_higher,0.3435923496267667,0.6029411764705882,0.5507584597432906,mann_whitney_u,2.381431615059749e-06,1.0940515702008629e-05,914,True,,False,42
,,t2_original_ngtdm_Complexity,0.5873258288146064,negative_higher,304.10528893028334,0.6067677946324388,0.5294117647058824,mann_whitney_u,2.3857750495563042e-06,1.0948491183701554e-05,915,True,,False,42
,,adc_logarithm_glcm_JointEnergy,0.5872571899238108,negative_higher,0.0894188457240169,0.46091015169194866,0.6764705882352942,mann_whitney_u,2.4296297769168865e-06,1.1137571433705247e-05,916,True,,False,42
,,dwi_wavelet2-LH_glrlm_LowGrayLevelRunEmphasis,0.5872468940901914,negative_higher,0.0354304845584581,0.4632438739789965,0.7,mann_whitney_u,2.436274369989224e-06,1.1155851777082607e-05,917,True,,False,42
,,dwi_wavelet2-HL_glcm_Imc2,0.587240030201112,positive_higher,0.6160857476207467,0.39705882352941174,0.7887981330221704,mann_whitney_u,2.4407137866461667e-06,1.1164005653733392e-05,918,True,,False,42
,,t2_squareroot_glcm_DifferenceEntropy,0.5872194385338734,negative_higher,2.757896340244967,0.4469078179696616,0.6970588235294117,mann_whitney_u,2.4540786812767926e-06,1.1212923158521493e-05,919,True,,False,42
,,dwi_wavelet2-LH_firstorder_Skewness,0.587130207975839,negative_higher,-0.5264138606663457,0.6499416569428238,0.5117647058823529,mann_whitney_u,2.512809424865192e-06,1.1468789972835805e-05,920,True,,False,42
,,t2_logarithm_glcm_DifferenceAverage,0.5870615690850436,negative_higher,3.5471872122994585,0.4574095682613769,0.6970588235294117,mann_whitney_u,2.558902598627447e-06,1.1666484268878012e-05,921,True,,False,42
,,t2_squareroot_firstorder_Maximum,0.5869723385270094,negative_higher,349.1145733460006,0.34772462077012833,0.7823529411764706,mann_whitney_u,2.6200381440963443e-06,1.1932256146486495e-05,922,True,,False,42
,,t2_wavelet2-LL_gldm_SmallDependenceLowGrayLevelEmphasis,0.5869277232479923,positive_higher,0.0005537176468666,0.4823529411764706,0.6604434072345391,mann_whitney_u,2.6511292162061064e-06,1.2060770941332005e-05,923,True,,False,42
,,adc_wavelet-HH_firstorder_TotalEnergy,0.5869105635252934,negative_higher,106276128.1391352,0.721120186697783,0.4323529411764706,mann_whitney_u,2.6631813525860975e-06,1.2102487553581194e-05,924,True,,False,42
,,t2_original_firstorder_Range,0.5867218065756057,negative_higher,370.650824981549,0.7222870478413069,0.4294117647058824,mann_whitney_u,2.7992732975257784e-06,1.2707187650065668e-05,925,True,,False,42
,,dwi_wavelet2-HL_glrlm_ShortRunLowGrayLevelEmphasis,0.5866806232411284,negative_higher,0.0172088427702073,0.6417736289381564,0.5117647058823529,mann_whitney_u,2.829840561740992e-06,1.2832073994330914e-05,926,True,,False,42
,,dwi_log-sigma-2-mm-3D_firstorder_Entropy,0.586670327407509,positive_higher,1.5333186611871443,0.611764705882353,0.544924154025671,mann_whitney_u,2.8375322752390312e-06,1.285307230175695e-05,927,True,,False,42
,,dwi_wavelet-LH_glrlm_RunEntropy,0.5865742329603953,positive_higher,3.5299705589453687,0.55,0.603267211201867,mann_whitney_u,2.9102955770656995e-06,1.3154285390849163e-05,928,True,,False,42
,,dwi_wavelet2-LH_glrlm_ShortRunLowGrayLevelEmphasis,0.5865742329603953,negative_higher,0.0211604656942793,0.47141190198366395,0.6911764705882353,mann_whitney_u,2.9102955770656995e-06,1.3154285390849163e-05,929,True,,False,42
,,dwi_log-sigma-0-6-mm-3D_glrlm_ShortRunHighGrayLevelEmphasis,0.586471274624202,positive_higher,3.597426281149959,0.5911764705882353,0.5460910151691949,mann_whitney_u,2.990241900794825e-06,1.3484298861852004e-05,930,True,,False,42
,,dwi_wavelet2-HL_glcm_JointAverage,0.5864678426796623,positive_higher,7.435396219528206,0.4470588235294118,0.7024504084014003,mann_whitney_u,2.9929427338047314e-06,1.3484298861852004e-05,931,True,,False,42
,,dwi_wavelet2-HL_glcm_SumAverage,0.5864678426796623,positive_higher,14.870792439056409,0.4470588235294118,0.7024504084014003,mann_whitney_u,2.9929427338047314e-06,1.3484298861852004e-05,932,True,,False,42
,,t2_logarithm_glrlm_LongRunLowGrayLevelEmphasis,0.5864094996224861,positive_higher,0.123578421905063,0.3235294117647059,0.8308051341890315,mann_whitney_u,3.0392165316718335e-06,1.3678103125927148e-05,933,True,,False,42
,,adc_wavelet-HH_glszm_SmallAreaEmphasis,0.5863992037888668,negative_higher,0.7307164815192437,0.4329054842473746,0.7176470588235294,mann_whitney_u,3.047453422011763e-06,1.3700489206667445e-05,934,True,,False,42
,,dwi_wavelet-LH_glcm_SumEntropy,0.5863786121216281,positive_higher,2.215413509263509,0.55,0.6114352392065344,mann_whitney_u,3.063991494269287e-06,1.3760107256082071e-05,935,True,,False,42
,,dwi_wavelet2-LH_ngtdm_Complexity,0.5863545885098497,positive_higher,18.03386765789587,0.7617647058823529,0.38389731621936984,mann_whitney_u,3.08339473332908e-06,1.3832451373129068e-05,936,True,,False,42
,,adc_log-sigma-0-6-mm-3D_glszm_SizeZoneNonUniformity,0.5862790857299747,negative_higher,175.87686567164178,0.544924154025671,0.6029411764705883,mann_whitney_u,3.1451466764720753e-06,1.4089764362029571e-05,937,True,,False,42
,,dwi_log-sigma-2-mm-3D_glrlm_RunEntropy,0.5862756537854349,positive_higher,4.159287769368912,0.25588235294117645,0.9066511085180864,mann_whitney_u,3.147981583591968e-06,1.4089764362029571e-05,938,True,,False,42
,,t2_squareroot_glcm_DifferenceAverage,0.5862722218408951,negative_higher,2.163532631880345,0.4644107351225204,0.6735294117647059,mann_whitney_u,3.150818941639859e-06,1.4089764362029571e-05,939,True,,False,42
,,dwi_wavelet2-HL_glcm_Autocorrelation,0.5862379023954972,positive_higher,55.59937876260962,0.45,0.6966161026837806,mann_whitney_u,3.179327768633593e-06,1.4202124787757934e-05,940,True,,False,42
,,t2_square_glrlm_RunLengthNonUniformity,0.5861864232274007,negative_higher,4480.531754693527,0.5157526254375729,0.6470588235294117,mann_whitney_u,3.222555384634285e-06,1.4379925674898367e-05,941,True,,False,42
,,dwi_log-sigma-3-mm-3D_glrlm_RunLengthNonUniformityNormalized,0.5861521037820028,positive_higher,0.2247481596405184,0.5764705882352941,0.5717619603267211,mann_whitney_u,3.2516863684858173e-06,1.4494512803898033e-05,942,True,,False,42
,,dwi_log-sigma-0-6-mm-3D_glrlm_GrayLevelNonUniformityNormalized,0.5860903287802869,negative_higher,0.4907375314374292,0.6581096849474912,0.4852941176470589,mann_whitney_u,3.3047597683102045e-06,1.4715467939697294e-05,943,True,,False,42
,,t2_wavelet2-LL_glszm_SmallAreaLowGrayLevelEmphasis,0.5860560093348892,positive_higher,0.0007717867733104,0.45,0.6896149358226371,mann_whitney_u,3.3346029398422493e-06,1.483262472923475e-05,944,True,,False,42
,,dwi_wavelet2-LH_firstorder_Entropy,0.5860422815567301,positive_higher,1.951749546496317,0.5941176470588235,0.557759626604434,mann_whitney_u,3.3466124284998075e-06,1.4867927838810679e-05,945,True,,False,42
,,t2_log-sigma-2-mm-3D_glszm_LowGrayLevelZoneEmphasis,0.5860388496121902,positive_higher,0.0103358777192417,0.7235294117647059,0.4352392065344224,mann_whitney_u,3.3496212754262688e-06,1.4867927838810679e-05,946,True,,False,42
,,dwi_log-sigma-3-mm-3D_firstorder_Entropy,0.5859187315532981,positive_higher,1.6551889218556566,0.5794117647058824,0.5624270711785297,mann_whitney_u,3.4565805698850188e-06,1.5326485546934736e-05,947,True,,False,42
,,adc_wavelet2-LL_glszm_LowGrayLevelZoneEmphasis,0.5859015718305992,positive_higher,0.0005806296092523,0.7558823529411764,0.3990665110851809,mann_whitney_u,3.472125274913458e-06,1.5376756802621337e-05,948,True,,False,42
,,t2_wavelet-HH_glszm_SmallAreaHighGrayLevelEmphasis,0.5858981398860594,negative_higher,8.54996501404297,0.721120186697783,0.4088235294117647,mann_whitney_u,3.4752422495088475e-06,1.5376756802621337e-05,949,True,,False,42
,,dwi_wavelet2-HL_glszm_HighGrayLevelZoneEmphasis,0.5858809801633605,positive_higher,88.214709371293,0.3058823529411765,0.8273045507584598,mann_whitney_u,3.4908672743754e-06,1.5429633352739267e-05,950,True,,False,42
,,adc_wavelet2-HH_glcm_Idn,0.5858363648843434,negative_higher,0.945692378301801,0.39323220536756126,0.7647058823529411,mann_whitney_u,3.531808724593346e-06,1.5594179636769147e-05,951,True,,False,42
,,dwi_wavelet2-HL_glrlm_LongRunLowGrayLevelEmphasis,0.5857505662708491,negative_higher,0.1042592993197076,0.6277712952158693,0.5058823529411764,mann_whitney_u,3.611839667160957e-06,1.5930792817656362e-05,952,True,,False,42
,,dwi_wavelet2-HL_gldm_HighGrayLevelEmphasis,0.5857265426590706,positive_higher,56.10674486803519,0.45294117647058824,0.691948658109685,mann_whitney_u,3.6345580851693018e-06,1.6014175655431162e-05,953,True,,False,42
,,adc_wavelet-HH_glszm_SizeZoneNonUniformityNormalized,0.5856716315464342,negative_higher,0.4948119454078645,0.43990665110851807,0.711764705882353,mann_whitney_u,3.6870014863752827e-06,1.6225741387076444e-05,954,True,,False,42
,,dwi_wavelet2-HL_glszm_LargeAreaEmphasis,0.5856681996018944,negative_higher,482.8783783783784,0.5402567094515752,0.6088235294117648,mann_whitney_u,3.690303173293166e-06,1.6225741387076444e-05,955,True,,False,42
,,dwi_original_firstorder_TotalEnergy,0.5856510398791955,negative_higher,10097052233.85583,0.5460910151691949,0.5941176470588235,mann_whitney_u,3.706854169953536e-06,1.6281465125141106e-05,956,True,,False,42
,,t2_log-sigma-3-mm-3D_ngtdm_Strength,0.5856304482119569,positive_higher,0.0715730948551804,0.5264705882352941,0.6382730455075847,mann_whitney_u,3.726809309449236e-06,1.6352008662881236e-05,957,True,,False,42
,,adc_log-sigma-0-6-mm-3D_firstorder_Energy,0.5856235843228774,negative_higher,13136624.853363045,0.4352392065344224,0.6970588235294117,mann_whitney_u,3.7334838776280747e-06,1.6364194991816582e-05,958,True,,False,42
,,dwi_wavelet2-HL_glrlm_HighGrayLevelRunEmphasis,0.5855858329329398,positive_higher,56.208033786114434,0.4441176470588235,0.6966161026837806,mann_whitney_u,3.770399330065017e-06,1.650876620119187e-05,959,True,,False,42
,,t2_log-sigma-3-mm-3D_glszm_SmallAreaHighGrayLevelEmphasis,0.5855549454320819,negative_higher,13.495103972043678,0.6522753792298717,0.5205882352941176,mann_whitney_u,3.8008628906515625e-06,1.6624815914422822e-05,960,True,,False,42
,,dwi_square_glszm_LargeAreaLowGrayLevelEmphasis,0.5855103301530648,negative_higher,5570.81123057693,0.45040840140023336,0.6941176470588235,mann_whitney_u,3.845282666209772e-06,1.680160449054613e-05,961,True,,False,42
,,t2_squareroot_glszm_SmallAreaHighGrayLevelEmphasis,0.5854416912622691,negative_higher,308.68885148514653,0.5239206534422404,0.6205882352941177,mann_whitney_u,3.91459382275183e-06,1.70866730371465e-05,962,True,,False,42
,,dwi_original_glcm_Contrast,0.5853799162605532,positive_higher,1.3161571992939454,0.538235294117647,0.6277712952158694,mann_whitney_u,3.977996377872246e-06,1.7345386075478256e-05,963,True,,False,42
,,dwi_wavelet2-LH_firstorder_Range,0.5853696204269339,positive_higher,327.4975324495218,0.7029411764705882,0.4457409568261377,mann_whitney_u,3.988658703601447e-06,1.73738359921395e-05,964,True,,False,42
,,adc_wavelet2-HH_glrlm_LongRunHighGrayLevelEmphasis,0.5853558926487747,negative_higher,196.5980096395845,0.37689614935822635,0.7911764705882353,mann_whitney_u,4.0029177519734585e-06,1.741787734770627e-05,965,True,,False,42
,,t2_wavelet-HH_glrlm_LowGrayLevelRunEmphasis,0.5852220468117235,positive_higher,0.0514638285330311,0.8176470588235294,0.3278879813302217,mann_whitney_u,4.144527906258048e-06,1.801539614738876e-05,966,True,,False,42
,,dwi_wavelet2-HL_gldm_LowGrayLevelEmphasis,0.5851396801427688,negative_higher,0.0213696775584288,0.6697782963827305,0.47058823529411764,mann_whitney_u,4.234045566520083e-06,1.838547811149724e-05,967,True,,False,42
,,t2_logarithm_gldm_LargeDependenceLowGrayLevelEmphasis,0.5850607454183541,positive_higher,0.4067152168338245,0.5205882352941177,0.6394399066511085,mann_whitney_u,4.321569821001216e-06,1.8746148428082755e-05,968,True,,False,42
,,dwi_original_glcm_Idmn,0.5849715148603198,positive_higher,0.9936105409212088,0.5352941176470588,0.6079346557759626,mann_whitney_u,4.42259765787267e-06,1.916458985078157e-05,969,True,,False,42
,,dwi_log-sigma-3-mm-3D_gldm_DependenceEntropy,0.5849646509712403,positive_higher,5.354323722182251,0.2647058823529412,0.8681446907817969,mann_whitney_u,4.430462055235292e-06,1.9178876463848443e-05,970,True,,False,42
,,dwi_exponential_glszm_SmallAreaLowGrayLevelEmphasis,0.5849028759695243,positive_higher,0.0298909915240136,0.788235294117647,0.42357059509918316,mann_whitney_u,4.501847127987287e-06,1.946782295614688e-05,971,True,,False,42
,,dwi_wavelet2-HL_glrlm_LowGrayLevelRunEmphasis,0.584892580135905,negative_higher,0.026221742134206,0.6266044340723453,0.5147058823529411,mann_whitney_u,4.513851262374832e-06,1.9499651698263294e-05,972,True,,False,42
,,dwi_squareroot_glcm_MCC,0.5847930537442514,positive_higher,0.8329064488558872,0.3058823529411765,0.8588098016336057,mann_whitney_u,4.631483149386758e-06,1.9987253591238435e-05,973,True,,False,42
,,t2_wavelet2-LL_firstorder_Range,0.5847415745761548,negative_higher,1498.5134377723884,0.6721120186697783,0.4647058823529412,mann_whitney_u,4.693473871782026e-06,2.0231146872320553e-05,974,True,,False,42
,,dwi_wavelet-HL_glszm_LargeAreaLowGrayLevelEmphasis,0.584738142631615,negative_higher,32.57837446521219,0.6067677946324388,0.5352941176470588,mann_whitney_u,4.697634722675051e-06,2.0231146872320553e-05,975,True,,False,42
,,t2_wavelet-HH_glszm_LowGrayLevelZoneEmphasis,0.5847003912416775,positive_higher,0.0636450615123121,0.8264705882352941,0.31971995332555425,mann_whitney_u,4.7436378994349965e-06,2.0408335593983147e-05,976,True,,False,42
,,t2_original_glrlm_LowGrayLevelRunEmphasis,0.5846866634635185,positive_higher,0.0109088078847783,0.638235294117647,0.5157526254375729,mann_whitney_u,4.7604730668820035e-06,2.0459801850396657e-05,977,True,,False,42
,,adc_wavelet2-HH_glszm_ZoneVariance,0.5845974329054842,negative_higher,820.6659262751782,0.4632438739789965,0.6970588235294117,mann_whitney_u,4.871304686499014e-06,2.0914732493465602e-05,978,True,,False,42
,,dwi_wavelet2-LH_glcm_Contrast,0.5845596815155467,positive_higher,1.1236914110051006,0.5941176470588235,0.5624270711785297,mann_whitney_u,4.9189352064527176e-06,2.1097659787431014e-05,979,True,,False,42
,,dwi_wavelet2-HL_glcm_ClusterProminence,0.584539089848308,positive_higher,417.1059890637701,0.22941176470588234,0.9241540256709452,mann_whitney_u,4.945103154324461e-06,2.1188253209192255e-05,980,True,,False,42
,,adc_wavelet2-LL_glszm_SmallAreaLowGrayLevelEmphasis,0.5845322259592285,positive_higher,0.0006048151294579,0.6852941176470588,0.4679113185530922,mann_whitney_u,4.953855391778427e-06,2.1204117013330905e-05,981,True,,False,42
,,dwi_log-sigma-2-mm-3D_glcm_SumEntropy,0.5844704509575125,positive_higher,2.284079000330652,0.6029411764705882,0.5554259043173863,mann_whitney_u,5.033295933224058e-06,2.151645089854534e-05,982,True,,False,42
,,dwi_log-sigma-2-mm-3D_glcm_JointEntropy,0.5844635870684329,positive_higher,2.775793567388277,0.5941176470588235,0.5624270711785297,mann_whitney_u,5.042197590895121e-06,2.151645089854534e-05,983,True,,False,42
,,dwi_wavelet2-HL_gldm_LargeDependenceHighGrayLevelEmphasis,0.5844635870684329,positive_higher,904.1363126402392,0.5794117647058824,0.5659276546091014,mann_whitney_u,5.042197590895121e-06,2.151645089854534e-05,984,True,,False,42
,,dwi_wavelet2-HL_gldm_LargeDependenceLowGrayLevelEmphasis,0.5843057176196033,negative_higher,0.4754529686748767,0.6254375729288215,0.5088235294117647,mann_whitney_u,5.251145961017683e-06,2.233706127073851e-05,985,True,,False,42
,,t2_wavelet-HH_gldm_LowGrayLevelEmphasis,0.5843057176196033,positive_higher,0.0513675001199724,0.7794117647058824,0.35939323220536756,mann_whitney_u,5.251145961017683e-06,2.233706127073851e-05,986,True,,False,42
,,adc_squareroot_firstorder_InterquartileRange,0.5843022856750635,positive_higher,305.82797132375345,0.4147058823529412,0.721120186697783,mann_whitney_u,5.255779122526708e-06,2.233706127073851e-05,987,True,,False,42
,,dwi_squareroot_ngtdm_Busyness,0.5843022856750635,negative_higher,1.1855061352855916,0.6476079346557759,0.5029411764705882,mann_whitney_u,5.255779122526708e-06,2.233706127073851e-05,988,True,,False,42
,,adc_wavelet2-HH_gldm_LargeDependenceHighGrayLevelEmphasis,0.5842782620632851,negative_higher,985.244911652874,0.3687281213535589,0.7970588235294118,mann_whitney_u,5.288321020201214e-06,2.2452638992745094e-05,989,True,,False,42
,,dwi_log-sigma-2-mm-3D_glszm_GrayLevelNonUniformity,0.5842284988674583,negative_higher,64.37906137184116,0.6277712952158693,0.5088235294117647,mann_whitney_u,5.356343395243629e-06,2.270555014869254e-05,990,True,,False,42
,,dwi_log-sigma-2-mm-3D_glrlm_RunLengthNonUniformityNormalized,0.5842267828951885,positive_higher,0.2683361737320263,0.5823529411764706,0.5635939323220537,mann_whitney_u,5.358704500441606e-06,2.270555014869254e-05,991,True,,False,42
,,t2_log-sigma-2-mm-3D_firstorder_Range,0.5841890315052509,negative_higher,197.51071166992188,0.7094515752625438,0.4411764705882353,mann_whitney_u,5.410888122682437e-06,2.2903547608007612e-05,992,True,,False,42
,,dwi_log-sigma-2-mm-3D_glrlm_ShortRunEmphasis,0.5841684398380121,positive_higher,0.5145873266529262,0.5529411764705883,0.5997666277712952,mann_whitney_u,5.4395566160239835e-06,2.299593977934583e-05,993,True,,False,42
,,dwi_wavelet-LH_glcm_SumSquares,0.5841650078934724,positive_higher,0.659702428958811,0.5205882352941177,0.6277712952158694,mann_whitney_u,5.44434881400339e-06,2.299593977934583e-05,994,True,,False,42
,,adc_wavelet2-LL_glrlm_LongRunLowGrayLevelEmphasis,0.5841615759489327,positive_higher,0.0005400973574061,0.8117647058823529,0.34422403733955664,mann_whitney_u,5.4491450536911415e-06,2.299593977934583e-05,995,True,,False,42
,,adc_wavelet2-LH_glrlm_ShortRunLowGrayLevelEmphasis,0.5841272565035349,positive_higher,0.003691277626098,0.5941176470588235,0.5554259043173863,mann_whitney_u,5.497330459365122e-06,2.317599457718288e-05,996,True,,False,42
,,t2_wavelet2-HL_glrlm_LongRunLowGrayLevelEmphasis,0.5840140023337224,positive_higher,0.0296621291033217,0.5764705882352941,0.5717619603267211,mann_whitney_u,5.659253213169406e-06,2.383176754925008e-05,997,True,,False,42
,,t2_wavelet2-HL_gldm_SmallDependenceHighGrayLevelEmphasis,0.5840105703891825,negative_higher,20.065372843736835,0.6499416569428238,0.4882352941176471,mann_whitney_u,5.6642305344490544e-06,2.383176754925008e-05,998,True,,False,42
,,t2_wavelet2-LL_ngtdm_Complexity,0.5839831148328642,negative_higher,11124.362882237603,0.5565927654609102,0.5852941176470587,mann_whitney_u,5.704200231735632e-06,2.3975912685743662e-05,999,True,,False,42
,,adc_squareroot_firstorder_Uniformity,0.5839350676093074,negative_higher,0.0795807960408814,0.6709451575262544,0.4647058823529412,mann_whitney_u,5.7747976725750585e-06,2.424837542714267e-05,1000,True,,False,42
,,dwi_log-sigma-3-mm-3D_glcm_JointEntropy,0.5838698606630517,positive_higher,2.8148109618324275,0.55,0.5880980163360561,mann_whitney_u,5.871947225162383e-06,2.4631674723733115e-05,1001,True,,False,42
,,dwi_log-sigma-0-6-mm-3D_glrlm_GrayLevelVariance,0.5837394467705401,positive_higher,0.272311480586475,0.4823529411764706,0.6569428238039674,mann_whitney_u,6.0709595273456905e-06,2.544107690152151e-05,1002,True,,False,42
,,adc_log-sigma-3-mm-3D_firstorder_Energy,0.5837291509369209,negative_higher,153429839.35565418,0.5787631271878646,0.5647058823529412,mann_whitney_u,6.0869429764344095e-06,2.5482625681005068e-05,1003,True,,False,42
,,adc_log-sigma-3-mm-3D_glcm_Idmn,0.5837085592696822,negative_higher,0.9957123860116182,0.3442240373395566,0.788235294117647,mann_whitney_u,6.1190307668331325e-06,2.559144441228319e-05,1004,True,,False,42
,,dwi_log-sigma-3-mm-3D_firstorder_MeanAbsoluteDeviation,0.5836570801015856,positive_higher,20.98364262881372,0.5764705882352941,0.5682613768961493,mann_whitney_u,6.19995996446213e-06,2.5904111334105954e-05,1005,True,,False,42
,,dwi_log-sigma-2-mm-3D_glrlm_GrayLevelNonUniformityNormalized,0.5836467842679662,negative_higher,0.3434826683152123,0.574095682613769,0.5735294117647058,mann_whitney_u,6.216268248839488e-06,2.5946431786160048e-05,1006,True,,False,42
,,adc_wavelet2-HL_firstorder_TotalEnergy,0.5836296245452673,negative_higher,1926200805.5211244,0.5239206534422404,0.6352941176470588,mann_whitney_u,6.243539978197792e-06,2.603438368267381e-05,1007,True,,False,42
,,adc_wavelet-HH_glszm_ZoneVariance,0.583557553709932,negative_higher,710.5075969928693,0.4970828471411902,0.6558823529411765,mann_whitney_u,6.359336517790105e-06,2.649092662519906e-05,1008,True,,False,42
,,dwi_wavelet2-LH_glszm_LowGrayLevelZoneEmphasis,0.5834889148191365,negative_higher,0.0438231751835966,0.46091015169194866,0.7029411764705882,mann_whitney_u,6.471527327303804e-06,2.6931559214418902e-05,1009,True,,False,42
,,t2_wavelet2-HL_gldm_SmallDependenceLowGrayLevelEmphasis,0.5833928203720228,positive_higher,0.0010995832937604,0.5470588235294118,0.6102683780630105,mann_whitney_u,6.631780139818013e-06,2.7571133472372116e-05,1010,True,,False,42
,,dwi_wavelet2-HL_glrlm_ShortRunHighGrayLevelEmphasis,0.5833344773148466,positive_higher,34.099813655261165,0.48823529411764705,0.6476079346557759,mann_whitney_u,6.7309212525135415e-06,2.7955626448372264e-05,1011,True,,False,42
,,dwi_log-sigma-0-6-mm-3D_glrlm_LongRunLowGrayLevelEmphasis,0.5833035898139887,negative_higher,1.1996312375534957,0.558926487747958,0.5735294117647058,mann_whitney_u,6.7839801165946324e-06,2.8120367729102528e-05,1012,True,,False,42
,,t2_wavelet-LH_firstorder_Range,0.5833035898139887,negative_higher,196.8296798667824,0.46091015169194866,0.7,mann_whitney_u,6.7839801165946324e-06,2.8120367729102528e-05,1013,True,,False,42
,,adc_logarithm_firstorder_Entropy,0.5832864300912897,positive_higher,2.642027806841968,0.46176470588235297,0.676779463243874,mann_whitney_u,6.813629900481186e-06,2.8215416126351574e-05,1014,True,,False,42
,,adc_logarithm_gldm_DependenceEntropy,0.5831148328643009,positive_higher,5.413199927994112,0.4676470588235294,0.662777129521587,mann_whitney_u,7.1170259059229085e-06,2.943938597645827e-05,1015,True,,False,42
,,t2_wavelet-LH_firstorder_Maximum,0.5831114009197611,negative_higher,89.16268526884258,0.5367561260210035,0.6176470588235294,mann_whitney_u,7.12322366089107e-06,2.943938597645827e-05,1016,True,,False,42
,,dwi_log-sigma-0-6-mm-3D_firstorder_Entropy,0.5831011050861418,positive_higher,1.0480142956309926,0.47941176470588237,0.6651108518086348,mann_whitney_u,7.141847912232564e-06,2.948733469367211e-05,1017,True,,False,42
,,adc_logarithm_glrlm_RunVariance,0.5830736495298235,negative_higher,1.6675527802917969,0.5822637106184364,0.5617647058823529,mann_whitney_u,7.191740536853183e-06,2.9660847997265873e-05,1018,True,,False,42
,,dwi_log-sigma-3-mm-3D_glcm_DifferenceAverage,0.5830702175852838,positive_higher,0.3277787201668976,0.5441176470588235,0.5962660443407235,mann_whitney_u,7.198000502313389e-06,2.9660847997265873e-05,1019,True,,False,42
,,dwi_log-sigma-0-6-mm-3D_gldm_GrayLevelVariance,0.5830187384171872,positive_higher,0.2656763000282495,0.4588235294117647,0.6849474912485414,mann_whitney_u,7.292527607195411e-06,3.0020905316287777e-05,1020,True,,False,42
,,dwi_wavelet2-LH_glcm_DifferenceEntropy,0.5828780286910564,positive_higher,1.4892970556953915,0.5794117647058824,0.574095682613769,mann_whitney_u,7.556997013053906e-06,3.104875778651013e-05,1021,True,,False,42
,,adc_wavelet-LH_glszm_SmallAreaLowGrayLevelEmphasis,0.5828780286910563,positive_higher,0.004414308600949,0.6647058823529411,0.5087514585764294,mann_whitney_u,7.556997013053906e-06,3.104875778651013e-05,1022,True,,False,42
,,t2_logarithm_firstorder_Range,0.5828608689683575,negative_higher,690.8534746202586,0.33255542590431736,0.8147058823529412,mann_whitney_u,7.589869848691789e-06,3.1153336749420156e-05,1023,True,,False,42
,,dwi_log-sigma-3-mm-3D_glrlm_RunPercentage,0.5828540050792779,positive_higher,0.3379641485275288,0.65,0.48424737456242706,mann_whitney_u,7.603057229192376e-06,3.117698955603397e-05,1024,True,,False,42
,,t2_wavelet2-HH_ngtdm_Contrast,0.5828471411901983,positive_higher,0.0074338666240838,0.6441176470588236,0.5099183197199533,mann_whitney_u,7.616266516442458e-06,3.119733970896204e-05,1025,True,,False,42
,,t2_squareroot_glszm_SmallAreaLowGrayLevelEmphasis,0.5828437092456585,positive_higher,0.0038721351143776,0.4176470588235294,0.7281213535589265,mann_whitney_u,7.622879385900225e-06,3.119733970896204e-05,1026,True,,False,42
,,adc_wavelet-HH_firstorder_Energy,0.58282311757842,negative_higher,11943882.928889088,0.6289381563593932,0.5029411764705882,mann_whitney_u,7.662672037065254e-06,3.132965908825414e-05,1027,True,,False,42
,,dwi_wavelet-LH_gldm_GrayLevelVariance,0.5828025259111813,positive_higher,0.6469132480271906,0.5294117647058824,0.6172695449241541,mann_whitney_u,7.702663253093191e-06,3.1462532100912754e-05,1028,True,,False,42
,,dwi_wavelet2-HL_glszm_SmallAreaHighGrayLevelEmphasis,0.5827476147985449,positive_higher,56.13816734189113,0.2411764705882353,0.8926487747957993,mann_whitney_u,7.810284427692326e-06,3.1871121780252746e-05,1029,True,,False,42
,,dwi_wavelet2-HL_gldm_SmallDependenceHighGrayLevelEmphasis,0.5827373189649255,positive_higher,5.958239418952018,0.5088235294117647,0.6196032672112018,mann_whitney_u,7.83062279888936e-06,3.189212912952127e-05,1030,True,,False,42
,,dwi_wavelet2-HL_glszm_LowGrayLevelZoneEmphasis,0.5827373189649255,negative_higher,0.0260231318422516,0.6802800466744457,0.4529411764705882,mann_whitney_u,7.83062279888936e-06,3.189212912952127e-05,1031,True,,False,42
,,adc_squareroot_firstorder_RobustMeanAbsoluteDeviation,0.5827270231313062,positive_higher,94.70605847789209,0.7823529411764706,0.34889148191365227,mann_whitney_u,7.851011798493467e-06,3.19441846335989e-05,1032,True,,False,42
,,t2_square_glcm_Idmn,0.5826824078522891,negative_higher,0.9991523288477006,0.4072345390898483,0.7352941176470589,mann_whitney_u,7.939952095132161e-06,3.227479075262338e-05,1033,True,,False,42
,,t2_square_firstorder_Median,0.5826583842405106,positive_higher,4.026302283224749,0.7235294117647059,0.4434072345390898,mann_whitney_u,7.98824116504758e-06,3.243967567895047e-05,1034,True,,False,42
,,dwi_log-sigma-3-mm-3D_glszm_GrayLevelNonUniformity,0.5826412245178118,negative_higher,52.09826589595376,0.5180863477246208,0.6294117647058823,mann_whitney_u,8.022903063004698e-06,3.254895648459587e-05,1035,True,,False,42
,,t2_squareroot_glrlm_ShortRunLowGrayLevelEmphasis,0.5826343606287322,positive_higher,0.0079170554768229,0.39705882352941174,0.7736289381563594,mann_whitney_u,8.036810912886775e-06,3.257390832356329e-05,1036,True,,False,42
,,dwi_wavelet-HH_gldm_SmallDependenceEmphasis,0.5826103370169537,positive_higher,0.0652009035736217,0.7558823529411764,0.3850641773628938,mann_whitney_u,8.085662887787515e-06,3.274030710300846e-05,1037,True,,False,42
,,t2_square_firstorder_10Percentile,0.5825348342370786,positive_higher,0.1853950778917964,0.5764705882352941,0.5810968494749125,mann_whitney_u,8.24105244895832e-06,3.33373595695337e-05,1038,True,,False,42
,,adc_log-sigma-2-mm-3D_glcm_Idn,0.5825211064589196,negative_higher,0.942626106253814,0.6429404900816803,0.5058823529411764,mann_whitney_u,8.26961006689515e-06,3.342068592001226e-05,1039,True,,False,42
,,t2_wavelet2-HL_gldm_LargeDependenceHighGrayLevelEmphasis,0.5824936509026013,negative_higher,3012.145296757408,0.6067677946324388,0.538235294117647,mann_whitney_u,8.327009327906125e-06,3.362030016142098e-05,1040,True,,False,42
,,dwi_wavelet2-LH_glcm_JointEntropy,0.5824764911799025,positive_higher,3.8319802248171433,0.55,0.6044340723453909,mann_whitney_u,8.363077031951484e-06,3.373348747085906e-05,1041,True,,False,42
,,dwi_log-sigma-3-mm-3D_glcm_SumEntropy,0.5824456036790445,positive_higher,2.551284477073166,0.5029411764705882,0.6301050175029171,mann_whitney_u,8.42837550471606e-06,3.3964250234455595e-05,1042,True,,False,42
,,dwi_wavelet2-LH_glszm_ZonePercentage,0.5823838286773285,positive_higher,0.1450504459716332,0.5705882352941176,0.5822637106184364,mann_whitney_u,8.560437284159799e-06,3.4463352019354745e-05,1043,True,,False,42
,,dwi_original_glcm_DifferenceEntropy,0.5823735328437092,positive_higher,1.5953221190047209,0.5264705882352941,0.6289381563593932,mann_whitney_u,8.58263896041777e-06,3.45196369681937e-05,1044,True,,False,42
,,dwi_log-sigma-0-6-mm-3D_glcm_Correlation,0.58236323701009,positive_higher,0.1483799666617579,0.4088235294117647,0.7631271878646442,mann_whitney_u,8.60489566011004e-06,3.4576035288805795e-05,1045,True,,False,42
,,adc_logarithm_glcm_MaximumProbability,0.582270574507516,negative_higher,0.143140335609596,0.7036172695449242,0.4323529411764706,mann_whitney_u,8.807703468314158e-06,3.5357119372324234e-05,1046,True,,False,42
,,dwi_square_glrlm_RunLengthNonUniformityNormalized,0.5822637106184364,positive_higher,0.324415339625588,0.3941176470588235,0.7362893815635939,mann_whitney_u,8.8229066025106e-06,3.5384321703860564e-05,1047,True,,False,42
,,dwi_wavelet2-LH_firstorder_MeanAbsoluteDeviation,0.582253414784817,positive_higher,28.2869884550542,0.5323529411764706,0.6277712952158694,mann_whitney_u,8.845758332102487e-06,3.543565784118993e-05,1048,True,,False,42
,,dwi_log-sigma-2-mm-3D_glrlm_RunPercentage,0.5822499828402773,positive_higher,0.4135812072184194,0.5852941176470589,0.5554259043173863,mann_whitney_u,8.8533881358128e-06,3.543565784118993e-05,1049,True,,False,42
,,adc_square_glcm_Imc1,0.5822465508957375,negative_higher,-0.2181295815245116,0.7876312718786465,0.3735294117647059,mann_whitney_u,8.861024227970808e-06,3.543565784118993e-05,1050,True,,False,42
,,t2_original_glszm_LargeAreaLowGrayLevelEmphasis,0.5822396870066581,positive_higher,2.559843800378743,0.5294117647058824,0.6196032672112018,mann_whitney_u,8.876315297314556e-06,3.5463033238271946e-05,1051,True,,False,42
,,t2_log-sigma-0-6-mm-3D_firstorder_Maximum,0.5821916397831011,negative_higher,83.248046875,0.35939323220536756,0.7823529411764706,mann_whitney_u,8.984060957373413e-06,3.585938399240586e-05,1052,True,,False,42
,,dwi_log-sigma-2-mm-3D_glcm_DifferenceAverage,0.5821504564486238,positive_higher,0.4016548215664347,0.5588235294117647,0.5904317386231038,mann_whitney_u,9.077407993769972e-06,3.61975652097247e-05,1053,True,,False,42
,,t2_original_firstorder_Maximum,0.582116137003226,negative_higher,232.7967990389604,0.8366394399066511,0.2852941176470588,mann_whitney_u,9.155904413891504e-06,3.647594177792261e-05,1054,True,,False,42
,,dwi_wavelet2-HL_glszm_SmallAreaLowGrayLevelEmphasis,0.5820440661678907,negative_higher,0.0127922656880517,0.6872812135355892,0.4441176470588235,mann_whitney_u,9.32286320047062e-06,3.7105879221588755e-05,1055,True,,False,42
,,t2_wavelet2-HH_glcm_Idmn,0.5820303383897316,negative_higher,0.9880629871243494,0.5367561260210035,0.6088235294117648,mann_whitney_u,9.354992931370208e-06,3.7198499354946504e-05,1056,True,,False,42
,,dwi_wavelet2-LH_glrlm_GrayLevelNonUniformityNormalized,0.5820166106115725,negative_higher,0.2572437947589387,0.6207701283547258,0.5352941176470588,mann_whitney_u,9.38722843428591e-06,3.729136442343097e-05,1057,True,,False,42
,,adc_logarithm_ngtdm_Contrast,0.5819960189443338,positive_higher,0.0130502415105053,0.7029411764705882,0.43407234539089845,mann_whitney_u,9.435780734239312e-06,3.744881219571916e-05,1058,True,,False,42
,,adc_squareroot_glrlm_GrayLevelNonUniformityNormalized,0.5819857231107145,negative_higher,0.0782369123365181,0.6569428238039673,0.4764705882352941,mann_whitney_u,9.460146757801608e-06,3.7510062545806376e-05,1059,True,,False,42
,,dwi_wavelet-HH_glrlm_RunPercentage,0.581947971720777,positive_higher,0.5501832247557004,0.711764705882353,0.4399066511085181,mann_whitney_u,9.550003442231226e-06,3.783062684332917e-05,1060,True,,False,42
,,dwi_original_glszm_ZonePercentage,0.5818793328299814,positive_higher,0.1661272923408845,0.5205882352941177,0.6231038506417736,mann_whitney_u,9.715472705946863e-06,3.8449830247192154e-05,1061,True,,False,42
,,t2_wavelet-HH_glszm_HighGrayLevelZoneEmphasis,0.5818450133845838,negative_higher,13.322368421052632,0.7817969661610268,0.35,mann_whitney_u,9.799232626860057e-06,3.874480018849848e-05,1062,True,,False,42
,,dwi_wavelet2-HL_firstorder_Range,0.5818209897728053,positive_higher,390.0601148117331,0.5029411764705882,0.6277712952158694,mann_whitney_u,9.858273514272687e-06,3.894157148300189e-05,1063,True,,False,42
,,adc_wavelet2-HH_ngtdm_Contrast,0.5818106939391859,positive_higher,0.0076346045822079,0.7705882352941177,0.3932322053675612,mann_whitney_u,9.883680629278143e-06,3.900523962625839e-05,1064,True,,False,42
,,dwi_wavelet2-LH_glszm_SmallAreaEmphasis,0.5817008717139132,positive_higher,0.4289556716931509,0.5794117647058824,0.5787631271878646,mann_whitney_u,1.015861045455099e-05,4.005258713489165e-05,1065,True,,False,42
,,dwi_wavelet-LH_glrlm_GrayLevelVariance,0.5816905758802937,positive_higher,0.8203550842670623,0.538235294117647,0.6091015169194867,mann_whitney_u,1.0184756316765383e-05,4.0118003540429497e-05,1066,True,,False,42
,,adc_wavelet2-LH_glszm_LowGrayLevelZoneEmphasis,0.581669984213055,positive_higher,0.0040332120911723,0.6794117647058824,0.46674445740956827,mann_whitney_u,1.023724097273685e-05,4.028694924510031e-05,1067,True,,False,42
,,t2_wavelet-HH_gldm_SmallDependenceLowGrayLevelEmphasis,0.5816390967121972,positive_higher,0.002749566539335,0.7647058823529411,0.3710618436406068,mann_whitney_u,1.0316452537610008e-05,4.056065936837493e-05,1068,True,,False,42
,,adc_wavelet-LH_gldm_LargeDependenceHighGrayLevelEmphasis,0.5815773217104812,negative_higher,1490.2639341450863,0.6161026837806302,0.5323529411764706,mann_whitney_u,1.0476635120210763e-05,4.115190913916276e-05,1069,True,,False,42
,,t2_original_ngtdm_Strength,0.5815704578214016,positive_higher,0.2231468194109211,0.538235294117647,0.5915985997666278,mann_whitney_u,1.049457908494578e-05,4.118386689503489e-05,1070,True,,False,42
,,t2_log-sigma-0-6-mm-3D_firstorder_Range,0.5814709314297482,negative_higher,203.8639068603516,0.45507584597432904,0.6970588235294117,mann_whitney_u,1.0758087473002106e-05,4.2178533425897144e-05,1071,True,,False,42
,,t2_wavelet2-LL_firstorder_Maximum,0.5814640675406685,negative_higher,1021.469788774424,0.7082847141190198,0.41764705882352937,mann_whitney_u,1.0776491452227468e-05,4.221127575364099e-05,1072,True,,False,42
,,dwi_square_glcm_DifferenceEntropy,0.5814108724003021,positive_higher,1.257087774409676,0.4235294117647059,0.7117852975495915,mann_whitney_u,1.0919770057751709e-05,4.273263231360617e-05,1073,True,,False,42
,,adc_log-sigma-3-mm-3D_glszm_SizeZoneNonUniformity,0.5813885647607935,negative_higher,320.0506566604128,0.588098016336056,0.5617647058823529,mann_whitney_u,1.0980929407466988e-05,4.289202100646872e-05,1074,True,,False,42
,,dwi_log-sigma-0-6-mm-3D_glcm_SumSquares,0.5813885647607935,positive_higher,0.2649595590042101,0.4470588235294118,0.6931155192532088,mann_whitney_u,1.0980929407466988e-05,4.289202100646872e-05,1075,True,,False,42
,,dwi_log-sigma-0-6-mm-3D_glcm_ClusterShade,0.5813748369826344,negative_higher,-0.0260824168544161,0.6546091015169195,0.5088235294117647,mann_whitney_u,1.1018495584657327e-05,4.299875739774732e-05,1076,True,,False,42
,,dwi_log-sigma-2-mm-3D_glrlm_LongRunEmphasis,0.5812684467019013,negative_higher,9.117603461665045,0.6044340723453909,0.5352941176470588,mann_whitney_u,1.1313822144324951e-05,4.4110249938737665e-05,1077,True,,False,42
,,adc_log-sigma-3-mm-3D_ngtdm_Strength,0.5812547189237421,positive_higher,0.8942808098242996,0.5735294117647058,0.5659276546091014,mann_whitney_u,1.1352474726860616e-05,4.421988996112034e-05,1078,True,,False,42
,,dwi_wavelet-LH_glszm_LargeAreaHighGrayLevelEmphasis,0.5811929439220263,negative_higher,16048.475247524751,0.5530921820303384,0.5970588235294118,mann_whitney_u,1.1527976732160776e-05,4.485854838868522e-05,1079,True,,False,42
,,adc_log-sigma-2-mm-3D_ngtdm_Strength,0.5811895119774865,positive_higher,0.5984595836570212,0.6029411764705882,0.5484247374562428,mann_whitney_u,1.1537802395756141e-05,4.485854838868522e-05,1080,True,,False,42
,,dwi_log-sigma-3-mm-3D_glrlm_LongRunEmphasis,0.5811208730866908,negative_higher,14.775777798529816,0.5192532088681447,0.6264705882352941,mann_whitney_u,1.1736002593624779e-05,4.558693329383019e-05,1081,True,,False,42
,,t2_log-sigma-3-mm-3D_glszm_ZoneVariance,0.5811071453085317,negative_higher,66832.00165919407,0.5834305717619603,0.5794117647058823,mann_whitney_u,1.1776030700715562e-05,4.5700141323756604e-05,1082,True,,False,42
,,dwi_wavelet-HL_glrlm_RunLengthNonUniformity,0.5808772050243668,negative_higher,969.1086869599455,0.49008168028004667,0.6529411764705882,mann_whitney_u,1.246618670508868e-05,4.8333811610957856e-05,1083,True,,False,42
,,dwi_wavelet2-LL_glcm_DifferenceEntropy,0.5808634772462078,positive_higher,2.6132724675087022,0.638235294117647,0.500583430571762,mann_whitney_u,1.2508588093477355e-05,4.845346993036108e-05,1084,True,,False,42
,,dwi_log-sigma-0-6-mm-3D_firstorder_Minimum,0.5807948383554121,negative_higher,-47.466087341308594,0.47141190198366395,0.6617647058823529,mann_whitney_u,1.2722667481248089e-05,4.923371075860523e-05,1085,True,,False,42
,,adc_log-sigma-2-mm-3D_glcm_Idmn,0.5807914064108725,negative_higher,0.9926838536266196,0.5997666277712952,0.5470588235294118,mann_whitney_u,1.2733462701558771e-05,4.923371075860523e-05,1086,True,,False,42
,,t2_wavelet-HH_firstorder_Minimum,0.5807708147436338,positive_higher,-45.28026496440741,0.8323529411764706,0.29871645274212366,mann_whitney_u,1.2798417788152635e-05,4.943933421568806e-05,1087,True,,False,42
,,dwi_wavelet2-LH_firstorder_10Percentile,0.5806850161301393,negative_higher,-47.84966493921829,0.5997666277712952,0.5529411764705883,mann_whitney_u,1.3072482757384067e-05,5.045161314177913e-05,1088,True,,False,42
,,t2_original_shape_Sphericity,0.5806575605738211,negative_higher,0.7535655449170963,0.6091015169194866,0.5617647058823529,mann_whitney_u,1.3161359794292766e-05,5.07479795925026e-05,1089,True,,False,42
,,dwi_wavelet2-HL_ngtdm_Complexity,0.5805957855721051,positive_higher,104.46318256221882,0.2235294117647059,0.911318553092182,mann_whitney_u,1.3363445594617178e-05,5.147991564385094e-05,1090,True,,False,42
,,t2_exponential_glszm_GrayLevelNonUniformity,0.5804945432081817,negative_higher,70.01818181818182,0.44340723453908987,0.7147058823529412,mann_whitney_u,1.370101710117515e-05,5.273196224366128e-05,1091,True,,False,42
,,adc_wavelet2-LL_glcm_Correlation,0.5791509369208594,positive_higher,0.8458866015137976,0.5147058823529411,0.6219369894982497,t_test,1.3774796902108769e-05,5.296737380215634e-05,1092,True,,False,42
,,dwi_wavelet-LH_firstorder_Entropy,0.5804310522341959,positive_higher,1.664263767992219,0.5323529411764706,0.6126021003500584,mann_whitney_u,1.3916913820322488e-05,5.346115246059948e-05,1093,True,,False,42
,,t2_log-sigma-0-6-mm-3D_glszm_SmallAreaLowGrayLevelEmphasis,0.5804276202896561,positive_higher,0.0044229617793713,0.49411764705882355,0.6452742123687281,mann_whitney_u,1.3928673682280503e-05,5.346115246059948e-05,1094,True,,False,42
,,t2_wavelet-HH_glcm_JointAverage,0.580383005010639,negative_higher,4.500169134122046,0.5215869311551925,0.6264705882352941,mann_whitney_u,1.408241698580939e-05,5.395261763085185e-05,1095,True,,False,42
,,t2_wavelet-HH_glcm_SumAverage,0.580383005010639,negative_higher,9.000338268244091,0.5215869311551925,0.6264705882352941,mann_whitney_u,1.408241698580939e-05,5.395261763085185e-05,1096,True,,False,42
,,t2_log-sigma-2-mm-3D_glrlm_LowGrayLevelRunEmphasis,0.5802869105635253,positive_higher,0.0068317404963931,0.7823529411764706,0.3500583430571762,mann_whitney_u,1.4419071841465968e-05,5.519205347521933e-05,1097,True,,False,42
,,t2_wavelet-LH_gldm_LargeDependenceHighGrayLevelEmphasis,0.5800535383348205,negative_higher,2176.2449630820115,0.5110851808634772,0.6323529411764706,mann_whitney_u,1.5268908144443062e-05,5.8391753459486714e-05,1098,True,,False,42
,,adc_wavelet2-HH_glszm_LargeAreaEmphasis,0.5800260827785022,negative_higher,1057.6262626262626,0.4049008168028005,0.7529411764705882,mann_whitney_u,1.5371972299908605e-05,5.8724375693302154e-05,1099,True,,False,42
,,t2_wavelet-HH_glrlm_LongRunHighGrayLevelEmphasis,0.5800226508339625,negative_higher,120.42443263662334,0.5134189031505251,0.6294117647058823,mann_whitney_u,1.5384901856553542e-05,5.8724375693302154e-05,1100,True,,False,42
,,adc_wavelet-HH_glszm_LargeAreaEmphasis,0.5800192188894226,negative_higher,842.3509544787078,0.4620770128354726,0.6882352941176471,mann_whitney_u,1.5397841780977773e-05,5.8724375693302154e-05,1101,True,,False,42
,,adc_logarithm_glrlm_LongRunEmphasis,0.5800020591667239,negative_higher,5.188375725104478,0.514585764294049,0.6205882352941177,mann_whitney_u,1.546269719537869e-05,5.886479195230745e-05,1102,True,,False,42
,,adc_wavelet2-LH_glrlm_LowGrayLevelRunEmphasis,0.5800020591667239,positive_higher,0.0045216929399742,0.5029411764705882,0.6429404900816803,mann_whitney_u,1.546269719537869e-05,5.886479195230745e-05,1103,True,,False,42
,,dwi_wavelet2-LH_gldm_SmallDependenceEmphasis,0.5799951952776443,positive_higher,0.1344576364986268,0.5558823529411765,0.5985997666277714,mann_whitney_u,1.5488712211419145e-05,5.891041899977263e-05,1104,True,,False,42
,,dwi_log-sigma-2-mm-3D_firstorder_MeanAbsoluteDeviation,0.5799677397213261,positive_higher,18.73382965338408,0.5882352941176471,0.5612602100350058,mann_whitney_u,1.5593190144706002e-05,5.925412254988281e-05,1105,True,,False,42
,,dwi_log-sigma-0-6-mm-3D_gldm_LargeDependenceLowGrayLevelEmphasis,0.5799025327750703,negative_higher,5.199619265981625,0.5915985997666278,0.538235294117647,mann_whitney_u,1.5844024551384925e-05,6.015285632121636e-05,1106,True,,False,42
,,t2_wavelet-HH_glrlm_ShortRunLowGrayLevelEmphasis,0.5798716452742124,positive_higher,0.0283211355581531,0.7352941176470589,0.40956826137689617,mann_whitney_u,1.596417894109342e-05,6.055427947032635e-05,1107,True,,False,42
,,t2_squareroot_glrlm_ShortRunHighGrayLevelEmphasis,0.5798510536069738,negative_higher,420.5824838604207,0.514585764294049,0.6235294117647059,mann_whitney_u,1.6044763873596976e-05,6.080502121410983e-05,1108,True,,False,42
,,adc_squareroot_gldm_SmallDependenceLowGrayLevelEmphasis,0.579830461939735,positive_higher,0.0006753248349543,0.7647058823529411,0.39439906651108514,mann_whitney_u,1.6125736459230922e-05,6.105677853229093e-05,1109,True,,False,42
,,t2_wavelet-LH_glrlm_ShortRunLowGrayLevelEmphasis,0.5798167341615759,positive_higher,0.0074261775831781,0.6647058823529411,0.4749124854142357,mann_whitney_u,1.6179934416694034e-05,6.12067969510795e-05,1110,True,,False,42
,,dwi_wavelet2-LH_firstorder_Kurtosis,0.5797652549934793,positive_higher,6.3359352472238735,0.4264705882352941,0.7246207701283547,mann_whitney_u,1.638472717085475e-05,6.192571502287947e-05,1111,True,,False,42
,,t2_logarithm_glszm_SmallAreaHighGrayLevelEmphasis,0.57975495915986,negative_higher,776.3361412584269,0.37689614935822635,0.7588235294117647,mann_whitney_u,1.6425981117794466e-05,6.20258045985782e-05,1112,True,,False,42
,,t2_wavelet-HH_gldm_LargeDependenceHighGrayLevelEmphasis,0.5797343674926213,negative_higher,547.6911793776934,0.43990665110851807,0.7029411764705882,mann_whitney_u,1.650878619865475e-05,6.227872995973899e-05,1113,True,,False,42
,,adc_log-sigma-2-mm-3D_ngtdm_Busyness,0.5797309355480815,negative_higher,0.9674624672136144,0.572928821470245,0.5647058823529412,mann_whitney_u,1.6522625666860977e-05,6.227872995973899e-05,1114,True,,False,42
,,adc_wavelet-HL_firstorder_TotalEnergy,0.579662296657286,negative_higher,685140268.2216077,0.6056009334889149,0.5411764705882354,mann_whitney_u,1.680174813816191e-05,6.327402729340077e-05,1115,True,,False,42
,,adc_original_gldm_SmallDependenceLowGrayLevelEmphasis,0.5795764980437916,positive_higher,0.0018428794699654,0.611764705882353,0.5355892648774796,mann_whitney_u,1.715697349931343e-05,6.455388147277516e-05,1116,True,,False,42
,,dwi_wavelet-HH_glrlm_ShortRunEmphasis,0.5795112910975359,positive_higher,0.6054543289971172,0.7441176470588236,0.4037339556592765,mann_whitney_u,1.7431719143384284e-05,6.552890660973196e-05,1117,True,,False,42
,,dwi_log-sigma-0-6-mm-3D_glcm_JointEntropy,0.5795044272084563,positive_higher,2.0248658605310124,0.5205882352941177,0.6172695449241541,mann_whitney_u,1.7460882382615833e-05,6.557982569284782e-05,1118,True,,False,42
,,adc_wavelet2-HL_firstorder_Energy,0.5794906994302972,negative_higher,187549430.47440028,0.4935822637106184,0.6617647058823529,mann_whitney_u,1.751934838781687e-05,6.574061115321093e-05,1119,True,,False,42
,,dwi_wavelet-HL_gldm_LargeDependenceEmphasis,0.5794701077630586,negative_higher,28.222,0.5402567094515752,0.5911764705882353,mann_whitney_u,1.760739726505678e-05,6.601201885354769e-05,1120,True,,False,42
,,dwi_log-sigma-2-mm-3D_glrlm_RunVariance,0.5794460841512801,negative_higher,3.605764254041,0.5810968494749125,0.55,mann_whitney_u,1.7710653859686638e-05,6.633990683035164e-05,1121,True,,False,42
,,adc_wavelet2-LH_gldm_LowGrayLevelEmphasis,0.5793671494268653,positive_higher,0.0043826915866788,0.5058823529411764,0.6417736289381564,mann_whitney_u,1.8054002926512694e-05,6.756573822497932e-05,1122,True,,False,42
,,t2_log-sigma-3-mm-3D_glszm_GrayLevelNonUniformityNormalized,0.5793396938705471,positive_higher,0.0947027374863911,0.49117647058823527,0.6639439906651108,mann_whitney_u,1.8174908218354953e-05,6.795764880576354e-05,1123,True,,False,42
,,t2_wavelet-LH_glszm_SmallAreaLowGrayLevelEmphasis,0.5793293980369277,positive_higher,0.0073416331717858,0.5470588235294118,0.5974329054842473,mann_whitney_u,1.822044625809098e-05,6.806730768480785e-05,1124,True,,False,42
,,dwi_log-sigma-2-mm-3D_gldm_LargeDependenceEmphasis,0.5793088063696891,negative_higher,34.71423001949318,0.6044340723453909,0.5323529411764706,mann_whitney_u,1.831184863246259e-05,6.834795769574259e-05,1125,True,,False,42
,,t2_wavelet2-HH_glcm_JointAverage,0.5792950785915298,negative_higher,3.5003997333857866,0.5507584597432905,0.5852941176470587,mann_whitney_u,1.8373026036770242e-05,6.845460188855212e-05,1126,True,,False,42
,,t2_wavelet2-HH_glcm_SumAverage,0.5792950785915298,negative_higher,7.000799466771572,0.5507584597432905,0.5852941176470587,mann_whitney_u,1.8373026036770242e-05,6.845460188855212e-05,1127,True,,False,42
,,dwi_original_firstorder_MeanAbsoluteDeviation,0.5792401674788936,positive_higher,90.06039498987595,0.22647058823529412,0.9148191365227538,mann_whitney_u,1.86196882330867e-05,6.925072709542166e-05,1128,True,,False,42
,,t2_wavelet2-HH_gldm_LowGrayLevelEmphasis,0.5792401674788935,positive_higher,0.0870969677792174,0.6588235294117647,0.47607934655775963,mann_whitney_u,1.86196882330867e-05,6.925072709542166e-05,1129,True,,False,42
,,dwi_wavelet-HL_glcm_Correlation,0.579219575811655,positive_higher,0.2874486999538547,0.42058823529411765,0.7362893815635939,mann_whitney_u,1.8712997253326108e-05,6.953617297939499e-05,1130,True,,False,42
,,dwi_square_glcm_DifferenceAverage,0.5792109959503055,positive_higher,0.6359889230143878,0.3176470588235294,0.8249708284714119,mann_whitney_u,1.8751396296168174e-05,6.961725291565886e-05,1131,True,,False,42
,,dwi_wavelet-HH_glszm_LargeAreaLowGrayLevelEmphasis,0.579202416088956,negative_higher,182.42019702842376,0.823803967327888,0.3088235294117647,mann_whitney_u,1.8791094847851365e-05,6.97030099524098e-05,1132,True,,False,42
,,dwi_wavelet-LH_glszm_ZonePercentage,0.5790720021964445,positive_higher,0.0956022944550669,0.5941176470588235,0.5320886814469078,mann_whitney_u,1.939486470888362e-05,7.187911466249102e-05,1133,True,,False,42
,,adc_log-sigma-3-mm-3D_ngtdm_Busyness,0.5789999313611092,negative_higher,0.645672583643017,0.6044340723453909,0.5264705882352941,mann_whitney_u,1.9736407683676083e-05,7.307670890676747e-05,1134,True,,False,42
,,adc_logarithm_glcm_JointEntropy,0.5789964994165695,positive_higher,4.238385428707078,0.6,0.5274212368728122,mann_whitney_u,1.97528136721079e-05,7.307670890676747e-05,1135,True,,False,42
,,dwi_original_gldm_SmallDependenceEmphasis,0.5789690438602513,positive_higher,0.1485306616320533,0.5205882352941177,0.6277712952158694,mann_whitney_u,1.988452991581867e-05,7.349924394060088e-05,1136,True,,False,42
,,dwi_log-sigma-0-6-mm-3D_firstorder_Uniformity,0.5789107008030752,negative_higher,0.4940402639501615,0.6802800466744457,0.46176470588235297,mann_whitney_u,2.0167209404664167e-05,7.44785508268996e-05,1137,True,,False,42
,,dwi_wavelet-HL_glszm_ZonePercentage,0.5788866771912966,positive_higher,0.0865644724977457,0.5147058823529411,0.61610268378063,mann_whitney_u,2.0284715536797966e-05,7.484667885677915e-05,1138,True,,False,42
,,t2_wavelet-LH_glszm_LowGrayLevelZoneEmphasis,0.5788420619122795,positive_higher,0.0161240059935838,0.5529411764705883,0.5834305717619603,mann_whitney_u,2.0504672922441228e-05,7.559185390810422e-05,1139,True,,False,42
,,t2_wavelet2-HH_glcm_Idn,0.5788351980231999,negative_higher,0.9364408550004542,0.6487747957992999,0.4882352941176471,mann_whitney_u,2.053871342957397e-05,7.56509277989308e-05,1140,True,,False,42
,,dwi_wavelet-LH_firstorder_Variance,0.5788249021895806,positive_higher,772.8921203408798,0.5235294117647059,0.6207701283547258,mann_whitney_u,2.0589875095453328e-05,7.577290580701886e-05,1141,True,,False,42
,,t2_wavelet2-HH_gldm_SmallDependenceLowGrayLevelEmphasis,0.5788146063559613,positive_higher,0.0038835694376108,0.7,0.4457409568261377,mann_whitney_u,2.064115808870191e-05,7.589161445301503e-05,1142,True,,False,42
,,dwi_wavelet-LH_glcm_JointEntropy,0.5788111744114215,positive_higher,3.172140551731762,0.5294117647058824,0.61610268378063,mann_whitney_u,2.0658279428386802e-05,7.589161445301503e-05,1143,True,,False,42
,,t2_logarithm_firstorder_Maximum,0.578787150799643,negative_higher,370.5897068420108,0.3862310385064177,0.7588235294117647,mann_whitney_u,2.0778507962353234e-05,7.62665689981829e-05,1144,True,,False,42
,,dwi_wavelet2-LH_glszm_SizeZoneNonUniformityNormalized,0.5787493994097055,positive_higher,0.1908532554113865,0.5647058823529412,0.5845974329054843,mann_whitney_u,2.0968785453365546e-05,7.689775556216762e-05,1145,True,,False,42
,,t2_wavelet-LH_glrlm_LowGrayLevelRunEmphasis,0.578649873018052,positive_higher,0.014529052646339,0.5647058823529412,0.5682613768961493,mann_whitney_u,2.147841005732787e-05,7.869794400586364e-05,1146,True,,False,42
,,adc_wavelet-LH_firstorder_Range,0.5786361452398929,negative_higher,1878.4409930196016,0.5379229871645275,0.6205882352941177,mann_whitney_u,2.1549621597824746e-05,7.889002710485276e-05,1147,True,,False,42
,,t2_log-sigma-0-6-mm-3D_ngtdm_Complexity,0.5785331869036996,negative_higher,58.06970054420196,0.4340723453908985,0.7,mann_whitney_u,2.209091736683304e-05,8.080118643147382e-05,1148,True,,False,42
,,adc_logarithm_gldm_LargeDependenceEmphasis,0.57852632301462,negative_higher,25.18632551876109,0.4935822637106184,0.6441176470588235,mann_whitney_u,2.2127460147616987e-05,8.08644083201425e-05,1149,True,,False,42
,,dwi_log-sigma-0-6-mm-3D_glszm_LowGrayLevelZoneEmphasis,0.5784851396801428,negative_higher,0.43,0.3395565927654609,0.7852941176470588,mann_whitney_u,2.2347873344249626e-05,8.159888710652538e-05,1150,True,,False,42
,,dwi_wavelet2-HL_glrlm_RunVariance,0.5784679799574439,negative_higher,1.9220875320519704,0.5647607934655776,0.5852941176470587,mann_whitney_u,2.2440405259502902e-05,8.186556184591893e-05,1151,True,,False,42
,,adc_logarithm_glrlm_RunPercentage,0.5783821813439494,positive_higher,0.5432048228639477,0.6764705882352942,0.4597432905484248,mann_whitney_u,2.290828009079359e-05,8.349988550455061e-05,1152,True,,False,42
,,t2_wavelet-LH_gldm_LowGrayLevelEmphasis,0.5783684535657904,positive_higher,0.014271451901048,0.5735294117647058,0.5565927654609102,mann_whitney_u,2.2983997105385553e-05,8.370321235517253e-05,1153,True,,False,42
,,dwi_log-sigma-3-mm-3D_gldm_LargeDependenceEmphasis,0.5783478618985517,negative_higher,43.18412028488525,0.4970828471411902,0.6352941176470588,mann_whitney_u,2.3098018181797496e-05,8.404556182440875e-05,1154,True,,False,42
,,dwi_wavelet2-LL_glcm_Idn,0.5885716246825452,positive_higher,0.9562591610523196,0.5205882352941177,0.6429404900816803,t_test,2.3283014077665632e-05,8.464534728321903e-05,1155,True,,False,42
,,t2_wavelet-HH_glcm_Autocorrelation,0.5782586313405175,negative_higher,20.257639955845463,0.5320886814469078,0.6147058823529412,mann_whitney_u,2.3598358962431696e-05,8.57175685841269e-05,1156,True,,False,42
,,dwi_wavelet-HL_glrlm_RunPercentage,0.5782002882833414,positive_higher,0.5062854325856545,0.5529411764705883,0.574095682613769,mann_whitney_u,2.3931062509080833e-05,8.685093472396751e-05,1157,True,,False,42
,,t2_wavelet2-HH_glrlm_LowGrayLevelRunEmphasis,0.5781831285606425,positive_higher,0.0874125393577639,0.6529411764705882,0.48074679113185526,mann_whitney_u,2.4029762748560967e-05,8.713382882660406e-05,1158,True,,False,42
,,dwi_log-sigma-3-mm-3D_glcm_Idm,0.5781247855034664,negative_higher,0.8387696784511665,0.5927654609101517,0.5352941176470588,mann_whitney_u,2.4368248617299353e-05,8.828496630201896e-05,1159,True,,False,42
,,dwi_wavelet2-HL_glrlm_LongRunHighGrayLevelEmphasis,0.5780630105017504,positive_higher,293.858194778296,0.37058823529411766,0.7701283547257877,mann_whitney_u,2.4731587441950933e-05,8.952408247306205e-05,1160,True,,False,42
,,dwi_wavelet2-LH_glszm_SmallAreaLowGrayLevelEmphasis,0.5780458507790515,negative_higher,0.0160433923953451,0.5262543757292882,0.6205882352941177,mann_whitney_u,2.483342592714947e-05,8.981529325417797e-05,1161,True,,False,42
,,t2_logarithm_gldm_GrayLevelNonUniformity,0.5779325966092388,negative_higher,4080.583160800552,0.5064177362893816,0.6323529411764706,mann_whitney_u,2.551563203708307e-05,9.220321766240259e-05,1162,True,,False,42
,,t2_log-sigma-0-6-mm-3D_glszm_LowGrayLevelZoneEmphasis,0.5778811174411421,positive_higher,0.0120845945915321,0.4823529411764706,0.662777129521587,mann_whitney_u,2.5831584595696264e-05,9.326468075436681e-05,1163,True,,False,42
,,adc_square_gldm_SmallDependenceLowGrayLevelEmphasis,0.5778502299402841,positive_higher,0.007479696994704,0.5411764705882353,0.5962660443407235,mann_whitney_u,2.602293852509899e-05,9.38748443873631e-05,1164,True,,False,42
,,t2_wavelet2-HH_glszm_ZoneVariance,0.5777575674377102,negative_higher,455583.18255527545,0.4679113185530922,0.6617647058823529,mann_whitney_u,2.6605122114514298e-05,9.589262468570431e-05,1165,True,,False,42
,,dwi_log-sigma-3-mm-3D_glrlm_RunVariance,0.5777438396595511,negative_higher,5.913866058421574,0.5017502917152858,0.6470588235294117,mann_whitney_u,2.6692417853940046e-05,9.612475348944619e-05,1166,True,,False,42
,,dwi_wavelet-HH_glrlm_RunLengthNonUniformityNormalized,0.5776923604914544,positive_higher,0.4034598886569751,0.3352941176470588,0.7864644107351225,mann_whitney_u,2.7022208949003695e-05,9.72253005402109e-05,1167,True,,False,42
,,dwi_wavelet2-LH_firstorder_Uniformity,0.5776889285469147,negative_higher,0.3035254912242703,0.5962660443407235,0.55,mann_whitney_u,2.70443322293323e-05,9.72253005402109e-05,1168,True,,False,42
,,t2_wavelet2-HH_firstorder_Range,0.5776786327132954,negative_higher,50.5659457014313,0.7444574095682613,0.38235294117647056,mann_whitney_u,2.7110805455024305e-05,9.738090000483066e-05,1169,True,,False,42
,,t2_wavelet-HH_glszm_SmallAreaEmphasis,0.5776511771569771,negative_higher,0.6338285788023301,0.5787631271878646,0.5411764705882354,mann_whitney_u,2.7288827774499604e-05,9.793657079070414e-05,1170,True,,False,42
,,t2_wavelet2-HH_gldm_LargeDependenceHighGrayLevelEmphasis,0.57760656187796,negative_higher,393.912301631,0.4830805134189031,0.6529411764705882,mann_whitney_u,2.7580486857254693e-05,9.88987739655102e-05,1171,True,,False,42
,,adc_logarithm_glcm_Correlation,0.577561946598943,positive_higher,0.7438619024569755,0.27941176470588236,0.8576429404900817,mann_whitney_u,2.7875108233873236e-05,9.986994835668407e-05,1172,True,,False,42
,,t2_wavelet-HH_glszm_SizeZoneNonUniformityNormalized,0.5775550827098634,negative_higher,0.3628671578624872,0.6137689614935823,0.5058823529411764,mann_whitney_u,2.7920699328669017e-05,9.994801064030792e-05,1173,True,,False,42
,,dwi_wavelet2-LL_glcm_DifferenceAverage,0.5775379229871646,positive_higher,2.135248158833537,0.5735294117647058,0.5600933488914819,mann_whitney_u,2.8034987427898496e-05,0.00010027164583453645,1174,True,,False,42
,,dwi_wavelet-HH_gldm_LargeDependenceEmphasis,0.5774967396526872,negative_higher,22.588930936613057,0.44340723453908987,0.7,mann_whitney_u,2.8311096250062208e-05,0.00010117301545022232,1175,True,,False,42
,,dwi_wavelet2-HH_glcm_Imc1,0.5772839590912211,negative_higher,-0.0203182130453699,0.7467911318553092,0.4323529411764706,mann_whitney_u,2.9779329754479874e-05,0.00010632942656382737,1176,True,,False,42
,,adc_log-sigma-2-mm-3D_gldm_LargeDependenceHighGrayLevelEmphasis,0.5772736632576018,negative_higher,1534.2746627318718,0.6219369894982497,0.5088235294117647,mann_whitney_u,2.9852177951145872e-05,0.00010640856979360061,1177,True,,False,42
,,dwi_log-sigma-2-mm-3D_glcm_Idm,0.5772736632576018,negative_higher,0.8019772261237345,0.6009334889148191,0.5411764705882354,mann_whitney_u,2.9852177951145872e-05,0.00010640856979360061,1178,True,,False,42
,,adc_square_ngtdm_Contrast,0.5772496396458233,positive_higher,0.0355791879387787,0.7323529411764705,0.38389731621936984,mann_whitney_u,3.0022816309738048e-05,0.00010692604383765062,1179,True,,False,42
,,t2_wavelet-LH_gldm_SmallDependenceLowGrayLevelEmphasis,0.5772427757567438,positive_higher,0.0015918716092269,0.4823529411764706,0.661610268378063,mann_whitney_u,3.0071740138873235e-05,0.00010700952274841417,1180,True,,False,42
,,t2_log-sigma-2-mm-3D_ngtdm_Busyness,0.5771329535314709,negative_higher,8.516982722612866,0.6149358226371062,0.5264705882352941,mann_whitney_u,3.086490077247325e-05,0.00010973896557461065,1181,True,,False,42
,,dwi_wavelet-LH_glszm_GrayLevelNonUniformityNormalized,0.5770900542247237,negative_higher,0.1982914816098795,0.6557759626604434,0.4882352941176471,mann_whitney_u,3.1180095002154245e-05,0.00011076583664470869,1182,True,,False,42
,,dwi_log-sigma-0-6-mm-3D_glszm_HighGrayLevelZoneEmphasis,0.5770728945020248,positive_higher,3.2954545454545454,0.7852941176470588,0.3395565927654609,mann_whitney_u,3.130695356232474e-05,0.00011107400749280413,1183,True,,False,42
,,dwi_wavelet2-LH_glcm_DifferenceAverage,0.577071178529755,positive_higher,0.7512440615314622,0.5470588235294118,0.603267211201867,mann_whitney_u,3.131974871909505e-05,0.00011107400749280413,1184,True,,False,42
,,t2_log-sigma-2-mm-3D_gldm_LowGrayLevelEmphasis,0.5770608826961356,positive_higher,0.0077005005747695,0.6294117647058823,0.4970828471411902,mann_whitney_u,3.139617323169546e-05,0.00011125108135011752,1185,True,,False,42
,,t2_wavelet2-HH_glrlm_LongRunHighGrayLevelEmphasis,0.5770299951952776,negative_higher,97.09245618440184,0.4830805134189031,0.6470588235294117,mann_whitney_u,3.162651137597104e-05,0.00011197278353094637,1186,True,,False,42
,,t2_logarithm_gldm_LowGrayLevelEmphasis,0.576978516027181,positive_higher,0.0186852546349818,0.47941176470588237,0.6732788798133023,mann_whitney_u,3.201398028574159e-05,0.00011324911812959474,1187,True,,False,42
,,t2_wavelet2-HH_glrlm_ShortRunLowGrayLevelEmphasis,0.5769613563044822,positive_higher,0.04194482387898,0.65,0.49124854142357055,mann_whitney_u,3.214413580567404e-05,0.0001136138268081021,1188,True,,False,42
,,t2_wavelet2-HL_glrlm_LongRunHighGrayLevelEmphasis,0.5769270368590843,negative_higher,681.7682374480837,0.588098016336056,0.5529411764705883,mann_whitney_u,3.240595659468895e-05,0.00011444290306232037,1189,True,,False,42
,,t2_wavelet2-HH_ngtdm_Complexity,0.5768892854691469,negative_higher,7.128125045309738,0.6662777129521587,0.45882352941176474,mann_whitney_u,3.26962991577679e-05,0.00011537122702812387,1190,True,,False,42
,,dwi_wavelet-LH_firstorder_Uniformity,0.5768824215800673,negative_higher,0.3752257770562073,0.6219369894982497,0.5205882352941176,mann_whitney_u,3.274935352572642e-05,0.00011546140676282557,1191,True,,False,42
,,adc_wavelet-LH_firstorder_Maximum,0.5767828951884137,negative_higher,1078.8286808852365,0.47607934655775963,0.6529411764705882,mann_whitney_u,3.352789176621305e-05,0.0001181036468343785,1192,True,,False,42
,,adc_exponential_glrlm_RunEntropy,0.5767794632438741,negative_higher,4.523850751670284,0.4492415402567094,0.7147058823529412,mann_whitney_u,3.3555048981522634e-05,0.0001181036468343785,1193,True,,False,42
,,t2_square_glszm_LargeAreaLowGrayLevelEmphasis,0.5767725993547945,negative_higher,108172.00585261812,0.5915985997666278,0.5705882352941176,mann_whitney_u,3.3609426107902336e-05,0.00011819596333926458,1194,True,,False,42
,,t2_wavelet2-HH_glszm_SmallAreaHighGrayLevelEmphasis,0.5767451437984762,negative_higher,7.8247424482748515,0.42123687281213534,0.7029411764705882,mann_whitney_u,3.382777278073583e-05,0.00011886428276678642,1195,True,,False,42
,,adc_squareroot_glcm_SumEntropy,0.576703960463999,positive_higher,4.75832908150652,0.5264705882352941,0.6021003500583431,mann_whitney_u,3.415782068678904e-05,0.00011992365306340065,1196,True,,False,42
,,adc_wavelet-HH_ngtdm_Contrast,0.5766936646303795,positive_higher,0.0091876645756509,0.55,0.5717619603267211,mann_whitney_u,3.42408092807301e-05,0.00012011142998384901,1197,True,,False,42
,,adc_original_glszm_LargeAreaHighGrayLevelEmphasis,0.5766902326858397,negative_higher,4458.020373250389,0.411901983663944,0.7147058823529412,mann_whitney_u,3.426851467507767e-05,0.00012011142998384901,1198,True,,False,42
,,t2_wavelet2-LL_glcm_Imc2,0.5766696410186012,positive_higher,0.990014321929655,0.4852941176470588,0.6476079346557759,mann_whitney_u,3.4435194681329303e-05,0.00012059498120675708,1199,True,,False,42
,,t2_wavelet-HL_glcm_Idmn,0.5766215937950443,negative_higher,0.9968628773269466,0.3313885647607935,0.7852941176470588,mann_whitney_u,3.482711412116241e-05,0.00012186587682896745,1200,True,,False,42
,,dwi_wavelet-HL_glszm_GrayLevelNonUniformity,0.5765546708765187,negative_higher,100.6768060836502,0.46674445740956827,0.6735294117647059,mann_whitney_u,3.538006553487279e-05,0.00012369766459694492,1201,True,,False,42
,,adc_logarithm_glszm_ZonePercentage,0.5765426590706294,positive_higher,0.1070098205215035,0.8058823529411765,0.3465577596266044,mann_whitney_u,3.548019291345367e-05,0.00012394453414608315,1202,True,,False,42
,,t2_logarithm_glszm_LowGrayLevelZoneEmphasis,0.5765220674033907,positive_higher,0.0096300227151277,0.39705882352941174,0.7421236872812136,mann_whitney_u,3.565246424430463e-05,0.00012444280744957202,1203,True,,False,42
,,t2_logarithm_glrlm_GrayLevelNonUniformityNormalized,0.5764877479579931,positive_higher,0.0388260399777724,0.5088235294117647,0.6219369894982497,mann_whitney_u,3.594134945346187e-05,0.000125344017632793,1204,True,,False,42
,,t2_wavelet-HH_ngtdm_Complexity,0.5764843160134532,negative_higher,8.24369099960499,0.7164527421236873,0.40588235294117647,mann_whitney_u,3.597035990652907e-05,0.000125344017632793,1205,True,,False,42
,,dwi_wavelet2-HH_glcm_SumSquares,0.5764637243462145,positive_higher,0.3111246878389651,0.2411764705882353,0.8786464410735122,mann_whitney_u,3.614489009036256e-05,0.00012584495717261795,1206,True,,False,42
,,adc_wavelet2-LL_glcm_Idn,0.5764602924016748,negative_higher,0.954905701637679,0.44224037339556593,0.6882352941176471,mann_whitney_u,3.617405651520597e-05,0.00012584495717261795,1207,True,,False,42
,,t2_squareroot_glszm_HighGrayLevelZoneEmphasis,0.5764088132335783,negative_higher,505.82734632683656,0.49941656942823803,0.6264705882352941,mann_whitney_u,3.661424345488861e-05,0.00012727086777075932,1208,True,,False,42
,,t2_wavelet-LH_firstorder_Minimum,0.5763607660100212,positive_higher,-103.05751906327043,0.711764705882353,0.4247374562427071,mann_whitney_u,3.702966908307929e-05,0.0001286084205788668,1209,True,,False,42
,,t2_log-sigma-2-mm-3D_glrlm_ShortRunHighGrayLevelEmphasis,0.5763230146200837,negative_higher,50.21253333311354,0.6721120186697783,0.46176470588235297,mann_whitney_u,3.735921014364461e-05,0.00012964572181253198,1210,True,,False,42
,,dwi_wavelet2-LL_firstorder_MeanAbsoluteDeviation,0.5762921271192258,positive_higher,200.686078510242,0.49117647058823527,0.6651108518086348,mann_whitney_u,3.7630903588478573e-05,0.0001304807301139732,1211,True,,False,42
,,adc_original_firstorder_InterquartileRange,0.5762166243393506,positive_higher,313.3785091978507,0.6558823529411765,0.46907817969661614,mann_whitney_u,3.830296149350104e-05,0.00013270143177492646,1212,True,,False,42
,,dwi_log-sigma-2-mm-3D_firstorder_Uniformity,0.5761857368384926,negative_higher,0.4066629749459927,0.5274212368728122,0.611764705882353,mann_whitney_u,3.858116480192416e-05,0.00013355239234312313,1213,True,,False,42
,,t2_log-sigma-2-mm-3D_gldm_LargeDependenceLowGrayLevelEmphasis,0.576182304893953,positive_higher,0.2458666831266599,0.8029411764705883,0.31621936989498245,mann_whitney_u,3.8612194404513337e-05,0.00013355239234312313,1214,True,,False,42
,,dwi_wavelet2-HH_glcm_Correlation,0.5760827785022995,positive_higher,0.1476120978655146,0.22941176470588234,0.926487747957993,mann_whitney_u,3.9522426126736604e-05,0.00013647587771888731,1215,True,,False,42
,,t2_wavelet-LH_ngtdm_Complexity,0.5760827785022993,negative_higher,61.98734814294605,0.5635939323220537,0.5735294117647058,mann_whitney_u,3.9522426126736604e-05,0.00013647587771888731,1216,True,,False,42
,,adc_wavelet-HL_firstorder_Energy,0.57607248266868,negative_higher,62638280.57545941,0.6044340723453909,0.5352941176470588,mann_whitney_u,3.9617741733786984e-05,0.00013669260274459452,1217,True,,False,42
,,dwi_wavelet-LH_glrlm_GrayLevelNonUniformityNormalized,0.5760621868350607,negative_higher,0.3309167200702037,0.617269544924154,0.5176470588235293,mann_whitney_u,3.9713275475137944e-05,0.00013690972390813155,1218,True,,False,42
,,dwi_log-sigma-3-mm-3D_glcm_Id,0.5759729562770266,negative_higher,0.8485419655669311,0.5414235705950992,0.5823529411764705,mann_whitney_u,4.0550442178361644e-05,0.00013968113757747378,1219,True,,False,42
,,adc_wavelet2-LH_glrlm_LongRunHighGrayLevelEmphasis,0.5759592284988675,negative_higher,590.0770937627605,0.5775962660443408,0.5558823529411765,mann_whitney_u,4.068071405027642e-05,0.00014001501499763172,1220,True,,False,42
,,t2_square_glcm_Idn,0.5759008854416913,negative_higher,0.9902088380994908,0.4597432905484247,0.6941176470588235,mann_whitney_u,4.123881309203563e-05,0.00014181963650569828,1221,True,,False,42
,,t2_square_glszm_ZoneVariance,0.5758699979408333,negative_higher,108247.92623687994,0.5915985997666278,0.5647058823529412,mann_whitney_u,4.153721080820879e-05,0.00014272892650054724,1222,True,,False,42
,,t2_logarithm_glcm_Contrast,0.5758356784954355,negative_higher,50.969987404076605,0.4912485414235706,0.6529411764705882,mann_whitney_u,4.187116625664534e-05,0.00014375881202915273,1223,True,,False,42
,,adc_wavelet2-HL_ngtdm_Contrast,0.5757944951609582,positive_higher,0.0206168497642019,0.7147058823529412,0.4282380396732789,mann_whitney_u,4.2275275650311514e-05,0.00014502768174481868,1224,True,,False,42
,,dwi_log-sigma-2-mm-3D_glcm_Id,0.5756400576566683,negative_higher,0.8130523952497077,0.5635939323220537,0.5764705882352941,mann_whitney_u,4.382388522099885e-05,0.00015021495207446535,1225,True,,False,42
,,adc_squareroot_glcm_Correlation,0.5756366257121285,positive_higher,0.7902797009297649,0.3029411764705882,0.8343057176196033,mann_whitney_u,4.3858902415645274e-05,0.00015021495207446535,1226,True,,False,42
,,t2_original_glrlm_ShortRunLowGrayLevelEmphasis,0.5755885784885716,positive_higher,0.0080168143453406,0.5441176470588235,0.5915985997666278,mann_whitney_u,4.435193840780026e-05,0.00015177977944120074,1227,True,,False,42
,,t2_logarithm_glrlm_LowGrayLevelRunEmphasis,0.5755439632095545,positive_higher,0.015564934575837,0.4411764705882353,0.7117852975495915,mann_whitney_u,4.481446080027244e-05,0.00015323772060288598,1228,True,,False,42
,,t2_logarithm_glcm_Idn,0.575506211819617,positive_higher,0.94792573370044,0.6794117647058824,0.4574095682613769,mann_whitney_u,4.520939541413166e-05,0.0001544623688722041,1229,True,,False,42
,,adc_log-sigma-2-mm-3D_ngtdm_Contrast,0.5754924840414578,positive_higher,0.0181440943032837,0.7529411764705882,0.3932322053675612,mann_whitney_u,4.535382465334464e-05,0.00015482984530032045,1230,True,,False,42
,,t2_wavelet2-HH_firstorder_Minimum,0.5754856201523784,positive_higher,-29.44357004282244,0.5823529411764706,0.5495915985997666,mann_whitney_u,4.5426203262326894e-05,0.00015495095653818896,1231,True,,False,42
,,dwi_wavelet2-HH_firstorder_Uniformity,0.5754272770952021,negative_higher,0.4697359404174959,0.8903150525087514,0.23235294117647054,mann_whitney_u,4.604585397492163e-05,0.00015693264031992112,1232,True,,False,42
,,t2_logarithm_glrlm_ShortRunHighGrayLevelEmphasis,0.5754238451506624,negative_higher,746.1200421627731,0.6009334889148191,0.5235294117647059,mann_whitney_u,4.608255849251399e-05,0.00015693264031992112,1233,True,,False,42
,,adc_wavelet-LH_glrlm_LongRunHighGrayLevelEmphasis,0.5754204132061226,negative_higher,431.43569873421313,0.5192532088681447,0.6264705882352941,mann_whitney_u,4.611928510473509e-05,0.00015693264031992112,1234,True,,False,42
,,adc_wavelet2-LL_firstorder_InterquartileRange,0.5753620701489464,positive_higher,1312.6531260923684,0.5088235294117647,0.6091015169194867,mann_whitney_u,4.6747900221510066e-05,0.0001589428607531342,1235,True,,False,42
,,t2_wavelet-LH_glszm_SmallAreaHighGrayLevelEmphasis,0.5753311826480884,negative_higher,40.92584527253575,0.4679113185530922,0.6617647058823529,mann_whitney_u,4.708397707158912e-05,0.00015995600301262357,1236,True,,False,42
,,adc_original_firstorder_RobustMeanAbsoluteDeviation,0.5753037270917702,positive_higher,123.70660592950698,0.7558823529411764,0.36989498249708286,mann_whitney_u,4.738463410930819e-05,0.00016084727455536386,1237,True,,False,42
,,adc_logarithm_glrlm_RunLengthNonUniformityNormalized,0.575276271535452,positive_higher,0.3863883905553281,0.6823529411764706,0.4504084014002334,mann_whitney_u,4.7687110861533637e-05,0.00016174327827752808,1238,True,,False,42
,,t2_wavelet-HH_ngtdm_Contrast,0.5752694076463724,positive_higher,0.0061130377910995,0.5058823529411764,0.6359393232205368,mann_whitney_u,4.7763015591001204e-05,0.0001618699777777353,1239,True,,False,42
,,t2_square_glszm_LargeAreaEmphasis,0.5752282243118951,negative_higher,110302.45865795428,0.5892648774795799,0.5647058823529412,mann_whitney_u,4.822085501022234e-05,0.00016328981466768035,1240,True,,False,42
,,t2_log-sigma-2-mm-3D_glszm_HighGrayLevelZoneEmphasis,0.5750875145857643,negative_higher,173.78471863706764,0.32438739789964993,0.7970588235294118,mann_whitney_u,4.9816733612528864e-05,0.00016855798907252915,1241,True,,False,42
,,t2_logarithm_firstorder_Minimum,0.5750051479168097,positive_higher,-271.6638948088883,0.4441176470588235,0.6837806301050176,mann_whitney_u,5.077400343389822e-05,0.00017165864768030486,1242,True,,False,42
,,t2_log-sigma-2-mm-3D_glrlm_HighGrayLevelRunEmphasis,0.5749776923604915,negative_higher,128.2883705885319,0.6394399066511085,0.4794117647058823,mann_whitney_u,5.109694922132778e-05,0.0001726114962030212,1243,True,,False,42
,,dwi_wavelet-LH_glcm_DifferenceVariance,0.5749708284714119,positive_higher,0.5889704819854027,0.5029411764705882,0.6371061843640606,mann_whitney_u,5.117798932163192e-05,0.00017274628389190712,1244,True,,False,42
,,t2_original_glcm_Imc1,0.5748987576360766,negative_higher,-0.4136697780923209,0.6697782963827305,0.44999999999999996,mann_whitney_u,5.203629727062652e-05,0.00017550233914808092,1245,True,,False,42
,,t2_exponential_glrlm_LongRunHighGrayLevelEmphasis,0.5748884618024572,negative_higher,2249.243529075118,0.5099183197199533,0.6235294117647059,mann_whitney_u,5.21600205909144e-05,0.0001757784321518857,1246,True,,False,42
,,dwi_wavelet-HL_glcm_ClusterProminence,0.5747752076326447,positive_higher,45.33227871626988,0.2676470588235294,0.8658109684947491,mann_whitney_u,5.353950386503881e-05,0.0001802805699942878,1247,True,,False,42
,,dwi_wavelet2-HL_glszm_GrayLevelVariance,0.5747717756881049,positive_higher,4.973413186373236,0.23529411764705882,0.9089848308051341,mann_whitney_u,5.358184123669235e-05,0.0001802805699942878,1248,True,,False,42
,,adc_original_glcm_Idn,0.5747408881872469,negative_higher,0.9486466217657992,0.4749124854142357,0.6617647058823529,mann_whitney_u,5.39643076797318e-05,0.00018142019098644306,1249,True,,False,42
,,t2_wavelet-LH_glszm_HighGrayLevelZoneEmphasis,0.5747374562427071,negative_higher,92.30925221799748,0.4690781796966161,0.6735294117647059,mann_whitney_u,5.400696326102734e-05,0.00018142019098644306,1250,True,,False,42
,,dwi_log-sigma-2-mm-3D_firstorder_Mean,0.5747168645754684,negative_higher,-10.996646181017915,0.7817969661610268,0.37058823529411766,mann_whitney_u,5.426356836213954e-05,0.00018213646966636603,1251,True,,False,42
,,t2_exponential_glrlm_LongRunEmphasis,0.5746688173519117,negative_higher,2229.0644654757534,0.5110851808634772,0.6235294117647059,mann_whitney_u,5.486681310772304e-05,0.0001840141759100072,1252,True,,False,42
,,dwi_wavelet2-HH_firstorder_Entropy,0.5746585215182922,positive_higher,1.204169012431434,0.23529411764705882,0.8856476079346558,mann_whitney_u,5.499689720835813e-05,0.00018415629914113996,1253,True,,False,42
,,dwi_log-sigma-0-6-mm-3D_glrlm_RunVariance,0.5746585215182922,negative_higher,2.115496176457008,0.5822637106184364,0.5764705882352941,mann_whitney_u,5.499690381590605e-05,0.00018415629914113996,1254,True,,False,42
,,adc_square_glszm_LargeAreaHighGrayLevelEmphasis,0.5746276340174343,negative_higher,1001.2916908773968,0.7024504084014003,0.42647058823529416,mann_whitney_u,5.53889314772227e-05,0.00018532121376323355,1255,True,,False,42
,,t2_exponential_glrlm_LongRunLowGrayLevelEmphasis,0.5746070423501957,negative_higher,2228.918665473901,0.5110851808634772,0.6235294117647059,mann_whitney_u,5.565175237169518e-05,0.00018604873640200087,1256,True,,False,42
,,dwi_log-sigma-3-mm-3D_firstorder_Mean,0.5746036104056559,negative_higher,-18.55980585591433,0.7362893815635939,0.41470588235294115,mann_whitney_u,5.5695670547107424e-05,0.00018604873640200087,1257,True,,False,42
,,adc_squareroot_firstorder_Kurtosis,0.5745967465165763,negative_higher,6.045758507116055,0.5052508751458576,0.6441176470588235,mann_whitney_u,5.578360541322198e-05,0.00018604873640200087,1258,True,,False,42
,,dwi_wavelet-LH_glszm_GrayLevelVariance,0.5745967465165763,positive_higher,2.015509059100324,0.5088235294117647,0.6196032672112018,mann_whitney_u,5.578360541322198e-05,0.00018604873640200087,1259,True,,False,42
,,dwi_squareroot_firstorder_Maximum,0.5745486992930194,positive_higher,491.90086771373416,0.5794117647058824,0.5460910151691949,mann_whitney_u,5.6402842032476554e-05,0.00018781564924216418,1260,True,,False,42
,,dwi_wavelet2-HH_gldm_SmallDependenceHighGrayLevelEmphasis,0.5745486992930194,positive_higher,0.3727563306862097,0.5176470588235295,0.6067677946324388,mann_whitney_u,5.6402842032476554e-05,0.00018781564924216418,1261,True,,False,42
,,dwi_square_glcm_Imc1,0.5744955041526529,negative_higher,-0.289568960677632,0.6674445740956826,0.4794117647058823,mann_whitney_u,5.709436388777858e-05,0.0001899676972779574,1262,True,,False,42
,,adc_squareroot_glcm_Idn,0.5744869242913035,negative_higher,0.9545700495766436,0.5495915985997666,0.5882352941176471,mann_whitney_u,5.720857432927223e-05,0.0001901969941477546,1263,True,,False,42
,,t2_wavelet2-LH_firstorder_Maximum,0.5744766284576841,negative_higher,149.13612034571514,0.2998833138856476,0.8352941176470589,mann_whitney_u,5.734391844979735e-05,0.0001904961341540341,1264,True,,False,42
,,adc_original_firstorder_Uniformity,0.5744217173450477,negative_higher,0.0765256180773217,0.4002333722287048,0.7352941176470589,mann_whitney_u,5.807089065574686e-05,0.0001927586323031471,1265,True,,False,42
,,adc_wavelet-HH_gldm_SmallDependenceLowGrayLevelEmphasis,0.5743530784542522,positive_higher,0.0028653112111361,0.7029411764705882,0.43057176196032676,mann_whitney_u,5.899188349072911e-05,0.00019566107328402175,1266,True,,False,42
,,dwi_wavelet-HL_glszm_LargeAreaHighGrayLevelEmphasis,0.5743427826206329,negative_higher,18266.34193548387,0.5204200700116686,0.6235294117647059,mann_whitney_u,5.913121975070218e-05,0.00019596842283598932,1267,True,,False,42
,,t2_wavelet2-HH_firstorder_Maximum,0.5742741437298373,negative_higher,27.27105448860676,0.6592765460910152,0.4794117647058823,mann_whitney_u,6.006812336746624e-05,0.00019891644323343118,1268,True,,False,42
,,t2_wavelet-LH_glrlm_LongRunHighGrayLevelEmphasis,0.5742604159516782,negative_higher,479.7857569674344,0.6359393232205367,0.5117647058823529,mann_whitney_u,6.02571831750598e-05,0.00019938527356349575,1269,True,,False,42
,,dwi_wavelet-LH_gldm_SmallDependenceHighGrayLevelEmphasis,0.5741986409499622,positive_higher,2.0273066954670904,0.6852941176470588,0.4469078179696616,mann_whitney_u,6.111494650939434e-05,0.00020206429952200538,1270,True,,False,42
,,dwi_wavelet-HL_glrlm_LongRunLowGrayLevelEmphasis,0.5741505937264054,negative_higher,0.1368855437102013,0.7327887981330222,0.4088235294117647,mann_whitney_u,6.179007491564452e-05,0.0002039749766637821,1271,True,,False,42
,,t2_wavelet-HH_glrlm_HighGrayLevelRunEmphasis,0.5741505937264053,negative_higher,12.513498326215164,0.7537922987164527,0.361764705882353,mann_whitney_u,6.179007491564452e-05,0.0002039749766637821,1272,True,,False,42
,,t2_log-sigma-3-mm-3D_glszm_GrayLevelVariance,0.5741471617818656,negative_higher,8.950899653979238,0.6721120186697783,0.4676470588235294,mann_whitney_u,6.183856758585249e-05,0.0002039749766637821,1273,True,,False,42
,,t2_logarithm_gldm_DependenceEntropy,0.5740064520557348,negative_higher,7.279769307080528,0.5810968494749125,0.55,mann_whitney_u,6.385807755943809e-05,0.0002104710107316174,1274,True,,False,42
,,dwi_wavelet2-LH_glrlm_ShortRunEmphasis,0.5739927242775756,positive_higher,0.6646830384574361,0.5617647058823529,0.5822637106184364,mann_whitney_u,6.405841089897358e-05,0.000210965699893953,1275,True,,False,42
,,adc_squareroot_glcm_JointEnergy,0.5739858603884962,negative_higher,0.0170683392462761,0.3920653442240373,0.7411764705882353,mann_whitney_u,6.415880051002009e-05,0.00021113072362192347,1276,True,,False,42
,,t2_log-sigma-2-mm-3D_firstorder_Minimum,0.5739789964994164,positive_higher,-127.2705078125,0.4823529411764706,0.6371061843640606,mann_whitney_u,6.42593390241638e-05,0.0002112959785140672,1277,True,,False,42
,,dwi_original_gldm_SmallDependenceHighGrayLevelEmphasis,0.5739309492758597,positive_higher,5.705040102350581,0.5323529411764706,0.5997666277712952,mann_whitney_u,6.496729533275409e-05,0.00021345670821771082,1278,True,,False,42
,,dwi_wavelet2-HH_gldm_GrayLevelVariance,0.5739137895531609,positive_higher,0.3174688360619425,0.2323529411764706,0.8798133022170361,mann_whitney_u,6.522191344960189e-05,0.00021412573461679308,1279,True,,False,42
,,adc_wavelet2-HH_glrlm_ShortRunLowGrayLevelEmphasis,0.5739069256640813,positive_higher,0.0177664783445079,0.6735294117647059,0.47607934655775963,mann_whitney_u,6.532403568375635e-05,0.00021429345768444758,1280,True,,False,42
,,dwi_wavelet2-HH_glrlm_LongRunLowGrayLevelEmphasis,0.5738623103850642,negative_higher,1.0978406439887252,0.6476079346557759,0.5,mann_whitney_u,6.599147757115286e-05,0.00021631398463799442,1281,True,,False,42
,,t2_wavelet2-HH_glszm_LargeAreaEmphasis,0.5738176951060471,negative_higher,478957.5190311419,0.4679113185530922,0.6558823529411765,mann_whitney_u,6.66653698192683e-05,0.00021835248663892946,1282,True,,False,42
,,dwi_wavelet-LH_glrlm_LongRunLowGrayLevelEmphasis,0.573803967327888,negative_higher,0.2497567065672613,0.5379229871645275,0.6088235294117648,mann_whitney_u,6.687402800840595e-05,0.00021886519377030132,1283,True,,False,42
,,t2_wavelet-HH_gldm_LargeDependenceLowGrayLevelEmphasis,0.5737456242707119,positive_higher,2.3343332674810355,0.40588235294117647,0.7152858809801634,mann_whitney_u,6.776773972431329e-05,0.00022161739805482203,1284,True,,False,42
,,adc_logarithm_glrlm_ShortRunEmphasis,0.573728464548013,positive_higher,0.6228824186741838,0.7647058823529411,0.3640606767794633,mann_whitney_u,6.80327394268825e-05,0.00022231087381593747,1285,True,,False,42
,,dwi_wavelet-LH_gldm_LargeDependenceLowGrayLevelEmphasis,0.573666689546297,negative_higher,0.9915414214140308,0.5262543757292882,0.6294117647058823,mann_whitney_u,6.899487979690622e-05,0.00022527954919689675,1286,True,,False,42
,,adc_wavelet2-LL_firstorder_RobustMeanAbsoluteDeviation,0.5736632576017572,positive_higher,438.5841113350944,0.8,0.3185530921820303,mann_whitney_u,6.904870775338454e-05,0.00022528012731659806,1287,True,,False,42
,,dwi_wavelet-HH_ngtdm_Busyness,0.5736358020454388,negative_higher,100.9750790529191,0.4970828471411902,0.6352941176470588,mann_whitney_u,6.948076404388101e-05,0.00022651376414616176,1288,True,,False,42
,,adc_wavelet2-HL_gldm_SmallDependenceLowGrayLevelEmphasis,0.5736220742672798,positive_higher,0.0022524057251544,0.4852941176470588,0.6359393232205368,mann_whitney_u,6.969775014655721e-05,0.0002270448819747042,1289,True,,False,42
,,adc_squareroot_glszm_LargeAreaHighGrayLevelEmphasis,0.5736152103782002,negative_higher,21892.50739476678,0.3792298716452742,0.7558823529411764,mann_whitney_u,6.980648346044139e-05,0.0002272228093413902,1290,True,,False,42
,,t2_wavelet-HH_gldm_HighGrayLevelEmphasis,0.5735946187109616,negative_higher,20.53406880428132,0.3687281213535589,0.7558823529411764,mann_whitney_u,7.013364711168115e-05,0.00022811090954449973,1291,True,,False,42
,,adc_squareroot_firstorder_Entropy,0.5735397075983252,positive_higher,3.85704690885316,0.5558823529411765,0.572928821470245,mann_whitney_u,7.101318989779705e-05,0.0002307928671678404,1292,True,,False,42
,,dwi_log-sigma-0-6-mm-3D_glrlm_ShortRunLowGrayLevelEmphasis,0.5735362756537854,negative_higher,0.0943554425490427,0.6021003500583431,0.5264705882352941,mann_whitney_u,7.106850634849204e-05,0.00023079401249599235,1293,True,,False,42
,,dwi_wavelet-HL_glrlm_RunLengthNonUniformityNormalized,0.5734847964856887,positive_higher,0.3498146432192456,0.5058823529411764,0.6137689614935823,mann_whitney_u,7.190316004892723e-05,0.00023332408736124067,1294,True,,False,42
,,dwi_original_glszm_LargeAreaEmphasis,0.5734710687075297,negative_higher,167.36666666666667,0.6347724620770129,0.4970588235294118,mann_whitney_u,7.212729539469167e-05,0.0002338706666890427,1295,True,,False,42
,,adc_wavelet2-HL_glcm_Idmn,0.5734573409293706,negative_higher,0.9913396210081172,0.6254375729288215,0.5058823529411764,mann_whitney_u,7.23520914952633e-05,0.0002344185433554094,1296,True,,False,42
,,t2_wavelet-HH_glrlm_LongRunLowGrayLevelEmphasis,0.5734264534285126,positive_higher,0.5294995710837297,0.4235294117647059,0.7001166861143524,mann_whitney_u,7.286030806110672e-05,0.0002358831407467904,1297,True,,False,42
,,dwi_wavelet2-HH_glrlm_GrayLevelNonUniformityNormalized,0.5734230214839728,negative_higher,0.4480704134160335,0.8856476079346558,0.23235294117647054,mann_whitney_u,7.291698452980481e-05,0.00023588475966151802,1298,True,,False,42
,,adc_log-sigma-0-6-mm-3D_gldm_SmallDependenceLowGrayLevelEmphasis,0.5734024298167342,positive_higher,0.0076867110991101,0.4823529411764706,0.6429404900816803,mann_whitney_u,7.325791999353099e-05,0.00023680523945560943,1299,True,,False,42
,,adc_original_glrlm_GrayLevelNonUniformityNormalized,0.5733852700940353,negative_higher,0.0727425699999495,0.4305717619603267,0.7058823529411764,mann_whitney_u,7.354318404292421e-05,0.00023754448445864517,1300,True,,False,42
,,dwi_log-sigma-0-6-mm-3D_firstorder_Mean,0.5733818381494955,negative_higher,-1.2241612653285705,0.7747957992998833,0.3735294117647059,mann_whitney_u,7.360036278040951e-05,0.00023754644374707114,1301,True,,False,42
,,t2_wavelet-HH_glrlm_ShortRunHighGrayLevelEmphasis,0.5733234950923193,negative_higher,6.814234741936231,0.7106184364060677,0.4088235294117647,mann_whitney_u,7.457885762226165e-05,0.00024051967984322324,1302,True,,False,42
,,dwi_original_glcm_Correlation,0.5732651520351432,positive_higher,0.8178661023812559,0.27058823529411763,0.8809801633605601,mann_whitney_u,7.556964604881638e-05,0.00024334121453909507,1303,True,,False,42
,,adc_logarithm_gldm_SmallDependenceLowGrayLevelEmphasis,0.573265152035143,positive_higher,0.0003378981382721,0.8647058823529412,0.29521586931155197,mann_whitney_u,7.556964604881638e-05,0.00024334121453909507,1304,True,,False,42
,,dwi_wavelet-LH_glrlm_LongRunEmphasis,0.5732617200906034,negative_higher,5.102212141452349,0.6406067677946324,0.4911764705882353,mann_whitney_u,7.562831364627731e-05,0.00024334351647564633,1305,True,,False,42
,,dwi_log-sigma-0-6-mm-3D_gldm_HighGrayLevelEmphasis,0.5732342645342852,positive_higher,6.544939577039275,0.5176470588235295,0.6277712952158694,mann_whitney_u,7.609920734209914e-05,0.0002444839874747317,1306,True,,False,42
,,t2_log-sigma-2-mm-3D_glszm_SmallAreaHighGrayLevelEmphasis,0.5732342645342852,negative_higher,24.80341930279346,0.48774795799299886,0.6264705882352941,mann_whitney_u,7.609920734209914e-05,0.0002444839874747317,1307,True,,False,42
,,dwi_log-sigma-0-6-mm-3D_glcm_Autocorrelation,0.5732171048115862,positive_higher,6.25734186314869,0.5882352941176471,0.5542590431738623,mann_whitney_u,7.639492234167062e-05,0.0002452463906060206,1308,True,,False,42
,,t2_log-sigma-2-mm-3D_glrlm_LongRunLowGrayLevelEmphasis,0.5731930811998078,positive_higher,0.1849805825907153,0.45294117647058824,0.6791131855309218,mann_whitney_u,7.681074923205296e-05,0.0002463929228612608,1309,True,,False,42
,,adc_wavelet-LH_glrlm_ShortRunLowGrayLevelEmphasis,0.5731450339762509,positive_higher,0.0050756786201052,0.6352941176470588,0.5274212368728122,mann_whitney_u,7.764883177467783e-05,0.00024889117910066583,1310,True,,False,42
,,t2_square_ngtdm_Contrast,0.5730386436955178,positive_higher,0.0015774014176713,0.6470588235294118,0.5029171528588098,mann_whitney_u,7.953545505090439e-05,0.00025474399371376626,1311,True,,False,42
,,t2_wavelet-HH_firstorder_Range,0.5730317798064383,negative_higher,69.79574564220334,0.6406067677946324,0.4852941176470589,mann_whitney_u,7.965864890713876e-05,0.000254944105763015,1312,True,,False,42
,,dwi_wavelet-LH_firstorder_Minimum,0.5729974603610406,negative_higher,-147.8043273137515,0.5192532088681447,0.6264705882352941,mann_whitney_u,8.027732867595148e-05,0.0002567284867557656,1313,True,,False,42
,,dwi_original_glcm_DifferenceAverage,0.572973436749262,positive_higher,0.7686285065150238,0.5176470588235295,0.6266044340723453,mann_whitney_u,8.071310409202276e-05,0.00025792566520730866,1314,True,,False,42
,,adc_square_ngtdm_Busyness,0.5729700048047224,negative_higher,1.0084561747607266,0.6137689614935823,0.4970588235294118,mann_whitney_u,8.077553995320225e-05,0.00025792889145513024,1315,True,,False,42
,,dwi_wavelet-LH_glrlm_RunPercentage,0.572959708971103,positive_higher,0.5828838547285149,0.48823529411764705,0.6382730455075847,mann_whitney_u,8.096312156838419e-05,0.0002583314190468429,1316,True,,False,42
,,t2_wavelet-HL_glszm_GrayLevelVariance,0.5729356853593246,negative_higher,2.3677723684457974,0.8016336056009334,0.3176470588235294,mann_whitney_u,8.140241453579902e-05,0.00025953586836432806,1317,True,,False,42
,,dwi_log-sigma-0-6-mm-3D_glrlm_HighGrayLevelRunEmphasis,0.5728807742466882,positive_higher,2.512815139330097,0.8058823529411765,0.3208868144690782,mann_whitney_u,8.241498757805911e-05,0.0002625648959334372,1318,True,,False,42
,,t2_wavelet-HH_glszm_SmallAreaLowGrayLevelEmphasis,0.5728601825794495,positive_higher,0.0453678801641105,0.7676470588235295,0.36989498249708286,mann_whitney_u,8.279776249596201e-05,0.00026358438568653867,1319,True,,False,42
,,dwi_wavelet2-HL_glcm_ClusterTendency,0.5728395909122108,positive_higher,2.84774599298398,0.4970588235294118,0.6277712952158694,mann_whitney_u,8.318221718581503e-05,0.00026460767421457375,1320,True,,False,42
,,dwi_wavelet2-HH_glcm_JointEntropy,0.572822431189512,positive_higher,2.360667885246661,0.23823529411764705,0.8833138856476079,mann_whitney_u,8.350388422579826e-05,0.00026522905436015653,1321,True,,False,42
,,dwi_wavelet2-HL_glrlm_LongRunEmphasis,0.5728224311895119,negative_higher,5.402825038835489,0.5927654609101517,0.5470588235294118,mann_whitney_u,8.350388422579826e-05,0.00026522905436015653,1322,True,,False,42
,,adc_exponential_glrlm_RunVariance,0.572805271466813,negative_higher,42.16278255502528,0.2998833138856476,0.8588235294117648,mann_whitney_u,8.38267265640747e-05,0.0002660532311735069,1323,True,,False,42
,,dwi_wavelet-LH_gldm_SmallDependenceEmphasis,0.5727949756331938,positive_higher,0.1262608188075106,0.49117647058823527,0.6336056009334889,mann_whitney_u,8.402099778026957e-05,0.00026646840610222955,1324,True,,False,42
,,dwi_wavelet2-LH_glrlm_LongRunEmphasis,0.5727709520214154,negative_higher,4.454703355938471,0.6266044340723453,0.5117647058823529,mann_whitney_u,8.447595321135596e-05,0.000267305597237742,1325,True,,False,42
,,dwi_log-sigma-0-6-mm-3D_gldm_LargeDependenceHighGrayLevelEmphasis,0.5727709520214153,positive_higher,200.74871543919747,0.5323529411764706,0.6056009334889147,mann_whitney_u,8.447595321135596e-05,0.000267305597237742,1326,True,,False,42
,,dwi_wavelet-LH_glrlm_RunLengthNonUniformity,0.5727709520214153,negative_higher,1490.3409693991716,0.38273045507584597,0.7411764705882353,mann_whitney_u,8.447595321135596e-05,0.000267305597237742,1327,True,,False,42
,,t2_log-sigma-0-6-mm-3D_glrlm_LowGrayLevelRunEmphasis,0.572729768686938,positive_higher,0.0103986146941559,0.4588235294117647,0.6826137689614935,mann_whitney_u,8.52612974453517e-05,0.0002693896967736916,1328,True,,False,42
,,t2_log-sigma-2-mm-3D_glcm_JointAverage,0.5727263367423983,negative_higher,11.31533971123597,0.6499416569428238,0.4676470588235294,mann_whitney_u,8.532705327673489e-05,0.0002693896967736916,1329,True,,False,42
,,t2_log-sigma-2-mm-3D_glcm_SumAverage,0.5727263367423983,negative_higher,22.630679422471943,0.6499416569428238,0.4676470588235294,mann_whitney_u,8.532705327673489e-05,0.0002693896967736916,1330,True,,False,42
,,dwi_wavelet-LH_glrlm_RunVariance,0.5726920172970005,negative_higher,1.7347462159192306,0.6242707117852976,0.5058823529411764,mann_whitney_u,8.598725247348685e-05,0.000271270077487732,1331,True,,False,42
,,dwi_wavelet2-HL_glszm_ZonePercentage,0.5726800054911112,positive_higher,0.1237086092715231,0.5352941176470588,0.6009334889148191,mann_whitney_u,8.62194529302256e-05,0.000271798410551064,1332,True,,False,42
,,dwi_wavelet-LH_glcm_DifferenceEntropy,0.5726611297961425,positive_higher,1.480751496050762,0.4764705882352941,0.6534422403733955,mann_whitney_u,8.658555581271614e-05,0.0002727477485803414,1333,True,,False,42
,,t2_squareroot_glcm_JointAverage,0.5726508339625231,negative_higher,18.65478391986469,0.6207701283547258,0.4970588235294118,mann_whitney_u,8.678586282649576e-05,0.00027296916704753235,1334,True,,False,42
,,t2_squareroot_glcm_SumAverage,0.5726508339625231,negative_higher,37.30956783972937,0.6207701283547258,0.4970588235294118,mann_whitney_u,8.678586282649576e-05,0.00027296916704753235,1335,True,,False,42
,,dwi_wavelet2-LH_glrlm_RunLengthNonUniformityNormalized,0.5726096506280459,positive_higher,0.4380220650607437,0.5352941176470588,0.603267211201867,mann_whitney_u,8.759147753827639e-05,0.0002752968669036097,1336,True,,False,42
,,dwi_wavelet-LH_glrlm_ShortRunHighGrayLevelEmphasis,0.5725959228498868,positive_higher,16.02599229006842,0.6235294117647059,0.528588098016336,mann_whitney_u,8.786158220998808e-05,0.0002759392548240388,1337,True,,False,42
,,dwi_wavelet-LH_glrlm_RunLengthNonUniformityNormalized,0.5725718992381084,positive_higher,0.405136799313478,0.5235294117647059,0.6021003500583431,mann_whitney_u,8.833615984988156e-05,0.0002772223731013847,1338,True,,False,42
,,dwi_wavelet-LH_glcm_JointEnergy,0.5725684672935686,negative_higher,0.1679390539220106,0.6079346557759626,0.5323529411764706,mann_whitney_u,8.840415401888337e-05,0.00027722856066115853,1339,True,,False,42
,,dwi_wavelet2-LL_glrlm_RunEntropy,0.5725444436817901,positive_higher,5.538470737749889,0.4294117647058823,0.721120186697783,mann_whitney_u,8.888149944750625e-05,0.0002785174747612528,1340,True,,False,42
,,dwi_log-sigma-2-mm-3D_glcm_JointEnergy,0.5725238520145515,negative_higher,0.2103089227447475,0.558926487747958,0.5764705882352941,mann_whitney_u,8.929258964749656e-05,0.00027959700516766445,1341,True,,False,42
,,adc_log-sigma-3-mm-3D_ngtdm_Contrast,0.5724861006246139,positive_higher,0.0175296241732874,0.7617647058823529,0.3862310385064177,mann_whitney_u,9.005092409481261e-05,0.0002817614234531432,1342,True,,False,42
,,t2_log-sigma-2-mm-3D_gldm_HighGrayLevelEmphasis,0.5724826686800741,negative_higher,132.74615397164624,0.6546091015169195,0.4647058823529412,mann_whitney_u,9.012016443288435e-05,0.00028176810904965104,1343,True,,False,42
,,t2_square_ngtdm_Busyness,0.5724449172901366,negative_higher,63.778372383187474,0.7724620770128354,0.3647058823529412,mann_whitney_u,9.088513468707609e-05,0.000283541142871524,1344,True,,False,42
,,dwi_wavelet2-HL_glrlm_GrayLevelVariance,0.5724414853455969,positive_higher,2.4914877277084315,0.3058823529411765,0.8191365227537923,mann_whitney_u,9.095498074017556e-05,0.000283541142871524,1345,True,,False,42
,,dwi_wavelet-LH_firstorder_MeanAbsoluteDeviation,0.572438053401057,positive_higher,19.57462799696668,0.5294117647058824,0.6044340723453909,mann_whitney_u,9.1024877492454e-05,0.000283541142871524,1346,True,,False,42
,,dwi_wavelet2-LL_glszm_SmallAreaEmphasis,0.572438053401057,positive_higher,0.6487278511117449,0.6441176470588236,0.4784130688448075,mann_whitney_u,9.1024877492454e-05,0.000283541142871524,1347,True,,False,42
,,t2_wavelet2-HL_firstorder_Maximum,0.572438053401057,negative_higher,124.31679950735034,0.6044340723453909,0.538235294117647,mann_whitney_u,9.1024877492454e-05,0.000283541142871524,1348,True,,False,42
,,t2_log-sigma-0-6-mm-3D_glszm_HighGrayLevelZoneEmphasis,0.5724346214565172,negative_higher,105.44143316490585,0.6312718786464411,0.5029411764705882,mann_whitney_u,9.109482497830865e-05,0.00028354868056628465,1349,True,,False,42
,,dwi_wavelet2-HL_glcm_Correlation,0.5724003020111195,positive_higher,0.4791348140214502,0.4823529411764706,0.6686114352392065,mann_whitney_u,9.179709776610947e-05,0.00028552297297769903,1350,True,,False,42
,,dwi_wavelet2-HH_glcm_SumEntropy,0.5723797103438808,positive_higher,1.7581357076130766,0.2411764705882353,0.8786464410735122,mann_whitney_u,9.222091266917298e-05,0.00028662887660833256,1351,True,,False,42
,,t2_squareroot_glrlm_HighGrayLevelRunEmphasis,0.5723522547875626,negative_higher,503.4360891755201,0.5274212368728122,0.5941176470588235,mann_whitney_u,9.278887452022252e-05,0.00028818083144261416,1352,True,,False,42
,,t2_wavelet2-LL_glcm_MCC,0.5723488228430228,positive_higher,0.9649822622491238,0.47058823529411764,0.6522753792298717,mann_whitney_u,9.28601015873517e-05,0.0002881888888139614,1353,True,,False,42
,,t2_log-sigma-2-mm-3D_glcm_Autocorrelation,0.5723419589539434,negative_higher,131.98826612718415,0.6581096849474912,0.46176470588235297,mann_whitney_u,9.300271066296306e-05,0.0002884183028609911,1354,True,,False,42
,,adc_wavelet-LH_glszm_LowGrayLevelZoneEmphasis,0.5723179353421648,positive_higher,0.0061954722272965,0.6470588235294118,0.5099183197199533,mann_whitney_u,9.350347298935153e-05,0.0002897572568872968,1355,True,,False,42
,,dwi_wavelet2-LL_glszm_SizeZoneNonUniformityNormalized,0.5722973436749261,positive_higher,0.4134130945524092,0.5794117647058824,0.5414235705950992,mann_whitney_u,9.39347234780454e-05,0.0002908789851654223,1356,True,,False,42
,,t2_wavelet-HH_glcm_Idmn,0.5722939117303865,negative_higher,0.9900515017229872,0.6207701283547258,0.5147058823529411,mann_whitney_u,9.400678092239583e-05,0.00029088759992125285,1357,True,,False,42
,,dwi_wavelet2-LH_glrlm_RunPercentage,0.5722904797858467,positive_higher,0.5876203119814138,0.5558823529411765,0.5787631271878646,mann_whitney_u,9.407889056451622e-05,0.0002908963633876315,1358,True,,False,42
,,t2_log-sigma-0-6-mm-3D_glrlm_ShortRunHighGrayLevelEmphasis,0.57223900061775,negative_higher,53.405162988972,0.7444574095682613,0.38235294117647056,mann_whitney_u,9.516682300618233e-05,0.00029404377468944786,1359,True,,False,42
,,t2_wavelet-HH_glszm_ZoneEntropy,0.5721806575605738,positive_higher,4.341934174362239,0.5529411764705883,0.5845974329054843,mann_whitney_u,9.641417197879794e-05,0.00029767875598453865,1360,True,,False,42
,,dwi_wavelet-LH_glrlm_ShortRunEmphasis,0.5721669297824147,positive_higher,0.6410578970850298,0.5205882352941177,0.6079346557759626,mann_whitney_u,9.670990107734062e-05,0.0002983724280850502,1361,True,,False,42
,,dwi_original_glszm_HighGrayLevelZoneEmphasis,0.5721532020042557,positive_higher,94.67852522639068,0.2676470588235294,0.8564760793465578,mann_whitney_u,9.700648649251351e-05,0.00029906772157273437,1362,True,,False,42
,,dwi_wavelet-HL_gldm_SmallDependenceEmphasis,0.5721257464479373,positive_higher,0.1067660667942095,0.4588235294117647,0.6662777129521587,mann_whitney_u,9.760223554233984e-05,0.0003006836295247873,1363,True,,False,42
,,dwi_wavelet2-LH_glrlm_RunVariance,0.5720982908916192,negative_higher,1.6034155187140784,0.572928821470245,0.5588235294117647,mann_whitney_u,9.820143772512442e-05,0.0003021163084465946,1364,True,,False,42
,,t2_log-sigma-3-mm-3D_glszm_LargeAreaEmphasis,0.5720948589470793,negative_higher,89501.18085106384,0.5484247374562428,0.5941176470588235,mann_whitney_u,9.827658172619246e-05,0.0003021163084465946,1365,True,,False,42
,,t2_wavelet-LH_glcm_JointAverage,0.5720879950579999,negative_higher,9.510579152024198,0.37456242707117854,0.75,mann_whitney_u,9.842703261608512e-05,0.0003021163084465946,1366,True,,False,42
,,t2_wavelet-LH_glcm_SumAverage,0.5720879950579999,negative_higher,19.0211583040484,0.37456242707117854,0.75,mann_whitney_u,9.842703261608512e-05,0.0003021163084465946,1367,True,,False,42
,,dwi_wavelet-LH_glcm_Contrast,0.5720879950579998,positive_higher,1.06435308652246,0.5088235294117647,0.6266044340723453,mann_whitney_u,9.842703261608512e-05,0.0003021163084465946,1368,True,,False,42
,,adc_wavelet2-HL_glszm_ZoneEntropy,0.5720811311689202,negative_higher,5.721363989051005,0.6604434072345391,0.44705882352941173,mann_whitney_u,9.857770093394975e-05,0.00030235775472728637,1369,True,,False,42
,,dwi_log-sigma-0-6-mm-3D_glrlm_LongRunEmphasis,0.5720639714462215,negative_higher,6.544542334466701,0.5507584597432905,0.5941176470588235,mann_whitney_u,9.895532490280838e-05,0.0003030732379773103,1370,True,,False,42
,,dwi_log-sigma-2-mm-3D_firstorder_10Percentile,0.5720639714462215,negative_higher,-37.36090278625488,0.5495915985997666,0.5794117647058823,mann_whitney_u,9.895532490280838e-05,0.0003030732379773103,1371,True,,False,42
,,adc_wavelet2-HL_glszm_LargeAreaHighGrayLevelEmphasis,0.572009060333585,negative_higher,4727.897051941975,0.3908984830805134,0.7411764705882353,mann_whitney_u,0.0001001729195303268,0.0003063665177375586,1372,True,,False,42
,,t2_log-sigma-2-mm-3D_gldm_SmallDependenceHighGrayLevelEmphasis,0.5720056283890452,negative_higher,4.864655621531785,0.662777129521587,0.46176470588235297,mann_whitney_u,0.00010024948687101821,0.0003063665177375586,1373,True,,False,42
,,t2_wavelet-HH_glcm_Idn,0.5720056283890452,negative_higher,0.9388405278775744,0.6231038506417736,0.5117647058823529,mann_whitney_u,0.00010024948687101821,0.0003063665177375586,1374,True,,False,42
,,dwi_log-sigma-3-mm-3D_firstorder_Uniformity,0.5719987644999657,negative_higher,0.3401250260426051,0.6452742123687282,0.47352941176470587,mann_whitney_u,0.00010040278731994208,0.0003066118574228631,1375,True,,False,42
,,dwi_wavelet2-HH_glrlm_GrayLevelVariance,0.5719541492209486,positive_higher,0.2532591517936473,0.6323529411764706,0.4784130688448075,mann_whitney_u,0.00010140464708061882,0.000309446303118836,1376,True,,False,42
,,t2_wavelet2-HH_glszm_LowGrayLevelZoneEmphasis,0.57193012560917,positive_higher,0.1035645532538187,0.7705882352941177,0.34772462077012833,mann_whitney_u,0.00010194801108164422,0.0003108785029279768,1377,True,,False,42
,,adc_wavelet2-LL_ngtdm_Strength,0.5718958061637724,positive_higher,17.947533540974742,0.8147058823529412,0.2963827304550758,mann_whitney_u,0.00010272901434031728,0.0003130327512445517,1378,True,,False,42
,,dwi_wavelet-LH_firstorder_10Percentile,0.5718820783856132,negative_higher,-33.34201435198871,0.6067677946324388,0.5352941176470588,mann_whitney_u,0.00010304299401183428,0.00031376180700195226,1379,True,,False,42
,,dwi_log-sigma-3-mm-3D_firstorder_10Percentile,0.5718649186629144,negative_higher,-47.33662300109863,0.5600933488914819,0.5794117647058823,mann_whitney_u,0.00010343674234374429,0.0003147325225372335,1380,True,,False,42
,,dwi_log-sigma-0-6-mm-3D_glszm_GrayLevelVariance,0.5718203033838973,positive_higher,0.2636141738910866,0.7058823529411765,0.4142357059509918,mann_whitney_u,0.00010446689935524285,0.0003176368648752098,1381,True,,False,42
,,adc_squareroot_glcm_Imc1,0.5717585283821813,negative_higher,-0.2114547141130778,0.6406067677946324,0.49411764705882355,mann_whitney_u,0.0001059098555209954,0.00032179123251277833,1382,True,,False,42
,,dwi_wavelet2-LH_glcm_JointEnergy,0.5717482325485619,negative_higher,0.1150243877602493,0.5985997666277713,0.5441176470588236,mann_whitney_u,0.00010615212776523288,0.00032229413194953934,1383,True,,False,42
,,adc_squareroot_firstorder_Median,0.5717345047704029,negative_higher,2084.0867086240924,0.6289381563593932,0.5205882352941176,mann_whitney_u,0.00010647597100576825,0.00032304378775521736,1384,True,,False,42
,,dwi_log-sigma-0-6-mm-3D_firstorder_Variance,0.5716864575468461,positive_higher,73.0890037274916,0.5294117647058824,0.6102683780630105,mann_whitney_u,0.00010761677905848402,0.0003262692095787541,1385,True,,False,42
,,dwi_wavelet2-HH_glcm_Imc2,0.5716349783787493,positive_higher,0.1796645332395229,0.4823529411764706,0.6779463243873979,mann_whitney_u,0.00010885186652638892,0.0003297756042888218,1386,True,,False,42
,,dwi_original_glszm_ZoneVariance,0.5716109547669709,negative_higher,132.97938470638903,0.6336056009334889,0.4970588235294118,mann_whitney_u,0.00010943280628239569,0.0003312965779234171,1387,True,,False,42
,,dwi_square_firstorder_RootMeanSquared,0.5715869311551925,positive_higher,358.133863246091,0.38235294117647056,0.7421236872812136,mann_whitney_u,0.00011001667028045259,0.0003325845921581141,1388,True,,False,42
,,t2_wavelet-LH_glrlm_HighGrayLevelRunEmphasis,0.5715869311551924,negative_higher,91.29057309837653,0.40606767794632437,0.7205882352941176,mann_whitney_u,0.00011001667028045259,0.0003325845921581141,1389,True,,False,42
,,dwi_wavelet-LH_gldm_LargeDependenceEmphasis,0.5715629075434141,negative_higher,22.20462576292965,0.6336056009334889,0.4970588235294118,mann_whitney_u,0.00011060347225169767,0.00033411797121214276,1390,True,,False,42
,,dwi_logarithm_glszm_ZoneVariance,0.5715354519870959,negative_higher,110.23728456655536,0.7607934655775963,0.35882352941176465,mann_whitney_u,0.00011127771828708161,0.00033591311221240524,1391,True,,False,42
,,t2_wavelet-LH_glrlm_ShortRunHighGrayLevelEmphasis,0.5715285880980163,negative_higher,53.76936311559954,0.4725787631271879,0.65,mann_whitney_u,0.00011144688461815297,0.00033618208944800594,1392,True,,False,42
,,t2_log-sigma-3-mm-3D_firstorder_Range,0.571518292264397,negative_higher,180.4205474853516,0.7292882147024504,0.4,mann_whitney_u,0.00011170108904714553,0.00033670701572789956,1393,True,,False,42
,,adc_wavelet2-HL_glcm_Idn,0.5714702450408402,negative_higher,0.942086660077285,0.5997666277712952,0.5235294117647059,mann_whitney_u,0.00011289462528074265,0.0003400606395651638,1394,True,,False,42
,,t2_original_glszm_LowGrayLevelZoneEmphasis,0.5714599492072208,positive_higher,0.0099012384414675,0.5941176470588235,0.5495915985997666,mann_whitney_u,0.00011315194331456856,0.0003405914050020598,1395,True,,False,42
,,t2_squareroot_gldm_HighGrayLevelEmphasis,0.5714462214290618,negative_higher,491.9355551626591,0.5507584597432905,0.5647058823529412,mann_whitney_u,0.00011349589465693058,0.0003413819925963119,1396,True,,False,42
,,dwi_log-sigma-0-6-mm-3D_glrlm_LowGrayLevelRunEmphasis,0.5714324936509025,negative_higher,0.6218195305796802,0.3220536756126021,0.8058823529411765,mann_whitney_u,0.0001138408319881018,0.00034217441196710056,1397,True,,False,42
,,t2_log-sigma-2-mm-3D_glrlm_ShortRunLowGrayLevelEmphasis,0.571411901983664,positive_higher,0.0039167005900589,0.6470588235294118,0.4994165694282381,mann_whitney_u,0.00011436009248237068,0.00034348929065341517,1398,True,,False,42
,,dwi_squareroot_firstorder_Energy,0.5713913103164252,negative_higher,1665265962.3999245,0.514585764294049,0.6058823529411765,mann_whitney_u,0.00011488158630899753,0.00034480899278876385,1399,True,,False,42
,,dwi_log-sigma-0-6-mm-3D_glszm_GrayLevelNonUniformityNormalized,0.5713758665659963,negative_higher,0.4381191891479957,0.6359393232205367,0.48235294117647054,mann_whitney_u,0.00011527376444391787,0.00034562438645694066,1400,True,,False,42
,,t2_logarithm_glszm_SmallAreaLowGrayLevelEmphasis,0.5713741505937264,positive_higher,0.004720514372624,0.4264705882352941,0.705950991831972,mann_whitney_u,0.00011531787697694067,0.00034562438645694066,1401,True,,False,42
,,dwi_wavelet2-HL_glcm_SumSquares,0.571257464479374,positive_higher,0.9635219195811764,0.5,0.6231038506417736,mann_whitney_u,0.00011832635541551586,0.0003543882784520336,1402,True,,False,42
,,dwi_exponential_glcm_MCC,0.5709074061363169,positive_higher,0.5496830598642877,0.7382352941176471,0.46674445740956827,mann_whitney_u,0.0001186638901323794,0.00035498837885452564,1403,True,,False,42
,,dwi_log-sigma-0-6-mm-3D_glcm_JointAverage,0.5712368728121353,positive_higher,2.511382126530821,0.5088235294117647,0.632438739789965,mann_whitney_u,0.00011886488703726197,0.00035498837885452564,1404,True,,False,42
,,dwi_log-sigma-0-6-mm-3D_glcm_SumAverage,0.5712368728121353,positive_higher,5.022764253061642,0.5088235294117647,0.632438739789965,mann_whitney_u,0.00011886488703726197,0.00035498837885452564,1405,True,,False,42
,,t2_log-sigma-2-mm-3D_firstorder_Maximum,0.5712368728121353,negative_higher,71.06837463378906,0.6826137689614936,0.43823529411764706,mann_whitney_u,0.00011886488703726197,0.00035498837885452564,1406,True,,False,42
,,dwi_log-sigma-3-mm-3D_glcm_Idn,0.5712231450339762,positive_higher,0.9643285146424486,0.37941176470588234,0.7806301050175029,mann_whitney_u,0.00011922519117531326,0.00035581135589562215,1407,True,,False,42
,,t2_wavelet-HH_gldm_SmallDependenceHighGrayLevelEmphasis,0.5712162811448966,negative_higher,0.6163358836192672,0.7456242707117853,0.36764705882352944,mann_whitney_u,0.00011940572918692364,0.00035609705742605994,1408,True,,False,42
,,t2_log-sigma-0-6-mm-3D_gldm_LargeDependenceLowGrayLevelEmphasis,0.5712128492003569,positive_higher,0.3541777342694387,0.38235294117647056,0.7421236872812136,mann_whitney_u,0.00011949609482822638,0.0003561136282354312,1409,True,,False,42
,,t2_wavelet2-LH_firstorder_Range,0.5711648019768001,negative_higher,291.899669181698,0.4305717619603267,0.7,mann_whitney_u,0.00012076800384780252,0.0003596488284800871,1410,True,,False,42
,,t2_squareroot_glcm_Autocorrelation,0.571151074198641,negative_higher,486.6563068829204,0.5507584597432905,0.5647058823529412,mann_whitney_u,0.00012113374426348193,0.00036048234738650646,1411,True,,False,42
,,dwi_square_glcm_JointAverage,0.5711150387809734,positive_higher,1.9964671967858023,0.38823529411764707,0.7269544924154026,mann_whitney_u,0.0001220955476729,0.0003628302934738196,1412,True,,False,42
,,dwi_square_glcm_SumAverage,0.5711150387809734,positive_higher,3.9929343935716055,0.38823529411764707,0.7269544924154026,mann_whitney_u,0.0001220955476729,0.0003628302934738196,1413,True,,False,42
,,adc_wavelet2-LL_glszm_LargeAreaLowGrayLevelEmphasis,0.5710035005834306,positive_higher,0.0006818614412053,0.8441176470588235,0.2963827304550758,mann_whitney_u,0.00012513196933868251,0.000371590621819751,1414,True,,False,42
,,t2_wavelet-LH_gldm_HighGrayLevelEmphasis,0.5709760450271124,negative_higher,91.14394822210323,0.3990665110851809,0.7294117647058824,mann_whitney_u,0.0001258894177596345,0.0003735757351043853,1415,True,,False,42
,,dwi_wavelet-LH_glszm_SmallAreaLowGrayLevelEmphasis,0.5709417255817145,negative_higher,0.0306546866800621,0.46557759626604434,0.6823529411764706,mann_whitney_u,0.00012684230626080936,0.0003761376016872447,1416,True,,False,42
,,t2_squareroot_glcm_Contrast,0.5708524950236804,negative_higher,13.725150273040272,0.44224037339556593,0.6794117647058824,mann_whitney_u,0.00012935173060928871,0.0003833083393284427,1417,True,,False,42
,,t2_wavelet-LH_glcm_Autocorrelation,0.5708250394673622,negative_higher,109.98099958441024,0.3617269544924154,0.7617647058823529,mann_whitney_u,0.00013013322584329374,0.0003853521969788367,1418,True,,False,42
,,adc_wavelet2-LH_firstorder_Range,0.5708147436337428,negative_higher,2497.963227635597,0.41890315052508753,0.7205882352941176,mann_whitney_u,0.0001304274320030692,0.000385951224088011,1419,True,,False,42
,,dwi_wavelet-HL_glrlm_ShortRunEmphasis,0.5707598325211065,positive_higher,0.5828119320262013,0.5147058823529411,0.603267211201867,mann_whitney_u,0.00013200714649110534,0.00039035070994095165,1420,True,,False,42
,,dwi_log-sigma-0-6-mm-3D_glrlm_RunPercentage,0.5706877616857712,positive_higher,0.490846071809456,0.5058823529411764,0.6289381563593932,mann_whitney_u,0.00013410789296684208,0.0003962836330526178,1421,True,,False,42
,,t2_log-sigma-0-6-mm-3D_gldm_LowGrayLevelEmphasis,0.5706637380739927,positive_higher,0.0099891438117992,0.45294117647058824,0.6861143523920654,mann_whitney_u,0.00013481511336314896,0.0003980932918508175,1422,True,,False,42
,,adc_squareroot_glszm_SmallAreaLowGrayLevelEmphasis,0.5706500102958336,positive_higher,0.0011376295697438,0.8294117647058824,0.3138856476079347,mann_whitney_u,0.00013522081538876738,0.00039901068434113437,1423,True,,False,42
,,dwi_wavelet2-HL_gldm_GrayLevelVariance,0.5706328505731347,positive_higher,0.9384385942330878,0.5176470588235295,0.603267211201867,mann_whitney_u,0.00013572956050194394,0.0004002306352160552,1424,True,,False,42
,,t2_log-sigma-3-mm-3D_glcm_Idmn,0.5706191227949756,negative_higher,0.9992591493002076,0.40373395565927656,0.711764705882353,mann_whitney_u,0.00013613785435806567,0.0004011528775084335,1425,True,,False,42
,,t2_square_firstorder_Skewness,0.5706122589058961,negative_higher,2.954273088934519,0.6487747957992999,0.49411764705882355,mann_whitney_u,0.00013634243492079276,0.00040147397211248866,1426,True,,False,42
,,dwi_log-sigma-0-6-mm-3D_firstorder_RootMeanSquared,0.5705573477932596,negative_higher,299.06336057473925,0.750291715285881,0.3970588235294118,mann_whitney_u,0.0001379895370741067,0.00040603928954041624,1427,True,,False,42
,,t2_log-sigma-0-6-mm-3D_firstorder_Minimum,0.5705298922369414,positive_higher,-111.47444915771484,0.4852941176470588,0.6499416569428238,mann_whitney_u,0.00013882009982293193,0.00040791154594576007,1428,True,,False,42
,,t2_logarithm_glszm_SizeZoneNonUniformityNormalized,0.5705298922369414,negative_higher,0.4548102625954898,0.4574095682613769,0.6735294117647059,mann_whitney_u,0.00013882009982293193,0.00040791154594576007,1429,True,,False,42
,,dwi_wavelet2-LL_glszm_ZoneEntropy,0.5705195964033221,positive_higher,6.626700407356026,0.32941176470588235,0.8121353558926487,mann_whitney_u,0.00013913277313844406,0.0004085444156701585,1430,True,,False,42
,,t2_logarithm_glszm_SmallAreaEmphasis,0.5704852769579243,negative_higher,0.7013849466600447,0.4574095682613769,0.6735294117647059,mann_whitney_u,0.00014017981523114034,0.00041133126775370947,1431,True,,False,42
,,dwi_wavelet-LH_glszm_HighGrayLevelZoneEmphasis,0.5704646852906857,positive_higher,29.4171974522293,0.6029411764705882,0.5507584597432906,mann_whitney_u,0.0001408115906160833,0.00041289655656210456,1432,True,,False,42
,,t2_wavelet2-HH_glszm_HighGrayLevelZoneEmphasis,0.5704372297343675,negative_higher,13.935813274981763,0.38156359393232203,0.7294117647058824,mann_whitney_u,0.00014165814420984715,0.00041508900735320875,1433,True,,False,42
,,dwi_wavelet2-LH_glcm_Idm,0.5704337977898277,negative_higher,0.6833548768690559,0.5775962660443408,0.5647058823529412,mann_whitney_u,0.0001417643031436719,0.00041511039672264877,1434,True,,False,42
,,adc_wavelet2-LL_firstorder_Uniformity,0.5704303658452881,negative_higher,0.0197967207544485,0.47374562427071176,0.65,mann_whitney_u,0.0001418705331864145,0.0004151319643552296,1435,True,,False,42
,,dwi_logarithm_glszm_LargeAreaEmphasis,0.5704166380671288,negative_higher,142.39030955585466,0.7584597432905484,0.361764705882353,mann_whitney_u,0.00014229620352728986,0.0004160875756344639,1436,True,,False,42
,,t2_log-sigma-0-6-mm-3D_glrlm_HighGrayLevelRunEmphasis,0.5703582950099526,negative_higher,109.38209746822974,0.6231038506417736,0.5088235294117647,mann_whitney_u,0.00014411875768866278,0.0004211236350276235,1437,True,,False,42
,,t2_logarithm_glcm_DifferenceVariance,0.5703548630654127,negative_higher,38.27061162011208,0.5052508751458576,0.6352941176470588,mann_whitney_u,0.0001442266484435111,0.0004211458253228812,1438,True,,False,42
,,dwi_wavelet2-HL_glcm_DifferenceVariance,0.5703411352872538,positive_higher,0.9126840684436036,0.34705882352941175,0.7841306884480747,mann_whitney_u,0.00014465897254264856,0.00042211468082458737,1439,True,,False,42
,,t2_log-sigma-3-mm-3D_firstorder_Maximum,0.5703377033427139,negative_higher,73.1650390625,0.6861143523920653,0.4411764705882353,mann_whitney_u,0.00014476724020432149,0.00042213725112357354,1440,True,,False,42
,,dwi_wavelet-HL_glszm_SmallAreaLowGrayLevelEmphasis,0.570320543620015,negative_higher,0.0214176867560002,0.6989498249708285,0.4294117647058824,mann_whitney_u,0.0001453097474290147,0.0004234251418837145,1441,True,,False,42
,,dwi_log-sigma-0-6-mm-3D_glrlm_ShortRunEmphasis,0.5702724963964583,positive_higher,0.5676597819928254,0.42058823529411765,0.7117852975495915,mann_whitney_u,0.0001468389591339215,0.0004275844586708297,1442,True,,False,42
,,dwi_wavelet2-HL_gldm_SmallDependenceLowGrayLevelEmphasis,0.5702553366737594,negative_higher,0.0039963881725164,0.5892648774795799,0.5352941176470588,mann_whitney_u,0.00014738876901878198,0.0004288880395771764,1443,True,,False,42
,,adc_original_glcm_Correlation,0.5701798338938843,positive_higher,0.7880842798346535,0.4088235294117647,0.7257876312718786,mann_whitney_u,0.0001498310409340228,0.00043569289534761896,1444,True,,False,42
,,t2_log-sigma-0-6-mm-3D_glrlm_LongRunLowGrayLevelEmphasis,0.5700974672249296,positive_higher,0.0595483223492608,0.65,0.4644107351225204,mann_whitney_u,0.0001525387674315223,0.00044325971241865894,1445,True,,False,42
,,adc_log-sigma-3-mm-3D_gldm_LargeDependenceHighGrayLevelEmphasis,0.570059715834992,negative_higher,2100.8705854467885,0.5227537922987164,0.5970588235294118,mann_whitney_u,0.00015379514329190222,0.0004466015260599567,1446,True,,False,42
,,dwi_wavelet-HL_gldm_LargeDependenceLowGrayLevelEmphasis,0.5700391241677535,negative_higher,0.5155759385013295,0.7724620770128354,0.36764705882352944,mann_whitney_u,0.00015448453826570608,0.0004482934182292328,1447,True,,False,42
,,dwi_log-sigma-3-mm-3D_glrlm_RunEntropy,0.5700013727778159,positive_higher,4.538346346444902,0.2088235294117647,0.9229871645274212,mann_whitney_u,0.0001557559898921892,0.0004516708574290763,1448,True,,False,42
,,adc_exponential_ngtdm_Busyness,0.569953325554259,negative_higher,13.13737407336752,0.6184364060676779,0.5117647058823529,mann_whitney_u,0.00015738844810498794,0.00045608978163757375,1449,True,,False,42
,,t2_square_glrlm_RunVariance,0.5699464616651795,negative_higher,100.29786750614517,0.5017502917152858,0.6323529411764706,mann_whitney_u,0.00015762296667054266,0.00045645437037904044,1450,True,,False,42
,,t2_squareroot_ngtdm_Busyness,0.5699087102752419,negative_higher,4.53521760366961,0.5402567094515752,0.5882352941176471,mann_whitney_u,0.00015891870839131522,0.00045988949451077375,1451,True,,False,42
,,dwi_wavelet-HL_gldm_SmallDependenceHighGrayLevelEmphasis,0.5698640949962248,positive_higher,5.066739293202944,0.39705882352941174,0.7397899649941657,mann_whitney_u,0.00016046296235043407,0.00046403855296795637,1452,True,,False,42
,,dwi_wavelet2-LH_glcm_Id,0.5697954561054294,negative_higher,0.7025425826836144,0.5682613768961493,0.5705882352941176,mann_whitney_u,0.00016286633675537075,0.0004706646579737108,1453,True,,False,42
,,adc_wavelet2-LL_glrlm_GrayLevelNonUniformityNormalized,0.5697577047154918,negative_higher,0.0212391234349877,0.3663943990665111,0.7558823529411764,mann_whitney_u,0.0001642025888468809,0.0004741999109821547,1454,True,,False,42
,,t2_logarithm_glrlm_ShortRunLowGrayLevelEmphasis,0.5697542727709519,positive_higher,0.0110129638780442,0.4117647058823529,0.7374562427071178,mann_whitney_u,0.00016432457644032015,0.00047422604568584493,1455,True,,False,42
,,dwi_wavelet2-LH_gldm_LargeDependenceEmphasis,0.5697422609650628,negative_higher,21.92637425234976,0.5775962660443408,0.5529411764705883,mann_whitney_u,0.0001647522004654488,0.00047513357812803533,1456,True,,False,42
,,adc_wavelet2-LL_glcm_Idmn,0.5696650422129178,negative_higher,0.9960183040486744,0.32438739789964993,0.7970588235294118,mann_whitney_u,0.00016752634318728768,0.00048280241252122237,1457,True,,False,42
,,t2_square_firstorder_Kurtosis,0.5695311963758666,negative_higher,17.51647830350951,0.5927654609101517,0.5411764705882354,mann_whitney_u,0.00017243921409663924,0.0004966202057556847,1458,True,,False,42
,,adc_wavelet-LH_glrlm_LowGrayLevelRunEmphasis,0.5695209005422472,positive_higher,0.0056915360781781,0.6323529411764706,0.5169194865810969,mann_whitney_u,0.0001728226866355099,0.000497383455231327,1459,True,,False,42
,,dwi_wavelet2-LL_glszm_GrayLevelNonUniformityNormalized,0.5694591255405312,negative_higher,0.0409260445286007,0.662777129521587,0.4882352941176471,mann_whitney_u,0.000175140417093958,0.0005037086379298148,1460,True,,False,42
,,t2_squareroot_firstorder_Entropy,0.5694556935959915,negative_higher,4.871555221415793,0.5694282380396732,0.5588235294117647,mann_whitney_u,0.0001752700331645042,0.0005037363923735477,1461,True,,False,42
,,dwi_wavelet2-HH_firstorder_RootMeanSquared,0.5693424394261788,positive_higher,300.7543861935144,0.22058823529411764,0.898483080513419,mann_whitney_u,0.00017959831915789886,0.0005158230794418723,1462,True,,False,42
,,dwi_wavelet-HL_firstorder_Minimum,0.5693390074816391,negative_higher,-215.4974563980253,0.7992998833138857,0.33529411764705885,mann_whitney_u,0.00017973103512611348,0.0005158514125048193,1463,True,,False,42
,,dwi_original_firstorder_Entropy,0.5692806644244629,positive_higher,2.7412453734989413,0.5264705882352941,0.603267211201867,mann_whitney_u,0.00018200136295719728,0.0005220107397932182,1464,True,,False,42
,,dwi_wavelet-LH_gldm_HighGrayLevelEmphasis,0.5692669366463038,positive_higher,20.547791455467053,0.6558823529411765,0.4935822637106184,mann_whitney_u,0.00018253946222252166,0.0005231967248275553,1465,True,,False,42
,,dwi_square_glszm_GrayLevelNonUniformity,0.5692549248404146,negative_higher,53.63013698630137,0.5274212368728122,0.6088235294117648,mann_whitney_u,0.000183011387436138,0.0005241915524176968,1466,True,,False,42
,,t2_log-sigma-0-6-mm-3D_glcm_Autocorrelation,0.5692429130345253,negative_higher,110.56326384379584,0.588098016336056,0.5470588235294118,mann_whitney_u,0.00018348473662522157,0.000525189099583712,1467,True,,False,42
,,dwi_wavelet2-LH_firstorder_90Percentile,0.5692257533118265,positive_higher,36.539284075444144,0.5411764705882353,0.5939323220536756,mann_whitney_u,0.00018416274801403448,0.0005267706940810155,1468,True,,False,42
,,dwi_log-sigma-0-6-mm-3D_gldm_LowGrayLevelEmphasis,0.5692085935891276,negative_higher,0.1798993875765529,0.6254375729288215,0.5,mann_whitney_u,0.00018484311413426182,0.0005283568660651909,1469,True,,False,42
,,dwi_wavelet2-HL_firstorder_Variance,0.5691845699773492,positive_higher,1437.4148660503956,0.4647058823529412,0.6557759626604434,mann_whitney_u,0.00018579959710929165,0.0005307295974570854,1470,True,,False,42
,,t2_log-sigma-0-6-mm-3D_gldm_HighGrayLevelEmphasis,0.5691674102546502,negative_higher,111.0138223046506,0.5950991831971996,0.5411764705882354,mann_whitney_u,0.0001864856455995642,0.0005323271419935895,1471,True,,False,42
,,adc_wavelet2-LL_firstorder_Median,0.569095339419315,negative_higher,5163.263535325214,0.7654609101516919,0.3647058823529412,mann_whitney_u,0.00018939313521932269,0.0005398925830182865,1472,True,,False,42
,,dwi_log-sigma-0-6-mm-3D_glrlm_LongRunHighGrayLevelEmphasis,0.5690953394193149,positive_higher,49.50443597191087,0.5,0.632438739789965,mann_whitney_u,0.00018939313521932269,0.0005398925830182865,1473,True,,False,42
,,t2_log-sigma-0-6-mm-3D_glcm_JointAverage,0.569064451918457,negative_higher,10.4283085741499,0.6406067677946324,0.5,mann_whitney_u,0.00019065219896844952,0.0005427448023515387,1474,True,,False,42
,,t2_log-sigma-0-6-mm-3D_glcm_SumAverage,0.569064451918457,negative_higher,20.8566171482998,0.6406067677946324,0.5,mann_whitney_u,0.00019065219896844952,0.0005427448023515387,1475,True,,False,42
,,t2_squareroot_glcm_SumEntropy,0.5690507241402978,negative_higher,5.900908464222142,0.5764294049008168,0.5529411764705883,mann_whitney_u,0.00019121430421226182,0.0005439761947068343,1476,True,,False,42
,,dwi_wavelet-HH_ngtdm_Strength,0.5690438602512183,positive_higher,0.0052232544789766,0.6558823529411765,0.4714119019836639,mann_whitney_u,0.00019149594055566216,0.0005444085676325156,1477,True,,False,42
,,dwi_wavelet-HL_glcm_ClusterTendency,0.5690232685839797,positive_higher,1.8147683066486548,0.4117647058823529,0.7141190198366394,mann_whitney_u,0.00019234319047509515,0.0005464472644146986,1478,True,,False,42
,,dwi_wavelet2-HH_glcm_ClusterProminence,0.5690198366394399,positive_higher,0.8085932441008523,0.40588235294117647,0.7117852975495915,mann_whitney_u,0.0001924847408325344,0.0005464796665015632,1479,True,,False,42
,,adc_squareroot_glrlm_ShortRunLowGrayLevelEmphasis,0.5689923810831217,positive_higher,0.0011613937546321,0.7294117647058823,0.40840140023337224,mann_whitney_u,0.00019362067309793915,0.0005493332475258422,1480,True,,False,42
,,adc_original_glrlm_ShortRunLowGrayLevelEmphasis,0.5689649255268036,positive_higher,0.0026838493860398,0.7058823529411765,0.41890315052508753,mann_whitney_u,0.00019476290271791804,0.0005522008295155556,1481,True,,False,42
,,dwi_wavelet-LH_glcm_DifferenceAverage,0.5689614935822638,positive_higher,0.7452517137787259,0.4647058823529412,0.661610268378063,mann_whitney_u,0.00019490612581439342,0.0005522340231407814,1482,True,,False,42
,,t2_wavelet-LH_gldm_LargeDependenceLowGrayLevelEmphasis,0.5688516713569908,positive_higher,0.3104141923194395,0.6294117647058823,0.48774795799299886,mann_whitney_u,0.0001995418663498353,0.0005649873882690212,1483,True,,False,42
,,t2_wavelet2-HH_glcm_Autocorrelation,0.5688379435788318,negative_higher,12.278166466480837,0.7421236872812136,0.37941176470588234,mann_whitney_u,0.0002001285637252266,0.0005662667379260286,1484,True,,False,42
,,dwi_log-sigma-0-6-mm-3D_glrlm_RunLengthNonUniformityNormalized,0.5688173519115931,positive_higher,0.3269217865609002,0.4470588235294118,0.6791131855309218,mann_whitney_u,0.00020101164928195886,0.0005679999430248622,1485,True,,False,42
,,dwi_wavelet-LH_glcm_Autocorrelation,0.5688173519115931,positive_higher,20.16707263336153,0.65,0.500583430571762,mann_whitney_u,0.00020101164928195886,0.0005679999430248622,1486,True,,False,42
,,adc_wavelet-LH_gldm_LowGrayLevelEmphasis,0.568803624133434,positive_higher,0.0056344493415103,0.6205882352941177,0.52975495915986,mann_whitney_u,0.000201602405372236,0.0005692861467101675,1487,True,,False,42
,,dwi_wavelet-HL_firstorder_Kurtosis,0.5687967602443544,positive_higher,4.2808716402765725,0.8264705882352941,0.30105017502917153,mann_whitney_u,0.0002018983946941746,0.0005697388167478758,1488,True,,False,42
,,dwi_log-sigma-0-6-mm-3D_glcm_Idmn,0.5687933282998147,positive_higher,0.9837395383395656,0.27647058823529413,0.8378063010501751,mann_whitney_u,0.00020204654240242972,0.0005697739634303575,1489,True,,False,42
,,dwi_square_gldm_SmallDependenceLowGrayLevelEmphasis,0.5687898963552749,positive_higher,0.0259218115092162,0.46176470588235297,0.6429404900816803,mann_whitney_u,0.00020219479222919912,0.0005698093507183941,1490,True,,False,42
,,dwi_wavelet-LH_glrlm_HighGrayLevelRunEmphasis,0.5687830324661953,positive_higher,20.497482835348105,0.6676470588235294,0.48074679113185526,mann_whitney_u,0.00020249159849948452,0.0005702630597581056,1491,True,,False,42
,,dwi_wavelet2-HL_gldm_SmallDependenceEmphasis,0.5687796005216555,positive_higher,0.1338043446354338,0.46176470588235297,0.6662777129521587,mann_whitney_u,0.00020264015507369447,0.0005702989350901093,1492,True,,False,42
,,adc_wavelet-HL_glszm_ZoneEntropy,0.568680074130002,negative_higher,5.729473881911551,0.2602100350058343,0.8588235294117648,mann_whitney_u,0.0002069930977273918,0.0005821594222085185,1493,True,,False,42
,,adc_square_gldm_LowGrayLevelEmphasis,0.5686285949619053,positive_higher,0.0243932477540986,0.5764705882352941,0.5694282380396734,mann_whitney_u,0.00020927893476998253,0.0005881942751667715,1494,True,,False,42
,,t2_logarithm_glszm_HighGrayLevelZoneEmphasis,0.5685256366257121,negative_higher,901.0189035916824,0.5845974329054843,0.5294117647058824,mann_whitney_u,0.00021392191140649617,0.0006008415424721588,1495,True,,False,42
,,dwi_wavelet2-LH_firstorder_Maximum,0.5685187727366325,positive_higher,148.93287080338038,0.6441176470588236,0.4679113185530922,mann_whitney_u,0.00021423485732908784,0.000601318292730508,1496,True,,False,42
,,adc_wavelet2-HH_firstorder_Kurtosis,0.5684844532912348,negative_higher,9.01673433868024,0.28588098016336055,0.8382352941176471,mann_whitney_u,0.00021580604570038933,0.0006053237046733032,1497,True,,False,42
,,dwi_log-sigma-0-6-mm-3D_glcm_Idn,0.5684707255130758,positive_higher,0.9131534496911942,0.47352941176470587,0.6406067677946324,mann_whitney_u,0.00021643754537872798,0.0006066897550369018,1498,True,,False,42
,,dwi_wavelet-LH_firstorder_Range,0.568374631065962,positive_higher,278.10952824973464,0.6147058823529412,0.5309218203033839,mann_whitney_u,0.00022090686533843214,0.0006188044880294039,1499,True,,False,42
,,dwi_wavelet-HL_glcm_Imc1,0.5682716727297688,negative_higher,-0.0752624912016695,0.485414235705951,0.6470588235294117,mann_whitney_u,0.00022579148750130222,0.0006320656373453121,1500,True,,False,42
,,adc_original_firstorder_Median,0.5682682407852289,negative_higher,1345.62884763937,0.5927654609101517,0.5352941176470588,mann_whitney_u,0.00022595604119955852,0.0006321048747481321,1501,True,,False,42
,,dwi_log-sigma-0-6-mm-3D_firstorder_Range,0.5682579449516096,positive_higher,167.5980682373047,0.2911764705882353,0.8378063010501751,mann_whitney_u,0.0002264503779463501,0.0006330660033267138,1502,True,,False,42
,,adc_squareroot_glszm_GrayLevelNonUniformityNormalized,0.5682030338389732,negative_higher,0.0710877451323413,0.646441073512252,0.47352941176470587,mann_whitney_u,0.00022910402959438146,0.0006400584299845693,1503,True,,False,42
,,t2_exponential_glszm_ZoneVariance,0.5681961699498936,negative_higher,2044340.4131460527,0.705950991831972,0.41764705882352937,mann_whitney_u,0.00022943778063061595,0.0006405646548324178,1504,True,,False,42
,,t2_wavelet2-LL_glcm_Correlation,0.568175578282655,positive_higher,0.9615142513865615,0.5147058823529411,0.6044340723453909,mann_whitney_u,0.0002304417736765028,0.0006429402044303224,1505,True,,False,42
,,adc_square_glrlm_ShortRunLowGrayLevelEmphasis,0.5681240991145583,positive_higher,0.0197741014280311,0.5441176470588235,0.5845974329054843,mann_whitney_u,0.00023296982459650864,0.000649561947862377,1506,True,,False,42
,,dwi_wavelet-LH_gldm_LargeDependenceHighGrayLevelEmphasis,0.568113803280939,positive_higher,561.9686567164179,0.65,0.4959159859976663,mann_whitney_u,0.00023347854790913564,0.0006505483892969213,1507,True,,False,42
,,dwi_original_glcm_SumEntropy,0.5681103713363993,positive_higher,3.816713831327068,0.4411764705882353,0.690781796966161,mann_whitney_u,0.00023364835387307002,0.0006505898129396692,1508,True,,False,42
,,dwi_original_glcm_JointEntropy,0.5681035074473196,positive_higher,4.6795085627646165,0.5352941176470588,0.6056009334889147,mann_whitney_u,0.00023398831352965953,0.000651104657727661,1509,True,,False,42
,,adc_original_glcm_Idmn,0.5680485963346832,negative_higher,0.9941127550412902,0.4049008168028005,0.7205882352941176,mann_whitney_u,0.00023672474872001625,0.000658282927069767,1510,True,,False,42
,,t2_log-sigma-0-6-mm-3D_ngtdm_Busyness,0.5680451643901435,negative_higher,19.52297658892712,0.6546091015169195,0.5088235294117647,mann_whitney_u,0.00023689676906702177,0.0006583253033172894,1511,True,,False,42
,,dwi_wavelet-LH_ngtdm_Complexity,0.5680383005010639,positive_higher,17.204372558909366,0.6176470588235294,0.5215869311551926,mann_whitney_u,0.0002372411616869134,0.0006588463213778766,1512,True,,False,42
,,dwi_squareroot_firstorder_TotalEnergy,0.5680245727229049,negative_higher,18276664690.74924,0.5017502917152858,0.6029411764705883,mann_whitney_u,0.00023793135670491388,0.0006603263495068958,1513,True,,False,42
,,t2_log-sigma-0-6-mm-3D_glszm_SmallAreaHighGrayLevelEmphasis,0.5679216143867115,negative_higher,32.71733753495531,0.6826137689614936,0.4441176470588235,mann_whitney_u,0.00024316819079145784,0.0006744142887274316,1514,True,,False,42
,,dwi_wavelet2-HH_gldm_LargeDependenceLowGrayLevelEmphasis,0.567914750497632,negative_higher,5.039788211477069,0.6266044340723453,0.5117647058823529,mann_whitney_u,0.00024352112983651246,0.0006749473426953899,1515,True,,False,42
,,dwi_log-sigma-3-mm-3D_glcm_JointEnergy,0.567883862996774,negative_higher,0.1753588477971458,0.6546091015169195,0.45882352941176474,mann_whitney_u,0.0002451153106031774,0.0006789176709912547,1516,True,,False,42
,,t2_log-sigma-3-mm-3D_ngtdm_Complexity,0.567822087995058,negative_higher,21.805034917941523,0.7327887981330222,0.39117647058823535,mann_whitney_u,0.0002483330846486549,0.0006873768111006604,1517,True,,False,42
,,dwi_wavelet2-HL_glszm_GrayLevelNonUniformityNormalized,0.5678152241059784,negative_higher,0.1517496425314905,0.7887981330221704,0.3411764705882353,mann_whitney_u,0.0002486930444176131,0.0006879196926940431,1518,True,,False,42
,,dwi_wavelet2-HH_glcm_ClusterTendency,0.5677946324387398,positive_higher,0.5767762876015441,0.5264705882352941,0.5985997666277714,mann_whitney_u,0.00024977588723886564,0.0006904601385885429,1519,True,,False,42
,,t2_wavelet-LH_glcm_Idmn,0.5677912004942001,negative_higher,0.9962799313236856,0.5344224037339557,0.5941176470588235,mann_whitney_u,0.00024995678936163445,0.0006905056306115152,1520,True,,False,42
,,adc_original_glcm_SumEntropy,0.5677706088269614,positive_higher,4.950155496615503,0.6588235294117647,0.4597432905484248,mann_whitney_u,0.0002510447852634078,0.0006925999036274963,1521,True,,False,42
,,t2_squareroot_firstorder_Uniformity,0.5677706088269614,positive_higher,0.0416426394081997,0.5058823529411764,0.61610268378063,mann_whitney_u,0.0002510447852634078,0.0006925999036274963,1522,True,,False,42
,,t2_square_glcm_MaximumProbability,0.5677362893815636,negative_higher,0.6960020705926697,0.48891481913652274,0.6411764705882352,mann_whitney_u,0.0002528679875055444,0.0006967143566507749,1523,True,,False,42
,,t2_wavelet2-HH_gldm_HighGrayLevelEmphasis,0.5677362893815635,negative_higher,12.527186450576728,0.37689614935822635,0.7441176470588236,mann_whitney_u,0.0002528679875055444,0.0006967143566507749,1524,True,,False,42
,,adc_wavelet2-HH_gldm_LowGrayLevelEmphasis,0.5676916741025465,positive_higher,0.0251566285825906,0.6617647058823529,0.4679113185530922,mann_whitney_u,0.00025525671811305593,0.0007028347274470307,1525,True,,False,42
,,adc_exponential_glszm_ZoneVariance,0.5676024435445123,negative_higher,12097.94599301263,0.35822637106184363,0.7529411764705882,mann_whitney_u,0.0002600977971831238,0.0007156950526683728,1526,True,,False,42
,,adc_squareroot_firstorder_RootMeanSquared,0.5675200768755577,negative_higher,2127.9200962460377,0.5554259043173863,0.5764705882352941,mann_whitney_u,0.0002646427709897011,0.0007277242929834675,1527,True,,False,42
,,adc_wavelet2-LH_firstorder_Maximum,0.567468597707461,negative_higher,1171.563426390626,0.5192532088681447,0.6029411764705883,mann_whitney_u,0.000267521076339336,0.0007351577222178481,1528,True,,False,42
,,adc_original_gldm_LowGrayLevelEmphasis,0.5674617338183814,positive_higher,0.0029433782345038,0.6911764705882353,0.43057176196032676,mann_whitney_u,0.0002679070600913497,0.0007357369164967804,1529,True,,False,42
,,dwi_wavelet2-LH_firstorder_RobustMeanAbsoluteDeviation,0.5674033907612053,positive_higher,17.47250557335036,0.5294117647058824,0.6091015169194867,mann_whitney_u,0.0002712090633920137,0.0007443182073091931,1530,True,,False,42
,,dwi_wavelet2-HL_gldm_LargeDependenceEmphasis,0.5673725032603473,negative_higher,25.02347762289068,0.5787631271878646,0.5647058823529412,mann_whitney_u,0.00027297258841509834,0.0007486687777628986,1531,True,,False,42
,,t2_square_gldm_LargeDependenceLowGrayLevelEmphasis,0.5673690713158076,negative_higher,57.01558123036767,0.396732788798133,0.7352941176470589,mann_whitney_u,0.0002731691977059642,0.000748718969430381,1532,True,,False,42
,,adc_original_glszm_SmallAreaLowGrayLevelEmphasis,0.5673622074267279,positive_higher,0.0023999690505344,0.7352941176470589,0.38039673278879815,mann_whitney_u,0.0002735628145196311,0.0007493087137429425,1533,True,,False,42
,,t2_logarithm_firstorder_90Percentile,0.5673416157594893,negative_higher,245.3574958246108,0.7292882147024504,0.3764705882352941,mann_whitney_u,0.0002747468567849801,0.0007520613113690558,1534,True,,False,42
,,dwi_wavelet-LH_glcm_JointAverage,0.5673210240922507,positive_higher,4.485281893440499,0.6441176470588236,0.5052508751458576,mann_whitney_u,0.0002759357007437297,0.0007543320360826308,1535,True,,False,42
,,dwi_wavelet-LH_glcm_SumAverage,0.5673210240922507,positive_higher,8.970563786880994,0.6441176470588236,0.5052508751458576,mann_whitney_u,0.0002759357007437297,0.0007543320360826308,1536,True,,False,42
,,adc_wavelet2-LL_gldm_LargeDependenceLowGrayLevelEmphasis,0.5673072963140916,positive_higher,0.0007788159907296,0.7941176470588235,0.3360560093348891,mann_whitney_u,0.0002767309398743822,0.0007560138038598119,1537,True,,False,42
,,dwi_wavelet-LH_gldm_LowGrayLevelEmphasis,0.5672661129796143,negative_higher,0.0416922305975996,0.5250875145857643,0.6205882352941177,mann_whitney_u,0.0002791295632921444,0.0007620708948398663,1538,True,,False,42
,,dwi_wavelet2-HL_glrlm_RunPercentage,0.5672060539501682,positive_higher,0.5448387096774194,0.5705882352941176,0.572928821470245,mann_whitney_u,0.0002826624929341565,0.000770991079522021,1539,True,,False,42
,,dwi_wavelet-HL_glrlm_ShortRunHighGrayLevelEmphasis,0.5672043379778983,positive_higher,30.41860721847658,0.34411764705882353,0.793465577596266,mann_whitney_u,0.00028276405393282025,0.000770991079522021,1540,True,,False,42
,,t2_square_firstorder_Maximum,0.5671631546434209,negative_higher,218.086509814426,0.574095682613769,0.5529411764705883,mann_whitney_u,0.0002852116313211426,0.0007766560570152256,1541,True,,False,42
,,t2_square_firstorder_Range,0.5671631546434209,negative_higher,218.0865098094397,0.574095682613769,0.5529411764705883,mann_whitney_u,0.0002852116313211426,0.0007766560570152256,1542,True,,False,42
,,t2_wavelet-HL_glcm_ClusterProminence,0.5671562907543414,negative_higher,23.44806596876394,0.6546091015169195,0.46176470588235297,mann_whitney_u,0.0002856214856633807,0.0007772680611150588,1543,True,,False,42
,,adc_original_gldm_LargeDependenceHighGrayLevelEmphasis,0.5671391310316425,negative_higher,4427.91433379226,0.3710618436406068,0.7852941176470588,mann_whitney_u,0.00028664853697889226,0.0007795577764082698,1544,True,,False,42
,,t2_log-sigma-2-mm-3D_gldm_SmallDependenceLowGrayLevelEmphasis,0.5671219713089437,positive_higher,0.0003171639355205,0.6764705882352942,0.4422403733955659,mann_whitney_u,0.00028767904754095836,0.000781853929206786,1545,True,,False,42
,,adc_logarithm_glcm_Idn,0.567101379641705,negative_higher,0.9737338530516554,0.49474912485414235,0.6088235294117648,mann_whitney_u,0.0002889202415767383,0.0007847193365981398,1546,True,,False,42
,,dwi_wavelet-LH_glrlm_LowGrayLevelRunEmphasis,0.5670327407509095,negative_higher,0.0439447700864474,0.5262543757292882,0.6205882352941177,mann_whitney_u,0.00029309388313241515,0.0007955405399308411,1547,True,,False,42
,,dwi_original_glrlm_GrayLevelNonUniformityNormalized,0.5669812615828128,negative_higher,0.1618001459785895,0.6301050175029171,0.5058823529411764,mann_whitney_u,0.0002962611042178489,0.0008036178143480281,1548,True,,False,42
,,t2_log-sigma-0-6-mm-3D_gldm_SmallDependenceHighGrayLevelEmphasis,0.566946942137415,negative_higher,7.739010431158204,0.6826137689614936,0.43529411764705883,mann_whitney_u,0.0002983903636913824,0.0008088709729761877,1549,True,,False,42
,,t2_logarithm_gldm_HighGrayLevelEmphasis,0.56687143935754,negative_higher,905.5037407735954,0.6301050175029171,0.4764705882352941,mann_whitney_u,0.0003031252878815468,0.0008211761831062032,1550,True,,False,42
,,adc_wavelet-HH_gldm_LargeDependenceHighGrayLevelEmphasis,0.5668577115793809,negative_higher,1465.6303797468354,0.4305717619603267,0.6882352941176471,mann_whitney_u,0.000303993706955155,0.0008229977920726602,1551,True,,False,42
,,adc_wavelet-HH_glcm_Idn,0.5668199601894434,negative_higher,0.9318805927081496,0.7432905484247374,0.36764705882352944,mann_whitney_u,0.0003063938875065403,0.0008289612974484295,1552,True,,False,42
,,adc_wavelet2-LL_glszm_GrayLevelNonUniformityNormalized,0.5667135699087102,negative_higher,0.0199731405808213,0.4072345390898483,0.7205882352941176,mann_whitney_u,0.0003132538500981783,0.0008469754775030591,1553,True,,False,42
,,dwi_original_glrlm_ShortRunEmphasis,0.566686114352392,positive_higher,0.7095854109617349,0.4823529411764706,0.6464410735122521,mann_whitney_u,0.0003150473613220213,0.000851276621744638,1554,True,,False,42
,,t2_exponential_ngtdm_Coarseness,0.5666209074061364,positive_higher,0.0017955156057693,0.6176470588235294,0.5029171528588098,mann_whitney_u,0.0003193446157530576,0.0008623331456894463,1555,True,,False,42
,,t2_wavelet-HL_glcm_DifferenceEntropy,0.5595613974878165,negative_higher,1.4535786209203865,0.38739789964994165,0.7029411764705882,t_test,0.00032511904710298526,0.0008773301740725505,1556,True,,False,42
,,adc_squareroot_glrlm_LowGrayLevelRunEmphasis,0.5665316768481021,positive_higher,0.001236888922485,0.7294117647058823,0.4037339556592765,mann_whitney_u,0.00032531628507524675,0.0008773301740725505,1557,True,,False,42
,,t2_logarithm_glrlm_HighGrayLevelRunEmphasis,0.5665007893472441,negative_higher,921.3847162886972,0.5927654609101517,0.5176470588235293,mann_whitney_u,0.0003274073060828865,0.0008824026176136331,1558,True,,False,42
,,t2_square_glrlm_LongRunLowGrayLevelEmphasis,0.5664939254581647,negative_higher,115.9436905574956,0.543757292882147,0.5852941176470587,mann_whitney_u,0.00032787368243056026,0.0008830927469698028,1559,True,,False,42
,,adc_wavelet2-HH_glrlm_LowGrayLevelRunEmphasis,0.5664904935136248,positive_higher,0.0257812908790038,0.6617647058823529,0.46907817969661614,mann_whitney_u,0.00032810710367810626,0.0008831549540669027,1560,True,,False,42
,,t2_wavelet2-LL_firstorder_10Percentile,0.566487061569085,negative_higher,-275.38056802720195,0.79463243873979,0.3558823529411764,mann_whitney_u,0.00032834068043546003,0.0008832174997748217,1561,True,,False,42
,,adc_squareroot_gldm_LowGrayLevelEmphasis,0.5664664699018465,positive_higher,0.0009128917149454,0.8235294117647058,0.31271878646441076,mann_whitney_u,0.00032974541204113835,0.0008864282875548911,1562,True,,False,42
,,dwi_wavelet-LH_glszm_LowGrayLevelZoneEmphasis,0.5664218546228292,negative_higher,0.0647021498816918,0.5087514585764294,0.638235294117647,mann_whitney_u,0.00033280831311285127,0.0008940896396422665,1563,True,,False,42
,,t2_log-sigma-2-mm-3D_gldm_LargeDependenceHighGrayLevelEmphasis,0.5663978310110509,negative_higher,7057.805067181874,0.5262543757292882,0.5941176470588235,mann_whitney_u,0.00033446857423978315,0.0008979754112742003,1564,True,,False,42
,,adc_original_glrlm_LowGrayLevelRunEmphasis,0.5663017365639371,positive_higher,0.0029141883810651,0.7176470588235294,0.4037339556592765,mann_whitney_u,0.00034118742611498223,0.0009154287554356616,1565,True,,False,42
,,adc_wavelet-HL_ngtdm_Contrast,0.5662914407303178,positive_higher,0.0158887655855345,0.6323529411764706,0.5017502917152858,mann_whitney_u,0.00034191474439607816,0.0009162093246452663,1566,True,,False,42
,,t2_original_shape_Elongation,0.5662914407303178,negative_higher,0.8741709420885828,0.5810968494749125,0.5411764705882354,mann_whitney_u,0.00034191474439607816,0.0009162093246452663,1567,True,,False,42
,,t2_squareroot_glcm_Correlation,0.5662708490630792,positive_higher,0.937849999444398,0.4411764705882353,0.6942823803967328,mann_whitney_u,0.0003433737344357783,0.0009195320860305058,1568,True,,False,42
,,dwi_log-sigma-3-mm-3D_glcm_MaximumProbability,0.5662639851739997,negative_higher,0.4022321329668137,0.42473745624270715,0.6882352941176471,mann_whitney_u,0.00034386135726656957,0.0009202510128504306,1569,True,,False,42
,,dwi_wavelet2-HL_glcm_Contrast,0.56625712128492,positive_higher,1.3718748612269014,0.43823529411764706,0.6896149358226371,mann_whitney_u,0.00034434962782591195,0.0009209707562044613,1570,True,,False,42
,,dwi_wavelet-LH_glcm_Idm,0.5661267073924086,negative_higher,0.6940830886980025,0.632438739789965,0.4970588235294118,mann_whitney_u,0.00035375089705277473,0.0009455124231219612,1571,True,,False,42
,,t2_log-sigma-0-6-mm-3D_glrlm_ShortRunLowGrayLevelEmphasis,0.5661232754478688,positive_higher,0.0063522797009197,0.46176470588235297,0.6557759626604434,mann_whitney_u,0.00035400151046499986,0.000945580370510518,1572,True,,False,42
,,t2_logarithm_glcm_Autocorrelation,0.5660958198915506,negative_higher,438.53521501454384,0.9043173862310385,0.19999999999999996,mann_whitney_u,0.00035601240376622754,0.0009503471604668719,1573,True,,False,42
,,t2_wavelet2-HH_glszm_SmallAreaEmphasis,0.5660512046125334,negative_higher,0.5298054774669064,0.441073512252042,0.6705882352941177,mann_whitney_u,0.0003593029041570775,0.0009585215340251386,1574,True,,False,42
,,dwi_squareroot_firstorder_Entropy,0.566027181000755,positive_higher,3.554332552085098,0.2911764705882353,0.8401400233372229,mann_whitney_u,0.00036108647047871354,0.0009626679933588052,1575,True,,False,42
,,dwi_squareroot_glrlm_RunLengthNonUniformity,0.5660031573889766,negative_higher,1508.172854578935,0.49008168028004667,0.6352941176470588,mann_whitney_u,0.00036287831295903886,0.0009668312411897234,1576,True,,False,42
,,t2_wavelet2-LL_glcm_JointAverage,0.5681584185599561,negative_higher,42.388422773306885,0.6487747957992999,0.47352941176470587,t_test,0.00036437334771631183,0.0009695840855899515,1577,True,,False,42
,,t2_wavelet2-LL_glcm_SumAverage,0.5681584185599561,negative_higher,84.77684554661373,0.6487747957992999,0.47352941176470587,t_test,0.0003643733477163476,0.0009695840855899515,1578,True,,False,42
,,t2_exponential_firstorder_10Percentile,0.5659722698881187,negative_higher,0.3318472894351007,0.7164527421236873,0.42352941176470593,mann_whitney_u,0.0003651943282591881,0.0009711532516531545,1579,True,,False,42
,,adc_wavelet-HH_glrlm_LongRunHighGrayLevelEmphasis,0.5659688379435788,negative_higher,290.22195274038864,0.4305717619603267,0.6911764705882353,mann_whitney_u,0.0003654525146848706,0.0009712247526340327,1580,True,,False,42
,,dwi_wavelet-LH_glszm_SmallAreaHighGrayLevelEmphasis,0.5659619740544992,positive_higher,11.976247439671411,0.5911764705882353,0.5414235705950992,mann_whitney_u,0.0003659693996167572,0.0009719832441434305,1581,True,,False,42
,,t2_log-sigma-2-mm-3D_glszm_SmallAreaLowGrayLevelEmphasis,0.5659379504427209,positive_higher,0.0014886812498316,0.7970588235294118,0.30455075845974333,mann_whitney_u,0.0003677838846470498,0.0009755682448723702,1582,True,,False,42
,,t2_square_glszm_LargeAreaHighGrayLevelEmphasis,0.5659379504427209,negative_higher,138885.97940570756,0.5262543757292882,0.6088235294117648,mann_whitney_u,0.0003677838846470498,0.0009755682448723702,1583,True,,False,42
,,t2_original_firstorder_10Percentile,0.5659310865536413,negative_higher,-68.42401132496606,0.7759626604434072,0.37941176470588234,mann_whitney_u,0.00036830385174255664,0.0009763307281988608,1584,True,,False,42
,,t2_wavelet2-HH_glrlm_HighGrayLevelRunEmphasis,0.5658967671082435,negative_higher,12.534688951322554,0.47024504084014,0.6411764705882352,mann_whitney_u,0.00037091401227161896,0.0009826296135826676,1585,True,,False,42
,,adc_squareroot_glszm_ZoneVariance,0.565889903219164,negative_higher,7.258079641375815,0.6009334889148191,0.5235294117647059,mann_whitney_u,0.0003714381152566669,0.0009833976330156017,1586,True,,False,42
,,t2_wavelet2-HH_glszm_SizeZoneNonUniformityNormalized,0.5658658796073854,negative_higher,0.2618142361111111,0.441073512252042,0.6705882352941177,mann_whitney_u,0.00037327793273053055,0.0009876458976279129,1587,True,,False,42
,,adc_log-sigma-3-mm-3D_glrlm_LongRunHighGrayLevelEmphasis,0.5658624476628458,negative_higher,482.51241201496447,0.41656942823803966,0.6941176470588235,mann_whitney_u,0.00037354145815915083,0.000987720770031659,1588,True,,False,42
,,t2_logarithm_glcm_Correlation,0.5658452879401468,positive_higher,0.912265074790628,0.4676470588235294,0.6592765460910152,mann_whitney_u,0.0003748616960202357,0.0009905879556884642,1589,True,,False,42
,,t2_wavelet-HL_firstorder_MeanAbsoluteDeviation,0.5583018738417187,negative_higher,6.690041926221907,0.6102683780630105,0.4852941176470589,t_test,0.00037624222376315904,0.000993610753195915,1590,True,,False,42
,,dwi_original_glrlm_RunLengthNonUniformityNormalized,0.5658178323838287,positive_higher,0.4595418932140574,0.5,0.6277712952158694,mann_whitney_u,0.0003769831527880759,0.0009949417087096988,1591,True,,False,42
,,adc_original_glcm_MCC,0.5658041046056697,positive_higher,0.8218556631363987,0.4176470588235294,0.721120186697783,mann_whitney_u,0.00037804808462219404,0.0009971255699300207,1592,True,,False,42
,,dwi_wavelet2-HH_firstorder_Variance,0.5657286018257945,positive_higher,85.63119474672114,0.5,0.6254375729288215,mann_whitney_u,0.00038395564680113295,0.0010120714130056228,1593,True,,False,42
,,dwi_wavelet-LH_glrlm_ShortRunLowGrayLevelEmphasis,0.565721737936715,negative_higher,0.033965199192386,0.4515752625437573,0.6970588235294117,mann_whitney_u,0.0003844969544187071,0.0010128624288608225,1594,True,,False,42
,,t2_wavelet-HL_glcm_JointEntropy,0.5582023474500653,negative_higher,3.002929436956263,0.838973162193699,0.25,t_test,0.0003851248072816653,0.0010138802920223904,1595,True,,False,42
,,dwi_logarithm_glcm_MCC,0.5656977143249365,positive_higher,0.7892416489588466,0.4441176470588235,0.6931155192532088,mann_whitney_u,0.0003863971528316038,0.0010165925092355292,1596,True,,False,42
,,dwi_wavelet2-HL_firstorder_Maximum,0.5656839865467773,positive_higher,227.0095296211771,0.28823529411764703,0.8378063010501751,mann_whitney_u,0.0003874869171225108,0.0010188212680008908,1597,True,,False,42
,,t2_wavelet-HL_firstorder_Entropy,0.5582400988400028,negative_higher,1.6977513157659905,0.6732788798133023,0.4205882352941176,t_test,0.00038998086760070385,0.0010247369606103602,1598,True,,False,42
,,dwi_wavelet-HL_glcm_SumSquares,0.5656153476559819,positive_higher,0.6634799129460018,0.4441176470588235,0.6872812135355892,mann_whitney_u,0.00039297895336634446,0.0010319691214417013,1599,True,,False,42
,,t2_exponential_gldm_SmallDependenceLowGrayLevelEmphasis,0.5656084837669023,positive_higher,0.013371993679273,0.6058823529411764,0.5017502917152858,mann_whitney_u,0.00039353213918043523,0.0010327759077616548,1600,True,,False,42
,,adc_squareroot_glszm_LargeAreaEmphasis,0.5656050518223625,negative_higher,13.406857727737972,0.5752625437572929,0.55,mann_whitney_u,0.0003938090048616324,0.0010328569715265423,1601,True,,False,42
,,dwi_wavelet-LH_glszm_GrayLevelNonUniformity,0.5655930400164734,negative_higher,86.30379746835443,0.6721120186697783,0.43529411764705883,mann_whitney_u,0.0003947794594079642,0.0010344740449393871,1602,True,,False,42
,,dwi_wavelet-LH_glrlm_LongRunHighGrayLevelEmphasis,0.5655913240442034,positive_higher,137.38915391146773,0.6823529411764706,0.46557759626604434,mann_whitney_u,0.00039491828864916356,0.0010344740449393871,1603,True,,False,42
,,dwi_squareroot_glcm_SumSquares,0.5655741643215046,positive_higher,8.357939949020615,0.34411764705882353,0.7911318553092181,mann_whitney_u,0.00039630899904376737,0.001037469754978042,1604,True,,False,42
,,dwi_wavelet-HL_glszm_LowGrayLevelZoneEmphasis,0.5655141052920585,negative_higher,0.0469451434796924,0.662777129521587,0.4529411764705882,mann_whitney_u,0.0004012125929972263,0.00104965213582265,1605,True,,False,42
,,dwi_wavelet-LH_glcm_Id,0.5654952295970896,negative_higher,0.7085211584417122,0.632438739789965,0.4970588235294118,mann_whitney_u,0.00040276540380459005,0.0010530584872823622,1606,True,,False,42
,,dwi_wavelet2-HH_glrlm_ShortRunHighGrayLevelEmphasis,0.565474637929851,positive_higher,3.5951881667450154,0.4323529411764706,0.6872812135355892,mann_whitney_u,0.0004044657710654217,0.001056846156007284,1607,True,,False,42
,,adc_square_glrlm_LowGrayLevelRunEmphasis,0.5654643420962318,positive_higher,0.0197240056157456,0.6911764705882353,0.4434072345390898,mann_whitney_u,0.0004053184671830392,0.0010584155744412821,1608,True,,False,42
,,dwi_wavelet2-LL_glcm_InverseVariance,0.5654368865399135,negative_higher,0.372344353918881,0.5624270711785297,0.5558823529411765,mann_whitney_u,0.00040760054039121267,0.0010637132809836556,1609,True,,False,42
,,dwi_log-sigma-0-6-mm-3D_ngtdm_Complexity,0.5654162948726749,positive_higher,3.4970633928631485,0.47352941176470587,0.6406067677946324,mann_whitney_u,0.00040931996555265546,0.0010675369784817394,1610,True,,False,42
,,adc_original_firstorder_Entropy,0.5654059990390555,positive_higher,4.0822737129349935,0.6617647058823529,0.4574095682613769,mann_whitney_u,0.0004101822165139837,0.0010691217424843064,1611,True,,False,42
,,t2_wavelet-HL_glcm_Idn,0.5653854073718169,negative_higher,0.9690177042721908,0.23570595099183198,0.8735294117647059,mann_whitney_u,0.0004119118105201929,0.0010729638290163089,1612,True,,False,42
,,dwi_squareroot_glcm_ClusterTendency,0.5653407920927997,positive_higher,29.51342512713623,0.3411764705882353,0.7911318553092181,mann_whitney_u,0.0004156826589498857,0.001082114993757328,1613,True,,False,42
,,adc_log-sigma-2-mm-3D_glrlm_LongRunHighGrayLevelEmphasis,0.5653167684810213,negative_higher,449.6396209899919,0.34305717619603265,0.7647058823529411,mann_whitney_u,0.00041772644536737833,0.0010867616754012526,1614,True,,False,42
,,adc_squareroot_firstorder_MeanAbsoluteDeviation,0.565306472647402,positive_higher,192.1035436665632,0.4676470588235294,0.6452742123687281,mann_whitney_u,0.0004186052233735977,0.0010883735807713539,1615,True,,False,42
,,t2_wavelet-HL_glcm_DifferenceVariance,0.5653030407028623,negative_higher,0.6299947228950404,0.38739789964994165,0.7205882352941176,mann_whitney_u,0.0004188985328260027,0.001088462214935882,1616,True,,False,42
,,dwi_wavelet-HL_glcm_SumEntropy,0.5652824490356235,positive_higher,2.14910127785865,0.4852941176470588,0.6429404900816803,mann_whitney_u,0.0004206624238513599,0.0010923695224192085,1617,True,,False,42
,,dwi_wavelet2-HL_glcm_DifferenceEntropy,0.5652790170910837,positive_higher,1.482421803243536,0.47941176470588237,0.6499416569428238,mann_whitney_u,0.00042095707915333077,0.0010924590700647934,1618,True,,False,42
,,dwi_wavelet2-HL_glcm_SumEntropy,0.5652687212574644,positive_higher,2.590284556929005,0.5588235294117647,0.5752625437572929,mann_whitney_u,0.00042184220188578686,0.0010940799294122414,1619,True,,False,42
,,dwi_squareroot_glcm_SumEntropy,0.5649495504152653,positive_higher,4.282127189475991,0.36470588235294116,0.7619603267211201,t_test,0.00042373420178879427,0.0010983085884636711,1620,True,,False,42
,,adc_wavelet-HL_glcm_Idmn,0.5652138101448281,negative_higher,0.9907007549800472,0.6266044340723453,0.5,mann_whitney_u,0.0004265922804942261,0.0011050345378132358,1621,True,,False,42
,,dwi_wavelet2-HH_glszm_GrayLevelNonUniformityNormalized,0.5652035143112087,negative_higher,0.4894111570247934,0.41540256709451573,0.6794117647058824,mann_whitney_u,0.0004274847252770658,0.0011066636013800243,1622,True,,False,42
,,dwi_log-sigma-0-6-mm-3D_glszm_SmallAreaHighGrayLevelEmphasis,0.5651760587548905,positive_higher,1.4365107354841098,0.7676470588235295,0.34422403733955664,mann_whitney_u,0.0004298868793454791,0.0011121965535253646,1623,True,,False,42
,,dwi_wavelet-HL_glrlm_GrayLevelVariance,0.5651588990321916,positive_higher,1.0665241791931568,0.3764705882352941,0.7537922987164527,mann_whitney_u,0.00043139226415249594,0.0011154040130396123,1624,True,,False,42
,,dwi_wavelet-HL_glcm_Autocorrelation,0.5651039879195552,positive_higher,30.095177472766824,0.45294117647058824,0.6849474912485414,mann_whitney_u,0.0004362426344850814,0.0011272509675094502,1625,True,,False,42
,,adc_squareroot_glszm_ZonePercentage,0.5650679525018875,positive_higher,0.398989898989899,0.6441176470588236,0.47374562427071176,mann_whitney_u,0.00043945329641455097,0.0011348489493509836,1626,True,,False,42
,,dwi_wavelet-HL_gldm_GrayLevelVariance,0.5650044615279017,positive_higher,0.7550202299667708,0.4088235294117647,0.7199533255542591,mann_whitney_u,0.00044516393398047645,0.0011488895874517645,1627,True,,False,42
,,dwi_squareroot_gldm_DependenceEntropy,0.5649907337497426,positive_higher,5.796464379694481,0.4323529411764706,0.7106184364060677,mann_whitney_u,0.0004464077370031948,0.0011513919457471836,1628,True,,False,42
,,dwi_square_firstorder_90Percentile,0.5649667101379641,positive_higher,114.01635968008593,0.3735294117647059,0.7572928821470245,mann_whitney_u,0.00044859220033649326,0.001156315929535258,1629,True,,False,42
,,adc_logarithm_gldm_SmallDependenceEmphasis,0.5649529823598051,positive_higher,0.1027455975544851,0.7970588235294118,0.32438739789965,mann_whitney_u,0.000449844940198934,0.0011588336833713642,1630,True,,False,42
,,adc_squareroot_firstorder_Mean,0.5649323906925664,negative_higher,2091.820945248417,0.5974329054842473,0.5264705882352941,mann_whitney_u,0.00045173017311002985,0.0011629766995027685,1631,True,,False,42
,,adc_wavelet-LH_glszm_ZoneVariance,0.5649049351362482,negative_higher,10.157963789436224,0.42123687281213534,0.7147058823529412,mann_whitney_u,0.00045425528787586386,0.0011687610010972748,1632,True,,False,42
,,t2_wavelet-LH_gldm_SmallDependenceHighGrayLevelEmphasis,0.5649015031917084,negative_higher,9.31986049001576,0.4387397899649942,0.6705882352941177,mann_whitney_u,0.00045457185174598773,0.0011688592807601976,1633,True,,False,42
,,adc_log-sigma-2-mm-3D_glszm_SmallAreaLowGrayLevelEmphasis,0.5648740476353902,positive_higher,0.0051827439206087,0.7735294117647059,0.33022170361726955,mann_whitney_u,0.0004571117839750487,0.0011725182534582954,1634,True,,False,42
,,dwi_wavelet-HL_glcm_JointAverage,0.5648740476353902,positive_higher,5.477481460205488,0.45588235294117646,0.6861143523920654,mann_whitney_u,0.0004571117839750487,0.0011725182534582954,1635,True,,False,42
,,dwi_wavelet-HL_glcm_SumAverage,0.5648740476353902,positive_higher,10.95496292041098,0.45588235294117646,0.6861143523920654,mann_whitney_u,0.0004571117839750487,0.0011725182534582954,1636,True,,False,42
,,t2_log-sigma-3-mm-3D_glrlm_LowGrayLevelRunEmphasis,0.5648740476353902,positive_higher,0.0199037368966857,0.25882352941176473,0.852975495915986,mann_whitney_u,0.0004571117839750487,0.0011725182534582954,1637,True,,False,42
,,dwi_wavelet2-HL_glrlm_RunLengthNonUniformityNormalized,0.5648671837463106,positive_higher,0.3746939149008832,0.5823529411764706,0.5542590431738623,mann_whitney_u,0.0004577488330137001,0.001173435500503374,1638,True,,False,42
,,t2_square_glcm_JointEnergy,0.5648534559681515,negative_higher,0.5260126786763571,0.41656942823803966,0.711764705882353,mann_whitney_u,0.0004590254171827859,0.001175990071232775,1639,True,,False,42
,,adc_square_firstorder_Kurtosis,0.5648328643009128,negative_higher,4.133090802607208,0.6102683780630105,0.5147058823529411,mann_whitney_u,0.000460946523521488,0.0011801917391870292,1640,True,,False,42
,,t2_squareroot_glcm_InverseVariance,0.5622554739515409,positive_higher,0.3873990917072444,0.65,0.46674445740956827,t_test,0.0004620124403751562,0.0011822000226296655,1641,True,,False,42
,,dwi_wavelet2-LL_firstorder_Entropy,0.5647985448555153,positive_higher,4.652511886574326,0.5088235294117647,0.6254375729288215,mann_whitney_u,0.00046416504719885393,0.0011862623452148435,1642,True,,False,42
,,dwi_log-sigma-0-6-mm-3D_firstorder_MeanAbsoluteDeviation,0.5647985448555152,positive_higher,6.5374657820569,0.5147058823529411,0.6242707117852975,mann_whitney_u,0.00046416504719885393,0.0011862623452148435,1643,True,,False,42
,,adc_squareroot_glcm_JointEntropy,0.5647367698537992,positive_higher,6.596319277340282,0.6882352941176471,0.4317386231038507,mann_whitney_u,0.0004700112875325397,0.0012004728688255074,1644,True,,False,42
,,adc_squareroot_glszm_LowGrayLevelZoneEmphasis,0.5647333379092594,positive_higher,0.0015942640767279,0.7558823529411764,0.37689614935822635,mann_whitney_u,0.0004703380843358481,0.001200577274240867,1645,True,,False,42
,,t2_wavelet-HL_glcm_SumEntropy,0.5569668474157459,negative_higher,2.202402930705037,0.8774795799299884,0.21764705882352942,t_test,0.0004714147418454483,0.0012025944720589535,1646,True,,False,42
,,adc_logarithm_firstorder_10Percentile,0.564709314297481,negative_higher,2744.4872330189587,0.704784130688448,0.4294117647058824,mann_whitney_u,0.0004726316039893572,0.00120496666979436,1647,True,,False,42
,,adc_log-sigma-3-mm-3D_glszm_ZoneVariance,0.5647058823529412,negative_higher,58.8206558284878,0.3372228704784131,0.8117647058823529,mann_whitney_u,0.00047296010003282813,0.001205072487887042,1648,True,,False,42
,,adc_logarithm_glcm_MCC,0.5646269476285263,positive_higher,0.8256385807456225,0.2852941176470588,0.8354725787631272,mann_whitney_u,0.0004805745472916197,0.0012237310637219594,1649,True,,False,42
,,dwi_wavelet-HL_gldm_HighGrayLevelEmphasis,0.5646063559612877,positive_higher,30.556630918127127,0.45294117647058824,0.6826137689614935,mann_whitney_u,0.000482579645736053,0.0012280920802701131,1650,True,,False,42
,,dwi_original_gldm_DependenceEntropy,0.56456860457135,positive_higher,6.025259864653941,0.19411764705882353,0.9463243873978997,mann_whitney_u,0.0004862759390826627,0.0012367490419188981,1651,True,,False,42
,,adc_original_glszm_GrayLevelNonUniformityNormalized,0.5644896698469353,negative_higher,0.0642141692636195,0.485414235705951,0.6411764705882352,mann_whitney_u,0.0004940900322417066,0.0012558620129436598,1652,True,,False,42
,,dwi_square_firstorder_Entropy,0.5644707941519665,positive_higher,2.037805493883749,0.32941176470588235,0.7771295215869312,mann_whitney_u,0.000495964951536849,0.0012598649918349842,1653,True,,False,42
,,dwi_wavelet2-LL_glcm_SumEntropy,0.5644553504015376,positive_higher,5.6816679557038325,0.47058823529411764,0.6721120186697783,mann_whitney_u,0.0004975238512632227,0.0012630608533580846,1654,True,,False,42
,,adc_wavelet-HH_glcm_Idmn,0.5644244629006795,negative_higher,0.9882032888394792,0.7432905484247374,0.37941176470588234,mann_whitney_u,0.0005006333005684297,0.0012701868453696898,1655,True,,False,42
,,t2_logarithm_glcm_JointAverage,0.5643832795662022,negative_higher,25.05639690178596,0.6079346557759626,0.5029411764705882,mann_whitney_u,0.0005048074229231918,0.0012792313632193617,1656,True,,False,42
,,t2_logarithm_glcm_SumAverage,0.5643832795662022,negative_higher,50.112793803571904,0.6079346557759626,0.5029411764705882,mann_whitney_u,0.0005048074229231918,0.0012792313632193617,1657,True,,False,42
,,t2_wavelet-HL_glcm_Contrast,0.564355824009884,negative_higher,1.1060737934614664,0.3897316219369895,0.7205882352941176,mann_whitney_u,0.0005076081722223172,0.001285550401458428,1658,True,,False,42
,,t2_original_glcm_JointAverage,0.5685771157938088,negative_higher,11.094576864975366,0.7199533255542591,0.41470588235294115,t_test,0.0005082194966470566,0.001285550401458428,1659,True,,False,42
,,t2_original_glcm_SumAverage,0.5685771157938088,negative_higher,22.18915372995072,0.7199533255542591,0.41470588235294115,t_test,0.0005082194966470566,0.001285550401458428,1660,True,,False,42
,,dwi_log-sigma-0-6-mm-3D_firstorder_10Percentile,0.5643386642871852,negative_higher,-11.280277729034424,0.6254375729288215,0.5088235294117647,mann_whitney_u,0.0005093659895891155,0.0012876747683833209,1661,True,,False,42
,,t2_square_glrlm_LongRunEmphasis,0.5642597295627703,negative_higher,113.97443765476017,0.5705950991831972,0.5558823529411765,mann_whitney_u,0.0005175252803012869,0.0013075142310379683,1662,True,,False,42
,,dwi_wavelet2-HL_firstorder_Entropy,0.5642528656736907,positive_higher,1.85201033482059,0.5588235294117647,0.5647607934655776,mann_whitney_u,0.0005182405109538017,0.0013085339179164243,1663,True,,False,42
,,dwi_wavelet2-LH_firstorder_InterquartileRange,0.5642391378955316,positive_higher,41.32836874390838,0.5264705882352941,0.6102683780630105,mann_whitney_u,0.0005196737369915903,0.001311364195689716,1664,True,,False,42
,,adc_wavelet-LH_firstorder_Minimum,0.5641224517811791,positive_higher,-841.0746888068574,0.5882352941176471,0.5484247374562428,mann_whitney_u,0.0005320061699940579,0.0013416780227057353,1665,True,,False,42
,,dwi_wavelet-HL_glszm_HighGrayLevelZoneEmphasis,0.5640761205298922,positive_higher,41.84615384615385,0.35294117647058826,0.7701283547257877,mann_whitney_u,0.000536978058877723,0.0013534038830897712,1666,True,,False,42
,,dwi_squareroot_glszm_ZonePercentage,0.5640366531676848,positive_higher,0.3607718980853309,0.2911764705882353,0.8284714119019837,mann_whitney_u,0.0005412475292673617,0.0013633463559649982,1667,True,,False,42
,,t2_log-sigma-0-6-mm-3D_firstorder_RobustMeanAbsoluteDeviation,0.5569496876930469,negative_higher,5.664803467947763,0.8144690781796966,0.2823529411764706,t_test,0.0005517169789910809,0.0013883221617144168,1668,True,,False,42
,,adc_wavelet-LH_ngtdm_Complexity,0.5639371267760314,negative_higher,561.7517975536592,0.5519253208868145,0.5647058823529412,mann_whitney_u,0.000552154801158151,0.0013883221617144168,1669,True,,False,42
,,dwi_wavelet2-HL_glrlm_ShortRunEmphasis,0.5639371267760313,positive_higher,0.6716738208675406,0.46176470588235297,0.6709451575262544,mann_whitney_u,0.000552154801158151,0.0013883221617144168,1670,True,,False,42
,,t2_wavelet-HL_glrlm_GrayLevelVariance,0.5639233989978721,negative_higher,0.9701633899824544,0.6312718786464411,0.47058823529411764,mann_whitney_u,0.0005536752199290892,0.001391311938050416,1671,True,,False,42
,,dwi_wavelet-HL_glrlm_LowGrayLevelRunEmphasis,0.5638822156633949,negative_higher,0.0393523622659055,0.6382730455075846,0.47352941176470587,mann_whitney_u,0.0005582599068314446,0.0014019936296562417,1672,True,,False,42
,,dwi_log-sigma-0-6-mm-3D_glcm_DifferenceEntropy,0.5638684878852358,positive_higher,1.1111322797872765,0.25,0.8716452742123687,mann_whitney_u,0.0005597959765862745,0.0014050109418324965,1673,True,,False,42
,,adc_squareroot_glcm_Idmn,0.5638376003843778,negative_higher,0.9950861426492084,0.48774795799299886,0.6323529411764706,mann_whitney_u,0.0005632665376443897,0.001412877055895336,1674,True,,False,42
,,dwi_wavelet-HL_gldm_LowGrayLevelEmphasis,0.5637483698263437,negative_higher,0.0246416798901771,0.8074679113185531,0.3058823529411765,mann_whitney_u,0.0005734054919791379,0.0014374505437733732,1675,True,,False,42
,,dwi_wavelet2-HH_firstorder_90Percentile,0.5637380739927242,positive_higher,10.09551749518829,0.5235294117647059,0.6009334889148191,mann_whitney_u,0.0005745862442946817,0.0014386926892029626,1676,True,,False,42
,,dwi_wavelet2-LH_gldm_SmallDependenceLowGrayLevelEmphasis,0.5637380739927242,negative_higher,0.0050152541632839,0.38506417736289383,0.7441176470588236,mann_whitney_u,0.0005745862442946817,0.0014386926892029626,1677,True,,False,42
,,adc_wavelet-HL_glszm_LargeAreaHighGrayLevelEmphasis,0.5637346420481845,negative_higher,3773.6537775133847,0.6277712952158693,0.4852941176470589,mann_whitney_u,0.0005749803312352848,0.0014388214605822174,1678,True,,False,42
,,dwi_squareroot_glszm_LargeAreaEmphasis,0.5637037545473265,negative_higher,18.74451754385965,0.8483080513418904,0.2617647058823529,mann_whitney_u,0.0005785384561987249,0.001446863000344518,1679,True,,False,42
,,t2_wavelet-LH_glrlm_LongRunLowGrayLevelEmphasis,0.5636865948246277,positive_higher,0.0802471852601171,0.6235294117647059,0.4889148191365228,mann_whitney_u,0.0005805240400501841,0.0014509645501016208,1680,True,,False,42
,,dwi_wavelet2-HL_glrlm_RunLengthNonUniformity,0.563635115656531,negative_higher,1346.691262696087,0.3558926487747958,0.7617647058823529,mann_whitney_u,0.0005865189253342794,0.0014650761258052584,1681,True,,False,42
,,t2_log-sigma-2-mm-3D_glcm_Idmn,0.5636076601002128,negative_higher,0.998991913487024,0.5472578763127188,0.5529411764705883,mann_whitney_u,0.0005897397139613602,0.0014722455760545492,1682,True,,False,42
,,dwi_wavelet2-LH_glrlm_RunLengthNonUniformity,0.5635939323220537,negative_higher,1692.312017120154,0.338389731621937,0.7735294117647059,mann_whitney_u,0.0005913562752869911,0.0014754040403624931,1683,True,,False,42
,,adc_logarithm_glrlm_LongRunHighGrayLevelEmphasis,0.563542453153957,negative_higher,28480.96929806742,0.3652275379229872,0.7705882352941177,mann_whitney_u,0.0005974551895987579,0.0014897353569626986,1684,True,,False,42
,,dwi_wavelet2-HH_firstorder_MeanAbsoluteDeviation,0.5635252934312582,positive_higher,6.475111742293815,0.5235294117647059,0.6009334889148191,mann_whitney_u,0.0005995011369475154,0.0014939497175327104,1685,True,,False,42
,,dwi_wavelet-HL_firstorder_Range,0.5635149975976388,positive_higher,322.016776298015,0.4323529411764706,0.690781796966161,mann_whitney_u,0.0006007318335054767,0.001496128688546558,1686,True,,False,42
,,adc_wavelet2-HH_glszm_SmallAreaEmphasis,0.563511565653099,negative_higher,0.6203776219747933,0.38506417736289383,0.7264705882352941,mann_whitney_u,0.0006011425879608841,0.0014962642127135462,1687,True,,False,42
,,dwi_log-sigma-0-6-mm-3D_gldm_LargeDependenceEmphasis,0.5634532225959229,negative_higher,28.20749249715409,0.6639439906651109,0.4676470588235294,mann_whitney_u,0.0006081655305300014,0.0015128477859570355,1688,True,,False,42
,,adc_squareroot_gldm_DependenceEntropy,0.563418903150525,positive_higher,6.276372003651631,0.3235294117647059,0.7876312718786465,mann_whitney_u,0.0006123322632099452,0.001522310937370373,1689,True,,False,42
,,dwi_original_glcm_Idn,0.5739446770540187,positive_higher,0.956143464770184,0.4,0.7421236872812136,t_test,0.0006132079341270048,0.0015235858671001734,1690,True,,False,42
,,adc_original_glcm_JointEnergy,0.5633983114832865,negative_higher,0.0107188324765658,0.38273045507584597,0.7411764705882353,mann_whitney_u,0.0006148450381824302,0.0015267500386327761,1691,True,,False,42
,,dwi_wavelet2-HL_glszm_SmallAreaEmphasis,0.5633948795387467,positive_higher,0.4850448987784688,0.31176470588235294,0.8191365227537923,mann_whitney_u,0.0006152647656929881,0.0015268893328279297,1692,True,,False,42
,,adc_wavelet-LH_glszm_HighGrayLevelZoneEmphasis,0.563374287871508,negative_higher,218.2437006393381,0.5507584597432905,0.5852941176470587,mann_whitney_u,0.0006177887349357847,0.0015322474294124984,1693,True,,False,42
,,t2_wavelet-HL_firstorder_Uniformity,0.5566957237971034,positive_higher,0.4075982764894322,0.2088235294117647,0.8856476079346558,t_test,0.0006238612104743971,0.0015463950547709524,1694,True,,False,42
,,dwi_wavelet2-HL_glcm_JointEntropy,0.5632919212025534,positive_higher,3.812597494351701,0.47058823529411764,0.6557759626604434,mann_whitney_u,0.0006279812622433983,0.001555689274430696,1695,True,,False,42
,,adc_wavelet-HL_gldm_SmallDependenceLowGrayLevelEmphasis,0.5632267142562976,positive_higher,0.0016457873756148,0.8382352941176471,0.28354725787631274,mann_whitney_u,0.0006361610623000813,0.0015750237621450717,1696,True,,False,42
,,t2_square_firstorder_Uniformity,0.5632232823117579,negative_higher,0.6041419026013166,0.39323220536756126,0.7382352941176471,mann_whitney_u,0.0006365943115088612,0.0015751676570569877,1697,True,,False,42
,,dwi_wavelet2-LH_glcm_MaximumProbability,0.563219850367218,negative_higher,0.1906503562004402,0.6137689614935823,0.5117647058823529,mann_whitney_u,0.0006370278351687459,0.001575312061174066,1698,True,,False,42
,,dwi_wavelet-HL_ngtdm_Complexity,0.563175235088201,positive_higher,36.51164911949881,0.3205882352941177,0.8098016336056009,mann_whitney_u,0.0006426886902288489,0.0015883754033378084,1699,True,,False,42
,,t2_log-sigma-3-mm-3D_gldm_LowGrayLevelEmphasis,0.5631615073100418,positive_higher,0.0174728002926093,0.29705882352941176,0.823803967327888,mann_whitney_u,0.0006444398827397477,0.001591766510367177,1700,True,,False,42
,,adc_wavelet2-HH_glszm_SizeZoneNonUniformityNormalized,0.5631203239755646,negative_higher,0.3510032671710245,0.4457409568261377,0.6647058823529413,mann_whitney_u,0.0006497201245690246,0.001603865257534,1701,True,,False,42
,,dwi_wavelet2-LL_gldm_SmallDependenceEmphasis,0.5631065961974054,positive_higher,0.4325104041728849,0.5352941176470588,0.5834305717619603,mann_whitney_u,0.0006514891275979037,0.0016072872190267906,1702,True,,False,42
,,t2_log-sigma-3-mm-3D_glszm_LowGrayLevelZoneEmphasis,0.5630894364747066,positive_higher,0.0148054061239982,0.7352941176470589,0.36639439906651106,mann_whitney_u,0.0006537066803793823,0.0016118111279583242,1703,True,,False,42
,,adc_original_glszm_LowGrayLevelZoneEmphasis,0.5629864781385134,positive_higher,0.0040920111982831,0.5676470588235294,0.5414235705950992,mann_whitney_u,0.0006671600823681705,0.0016420897924173201,1704,True,,False,42
,,dwi_squareroot_glszm_ZoneVariance,0.5629864781385133,negative_higher,92.56388117283952,0.574095682613769,0.5352941176470588,mann_whitney_u,0.0006671600823681705,0.0016420897924173201,1705,True,,False,42
,,dwi_square_firstorder_Mean,0.5629864781385132,positive_higher,63.32680857035913,0.3088235294117647,0.8016336056009334,mann_whitney_u,0.0006671600823681705,0.0016420897924173201,1706,True,,False,42
,,t2_square_gldm_LowGrayLevelEmphasis,0.5629452948040359,negative_higher,0.7945637445032977,0.43990665110851807,0.6882352941176471,mann_whitney_u,0.0006726131696781336,0.0016545417102978809,1707,True,,False,42
,,t2_wavelet-HL_glcm_Idm,0.5568535932459331,positive_higher,0.7024641688333184,0.7205882352941176,0.3652275379229871,t_test,0.0006732337650138644,0.0016550986998203844,1708,True,,False,42
,,adc_log-sigma-3-mm-3D_firstorder_Kurtosis,0.5628389045233029,negative_higher,4.005742804261133,0.36989498249708286,0.7294117647058824,mann_whitney_u,0.0006868926957239773,0.0016876901283469751,1709,True,,False,42
,,dwi_original_glrlm_RunLengthNonUniformity,0.5628183128560642,negative_higher,1404.772711191866,0.4364060676779463,0.6735294117647059,mann_whitney_u,0.0006896888173452513,0.0016935692070366728,1710,True,,False,42
,,dwi_wavelet-HH_glcm_ClusterTendency,0.5627599697988881,positive_higher,0.57113548423989,0.40588235294117647,0.7152858809801634,mann_whitney_u,0.0006976687173810003,0.0017121630299724256,1711,True,,False,42
,,dwi_original_glcm_Idm,0.5627325142425699,negative_higher,0.6630944354205404,0.6336056009334889,0.5,mann_whitney_u,0.0007014535798098546,0.0017204460173023245,1712,True,,False,42
,,t2_wavelet2-HL_glcm_ClusterProminence,0.562715354519871,negative_higher,177.0543388875726,0.6266044340723453,0.4911764705882353,mann_whitney_u,0.0007038287991831489,0.0017252639391535565,1713,True,,False,42
,,dwi_square_glrlm_LowGrayLevelRunEmphasis,0.5627033427139818,negative_higher,0.631287132770675,0.38273045507584597,0.7205882352941176,mann_whitney_u,0.000705481131165943,0.0017283052915786433,1714,True,,False,42
,,adc_square_glszm_SmallAreaLowGrayLevelEmphasis,0.5626810350744732,positive_higher,0.0128296445770882,0.49117647058823527,0.6242707117852975,mann_whitney_u,0.00070860167566471,0.001734937863624558,1715,True,,False,42
,,t2_wavelet2-LH_ngtdm_Complexity,0.5626329878509164,negative_higher,184.3476134497893,0.4130688448074679,0.6970588235294117,mann_whitney_u,0.0007153342426429778,0.0017504012149521353,1716,True,,False,42
,,dwi_wavelet-HL_gldm_DependenceEntropy,0.5625986684055186,positive_higher,4.260222382143317,0.49117647058823527,0.6312718786464411,mann_whitney_u,0.000720179554110577,0.0017612311867852726,1717,True,,False,42
,,t2_log-sigma-3-mm-3D_glrlm_ShortRunHighGrayLevelEmphasis,0.5625609170155811,negative_higher,21.20789217337872,0.7817969661610268,0.3382352941176471,mann_whitney_u,0.0007255446035103739,0.001772287254299046,1718,True,,False,42
,,dwi_squareroot_gldm_GrayLevelVariance,0.562560917015581,positive_higher,8.592290211261679,0.36176470588235293,0.7689614935822637,mann_whitney_u,0.0007255446035103739,0.001772287254299046,1719,True,,False,42
,,dwi_squareroot_glszm_GrayLevelNonUniformityNormalized,0.5624648225684672,negative_higher,0.0872734976343478,0.8039673278879813,0.32352941176470584,mann_whitney_u,0.0007393690880095006,0.0018050062793906357,1720,True,,False,42
,,dwi_squareroot_firstorder_Variance,0.5624305031230694,positive_higher,11732.649689414797,0.3588235294117647,0.7701283547257877,mann_whitney_u,0.0007443654117334356,0.0018161478000399166,1721,True,,False,42
,,adc_original_firstorder_MeanAbsoluteDeviation,0.5624133434003706,positive_higher,182.28886923298373,0.7941176470588235,0.3173862310385064,mann_whitney_u,0.0007468753154402777,0.0018201563839429634,1722,True,,False,42
,,dwi_wavelet2-HH_glrlm_RunLengthNonUniformityNormalized,0.5624133434003706,positive_higher,0.3525194392750473,0.7764705882352941,0.3313885647607935,mann_whitney_u,0.0007468753154402777,0.0018201563839429634,1723,True,,False,42
,,dwi_squareroot_glrlm_GrayLevelNonUniformityNormalized,0.5624099114558309,negative_higher,0.1351436298677479,0.6137689614935823,0.5117647058823529,mann_whitney_u,0.0007473782383897145,0.001820325535381909,1724,True,,False,42
,,adc_log-sigma-0-6-mm-3D_ngtdm_Contrast,0.5624030475667514,positive_higher,0.0077794162223771,0.6647058823529411,0.4539089848308051,mann_whitney_u,0.0007483850279301491,0.0018217210042195341,1725,True,,False,42
,,dwi_wavelet2-HL_glcm_DifferenceAverage,0.5623858878440524,positive_higher,0.754689962829805,0.45,0.6779463243873979,mann_whitney_u,0.000750907514732746,0.001826802233118656,1726,True,,False,42
,,t2_square_firstorder_InterquartileRange,0.5623687281213535,positive_higher,10.455245445548885,0.7176470588235294,0.40840140023337224,mann_whitney_u,0.0007534378951578466,0.0018318967699871443,1727,True,,False,42
,,dwi_wavelet-HL_glcm_Id,0.5623447045095751,negative_higher,0.7372257119692684,0.6651108518086347,0.44999999999999996,mann_whitney_u,0.000756993731927813,0.0018394772455815318,1728,True,,False,42
,,dwi_log-sigma-2-mm-3D_glcm_MaximumProbability,0.5623412725650354,negative_higher,0.3249681412809598,0.5320886814469078,0.5823529411764705,mann_whitney_u,0.0007575029788041683,0.0018396500913815518,1729,True,,False,42
,,dwi_log-sigma-0-6-mm-3D_ngtdm_Contrast,0.5622932253414784,negative_higher,0.0969302070570661,0.31505250875145857,0.788235294117647,mann_whitney_u,0.0007646659172375695,0.0018559723621274882,1730,True,,False,42
,,dwi_wavelet-HL_firstorder_Entropy,0.5622829295078591,positive_higher,1.5081161843907214,0.5,0.6231038506417736,mann_whitney_u,0.0007662089918146047,0.00185864330250117,1731,True,,False,42
,,t2_log-sigma-0-6-mm-3D_firstorder_MeanAbsoluteDeviation,0.554801290411147,negative_higher,9.289647782999907,0.7957992998833139,0.31176470588235294,t_test,0.0007744734165635467,0.0018776061640590834,1732,True,,False,42
,,t2_log-sigma-0-6-mm-3D_glcm_Idmn,0.562224586450683,negative_higher,0.997477517766856,0.46091015169194866,0.6529411764705882,mann_whitney_u,0.0007750078275582692,0.001877817581025489,1733,True,,False,42
,,adc_wavelet2-LL_firstorder_MeanAbsoluteDeviation,0.5622039947834443,positive_higher,698.0251754102504,0.7529411764705882,0.35239206534422407,mann_whitney_u,0.0007781356293724863,0.0018843088279902364,1734,True,,False,42
,,dwi_wavelet-LH_firstorder_90Percentile,0.5621422197817283,positive_higher,27.18774812784668,0.5264705882352941,0.6021003500583431,mann_whitney_u,0.0007875894833660857,0.0019061027323655296,1735,True,,False,42
,,dwi_log-sigma-3-mm-3D_firstorder_RootMeanSquared,0.5621147642254101,negative_higher,283.10709140014086,0.7887981330221704,0.3529411764705882,mann_whitney_u,0.0007918253219054198,0.0019152503033875907,1736,True,,False,42
,,adc_logarithm_glrlm_ShortRunLowGrayLevelEmphasis,0.5621113322808703,positive_higher,0.0006747376685795,0.85,0.27771295215869307,mann_whitney_u,0.0007923562858647946,0.001915431228754331,1737,True,,False,42
,,t2_wavelet-HL_glcm_SumSquares,0.5621010364472511,negative_higher,0.541377822413109,0.8763127187864644,0.22941176470588232,mann_whitney_u,0.0007939511610904768,0.0019181823506437927,1738,True,,False,42
,,t2_wavelet-HL_firstorder_Variance,0.562025533667376,negative_higher,81.50947231646576,0.6849474912485414,0.41764705882352937,mann_whitney_u,0.0008057382641213923,0.0019455405238905843,1739,True,,False,42
,,dwi_wavelet2-HH_glcm_DifferenceEntropy,0.5620083739446771,positive_higher,1.02367731341171,0.4441176470588235,0.6779463243873979,mann_whitney_u,0.0008084397011432755,0.0019509415546555252,1740,True,,False,42
,,adc_wavelet2-LL_firstorder_Mean,0.56196375866566,negative_higher,5528.711563350102,0.5192532088681447,0.6029411764705883,mann_whitney_u,0.0008155028199410576,0.001966856025808444,1741,True,,False,42
,,adc_wavelet-LH_glcm_JointAverage,0.5618882558857848,negative_higher,14.37815272954667,0.5670945157526255,0.5588235294117647,mann_whitney_u,0.0008275863636820021,0.001993709203155896,1742,True,,False,42
,,adc_wavelet-LH_glcm_SumAverage,0.5618882558857848,negative_higher,28.756305459093348,0.5670945157526255,0.5588235294117647,mann_whitney_u,0.0008275863636820021,0.001993709203155896,1743,True,,False,42
,,dwi_wavelet2-HL_gldm_DependenceEntropy,0.5618779600521655,positive_higher,5.095596841290161,0.3,0.8144690781796966,mann_whitney_u,0.000829246929136285,0.0019965641372954477,1744,True,,False,42
,,adc_original_firstorder_Mean,0.5618676642185462,negative_higher,1360.369917293004,0.588098016336056,0.5323529411764706,mann_whitney_u,0.0008309105850954725,0.0019994232359976443,1745,True,,False,42
,,adc_wavelet-LH_glrlm_HighGrayLevelRunEmphasis,0.5618642322740065,negative_higher,214.14156961428176,0.5542590431738623,0.5735294117647058,mann_whitney_u,0.0008314658247655208,0.001999613401025442,1746,True,,False,42
,,adc_log-sigma-2-mm-3D_glrlm_ShortRunLowGrayLevelEmphasis,0.5618608003294667,positive_higher,0.0082573711329858,0.5411764705882353,0.574095682613769,mann_whitney_u,0.0008320214086008496,0.001999804175566667,1747,True,,False,42
,,dwi_squareroot_gldm_SmallDependenceEmphasis,0.5618573683849268,positive_higher,0.2959090248060693,0.28823529411764703,0.8319719953325554,mann_whitney_u,0.0008325773367956794,0.001999995559041795,1748,True,,False,42
,,adc_squareroot_gldm_SmallDependenceEmphasis,0.5618333447731485,positive_higher,0.324591367713152,0.6411764705882353,0.46907817969661614,mann_whitney_u,0.0008364784925603611,0.0020082179475477166,1749,True,,False,42
,,dwi_wavelet2-HH_glszm_GrayLevelVariance,0.5618144690781797,positive_higher,0.7141020793950851,0.39705882352941174,0.6966161026837806,mann_whitney_u,0.0008395490059041902,0.0020130207165505224,1750,True,,False,42
,,dwi_wavelet-HL_firstorder_Variance,0.5618127531059098,positive_higher,925.7407874493582,0.4,0.7246207701283547,mann_whitney_u,0.0008398358285894271,0.0020130207165505224,1751,True,,False,42
,,adc_wavelet-HL_glcm_Idn,0.5618093211613702,negative_higher,0.930809211451868,0.8051341890315052,0.29117647058823526,mann_whitney_u,0.0008403965982646024,0.0020130207165505224,1752,True,,False,42
,,dwi_wavelet-HL_glrlm_HighGrayLevelRunEmphasis,0.5618093211613701,positive_higher,30.387564258079426,0.46176470588235297,0.6709451575262544,mann_whitney_u,0.0008403965982646024,0.0020130207165505224,1753,True,,False,42
,,adc_log-sigma-2-mm-3D_glszm_ZoneVariance,0.5617921614386712,negative_higher,27.57804680057427,0.4235705950991832,0.7029411764705882,mann_whitney_u,0.0008432056598237685,0.0020185978139110627,1754,True,,False,42
,,adc_squareroot_glcm_MaximumProbability,0.5617784336605119,negative_higher,0.0383528054862845,0.4387397899649942,0.6705882352941177,mann_whitney_u,0.000845459176653427,0.0020228393634004215,1755,True,,False,42
,,dwi_wavelet2-HL_glszm_SizeZoneNonUniformityNormalized,0.5617578419932734,positive_higher,0.2126128181482087,0.3941176470588235,0.7397899649941657,mann_whitney_u,0.000848849909512026,0.0020297954271304083,1756,True,,False,42
,,t2_log-sigma-3-mm-3D_glszm_HighGrayLevelZoneEmphasis,0.5617200906033359,negative_higher,89.85898815931108,0.7724620770128354,0.34705882352941175,mann_whitney_u,0.000855099080996743,0.0020435748668783857,1757,True,,False,42
,,dwi_wavelet2-HH_firstorder_10Percentile,0.5617063628251767,negative_higher,-10.310234326695324,0.6289381563593932,0.5029411764705882,mann_whitney_u,0.0008573820588417565,0.002047865338496323,1758,True,,False,42
,,dwi_original_glcm_Imc2,0.5616892031024779,positive_higher,0.8955370079262507,0.27647058823529413,0.8763127187864644,mann_whitney_u,0.0008602437296435651,0.002053532359734696,1759,True,,False,42
,,t2_wavelet-HL_gldm_GrayLevelVariance,0.561672043379779,negative_higher,0.7079679112915209,0.6289381563593932,0.4764705882352941,mann_whitney_u,0.0008631142553157308,0.002058044723492762,1760,True,,False,42
,,t2_log-sigma-2-mm-3D_ngtdm_Strength,0.5616720433797789,positive_higher,0.0804894083093756,0.5,0.6184364060676779,mann_whitney_u,0.0008631142553157308,0.002058044723492762,1761,True,,False,42
,,dwi_log-sigma-2-mm-3D_firstorder_90Percentile,0.5616583156016198,positive_higher,22.57758407592773,0.5235294117647059,0.6044340723453909,mann_whitney_u,0.0008654170681076569,0.0020623645113416866,1762,True,,False,42
,,dwi_wavelet-LH_glcm_MaximumProbability,0.5616068364335233,negative_higher,0.2337126255512308,0.6044340723453909,0.5205882352941176,mann_whitney_u,0.0008741034495290738,0.0020818833718505847,1763,True,,False,42
,,t2_wavelet2-HH_glrlm_ShortRunHighGrayLevelEmphasis,0.5615896767108244,negative_higher,5.684665516322584,0.7456242707117853,0.3558823529411764,mann_whitney_u,0.000877016826626734,0.00208763812642044,1764,True,,False,42
,,dwi_squareroot_glcm_JointEntropy,0.5615725169881254,positive_higher,5.940847511401289,0.37941176470588234,0.7456242707117853,mann_whitney_u,0.000879939204022587,0.0020934077720628002,1765,True,,False,42
,,dwi_wavelet-HL_glcm_JointEntropy,0.5615519253208868,positive_higher,3.0233529556560645,0.4647058823529412,0.6581096849474912,mann_whitney_u,0.0008834579728973688,0.002100588917438308,1766,True,,False,42
,,adc_wavelet2-LL_glcm_SumEntropy,0.5614970142082504,positive_higher,6.787916770132733,0.7,0.40840140023337224,mann_whitney_u,0.0008929052302870914,0.0021218500633704,1767,True,,False,42
,,dwi_wavelet-HL_glcm_Idm,0.5614798544855515,negative_higher,0.7237370418422571,0.6721120186697783,0.4441176470588235,mann_whitney_u,0.0008958766478117633,0.002127707038552938,1768,True,,False,42
,,dwi_log-sigma-0-6-mm-3D_glcm_DifferenceVariance,0.5614695586519322,positive_higher,0.289054480097503,0.2647058823529412,0.8553092182030338,mann_whitney_u,0.0008976638950240231,0.0021307465772786166,1769,True,,False,42
,,t2_wavelet-HL_gldm_DependenceEntropy,0.5614352392065345,negative_higher,4.365632339457221,0.750291715285881,0.36764705882352944,mann_whitney_u,0.0009036452813322168,0.002143732506392078,1770,True,,False,42
,,adc_wavelet2-HH_glcm_JointAverage,0.5614283753174548,negative_higher,7.49977212701815,0.3663943990665111,0.7441176470588236,mann_whitney_u,0.000904845982451492,0.0021441581717346584,1771,True,,False,42
,,adc_wavelet2-HH_glcm_SumAverage,0.5614283753174548,negative_higher,14.999544254036296,0.3663943990665111,0.7441176470588236,mann_whitney_u,0.000904845982451492,0.0021441581717346584,1772,True,,False,42
,,adc_wavelet-LH_glcm_Autocorrelation,0.5614146475392958,negative_higher,207.45021696864632,0.572928821470245,0.5617647058823529,mann_whitney_u,0.0009072518217648441,0.0021486465874735365,1773,True,,False,42
,,adc_wavelet-LH_glszm_LargeAreaEmphasis,0.5614043517056765,negative_higher,15.033407865316322,0.44457409568261375,0.6911764705882353,mann_whitney_u,0.0009090600902108576,0.0021517155122860155,1774,True,,False,42
,,t2_squareroot_glszm_SizeZoneNonUniformityNormalized,0.5613871919829776,negative_higher,0.3851079711835261,0.3278879813302217,0.7676470588235293,mann_whitney_u,0.000912081295087667,0.0021576503425764022,1775,True,,False,42
,,dwi_square_glcm_Idm,0.5613545885098497,negative_higher,0.7293091613594558,0.8203033838973163,0.2823529411764706,mann_whitney_u,0.0009178287901784924,0.0021683457434006066,1776,True,,False,42
,,adc_wavelet-LH_gldm_HighGrayLevelEmphasis,0.5613528725375798,negative_higher,213.4039580908033,0.5542590431738623,0.5735294117647058,mann_whitney_u,0.0009181516389059963,0.0021683457434006066,1777,True,,False,42
,,dwi_wavelet-HL_glrlm_ShortRunLowGrayLevelEmphasis,0.5613528725375797,negative_higher,0.0304636896071081,0.5682613768961493,0.5411764705882354,mann_whitney_u,0.0009181516389059963,0.0021683457434006066,1778,True,,False,42
,,dwi_wavelet2-LL_glszm_SmallAreaHighGrayLevelEmphasis,0.5613460086485003,positive_higher,348.93732505600417,0.4676470588235294,0.6592765460910152,mann_whitney_u,0.0009193701912934289,0.0021700030540984304,1779,True,,False,42
,,dwi_original_glcm_Id,0.5613425767039605,negative_higher,0.6843474674313852,0.6277712952158693,0.5,mann_whitney_u,0.0009199800292979268,0.0021702225522595474,1780,True,,False,42
,,adc_square_gldm_LargeDependenceHighGrayLevelEmphasis,0.5613391447594208,negative_higher,629.7376665887305,0.7841306884480747,0.34411764705882353,mann_whitney_u,0.0009205902421219511,0.002170442687630585,1781,True,,False,42
,,dwi_wavelet2-LL_glcm_Idmn,0.5612842336467843,positive_higher,0.9956303483632912,0.4970588235294118,0.6219369894982497,mann_whitney_u,0.0009304047939329018,0.0021923511390147333,1782,True,,False,42
,,dwi_squareroot_firstorder_MeanAbsoluteDeviation,0.5612258905896081,positive_higher,82.85684456144001,0.3352941176470588,0.7922987164527422,mann_whitney_u,0.00094093891487572,0.0022159296150101784,1783,True,,False,42
,,t2_log-sigma-3-mm-3D_gldm_LargeDependenceLowGrayLevelEmphasis,0.5612190267005286,positive_higher,0.826126554459984,0.3382352941176471,0.7841306884480747,mann_whitney_u,0.000942185460976856,0.002217621496996535,1784,True,,False,42
,,dwi_wavelet-HL_glcm_DifferenceAverage,0.5611984350332899,positive_higher,0.5637329610596483,0.4852941176470588,0.632438739789965,mann_whitney_u,0.0009459342842414602,0.0022251977924537206,1785,True,,False,42
,,t2_squareroot_gldm_SmallDependenceLowGrayLevelEmphasis,0.561150387809733,positive_higher,0.0025549275726024,0.27647058823529413,0.8588098016336057,mann_whitney_u,0.0009547353368516718,0.0022446437174916964,1786,True,,False,42
,,t2_wavelet2-LH_glszm_SmallAreaLowGrayLevelEmphasis,0.561119500308875,positive_higher,0.0023543626885287,0.8147058823529412,0.2975495915985997,mann_whitney_u,0.0009604331433277286,0.0022567760318036555,1787,True,,False,42
,,adc_wavelet2-LH_firstorder_Minimum,0.5610920447525568,positive_higher,-1122.1962136604225,0.5911764705882353,0.5239206534422404,mann_whitney_u,0.0009655242832137882,0.0022674700588449087,1788,True,,False,42
,,adc_square_glszm_LowGrayLevelZoneEmphasis,0.5610783169743976,positive_higher,0.0218174625533795,0.5294117647058824,0.5904317386231038,mann_whitney_u,0.0009680792152824108,0.002272199343192198,1789,True,,False,42
,,dwi_wavelet2-HL_firstorder_MeanAbsoluteDeviation,0.5610165419726818,positive_higher,27.351393677143857,0.4647058823529412,0.6557759626604434,mann_whitney_u,0.000979654077634487,0.0022980823865850343,1790,True,,False,42
,,dwi_wavelet2-LH_glcm_InverseVariance,0.5610062461390624,negative_higher,0.4285442525877768,0.603267211201867,0.5176470588235293,mann_whitney_u,0.000981595634944426,0.002301351240162839,1791,True,,False,42
,,dwi_wavelet-HL_glcm_DifferenceVariance,0.560982222527284,positive_higher,0.6219383562163487,0.3764705882352941,0.764294049008168,mann_whitney_u,0.000986139799797549,0.00231071485454794,1792,True,,False,42
,,dwi_wavelet-LH_firstorder_RobustMeanAbsoluteDeviation,0.5609753586382044,positive_higher,13.394653794846953,0.4764705882352941,0.6417736289381564,mann_whitney_u,0.0009874417056789713,0.0023124750262944788,1793,True,,False,42
,,adc_log-sigma-3-mm-3D_glszm_LargeAreaEmphasis,0.560951335026426,negative_higher,77.34910179640718,0.3453908984830805,0.8029411764705883,mann_whitney_u,0.000992010919034553,0.0023218806293344974,1794,True,,False,42
,,dwi_wavelet-HL_glcm_Contrast,0.5609444711373464,positive_higher,1.1089910309700428,0.3941176470588235,0.7409568261376895,mann_whitney_u,0.0009933199995048885,0.002323649402741519,1795,True,,False,42
,,adc_original_ngtdm_Strength,0.560934175303727,positive_higher,1.398023320954566,0.7147058823529412,0.37689614935822635,mann_whitney_u,0.0009952866193003978,0.002326953515836509,1796,True,,False,42
,,dwi_squareroot_glcm_DifferenceEntropy,0.5608552405793121,positive_higher,2.287461347352308,0.25588235294117645,0.8646441073512252,mann_whitney_u,0.0010104842217438259,0.0023611704213145936,1797,True,,False,42
,,dwi_wavelet2-LL_glszm_ZonePercentage,0.5607763058548974,positive_higher,0.5147695943284758,0.538235294117647,0.5787631271878646,mann_whitney_u,0.001025896368990462,0.002395850307781396,1798,True,,False,42
,,t2_log-sigma-3-mm-3D_gldm_SmallDependenceLowGrayLevelEmphasis,0.5607488502985791,positive_higher,0.0005258799827712,0.2647058823529412,0.8646441073512252,mann_whitney_u,0.0010313079418688743,0.002405812248837446,1799,True,,False,42
,,t2_squareroot_glcm_DifferenceVariance,0.5607488502985791,negative_higher,9.87710693719608,0.3290548424737456,0.7676470588235293,mann_whitney_u,0.0010313079418688743,0.002405812248837446,1800,True,,False,42
,,dwi_square_glcm_JointEntropy,0.560705950991832,positive_higher,3.4010178650782064,0.3588235294117647,0.7467911318553092,mann_whitney_u,0.0010397959165970533,0.002423764598846797,1801,True,,False,42
,,t2_logarithm_glcm_Idmn,0.5607042350195621,positive_higher,0.9855947848840588,0.5941176470588235,0.5227537922987164,mann_whitney_u,0.001040158086954496,0.002423764598846797,1802,True,,False,42
,,adc_log-sigma-3-mm-3D_gldm_DependenceVariance,0.560690507241403,negative_higher,2.927920293929237,0.45274212368728123,0.6882352941176471,mann_whitney_u,0.001042895314879646,0.0024287950233941396,1803,True,,False,42
,,adc_wavelet2-LL_firstorder_Entropy,0.5606424600178461,positive_higher,5.900181875164296,0.7029411764705882,0.4002333722287048,mann_whitney_u,0.0010525281878636906,0.002449870211108446,1804,True,,False,42
,,adc_squareroot_glcm_MCC,0.5606355961287666,positive_higher,0.8495175916897786,0.25,0.8611435239206534,mann_whitney_u,0.001053911013368996,0.0024517298311005063,1805,True,,False,42
,,t2_wavelet2-HH_glrlm_LongRunLowGrayLevelEmphasis,0.5606218683506075,positive_higher,0.591476899883747,0.8205882352941176,0.2812135355892649,mann_whitney_u,0.001056681708456726,0.0024568142269157213,1806,True,,False,42
,,dwi_logarithm_gldm_DependenceEntropy,0.5606184364060677,positive_higher,5.395939548390358,0.4852941176470588,0.6266044340723453,mann_whitney_u,0.00105737543442913,0.0024570666569827984,1807,True,,False,42
,,dwi_wavelet-LH_firstorder_Kurtosis,0.5606047086279085,positive_higher,5.740063080592053,0.5617647058823529,0.5612602100350058,mann_whitney_u,0.00106015455407824,0.0024621620423531695,1808,True,,False,42
,,adc_log-sigma-3-mm-3D_firstorder_90Percentile,0.560536069737113,positive_higher,160.17068481445312,0.6764705882352942,0.43407234539089845,mann_whitney_u,0.0010741517960167763,0.002493290984784104,1809,True,,False,42
,,t2_wavelet-HL_glcm_ClusterTendency,0.5605189100144141,negative_higher,1.845975626477509,0.6487747957992999,0.46176470588235297,mann_whitney_u,0.0010776777173316023,0.0025000932237985623,1810,True,,False,42
,,adc_wavelet2-LH_glrlm_LongRunLowGrayLevelEmphasis,0.5605154780698743,positive_higher,0.0070081492404186,0.4970588235294118,0.6289381563593932,mann_whitney_u,0.001078384185009346,0.0025003507414987545,1811,True,,False,42
,,t2_squareroot_glszm_SmallAreaEmphasis,0.560505182236255,negative_higher,0.6327779661941058,0.4749124854142357,0.6205882352941177,mann_whitney_u,0.0010805061591064302,0.0025038881689226824,1812,True,,False,42
,,dwi_log-sigma-2-mm-3D_firstorder_RobustMeanAbsoluteDeviation,0.5604914544580959,positive_higher,13.952104525097004,0.49411764705882355,0.6277712952158694,mann_whitney_u,0.0010833414658475403,0.002507690636766164,1813,True,,False,42
,,t2_square_gldm_DependenceNonUniformityNormalized,0.5604914544580959,negative_higher,0.3748129310990254,0.4597432905484247,0.6676470588235295,mann_whitney_u,0.0010833414658475403,0.002507690636766164,1814,True,,False,42
,,t2_wavelet2-LL_glszm_ZoneVariance,0.5604777266799368,positive_higher,2.683050751589461,0.36176470588235293,0.7421236872812136,mann_whitney_u,0.0010861836526537471,0.0025128843842937105,1815,True,,False,42
,,t2_wavelet2-HL_gldm_DependenceEntropy,0.5604708627908573,negative_higher,4.954888588929416,0.7677946324387398,0.361764705882353,mann_whitney_u,0.0010876073308075857,0.002513533309248222,1816,True,,False,42
,,t2_original_glcm_DifferenceAverage,0.5562598668405518,negative_higher,0.9358297835509954,0.7269544924154026,0.3647058823529412,t_test,0.0010876613533946223,0.002513533309248222,1817,True,,False,42
,,dwi_original_glrlm_RunPercentage,0.5604279634841101,positive_higher,0.5840115125049623,0.5558823529411765,0.5624270711785297,mann_whitney_u,0.0010965444700955283,0.002532667893251443,1818,True,,False,42
,,adc_squareroot_glrlm_LongRunHighGrayLevelEmphasis,0.5604159516782209,negative_higher,4151.82287764065,0.34072345390898484,0.8176470588235294,mann_whitney_u,0.0010990590403867218,0.0025370802147244888,1819,True,,False,42
,,t2_log-sigma-2-mm-3D_glcm_Imc1,0.5603267211201867,negative_higher,-0.6139041202329534,0.8284714119019837,0.29117647058823526,mann_whitney_u,0.0011179061392595081,0.002579169164148722,1820,True,,False,42
,,t2_logarithm_glszm_GrayLevelNonUniformityNormalized,0.5603129933420276,positive_higher,0.0312067713866968,0.5441176470588235,0.5600933488914819,mann_whitney_u,0.0011208320751779136,0.002584499661544239,1821,True,,False,42
,,adc_wavelet2-HL_glszm_SmallAreaLowGrayLevelEmphasis,0.5602821058411697,positive_higher,0.0039229644426795,0.5029411764705882,0.5997666277712952,mann_whitney_u,0.0011274413372585682,0.002598312939159565,1822,True,,False,42
,,adc_square_glcm_Correlation,0.5602718100075503,positive_higher,0.8047065809181801,0.3382352941176471,0.7911318553092181,mann_whitney_u,0.0011296524190668046,0.0026019805308071927,1823,True,,False,42
,,adc_squareroot_gldm_LargeDependenceHighGrayLevelEmphasis,0.5602237627839934,negative_higher,19700.240487702333,0.29871645274212366,0.8411764705882353,mann_whitney_u,0.0011400239041252772,0.0026244300292883986,1824,True,,False,42
,,dwi_wavelet-HH_glcm_SumEntropy,0.5602168988949139,positive_higher,1.635639567785528,0.38235294117647056,0.7374562427071178,mann_whitney_u,0.0011415127095402808,0.0026264174615669256,1825,True,,False,42
,,dwi_logarithm_firstorder_Uniformity,0.5601482600041183,negative_higher,0.1929987325708845,0.6744457409568262,0.44999999999999996,mann_whitney_u,0.0011564999261446944,0.0026594431488946176,1826,True,,False,42
,,t2_wavelet-HH_firstorder_Maximum,0.5601311002814195,negative_higher,38.30708896446073,0.5274212368728122,0.5882352941176471,mann_whitney_u,0.001160275040178421,0.0026658229897294663,1827,True,,False,42
,,t2_wavelet-HL_firstorder_10Percentile,0.5531642528656737,positive_higher,-9.847607604606074,0.36470588235294116,0.7269544924154026,t_test,0.0011605440403013728,0.0026658229897294663,1828,True,,False,42
,,dwi_wavelet2-HL_glcm_Idm,0.5600658933351638,negative_higher,0.6762929446324277,0.6814469078179697,0.44999999999999996,mann_whitney_u,0.0011747245772316067,0.0026969209949674776,1829,True,,False,42
,,t2_log-sigma-3-mm-3D_glrlm_HighGrayLevelRunEmphasis,0.5600555975015443,negative_higher,84.65138175649871,0.79463243873979,0.31470588235294117,mann_whitney_u,0.0011770212247920722,0.0027007170070502246,1830,True,,False,42
,,adc_logarithm_glcm_Idm,0.5600521655570047,negative_higher,0.731459496554053,0.34889148191365227,0.7529411764705882,mann_whitney_u,0.0011777876954948488,0.00270099974515722,1831,True,,False,42
,,t2_original_glcm_Autocorrelation,0.560045301667925,negative_higher,141.72409670789946,0.7152858809801633,0.4117647058823529,mann_whitney_u,0.0011793220206800486,0.0027030421205434083,1832,True,,False,42
,,dwi_wavelet2-HL_glcm_Id,0.560031573889766,negative_higher,0.7357622800468534,0.5542590431738623,0.5764705882352941,mann_whitney_u,0.0011823962132041597,0.0027086097649996,1833,True,,False,42
,,t2_wavelet2-LH_firstorder_Minimum,0.5600041183334478,positive_higher,-177.10872777939852,0.8470588235294118,0.2508751458576429,mann_whitney_u,0.0011885668232482043,0.002721260682017017,1834,True,,False,42
,,t2_log-sigma-0-6-mm-3D_ngtdm_Strength,0.5599972544443682,positive_higher,0.0401012126965383,0.45588235294117646,0.705950991831972,mann_whitney_u,0.0011901141177350593,0.002723318354424803,1835,True,,False,42
,,adc_wavelet-HH_glrlm_ShortRunLowGrayLevelEmphasis,0.5599938224998284,positive_higher,0.0107867612686311,0.6,0.5122520420070011,mann_whitney_u,0.0011908884626643202,0.002723606021093399,1836,True,,False,42
,,t2_wavelet2-HL_glszm_LargeAreaLowGrayLevelEmphasis,0.5599732308325898,positive_higher,4.230759498516679,0.5176470588235295,0.5950991831971995,mann_whitney_u,0.0011955443157893278,0.0027327656951548107,1837,True,,False,42
,,dwi_wavelet2-HL_gldm_DependenceNonUniformityNormalized,0.5599560711098908,positive_higher,0.1603784916939715,0.45294117647058824,0.6417736289381564,mann_whitney_u,0.0011994370330759702,0.0027401719814396075,1838,True,,False,42
,,adc_squareroot_glrlm_RunVariance,0.559908023886334,negative_higher,0.3482060590573721,0.6044340723453909,0.5205882352941176,mann_whitney_u,0.0012103990207482003,0.0027637115215452383,1839,True,,False,42
,,t2_wavelet-HL_glcm_DifferenceAverage,0.5598874322190953,negative_higher,0.6277190307829256,0.5460910151691949,0.5441176470588236,mann_whitney_u,0.0012151252841279077,0.002772995145681024,1840,True,,False,42
,,adc_squareroot_glrlm_RunLengthNonUniformityNormalized,0.559877136385476,positive_higher,0.6459144375339689,0.7647058823529411,0.3418903150525088,mann_whitney_u,0.001217494802775962,0.002776893360595472,1841,True,,False,42
,,t2_original_gldm_HighGrayLevelEmphasis,0.5598050655501408,negative_higher,143.96414791762595,0.7036172695449242,0.42352941176470593,mann_whitney_u,0.0012342013053375622,0.0028134697508753657,1842,True,,False,42
,,dwi_squareroot_glrlm_GrayLevelVariance,0.5597913377719815,positive_higher,8.814763287616064,0.38823529411764707,0.7292882147024504,mann_whitney_u,0.0012374074010666365,0.002819247790059038,1843,True,,False,42
,,adc_log-sigma-3-mm-3D_gldm_DependenceNonUniformityNormalized,0.5597673141602031,positive_higher,0.1724001656065339,0.7970588235294118,0.34889148191365227,mann_whitney_u,0.00124303658185818,0.0028305372056521136,1844,True,,False,42
,,t2_squareroot_glcm_MCC,0.5597638822156634,positive_higher,0.9546980662346108,0.38529411764705884,0.7421236872812136,mann_whitney_u,0.0012438426781681698,0.002830837618226637,1845,True,,False,42
,,dwi_squareroot_glcm_Imc2,0.5597535863820441,positive_higher,0.8901421899340435,0.3382352941176471,0.8028004667444574,mann_whitney_u,0.0012462638642793192,0.0028348114659311275,1846,True,,False,42
,,adc_squareroot_glrlm_ShortRunEmphasis,0.559647196101311,positive_higher,0.8307986342468645,0.7647058823529411,0.3395565927654609,mann_whitney_u,0.0012715388694586396,0.0028907372565548607,1847,True,,False,42
,,dwi_wavelet-LH_firstorder_Maximum,0.5596437641567712,positive_higher,99.11126239741328,0.7470588235294118,0.36289381563593937,mann_whitney_u,0.0012723620161709866,0.002891043347349552,1848,True,,False,42
,,adc_logarithm_gldm_LowGrayLevelEmphasis,0.5596231724895325,positive_higher,0.000500534500132,0.8441176470588235,0.2893815635939323,mann_whitney_u,0.0012773112358162475,0.0029007192423972004,1849,True,,False,42
,,adc_squareroot_glrlm_RunPercentage,0.5595991488777542,positive_higher,0.778976936723832,0.7411764705882353,0.3640606767794633,mann_whitney_u,0.0012831077838816422,0.002911044814559187,1850,True,,False,42
,,adc_wavelet2-LH_glcm_JointAverage,0.5595957169332143,negative_higher,18.185349042508665,0.5962660443407235,0.5176470588235293,mann_whitney_u,0.001283937841525033,0.002911044814559187,1851,True,,False,42
,,adc_wavelet2-LH_glcm_SumAverage,0.5595957169332143,negative_higher,36.37069808501734,0.5962660443407235,0.5176470588235293,mann_whitney_u,0.001283937841525033,0.002911044814559187,1852,True,,False,42
,,dwi_wavelet2-HL_firstorder_10Percentile,0.5595854210995951,negative_higher,-45.87010105500757,0.6406067677946324,0.4676470588235294,mann_whitney_u,0.001286430989354625,0.0029151234345925906,1853,True,,False,42
,,dwi_exponential_glrlm_RunVariance,0.5595648294323563,negative_higher,47.7372186246717,0.29638273045507585,0.8147058823529412,mann_whitney_u,0.001291430696151121,0.0029248745917683696,1854,True,,False,42
,,t2_log-sigma-0-6-mm-3D_gldm_LargeDependenceHighGrayLevelEmphasis,0.5595613974878166,negative_higher,3925.5516557522674,0.5029171528588098,0.6088235294117648,mann_whitney_u,0.0012922657222247727,0.0029251880148904695,1855,True,,False,42
,,t2_wavelet2-LL_gldm_DependenceVariance,0.559540805820578,positive_higher,1.257933271351205,0.38823529411764707,0.7129521586931156,mann_whitney_u,0.0012972863527469206,0.0029349705793018962,1856,True,,False,42
,,t2_wavelet2-HH_gldm_LargeDependenceLowGrayLevelEmphasis,0.5595030544306403,positive_higher,2.51115502279572,0.8205882352941176,0.28704784130688443,mann_whitney_u,0.0013065376276944062,0.002954308830742494,1857,True,,False,42
,,t2_exponential_glszm_SmallAreaLowGrayLevelEmphasis,0.5594961905415609,negative_higher,0.0431315615273518,0.6441073512252042,0.4911764705882353,mann_whitney_u,0.0013082262048645578,0.0029565348946320124,1858,True,,False,42
,,dwi_wavelet2-HL_glrlm_GrayLevelNonUniformityNormalized,0.5594858947079415,negative_higher,0.2716389684354438,0.6277712952158693,0.49411764705882355,mann_whitney_u,0.0013107628471243653,0.002960674123224965,1859,True,,False,42
,,adc_wavelet2-HH_glszm_SmallAreaHighGrayLevelEmphasis,0.5594550072070835,negative_higher,30.93560869962999,0.4364060676779463,0.6705882352941177,mann_whitney_u,0.0013184000331277399,0.0029763235156469786,1860,True,,False,42
,,adc_squareroot_glrlm_LongRunEmphasis,0.5594515752625437,negative_higher,1.922448520951117,0.5974329054842473,0.5176470588235293,mann_whitney_u,0.0013192511392430602,0.002976644564041703,1861,True,,False,42
,,dwi_wavelet2-HH_firstorder_Maximum,0.5593898002608279,positive_higher,77.58792482117627,0.3558823529411765,0.7526254375729289,mann_whitney_u,0.0013346580071296127,0.003009789995669841,1862,True,,False,42
,,adc_logarithm_gldm_LargeDependenceHighGrayLevelEmphasis,0.5593829363717482,negative_higher,147165.8754299387,0.3605600933488915,0.7794117647058824,mann_whitney_u,0.0013363800901775417,0.003012055823218195,1863,True,,False,42
,,t2_wavelet2-LL_glcm_DifferenceAverage,0.5532466195346284,negative_higher,3.24004339392774,0.7292882147024504,0.38235294117647056,t_test,0.0013499165100288781,0.003040933168246384,1864,True,,False,42
,,dwi_squareroot_glszm_SmallAreaEmphasis,0.5593005697027936,positive_higher,0.5551073149044087,0.37058823529411766,0.7526254375729289,mann_whitney_u,0.0013572056042118724,0.003055713850984264,1865,True,,False,42
,,t2_log-sigma-2-mm-3D_glszm_GrayLevelVariance,0.5592319308119982,negative_higher,8.521013209649515,0.6476079346557759,0.4676470588235294,mann_whitney_u,0.0013747884410053516,0.0030936423707296204,1866,True,,False,42
,,adc_exponential_glcm_Idmn,0.5592250669229185,negative_higher,0.9955361734771324,0.7001166861143524,0.3970588235294118,mann_whitney_u,0.0013765582308467416,0.003095965726473202,1867,True,,False,42
,,dwi_wavelet-HL_glszm_SmallAreaHighGrayLevelEmphasis,0.5591324044203446,positive_higher,22.169053879231807,0.31470588235294117,0.8063010501750292,mann_whitney_u,0.0014006569495555803,0.003146794291698171,1868,True,,False,42
,,t2_wavelet-LH_glcm_Idn,0.5591324044203445,negative_higher,0.9622046334848668,0.6441073512252042,0.47352941176470587,mann_whitney_u,0.0014006569495555803,0.003146794291698171,1869,True,,False,42
,,adc_wavelet-LH_glrlm_ShortRunHighGrayLevelEmphasis,0.5591152446976457,negative_higher,188.34762455387445,0.5484247374562428,0.5705882352941176,mann_whitney_u,0.001405162139939863,0.0031552277142286016,1870,True,,False,42
,,dwi_wavelet2-HH_firstorder_RobustMeanAbsoluteDeviation,0.5591049488640264,positive_higher,4.148510699381943,0.5205882352941177,0.6044340723453909,mann_whitney_u,0.0014078716636683427,0.003159622189066473,1871,True,,False,42
,,t2_square_gldm_DependenceEntropy,0.5591015169194866,positive_higher,2.980933592631244,0.7088235294117647,0.41890315052508753,mann_whitney_u,0.0014087759082067012,0.0031599626274358646,1872,True,,False,42
,,dwi_log-sigma-3-mm-3D_firstorder_Maximum,0.5590946530304071,positive_higher,114.72964477539062,0.2676470588235294,0.8366394399066511,mann_whitney_u,0.0014105860039414606,0.003162333492018256,1873,True,,False,42
,,dwi_log-sigma-2-mm-3D_firstorder_RootMeanSquared,0.5590877891413275,negative_higher,291.66578152466144,0.7864644107351225,0.3411764705882353,mann_whitney_u,0.001412398243793968,0.003164706630571436,1874,True,,False,42
,,t2_exponential_glszm_SizeZoneNonUniformity,0.5590826412245178,negative_higher,11.088235294117649,0.6721120186697783,0.43529411764705883,mann_whitney_u,0.0014136459791279418,0.0031658130487243878,1875,True,,False,42
,,adc_log-sigma-3-mm-3D_glszm_SmallAreaLowGrayLevelEmphasis,0.559019150250532,positive_higher,0.0070995252839983,0.5617647058823529,0.5600933488914819,mann_whitney_u,0.0014306390737096662,0.0032021606985644397,1876,True,,False,42
,,t2_squareroot_glrlm_GrayLevelNonUniformityNormalized,0.5590157183059922,positive_higher,0.039825289042095,0.5088235294117647,0.6126021003500584,mann_whitney_u,0.001431556790773744,0.003202507706158205,1877,True,,False,42
,,dwi_original_glcm_InverseVariance,0.5589951266387534,negative_higher,0.4384254507221395,0.47841306884480744,0.6323529411764706,mann_whitney_u,0.0014370744988554298,0.003213139414640016,1878,True,,False,42
,,dwi_original_glrlm_ShortRunHighGrayLevelEmphasis,0.5589093280252592,positive_higher,68.81117463307038,0.2823529411764706,0.8319719953325554,mann_whitney_u,0.0014602766118688008,0.0032632791342400713,1879,True,,False,42
,,dwi_squareroot_glszm_SizeZoneNonUniformityNormalized,0.5589024641361796,positive_higher,0.3204666952777687,0.27647058823529413,0.8448074679113186,mann_whitney_u,0.001462147615612575,0.0032657222542325547,1880,True,,False,42
,,adc_exponential_glszm_LargeAreaHighGrayLevelEmphasis,0.5588990321916398,negative_higher,5688.377952755905,0.6931155192532089,0.4205882352941176,mann_whitney_u,0.0014630839457325045,0.003266076282897813,1881,True,,False,42
,,dwi_wavelet2-HL_firstorder_Uniformity,0.5588750085798614,negative_higher,0.2933307903272247,0.6697782963827305,0.44999999999999996,mann_whitney_u,0.0014696537446317597,0.0032789989764658656,1882,True,,False,42
,,adc_log-sigma-2-mm-3D_firstorder_Kurtosis,0.5588681446907817,negative_higher,3.8579885808897534,0.6137689614935823,0.5058823529411764,mann_whitney_u,0.0014715358171653128,0.0032814545386495742,1883,True,,False,42
,,adc_wavelet2-HH_glszm_LowGrayLevelZoneEmphasis,0.5588612808017023,positive_higher,0.0303542656719898,0.6588235294117647,0.4574095682613769,mann_whitney_u,0.0014734201105250538,0.0032839124437869962,1884,True,,False,42
,,dwi_wavelet2-LL_glcm_Id,0.558802937744526,negative_higher,0.4503627660094086,0.5799299883313885,0.5323529411764706,mann_whitney_u,0.001489526604175804,0.0033180489182674804,1885,True,,False,42
,,dwi_wavelet2-HH_glcm_JointEnergy,0.5587926419109067,negative_higher,0.247873036083478,0.691948658109685,0.4294117647058824,mann_whitney_u,0.0014923857100916742,0.003322655141397105,1886,True,,False,42
,,adc_log-sigma-3-mm-3D_glrlm_RunVariance,0.5587651863545885,negative_higher,0.9354258305675758,0.34772462077012833,0.8,mann_whitney_u,0.0015000347305149115,0.003337915121055704,1887,True,,False,42
,,dwi_wavelet-HL_glrlm_GrayLevelNonUniformityNormalized,0.5587514585764295,negative_higher,0.3614206711995861,0.6382730455075846,0.4852941176470589,mann_whitney_u,0.0015038727700012852,0.003344683136247562,1888,True,,False,42
,,t2_wavelet2-HL_glcm_ClusterTendency,0.5587480266318896,negative_higher,4.684310283937711,0.6744457409568262,0.43529411764705883,mann_whitney_u,0.0015048336924129867,0.003345048530673441,1889,True,,False,42
,,adc_wavelet2-LL_ngtdm_Busyness,0.5587445946873498,negative_higher,0.0412255341396761,0.29171528588098017,0.8176470588235294,mann_whitney_u,0.001505795180439965,0.003345414795062123,1890,True,,False,42
,,t2_wavelet2-LH_glszm_LowGrayLevelZoneEmphasis,0.55874116274281,positive_higher,0.0045590270137334,0.85,0.2567094515752626,mann_whitney_u,0.0015067572343820806,0.0033457819286992893,1891,True,,False,42
,,t2_wavelet-HH_glszm_GrayLevelVariance,0.5587342988537305,negative_higher,1.805525475496321,0.3220536756126021,0.7823529411764706,mann_whitney_u,0.0015086830412118454,0.0033482875740214264,1892,True,,False,42
,,dwi_wavelet-HL_glcm_DifferenceEntropy,0.5587102752419522,positive_higher,1.467164691919962,0.3911764705882353,0.7386231038506418,mann_whitney_u,0.001515441235587079,0.00336150963984688,1893,True,,False,42
,,dwi_log-sigma-3-mm-3D_firstorder_RobustMeanAbsoluteDeviation,0.5586999794083327,positive_higher,18.41435700249226,0.4235294117647059,0.6966161026837806,mann_whitney_u,0.00151834613240458,0.0033661749788631633,1894,True,,False,42
,,dwi_squareroot_glrlm_ShortRunEmphasis,0.558648500240236,positive_higher,0.8231474977022013,0.29411764705882354,0.8214702450408402,mann_whitney_u,0.001532947706201201,0.0033967532550600752,1895,True,,False,42
,,dwi_wavelet-HL_glcm_JointEnergy,0.5586210446839179,negative_higher,0.177516024032306,0.6697782963827305,0.45882352941176474,mann_whitney_u,0.0015407879889728995,0.003410526497468216,1896,True,,False,42
,,adc_squareroot_glrlm_RunEntropy,0.5586210446839178,positive_higher,4.590631118572006,0.7735294117647059,0.33022170361726955,mann_whitney_u,0.0015407879889728995,0.003410526497468216,1897,True,,False,42
,,adc_wavelet2-LH_glcm_Autocorrelation,0.5586107488502986,negative_higher,329.5472665581207,0.6137689614935823,0.5,mann_whitney_u,0.001543737603870295,0.003415255109932228,1898,True,,False,42
,,t2_log-sigma-0-6-mm-3D_firstorder_InterquartileRange,0.5585970210721394,negative_higher,14.834292888641356,0.6184364060676779,0.4852941176470589,mann_whitney_u,0.001547678513204191,0.0034221706566321215,1899,True,,False,42
,,adc_wavelet2-LH_glszm_HighGrayLevelZoneEmphasis,0.5585832932939804,negative_higher,337.8653149891383,0.6079346557759626,0.5058823529411764,mann_whitney_u,0.001551628685578614,0.003429099395128737,1900,True,,False,42
,,adc_logarithm_glcm_Id,0.5585455419040428,negative_higher,0.7250388489948445,0.49474912485414235,0.6088235294117648,mann_whitney_u,0.0015625395822622718,0.0034513959526140344,1901,True,,False,42
,,adc_log-sigma-2-mm-3D_glszm_LargeAreaEmphasis,0.5585352460704235,negative_higher,38.31479690522244,0.42473745624270715,0.6911764705882353,mann_whitney_u,0.0015655275185567617,0.0034561777341849853,1902,True,,False,42
,,dwi_log-sigma-0-6-mm-3D_glcm_JointEnergy,0.558511222458645,negative_higher,0.2469608029311844,0.7304550758459744,0.388235294117647,mann_whitney_u,0.0015725198407171958,0.0034697902318294826,1903,True,,False,42
,,t2_wavelet-HL_gldm_DependenceVariance,0.5584940627359463,negative_higher,3.234901876761401,0.7981330221703618,0.3058823529411765,mann_whitney_u,0.0015775319492981165,0.0034790213524699535,1904,True,,False,42
,,t2_wavelet-LH_glszm_GrayLevelVariance,0.558480334957787,negative_higher,3.0814814169523457,0.40840140023337224,0.7058823529411764,mann_whitney_u,0.0015815522215400304,0.003486056576507395,1905,True,,False,42
,,t2_wavelet2-LL_glcm_Autocorrelation,0.5584700391241677,negative_higher,2088.1996337271657,0.6604434072345391,0.46176470588235297,mann_whitney_u,0.0015845736135580838,0.0034908838422509935,1906,True,,False,42
,,t2_logarithm_glcm_MCC,0.5584563113460086,positive_higher,0.9492372001686316,0.4823529411764706,0.6499416569428238,mann_whitney_u,0.0015886104026562413,0.0034979418357386246,1907,True,,False,42
,,adc_logarithm_firstorder_MeanAbsoluteDeviation,0.5584425835678495,positive_higher,65.37023481170864,0.6617647058823529,0.4492415402567095,mann_whitney_u,0.001592656657346721,0.0035050132621587426,1908,True,,False,42
,,dwi_wavelet2-LH_ngtdm_Contrast,0.5584391516233098,positive_higher,0.0190012457501005,0.27647058823529413,0.8319719953325554,mann_whitney_u,0.0015936697023569227,0.003505405489888276,1909,True,,False,42
,,t2_wavelet-HL_glszm_GrayLevelNonUniformityNormalized,0.5584219919006109,positive_higher,0.1954751511422573,0.38235294117647056,0.7281213535589265,mann_whitney_u,0.0015987438310502082,0.0035128861049606615,1910,True,,False,42
,,dwi_logarithm_firstorder_Entropy,0.5584219919006108,positive_higher,2.6876224715467614,0.4647058823529412,0.6452742123687281,mann_whitney_u,0.0015987438310502082,0.0035128861049606615,1911,True,,False,42
,,dwi_square_glcm_SumEntropy,0.5583928203720228,positive_higher,3.077111062215492,0.2676470588235294,0.8343057176196033,mann_whitney_u,0.0016073745384571072,0.003530002974362653,1912,True,,False,42
,,adc_wavelet2-LH_gldm_HighGrayLevelEmphasis,0.5583705127325143,negative_higher,336.5987969924812,0.6114352392065344,0.5,mann_whitney_u,0.0016140555824379805,0.0035409714684728737,1913,True,,False,42
,,dwi_squareroot_glrlm_RunLengthNonUniformityNormalized,0.5583705127325143,positive_higher,0.6348224472808717,0.28823529411764703,0.8284714119019837,mann_whitney_u,0.0016140555824379805,0.0035409714684728737,1914,True,,False,42
,,adc_logarithm_glrlm_LowGrayLevelRunEmphasis,0.5583602168988948,positive_higher,0.0006408395612175,0.8941176470588236,0.2287047841306884,mann_whitney_u,0.0016171340834853914,0.0035458725935013885,1915,True,,False,42
,,dwi_wavelet-LH_firstorder_InterquartileRange,0.5583396252316563,positive_higher,28.89723165720221,0.5205882352941177,0.5927654609101517,mann_whitney_u,0.0016233073044149206,0.003557550820061718,1916,True,,False,42
,,adc_wavelet2-LH_glrlm_HighGrayLevelRunEmphasis,0.5583293293980369,negative_higher,333.9642659072629,0.6161026837806302,0.4970588235294118,mann_whitney_u,0.0016264020413654342,0.0035624737463189663,1917,True,,False,42
,,t2_wavelet2-LL_glszm_LargeAreaEmphasis,0.558312169675338,positive_higher,5.056402568863602,0.4647058823529412,0.6336056009334889,mann_whitney_u,0.0016315720050789682,0.0035719347493882105,1918,True,,False,42
,,t2_wavelet2-HL_glcm_DifferenceEntropy,0.5485311277369758,negative_higher,1.6992243937620437,0.5250875145857643,0.5558823529411765,t_test,0.0016351295039774,0.0035778576275149053,1919,True,,False,42
,,adc_log-sigma-0-6-mm-3D_glrlm_LongRunHighGrayLevelEmphasis,0.558236666895463,negative_higher,103.10371955806862,0.6744457409568262,0.4205882352941176,mann_whitney_u,0.0016545000114592651,0.003618357056311174,1920,True,,False,42
,,t2_wavelet2-LL_gldm_HighGrayLevelEmphasis,0.5582332349509233,negative_higher,2098.141099197392,0.6592765460910152,0.46176470588235297,mann_whitney_u,0.0016555492039441934,0.003618766844019609,1921,True,,False,42
,,adc_wavelet2-LH_glszm_ZoneVariance,0.558219507172764,negative_higher,5.332290493120232,0.3862310385064177,0.7411764705882353,mann_whitney_u,0.0016597520986872377,0.0036260661094629086,1922,True,,False,42
,,adc_wavelet2-HH_glrlm_RunVariance,0.5582160752282244,negative_higher,1.2826809145827225,0.5414235705950992,0.5647058823529412,mann_whitney_u,0.001660804355180212,0.0036264781525749924,1923,True,,False,42
,,dwi_wavelet-HL_firstorder_Uniformity,0.5581714599492072,negative_higher,0.4008767188144041,0.6511085180863477,0.47352941176470587,mann_whitney_u,0.0016745396595658985,0.003654569662430981,1924,True,,False,42
,,dwi_wavelet2-LH_glszm_LargeAreaHighGrayLevelEmphasis,0.5581543002265084,negative_higher,15969.59693877551,0.47141190198366395,0.65,mann_whitney_u,0.0016798502384055645,0.0036642551434103716,1925,True,,False,42
,,t2_wavelet-HL_glrlm_RunLengthNonUniformityNormalized,0.552330290342508,negative_higher,0.3330546682284779,0.705950991831972,0.37941176470588234,t_test,0.0016866761870361138,0.0036772343246960757,1926,True,,False,42
,,dwi_logarithm_glcm_Imc2,0.5581165488365708,positive_higher,0.8800668512198518,0.3058823529411765,0.8191365227537923,mann_whitney_u,0.0016915880921066643,0.0036860292676470594,1927,True,,False,42
,,t2_log-sigma-0-6-mm-3D_glcm_Id,0.5508854416912623,positive_higher,0.7666984914541967,0.42058823529411765,0.6604434072345391,t_test,0.0016995131422132424,0.0037013774295401474,1928,True,,False,42
,,dwi_wavelet2-LL_glcm_MCC,0.5580650696684741,positive_higher,0.882760200367265,0.4647058823529412,0.662777129521587,mann_whitney_u,0.0017077158570303194,0.0037173140921048786,1929,True,,False,42
,,adc_wavelet2-LH_glcm_MCC,0.5580032946667581,negative_higher,0.4756877526234913,0.7572928821470245,0.361764705882353,mann_whitney_u,0.001727255808066595,0.003757900071539706,1930,True,,False,42
,,dwi_wavelet2-HL_glcm_JointEnergy,0.5579929988331389,negative_higher,0.1418713788727758,0.5659276546091015,0.5558823529411765,mann_whitney_u,0.0017305323853755823,0.003763078967473884,1931,True,,False,42
,,adc_wavelet2-HH_glcm_Autocorrelation,0.5579209279978035,negative_higher,42.74289091928193,0.43757292882147025,0.6647058823529413,mann_whitney_u,0.0017536289453036471,0.003811329162179096,1932,True,,False,42
,,dwi_square_glcm_Id,0.5579054842473745,negative_higher,0.7476486128801818,0.8121353558926487,0.29117647058823526,mann_whitney_u,0.001758583209013695,0.003819852710797613,1933,True,,False,42
,,adc_logarithm_glszm_SizeZoneNonUniformity,0.5579003363305649,negative_higher,88.4749498997996,0.6954492415402567,0.42647058823529416,mann_whitney_u,0.0017602797946654827,0.003819852710797613,1934,True,,False,42
,,t2_original_glcm_MCC,0.5579003363305649,positive_higher,0.953107586392451,0.38529411764705884,0.7269544924154026,mann_whitney_u,0.0017602798274335273,0.003819852710797613,1935,True,,False,42
,,adc_logarithm_gldm_DependenceNonUniformityNormalized,0.5578866085524059,positive_higher,0.1428981396914825,0.4852941176470588,0.6196032672112018,mann_whitney_u,0.0017647266241007488,0.0038275243257226465,1936,True,,False,42
,,dwi_wavelet2-HH_firstorder_InterquartileRange,0.557852289107008,positive_higher,9.47811062751272,0.55,0.574095682613769,mann_whitney_u,0.0017758888358223534,0.003849745597118256,1937,True,,False,42
,,adc_logarithm_firstorder_Kurtosis,0.5578454252179286,negative_higher,14.003481720868756,0.5379229871645275,0.5823529411764705,mann_whitney_u,0.0017781290517174698,0.003852612945387851,1938,True,,False,42
,,adc_squareroot_gldm_DependenceNonUniformityNormalized,0.5578385613288489,positive_higher,0.2250737118485436,0.5323529411764706,0.5822637106184364,mann_whitney_u,0.0017803718650918094,0.00385548296107298,1939,True,,False,42
,,t2_wavelet-HL_glrlm_GrayLevelNonUniformityNormalized,0.557790514105292,positive_higher,0.3592150662272765,0.20294117647058824,0.8949824970828472,mann_whitney_u,0.0017961445154839409,0.0038876344435654986,1940,True,,False,42
,,dwi_wavelet2-HH_glcm_DifferenceVariance,0.5577699224380535,positive_higher,0.2562449741075182,0.43823529411764706,0.6802800466744457,mann_whitney_u,0.0018029434560418154,0.003898331396457046,1941,True,,False,42
,,t2_wavelet2-HH_gldm_SmallDependenceHighGrayLevelEmphasis,0.5577699224380535,negative_higher,0.5741483737857422,0.44340723453908987,0.6588235294117647,mann_whitney_u,0.0018029434560418154,0.003898331396457046,1942,True,,False,42
,,t2_wavelet-HL_firstorder_90Percentile,0.557745898826275,negative_higher,10.136422137248324,0.5997666277712952,0.5029411764705882,mann_whitney_u,0.0018109054446043473,0.003913531632472288,1943,True,,False,42
,,dwi_squareroot_glcm_ClusterProminence,0.557732171048116,positive_higher,4283.58684837405,0.3411764705882353,0.7899649941656943,mann_whitney_u,0.0018154696478390915,0.00392137708398989,1944,True,,False,42
,,dwi_wavelet-HH_firstorder_RootMeanSquared,0.5577218752144966,positive_higher,300.7577600690482,0.24411764705882352,0.8669778296382731,mann_whitney_u,0.0018188997353360717,0.003926766061016023,1945,True,,False,42
,,t2_original_glcm_Correlation,0.5577184432699567,positive_higher,0.9492526092747712,0.4294117647058823,0.6954492415402567,mann_whitney_u,0.0018200444206294645,0.003927218151193793,1946,True,,False,42
,,adc_logarithm_glcm_Imc1,0.5577012835472579,negative_higher,-0.2711283037454539,0.6837806301050176,0.4294117647058824,mann_whitney_u,0.0018257777835048962,0.003937565954256322,1947,True,,False,42
,,t2_log-sigma-0-6-mm-3D_glcm_Idm,0.550645205573478,positive_higher,0.7634353679860509,0.38823529411764707,0.6977829638273045,t_test,0.0018319046228321698,0.003948395158014332,1948,True,,False,42
,,adc_square_ngtdm_Strength,0.5576806918800191,positive_higher,0.7967363257000196,0.8294117647058824,0.2718786464410735,mann_whitney_u,0.001832679724451044,0.003948395158014332,1949,True,,False,42
,,adc_square_glcm_Idmn,0.5576703960463998,negative_higher,0.9920020644824528,0.5962660443407235,0.5088235294117647,mann_whitney_u,0.0018361396779662316,0.003953820773220619,1950,True,,False,42
,,adc_squareroot_firstorder_Maximum,0.5576498043791612,negative_higher,2757.4413560926123,0.691948658109685,0.44705882352941173,mann_whitney_u,0.0018430775976908604,0.003964694074131108,1951,True,,False,42
,,t2_original_glszm_SmallAreaLowGrayLevelEmphasis,0.5576498043791612,positive_higher,0.0048552598631471,0.4176470588235294,0.6989498249708285,mann_whitney_u,0.0018430775976908604,0.003964694074131108,1952,True,,False,42
,,t2_wavelet2-HL_glcm_SumSquares,0.5576395085455419,negative_higher,1.5687865914454626,0.6662777129521587,0.4411764705882353,mann_whitney_u,0.001846555582581676,0.003970141777399108,1953,True,,False,42
,,dwi_logarithm_glcm_SumEntropy,0.5576051891001441,positive_higher,3.4731098706947123,0.5,0.6126021003500584,mann_whitney_u,0.001858192462157465,0.003993116759774409,1954,True,,False,42
,,adc_log-sigma-0-6-mm-3D_glcm_Idmn,0.5575983252110647,negative_higher,0.99377604612388,0.27887981330221706,0.8176470588235294,mann_whitney_u,0.001860527907533411,0.0039940473843214684,1955,True,,False,42
,,t2_wavelet2-LH_ngtdm_Busyness,0.5575983252110646,negative_higher,15.075943034428594,0.6837806301050176,0.4529411764705882,mann_whitney_u,0.001860527907533411,0.0039940473843214684,1956,True,,False,42
,,t2_wavelet2-LL_glrlm_ShortRunHighGrayLevelEmphasis,0.557546846042968,negative_higher,1981.087408681355,0.6639439906651109,0.4529411764705882,mann_whitney_u,0.0018781298860864057,0.004029773833253356,1957,True,,False,42
,,t2_wavelet-HH_glszm_ZoneVariance,0.5574816390967121,negative_higher,395645.84039362974,0.632438739789965,0.48235294117647054,mann_whitney_u,0.0019006453011925527,0.0040760008272255005,1958,True,,False,42
,,t2_wavelet2-HL_glrlm_GrayLevelVariance,0.5574644793740132,negative_higher,2.1449458248766176,0.617269544924154,0.49411764705882355,mann_whitney_u,0.001906611473146776,0.004086708308189542,1959,True,,False,42
,,t2_log-sigma-2-mm-3D_glszm_LargeAreaHighGrayLevelEmphasis,0.5574576154849338,negative_higher,4906730.71178344,0.574095682613769,0.5264705882352941,mann_whitney_u,0.0019090027540395909,0.004089746206230736,1960,True,,False,42
,,t2_wavelet2-HL_gldm_GrayLevelVariance,0.5574438877067747,negative_higher,1.5759364145293835,0.6697782963827305,0.4411764705882353,mann_whitney_u,0.0019137935807754026,0.004097919044199855,1961,True,,False,42
,,t2_wavelet2-LL_glrlm_HighGrayLevelRunEmphasis,0.5574370238176951,negative_higher,2139.255448580696,0.6592765460910152,0.45882352941176474,mann_whitney_u,0.0019161931323053965,0.0041009658320847915,1962,True,,False,42
,,t2_original_glcm_DifferenceVariance,0.5574198640949962,negative_higher,1.3447743489921802,0.5647607934655776,0.5323529411764706,mann_whitney_u,0.0019222041036098573,0.004111734605734992,1963,True,,False,42
,,t2_wavelet2-LH_glrlm_LowGrayLevelRunEmphasis,0.5573580890932802,positive_higher,0.0039377314834474,0.8823529411764706,0.22403733955659277,mann_whitney_u,0.0019439872530456579,0.004156213073084887,1964,True,,False,42
,,t2_wavelet2-LL_gldm_DependenceNonUniformityNormalized,0.5529377445260485,negative_higher,0.3146422026508649,0.6522753792298717,0.44999999999999996,t_test,0.0019459508231136071,0.0041582938963124864,1965,True,,False,42
,,adc_squareroot_gldm_LargeDependenceEmphasis,0.5573374974260416,negative_higher,8.69991426121749,0.572928821470245,0.5441176470588236,mann_whitney_u,0.0019512985184155052,0.004167600447012567,1966,True,,False,42
,,t2_wavelet2-HL_firstorder_Variance,0.5573272015924223,negative_higher,212.47434786383195,0.6697782963827305,0.4411764705882353,mann_whitney_u,0.001954963610206759,0.004173305642734205,1967,True,,False,42
,,dwi_wavelet2-LL_glcm_JointEntropy,0.5573134738142632,positive_higher,8.16310267604928,0.4676470588235294,0.6522753792298717,mann_whitney_u,0.0019598602305946357,0.004179508942746,1968,True,,False,42
,,adc_original_firstorder_RootMeanSquared,0.5573134738142631,negative_higher,1380.1592868567652,0.6266044340723453,0.5029411764705882,mann_whitney_u,0.0019598602305946357,0.004179508942746,1969,True,,False,42
,,adc_exponential_glszm_LargeAreaEmphasis,0.5573066099251835,negative_higher,5319.565789473684,0.6942823803967327,0.4117647058823529,mann_whitney_u,0.0019623127607223015,0.004180492786541321,1970,True,,False,42
,,t2_wavelet-HL_glcm_MaximumProbability,0.5573066099251835,positive_higher,0.2421801206321762,0.4235294117647059,0.6686114352392065,mann_whitney_u,0.0019623127607223015,0.004180492786541321,1971,True,,False,42
,,dwi_squareroot_firstorder_Uniformity,0.5572928821470245,negative_higher,0.1499498495486459,0.6067677946324388,0.5205882352941176,mann_whitney_u,0.001967226275322141,0.004188835258660076,1972,True,,False,42
,,t2_wavelet2-LH_glrlm_ShortRunLowGrayLevelEmphasis,0.5572654265907063,positive_higher,0.0029635931663283,0.8588235294117647,0.2462077012835473,mann_whitney_u,0.001977087203132108,0.004207698512900011,1973,True,,False,42
,,t2_wavelet2-HL_glcm_Idmn,0.5572036515889903,negative_higher,0.9975299942189788,0.26254375729288215,0.8441176470588235,mann_whitney_u,0.0019994403980099643,0.00425311561866456,1974,True,,False,42
,,t2_original_glcm_Contrast,0.557193355755371,negative_higher,1.853537971464356,0.8296382730455076,0.26764705882352946,mann_whitney_u,0.0020031884023056505,0.004258930684193127,1975,True,,False,42
,,t2_exponential_glcm_Idmn,0.5571727640881323,negative_higher,0.9998923790704786,0.3103850641773629,0.7970588235294118,mann_whitney_u,0.002010699374218628,0.004270584266438184,1976,True,,False,42
,,adc_wavelet2-LL_firstorder_RootMeanSquared,0.5571727640881323,negative_higher,5513.746363124194,0.6184364060676779,0.5058823529411764,mann_whitney_u,0.002010703761549962,0.004270584266438184,1977,True,,False,42
,,t2_original_glrlm_ShortRunHighGrayLevelEmphasis,0.5571453085318141,negative_higher,119.77337093990558,0.6802800466744457,0.4411764705882353,mann_whitney_u,0.0020207644920282155,0.004289782660276277,1978,True,,False,42
,,adc_wavelet-LH_glszm_SmallAreaHighGrayLevelEmphasis,0.5571109890864163,negative_higher,144.5205453363265,0.5495915985997666,0.5676470588235294,mann_whitney_u,0.0020334053608041,0.004314436134419614,1979,True,,False,42
,,t2_wavelet-HL_glszm_LargeAreaLowGrayLevelEmphasis,0.5570801015855584,positive_higher,48.46960055062102,0.6588235294117647,0.4387397899649942,mann_whitney_u,0.002044844135688498,0.004336515417048486,1980,True,,False,42
,,dwi_wavelet-HL_glszm_GrayLevelVariance,0.5570612258905896,positive_higher,2.629138560497493,0.2852941176470588,0.8471411901983664,mann_whitney_u,0.002051863493955163,0.0043492048516495345,1981,True,,False,42
,,dwi_log-sigma-2-mm-3D_glcm_Idn,0.5570560779737799,positive_higher,0.9528264566515238,0.5176470588235295,0.6301050175029171,mann_whitney_u,0.0020537817446731953,0.004351074442927723,1982,True,,False,42
,,dwi_logarithm_firstorder_Energy,0.5570526460292402,negative_higher,3676990743.91582,0.4002333722287048,0.6970588235294117,mann_whitney_u,0.0020550614675589043,0.004351590066706928,1983,True,,False,42
,,adc_exponential_firstorder_TotalEnergy,0.5570354863065412,negative_higher,128238162.65179846,0.6219369894982497,0.4911764705882353,mann_whitney_u,0.002061471062297058,0.004362962192835357,1984,True,,False,42
,,dwi_log-sigma-3-mm-3D_firstorder_90Percentile,0.557025190472922,positive_higher,18.374152183532715,0.5705882352941176,0.5495915985997666,mann_whitney_u,0.002065325616870419,0.004368913301709085,1985,True,,False,42
,,t2_log-sigma-0-6-mm-3D_glcm_DifferenceEntropy,0.5492003569222321,negative_higher,1.3058496499764076,0.6056009334889149,0.4911764705882353,t_test,0.002066363852630208,0.004368913301709085,1986,True,,False,42
,,t2_wavelet2-LH_gldm_LowGrayLevelEmphasis,0.5570011668611435,positive_higher,0.0038761081447426,0.8823529411764706,0.2287047841306884,mann_whitney_u,0.0020743453032448077,0.004383581242237014,1987,True,,False,42
,,dwi_wavelet-HL_firstorder_10Percentile,0.556963415471206,negative_higher,-33.10050090102914,0.6826137689614936,0.4294117647058824,mann_whitney_u,0.00208859212384448,0.004411467971842541,1988,True,,False,42
,,t2_wavelet2-HL_glcm_SumEntropy,0.556932527970348,negative_higher,3.027082943565908,0.7001166861143524,0.40588235294117647,mann_whitney_u,0.002100315308023488,0.0044339989836051415,1989,True,,False,42
,,dwi_logarithm_glrlm_RunVariance,0.5569290960258083,negative_higher,1.3491464042773167,0.7106184364060677,0.3941176470588236,mann_whitney_u,0.0021016216025508375,0.004434527190508023,1990,True,,False,42
,,dwi_original_glrlm_LongRunEmphasis,0.5569050724140298,negative_higher,3.858588469256439,0.6417736289381564,0.47352941176470587,mann_whitney_u,0.002110786548143432,0.004451628686918268,1991,True,,False,42
,,adc_square_glrlm_LongRunLowGrayLevelEmphasis,0.5568913446358706,positive_higher,0.0477258219227671,0.6088235294117647,0.5110851808634773,mann_whitney_u,0.002116040102187734,0.004460468066810389,1992,True,,False,42
,,adc_exponential_glszm_LargeAreaLowGrayLevelEmphasis,0.5568673210240922,negative_higher,5201.4631942000415,0.6954492415402567,0.4088235294117647,mann_whitney_u,0.0021252626838633958,0.004473171934607719,1993,True,,False,42
,,dwi_square_glrlm_RunPercentage,0.5568673210240922,positive_higher,0.4836607858861266,0.31470588235294117,0.7829638273045507,mann_whitney_u,0.0021252626838633958,0.004473171934607719,1994,True,,False,42
,,dwi_wavelet-LH_firstorder_Skewness,0.5568673210240922,negative_higher,-0.3843627186733894,0.5355892648774796,0.6,mann_whitney_u,0.0021252626838633958,0.004473171934607719,1995,True,,False,42
,,t2_wavelet2-LL_gldm_SmallDependenceHighGrayLevelEmphasis,0.5568638890795525,negative_higher,1139.673184353503,0.7024504084014003,0.4117647058823529,mann_whitney_u,0.0021265832003065934,0.004473708846737167,1996,True,,False,42
,,t2_wavelet2-LL_gldm_LargeDependenceEmphasis,0.5568261376896149,positive_higher,5.75522319762051,0.24705882352941178,0.8494749124854142,mann_whitney_u,0.0021411586201458164,0.0045021156965409535,1997,True,,False,42
,,dwi_logarithm_glcm_JointEnergy,0.5567746585215183,negative_higher,0.0658942480047518,0.6837806301050176,0.4294117647058824,mann_whitney_u,0.0021611818236666283,0.0045396710743252485,1998,True,,False,42
,,dwi_logarithm_glrlm_RunLengthNonUniformity,0.5567746585215183,negative_higher,1169.3078234564762,0.4282380396732789,0.6735294117647059,mann_whitney_u,0.0021611818236666283,0.0045396710743252485,1999,True,,False,42
,,adc_original_glrlm_LongRunLowGrayLevelEmphasis,0.5566648362962454,positive_higher,0.0051584886619602,0.611764705882353,0.5087514585764294,mann_whitney_u,0.0022044729445046,0.004628290946987407,2000,True,,False,42
,,adc_exponential_firstorder_Energy,0.5566476765735465,negative_higher,7629048.988484566,0.7444574095682613,0.36764705882352944,mann_whitney_u,0.0022113085293137963,0.004640322096246192,2001,True,,False,42
,,dwi_wavelet-HL_firstorder_MeanAbsoluteDeviation,0.55659619740545,positive_higher,17.78806060332178,0.4764705882352941,0.6441073512252042,mann_whitney_u,0.0022319320025203635,0.004681259979312191,2002,True,,False,42
,,dwi_log-sigma-3-mm-3D_glszm_SizeZoneNonUniformity,0.5565704578214016,positive_higher,44.130742049469966,0.3235294117647059,0.7969661610268378,mann_whitney_u,0.0022423093391955385,0.0046997854690337525,2003,True,,False,42
,,t2_original_glrlm_HighGrayLevelRunEmphasis,0.5565687418491317,negative_higher,157.57489862459306,0.6872812135355892,0.43529411764705883,mann_whitney_u,0.0022430031150139653,0.0046997854690337525,2004,True,,False,42
,,dwi_wavelet2-LL_glrlm_RunLengthNonUniformityNormalized,0.5565515821264329,positive_higher,0.7501759314499021,0.5147058823529411,0.5904317386231038,mann_whitney_u,0.0022499480895168946,0.0047119860488186735,2005,True,,False,42
,,dwi_wavelet2-LL_glcm_Idm,0.5565447182373533,negative_higher,0.3801153978563549,0.5775962660443408,0.5352941176470588,mann_whitney_u,0.002252731591836737,0.004715463586302322,2006,True,,False,42
,,dwi_wavelet2-HH_firstorder_Range,0.5564726474020181,positive_higher,73.41459444427021,0.7323529411764705,0.3745624270711785,mann_whitney_u,0.0022821494482082464,0.004774661451433198,2007,True,,False,42
,,dwi_wavelet2-LL_glrlm_ShortRunEmphasis,0.5564554876793191,positive_higher,0.8866075924215395,0.538235294117647,0.5682613768961493,mann_whitney_u,0.0022892053727961155,0.00478703852608112,2008,True,,False,42
,,t2_log-sigma-0-6-mm-3D_glcm_MaximumProbability,0.5564280321230008,positive_higher,0.2457565217281034,0.4088235294117647,0.6872812135355892,mann_whitney_u,0.0023005364276914133,0.004808338705762192,2009,True,,False,42
,,t2_wavelet2-LH_gldm_SmallDependenceLowGrayLevelEmphasis,0.5563628251767451,positive_higher,0.000891270072445,0.6352941176470588,0.4644107351225204,mann_whitney_u,0.002327653869499932,0.004862596317427967,2010,True,,False,42
,,adc_wavelet-HH_gldm_LowGrayLevelEmphasis,0.5563593932322053,positive_higher,0.0095010276738047,0.7970588235294118,0.3033838973162194,mann_whitney_u,0.0023290891796341386,0.004863175268664221,2011,True,,False,42
,,adc_wavelet-HH_glszm_SmallAreaHighGrayLevelEmphasis,0.5563490973985861,negative_higher,85.13923177274066,0.35355892648774795,0.7470588235294118,mann_whitney_u,0.0023333999745897573,0.00486491881494657,2012,True,,False,42
,,t2_log-sigma-3-mm-3D_glcm_JointAverage,0.5563490973985861,negative_higher,9.193945169730329,0.7829638273045507,0.32352941176470584,mann_whitney_u,0.0023333999745897573,0.00486491881494657,2013,True,,False,42
,,t2_log-sigma-3-mm-3D_glcm_SumAverage,0.5563490973985861,negative_higher,18.38789033946065,0.7829638273045507,0.32352941176470584,mann_whitney_u,0.0023333999745897573,0.00486491881494657,2014,True,,False,42
,,dwi_wavelet-HL_glcm_MaximumProbability,0.5563456654540463,negative_higher,0.2471775220792185,0.6779463243873979,0.43823529411764706,mann_whitney_u,0.002334838529120765,0.004865502225200046,2015,True,,False,42
,,t2_log-sigma-0-6-mm-3D_gldm_SmallDependenceLowGrayLevelEmphasis,0.556335369620427,positive_higher,0.0008484091623261,0.5176470588235295,0.5845974329054843,mann_whitney_u,0.0023391590670742636,0.004872087759248429,2016,True,,False,42
,,t2_wavelet-HL_glcm_Id,0.5563216418422678,positive_higher,0.7173567596107199,0.711764705882353,0.37339556592765466,mann_whitney_u,0.0023449311731328446,0.004881688644514038,2017,True,,False,42
,,dwi_log-sigma-2-mm-3D_firstorder_InterquartileRange,0.556228979339694,positive_higher,29.266966819763184,0.5735294117647058,0.5390898483080513,mann_whitney_u,0.002384235280874698,0.004961052499699136,2018,True,,False,42
,,dwi_wavelet2-HL_gldm_DependenceVariance,0.5562015237833757,negative_higher,3.5427965736914606,0.3337222870478413,0.7676470588235293,mann_whitney_u,0.0023959962331432326,0.004983055068335034,2019,True,,False,42
,,dwi_original_gldm_LargeDependenceEmphasis,0.5561946598942962,negative_higher,19.759367194004994,0.6429404900816803,0.47058823529411764,mann_whitney_u,0.0023989447573784114,0.004986717344669282,2020,True,,False,42
,,dwi_log-sigma-0-6-mm-3D_gldm_SmallDependenceLowGrayLevelEmphasis,0.5561809321161371,negative_higher,0.0220265758362308,0.35355892648774795,0.7676470588235293,mann_whitney_u,0.002404851772561829,0.004996522807019852,2021,True,,False,42
,,adc_wavelet-HL_glszm_SmallAreaLowGrayLevelEmphasis,0.5560951335026425,positive_higher,0.004457307077791,0.6764705882352942,0.4364060676779463,mann_whitney_u,0.002442073261034099,0.005071347983720169,2022,True,,False,42
,,adc_wavelet-HH_glrlm_LowGrayLevelRunEmphasis,0.5560676779463244,positive_higher,0.0096935089004099,0.8,0.29871645274212366,mann_whitney_u,0.0024540950246951573,0.0050937938747874275,2023,True,,False,42
,,t2_wavelet2-LH_gldm_LargeDependenceHighGrayLevelEmphasis,0.5560608140572448,negative_higher,3053.6453579515764,0.6371061843640606,0.46176470588235297,mann_whitney_u,0.0024571089153406786,0.005097529810037307,2024,True,,False,42
,,t2_original_gldm_SmallDependenceHighGrayLevelEmphasis,0.5560505182236255,negative_higher,29.115307786109025,0.6849474912485414,0.4323529411764706,mann_whitney_u,0.0024616361023602844,0.005104399996943622,2025,True,,False,42
,,dwi_wavelet2-LL_glcm_Imc1,0.5559990390555288,negative_higher,-0.2353596425980134,0.3278879813302217,0.7676470588235293,mann_whitney_u,0.0024843867383842295,0.005149032534291895,2026,True,,False,42
,,dwi_squareroot_glrlm_RunPercentage,0.5559578557210515,positive_higher,0.7709837545126355,0.2823529411764706,0.8343057176196033,mann_whitney_u,0.0025027255782537955,0.005184481846614547,2027,True,,False,42
,,dwi_squareroot_glcm_DifferenceAverage,0.5559235362756538,positive_higher,1.5212541350408322,0.2529411764705882,0.8634772462077013,mann_whitney_u,0.00251810245354283,0.005211193791240189,2028,True,,False,42
,,t2_wavelet2-HL_firstorder_90Percentile,0.5559235362756538,negative_higher,14.353451008374764,0.8121353558926487,0.2823529411764706,mann_whitney_u,0.00251810245354283,0.005211193791240189,2029,True,,False,42
,,t2_original_glcm_Id,0.5559166723865743,positive_higher,0.6558161640923603,0.3588235294117647,0.7374562427071178,mann_whitney_u,0.002521188179872359,0.00521500944201184,2030,True,,False,42
,,adc_square_glcm_MCC,0.5558686251630174,positive_higher,0.8174118739616731,0.4117647058823529,0.7094515752625438,mann_whitney_u,0.0025428852945889365,0.005257299533224492,2031,True,,False,42
,,adc_log-sigma-3-mm-3D_glrlm_ShortRunLowGrayLevelEmphasis,0.5558651932184776,positive_higher,0.0084753017414284,0.5941176470588235,0.5215869311551926,mann_whitney_u,0.0025444416044471487,0.005257928295803926,2032,True,,False,42
,,t2_wavelet2-LL_glrlm_LongRunHighGrayLevelEmphasis,0.5558548973848582,negative_higher,2885.5326529328363,0.691948658109685,0.4294117647058824,mann_whitney_u,0.002549115762381636,0.0052649961073489866,2033,True,,False,42
,,t2_wavelet2-HL_glcm_Idm,0.5459159859976663,positive_higher,0.6905801851723926,0.2088235294117647,0.8646441073512252,t_test,0.002565240720491061,0.005295696059656817,2034,True,,False,42
,,dwi_wavelet2-HH_gldm_HighGrayLevelEmphasis,0.5558102821058412,positive_higher,6.535515548281506,0.4176470588235294,0.6896149358226371,mann_whitney_u,0.002569461149164724,0.005299198485152989,2035,True,,False,42
,,t2_log-sigma-0-6-mm-3D_firstorder_90Percentile,0.5558102821058412,negative_higher,13.538873481750487,0.7771295215869312,0.3294117647058824,mann_whitney_u,0.0025694613278808014,0.005299198485152989,2036,True,,False,42
,,t2_wavelet2-HL_glcm_Id,0.545583087377308,positive_higher,0.712718076075919,0.17058823529411765,0.9008168028004667,t_test,0.0025790094358082737,0.005316279146273413,2037,True,,False,42
,,t2_log-sigma-0-6-mm-3D_glcm_JointEnergy,0.5557862584940627,positive_higher,0.118913779316667,0.47352941176470587,0.6231038506417736,mann_whitney_u,0.0025804780362686255,0.00531669640544257,2038,True,,False,42
,,t2_log-sigma-3-mm-3D_gldm_HighGrayLevelEmphasis,0.5557622348822844,negative_higher,93.15234465056945,0.733955659276546,0.3735294117647059,mann_whitney_u,0.0025915379201957604,0.005336864996028444,2039,True,,False,42
,,dwi_wavelet2-LL_gldm_SmallDependenceHighGrayLevelEmphasis,0.5557485071041253,positive_higher,348.2693477436903,0.39705882352941174,0.7304550758459744,mann_whitney_u,0.002597877296706912,0.005347297435721727,2040,True,,False,42
,,adc_wavelet2-HH_glszm_SmallAreaLowGrayLevelEmphasis,0.5557313473814263,positive_higher,0.0209378816851638,0.6205882352941177,0.48424737456242706,mann_whitney_u,0.0026058214548329785,0.005361021209624535,2041,True,,False,42
,,dwi_wavelet2-HL_glcm_Idmn,0.5557107557141876,positive_higher,0.9922214338770649,0.36764705882352944,0.7339556592765462,mann_whitney_u,0.002615383758953039,0.00537805896368453,2042,True,,False,42
,,t2_log-sigma-3-mm-3D_gldm_SmallDependenceHighGrayLevelEmphasis,0.5556970279360286,negative_higher,2.3077611507124103,0.7736289381563594,0.34411764705882353,mann_whitney_u,0.002621776438811813,0.005388565475560843,2043,True,,False,42
,,adc_squareroot_glrlm_LongRunLowGrayLevelEmphasis,0.5556627084906308,positive_higher,0.0017264566710845,0.7294117647058823,0.3920653442240374,mann_whitney_u,0.0026378206816447466,0.005418888963907188,2044,True,,False,42
,,t2_wavelet2-HL_firstorder_Entropy,0.5556558446015513,negative_higher,2.2287309924313217,0.7444574095682613,0.35882352941176465,mann_whitney_u,0.002641040280303213,0.005422849944739946,2045,True,,False,42
,,adc_log-sigma-2-mm-3D_gldm_DependenceNonUniformityNormalized,0.5556421168233922,positive_higher,0.1884249817798761,0.7,0.41306884480746786,mann_whitney_u,0.00264749025617446,0.0054334367476425015,2046,True,,False,42
,,adc_wavelet2-LH_glszm_LargeAreaEmphasis,0.5556318209897728,negative_higher,9.3001443001443,0.4049008168028005,0.7176470588235294,mann_whitney_u,0.00265233718334964,0.005438068277775946,2047,True,,False,42
,,dwi_log-sigma-2-mm-3D_firstorder_Maximum,0.5556318209897728,positive_higher,131.6316375732422,0.29705882352941176,0.8296382730455076,mann_whitney_u,0.00265233718334964,0.005438068277775946,2048,True,,False,42
,,dwi_wavelet2-HH_glcm_Autocorrelation,0.5556249571006933,positive_higher,6.304141095203862,0.39705882352941174,0.7094515752625438,mann_whitney_u,0.002655572972573411,0.0054420453449662036,2049,True,,False,42
,,t2_wavelet2-HL_firstorder_MeanAbsoluteDeviation,0.555597501544375,negative_higher,9.926026519470582,0.7467911318553092,0.3558823529411764,mann_whitney_u,0.002668552242456829,0.005465976032232305,2050,True,,False,42
,,t2_log-sigma-3-mm-3D_glcm_Autocorrelation,0.5555906376552955,negative_higher,92.75375759446096,0.73512252042007,0.37058823529411766,mann_whitney_u,0.002671806106079563,0.005469972617956161,2051,True,,False,42
,,dwi_wavelet-LH_firstorder_Median,0.5555872057107557,negative_higher,-2.139493423219254,0.8599766627771295,0.2529411764705882,mann_whitney_u,0.002673434397278971,0.00547063890554308,2052,True,,False,42
,,adc_wavelet2-LL_glcm_ClusterTendency,0.555552886265358,positive_higher,787.0184083407307,0.7382352941176471,0.35589264877479576,mann_whitney_u,0.0026897672605636145,0.005501379798882911,2053,True,,False,42
,,dwi_logarithm_glrlm_LongRunEmphasis,0.5555460223762784,negative_higher,3.987317422793016,0.7316219369894983,0.37058823529411766,mann_whitney_u,0.0026930447550796498,0.005502722592009464,2054,True,,False,42
,,t2_original_glcm_Idm,0.5555460223762784,positive_higher,0.6292307299011755,0.3588235294117647,0.7362893815635939,mann_whitney_u,0.0026930447550796498,0.005502722592009464,2055,True,,False,42
,,t2_wavelet2-LH_glszm_HighGrayLevelZoneEmphasis,0.5555185668199603,negative_higher,243.7250689791092,0.2660443407234539,0.8382352941176471,mann_whitney_u,0.002706191259582123,0.005526895476160182,2056,True,,False,42
,,t2_wavelet-HL_gldm_DependenceNonUniformityNormalized,0.5554773834854828,positive_higher,0.1568438723402699,0.2647058823529412,0.8354725787631272,mann_whitney_u,0.0027260209937740184,0.005564687483158534,2057,True,,False,42
,,adc_original_glrlm_LongRunHighGrayLevelEmphasis,0.5554121765392271,negative_higher,1092.7138125123815,0.4492415402567094,0.6852941176470588,mann_whitney_u,0.0027576897153553186,0.0056252394310101666,2058,True,,False,42
,,dwi_wavelet2-HH_glcm_DifferenceAverage,0.5554087445946874,positive_higher,0.4974906198967265,0.2323529411764706,0.8833138856476079,mann_whitney_u,0.0027593657626937334,0.0056252394310101666,2059,True,,False,42
,,adc_logarithm_glcm_InverseVariance,0.5554053126501476,positive_higher,0.4331441355844613,0.6294117647058823,0.4644107351225204,mann_whitney_u,0.002761042740488677,0.0056252394310101666,2060,True,,False,42
,,t2_wavelet-HL_firstorder_RobustMeanAbsoluteDeviation,0.5554053126501475,negative_higher,4.8571534538232095,0.2847141190198366,0.8029411764705883,mann_whitney_u,0.002761042740488677,0.0056252394310101666,2061,True,,False,42
,,adc_exponential_firstorder_Kurtosis,0.5554018807056078,negative_higher,18.30942167386881,0.5834305717619603,0.5176470588235293,mann_whitney_u,0.0027627206491990224,0.005625928227927592,2062,True,,False,42
,,t2_wavelet2-LL_glszm_HighGrayLevelZoneEmphasis,0.5553709932047498,negative_higher,2101.9934480704724,0.7304550758459744,0.388235294117647,mann_whitney_u,0.0027778637945913404,0.00565402330270918,2063,True,,False,42
,,adc_square_glcm_Idn,0.5553401057038918,negative_higher,0.9404554809574952,0.6534422403733956,0.4411764705882353,mann_whitney_u,0.002793082716761793,0.005682245313799791,2064,True,,False,42
,,dwi_wavelet2-HL_glcm_MaximumProbability,0.5553160820921134,negative_higher,0.2295880375155633,0.5834305717619603,0.538235294117647,mann_whitney_u,0.002804972260539918,0.005703669986444123,2065,True,,False,42
,,adc_log-sigma-0-6-mm-3D_glcm_Idn,0.5553092182030338,negative_higher,0.9485237950822506,0.411901983663944,0.6882352941176471,mann_whitney_u,0.0028083777523104517,0.005707830678582568,2066,True,,False,42
,,dwi_wavelet2-HH_glcm_Idm,0.5552989223694146,negative_higher,0.7729399677019588,0.676779463243874,0.43529411764705883,mann_whitney_u,0.0028134930699363694,0.005715460764713505,2067,True,,False,42
,,t2_wavelet2-HH_glszm_SmallAreaLowGrayLevelEmphasis,0.5552886265357952,positive_higher,0.0581066298623508,0.6852941176470588,0.42007001166861146,mann_whitney_u,0.0028186168946781748,0.00572033462578717,2068,True,,False,42
,,adc_square_gldm_LargeDependenceLowGrayLevelEmphasis,0.5552886265357951,positive_higher,0.2168081531224335,0.6323529411764706,0.4784130688448075,mann_whitney_u,0.0028186168946781748,0.00572033462578717,2069,True,,False,42
,,t2_log-sigma-0-6-mm-3D_firstorder_Uniformity,0.5552851945912555,positive_higher,0.2928247987686064,0.31176470588235294,0.7981330221703618,mann_whitney_u,0.002820326728899393,0.005721039581955822,2070,True,,False,42
,,t2_log-sigma-3-mm-3D_gldm_LargeDependenceHighGrayLevelEmphasis,0.5552783307021758,negative_higher,5160.036178074961,0.7024504084014003,0.4088235294117647,mann_whitney_u,0.0028237492390958724,0.005725216347157686,2071,True,,False,42
,,dwi_logarithm_firstorder_TotalEnergy,0.555274898757636,negative_higher,33360832700.90388,0.4644107351225204,0.6264705882352941,mann_whitney_u,0.0028254619160028582,0.005725924027652511,2072,True,,False,42
,,adc_logarithm_glszm_ZoneEntropy,0.5552680348685566,negative_higher,6.306324043095136,0.33022170361726955,0.7705882352941177,mann_whitney_u,0.0028288901157650687,0.005727343103229279,2073,True,,False,42
,,t2_wavelet2-HL_glszm_GrayLevelVariance,0.5552680348685565,negative_higher,3.857357042889048,0.7397899649941657,0.37941176470588234,mann_whitney_u,0.0028288901157650687,0.005727343103229279,2074,True,,False,42
,,t2_wavelet2-HL_glcm_DifferenceVariance,0.5552646029240167,negative_higher,0.6835011514519705,0.8541423570595099,0.24705882352941178,mann_whitney_u,0.002830605639553169,0.005728054496618677,2075,True,,False,42
,,dwi_wavelet-HL_glcm_InverseVariance,0.5552577390349371,positive_higher,0.4340884075370644,0.5058823529411764,0.5974329054842473,mann_whitney_u,0.0028340395372770007,0.00573224085598561,2076,True,,False,42
,,t2_log-sigma-3-mm-3D_firstorder_Minimum,0.5552302834786189,positive_higher,-107.6046142578125,0.43529411764705883,0.6604434072345391,mann_whitney_u,0.0028478131986862704,0.005757326731479851,2077,True,,False,42
,,t2_log-sigma-2-mm-3D_glszm_GrayLevelNonUniformityNormalized,0.5552268515340791,positive_higher,0.0999506881807684,0.3558823529411765,0.7654609101516919,mann_whitney_u,0.0028495391970161893,0.005758043834586612,2078,True,,False,42
,,t2_wavelet2-LH_glrlm_ShortRunHighGrayLevelEmphasis,0.5552199876449997,negative_higher,179.61969698112358,0.2590431738623104,0.8323529411764706,mann_whitney_u,0.002852994059266088,0.005762252070638915,2079,True,,False,42
,,t2_log-sigma-0-6-mm-3D_glcm_SumEntropy,0.5551925320886814,negative_higher,2.958839148327149,0.793465577596266,0.3205882352941176,mann_whitney_u,0.002866851784990937,0.005787457040950454,2080,True,,False,42
,,t2_wavelet-HL_glcm_JointEnergy,0.555168508476903,positive_higher,0.1587136667762567,0.5147058823529411,0.574095682613769,mann_whitney_u,0.0028790276731338023,0.005809244209269023,2081,True,,False,42
,,dwi_wavelet-HL_gldm_LargeDependenceHighGrayLevelEmphasis,0.5551307570869655,positive_higher,503.9437954968681,0.6411764705882353,0.47257876312718783,mann_whitney_u,0.002898256615145721,0.005845235123437503,2082,True,,False,42
,,t2_wavelet-HL_firstorder_InterquartileRange,0.5551204612533461,negative_higher,10.0298424870996,0.5425904317386231,0.5470588235294118,mann_whitney_u,0.0029035211787148646,0.005853041492762226,2083,True,,False,42
,,t2_log-sigma-0-6-mm-3D_firstorder_10Percentile,0.5478413068844807,positive_higher,-15.66619348526001,0.3411764705882353,0.7631271878646442,t_test,0.0029093572996554554,0.005861991987165671,2084,True,,False,42
,,dwi_wavelet2-HH_glcm_Contrast,0.555075845974329,positive_higher,0.4918208623827256,0.35,0.7701283547257877,mann_whitney_u,0.0029264352982199225,0.005893574013057772,2085,True,,False,42
,,adc_wavelet2-HH_firstorder_Minimum,0.5550724140297894,positive_higher,-370.4336386873647,0.6911764705882353,0.40956826137689617,mann_whitney_u,0.0029282047404824625,0.00589431050109581,2086,True,,False,42
,,dwi_wavelet2-HH_glcm_Id,0.5550552543070904,negative_higher,0.7593958724578137,0.8658109684947491,0.24117647058823533,mann_whitney_u,0.0029370666064584224,0.005906485958102929,2087,True,,False,42
,,t2_original_glrlm_RunVariance,0.5550552543070904,positive_higher,1.003388672445343,0.6970588235294117,0.4037339556592765,mann_whitney_u,0.0029370666064584224,0.005906485958102929,2088,True,,False,42
,,t2_wavelet2-LL_glcm_Idm,0.554983183471755,positive_higher,0.2938769113591696,0.47058823529411764,0.632438739789965,mann_whitney_u,0.002974554335838224,0.005979010845468982,2089,True,,False,42
,,adc_wavelet2-HH_firstorder_Range,0.5549420001372778,negative_higher,753.3394143260848,0.3208868144690782,0.788235294117647,mann_whitney_u,0.002996171397654974,0.006019580717106811,2090,True,,False,42
,,adc_original_ngtdm_Busyness,0.5549042487473402,negative_higher,0.7633181923338315,0.22753792298716452,0.8676470588235294,mann_whitney_u,0.003016112838968221,0.006056746920529679,2091,True,,False,42
,,adc_wavelet2-LH_ngtdm_Busyness,0.5549008168028005,negative_higher,0.8348274471782992,0.29054842473745623,0.8264705882352941,mann_whitney_u,0.0030179316874478076,0.006057502464432765,2092,True,,False,42
,,dwi_wavelet-HH_firstorder_10Percentile,0.5548836570801017,negative_higher,-12.11210439991698,0.6557759626604434,0.45882352941176474,mann_whitney_u,0.0030270409467059328,0.006072883389975256,2093,True,,False,42
,,t2_wavelet-HL_glszm_SizeZoneNonUniformityNormalized,0.5548699293019426,negative_higher,0.1869051509411582,0.6557759626604434,0.4411764705882353,mann_whitney_u,0.003034346403641036,0.0060846325448370145,2094,True,,False,42
,,dwi_original_firstorder_90Percentile,0.5548562015237833,positive_higher,228.03392221816577,0.4588235294117647,0.6686114352392065,mann_whitney_u,0.003041667938503613,0.006096402708246621,2095,True,,False,42
,,t2_wavelet2-LL_glrlm_LongRunEmphasis,0.5548424737456242,positive_higher,1.569242925955415,0.2529411764705882,0.8448074679113186,mann_whitney_u,0.003049005582642226,0.006108193912936406,2096,True,,False,42
,,t2_wavelet2-LH_glrlm_HighGrayLevelRunEmphasis,0.5548287459674651,negative_higher,243.0567769041851,0.2508751458576429,0.8470588235294118,mann_whitney_u,0.003056359367456676,0.006120006191678866,2097,True,,False,42
,,dwi_logarithm_glcm_JointEntropy,0.5547738348548287,positive_higher,4.807509591377566,0.38235294117647056,0.7176196032672112,mann_whitney_u,0.0030859365432654275,0.006176285769862502,2098,True,,False,42
,,adc_wavelet-LH_gldm_DependenceVariance,0.5547566751321299,negative_higher,1.6631188923563232,0.6592765460910152,0.44999999999999996,mann_whitney_u,0.0030952327948473323,0.006188991669316166,2099,True,,False,42
,,dwi_log-sigma-0-6-mm-3D_firstorder_RobustMeanAbsoluteDeviation,0.5547566751321298,positive_higher,4.319182880042781,0.49411764705882355,0.6347724620770128,mann_whitney_u,0.0030952327948473323,0.006188991669316166,2100,True,,False,42
,,adc_wavelet2-LH_glrlm_ShortRunHighGrayLevelEmphasis,0.554739515409431,negative_higher,293.55400867222886,0.6149358226371062,0.4911764705882353,mann_whitney_u,0.0031045545746973212,0.006204676182367469,2101,True,,False,42
,,t2_square_firstorder_Minimum,0.5546983320749537,positive_higher,1.2279099202746275e-09,0.55,0.557759626604434,mann_whitney_u,0.003127031373359081,0.006246624517951846,2102,True,,False,42
,,dwi_log-sigma-0-6-mm-3D_firstorder_90Percentile,0.5546914681858741,positive_higher,8.932949066162122,0.4970588235294118,0.6371061843640606,mann_whitney_u,0.00313079189748238,0.006248191624300625,2103,True,,False,42
,,t2_wavelet2-LL_glcm_Id,0.5546914681858741,positive_higher,0.3815026472653851,0.4147058823529412,0.6872812135355892,mann_whitney_u,0.00313079189748238,0.006248191624300625,2104,True,,False,42
,,t2_wavelet2-HH_glszm_GrayLevelVariance,0.5546846042967946,negative_higher,1.2749775006636497,0.4387397899649942,0.6676470588235295,mann_whitney_u,0.0031345564914823094,0.0062527328777834765,2105,True,,False,42
,,t2_original_glcm_DifferenceEntropy,0.5546708765186354,negative_higher,1.7183810380336264,0.868144690781797,0.22352941176470587,mann_whitney_u,0.0031420982200626372,0.006264800772100196,2106,True,,False,42
,,t2_wavelet2-LL_glrlm_RunPercentage,0.5546674445740957,negative_higher,0.8693666978264114,0.7852975495915986,0.31176470588235294,mann_whitney_u,0.0031439862218197953,0.006265590007319089,2107,True,,False,42
,,t2_wavelet2-HL_glrlm_GrayLevelNonUniformityNormalized,0.5546605806850161,positive_higher,0.235086278376495,0.34705882352941175,0.7549591598599766,mann_whitney_u,0.0031477653281236162,0.006270145451988171,2108,True,,False,42
,,t2_log-sigma-3-mm-3D_glrlm_ShortRunLowGrayLevelEmphasis,0.5546571487404763,positive_higher,0.0057108907718895,0.2676470588235294,0.8308051341890315,mann_whitney_u,0.0031496564336733254,0.006270937584160405,2109,True,,False,42
,,t2_wavelet2-LH_gldm_HighGrayLevelEmphasis,0.5546468529068571,negative_higher,272.62127132800384,0.24037339556592766,0.8558823529411765,mann_whitney_u,0.003155335965936189,0.006279268114201923,2110,True,,False,42
,,t2_wavelet2-LL_glrlm_RunVariance,0.5546365570732377,positive_higher,0.2314172661957955,0.23529411764705882,0.8541423570595099,mann_whitney_u,0.0031610248321687203,0.006287609317989794,2111,True,,False,42
,,adc_wavelet2-LL_glrlm_RunEntropy,0.5546262612396184,positive_higher,6.18820049220984,0.7235294117647059,0.36989498249708286,mann_whitney_u,0.003166723045947765,0.006292981575927433,2112,True,,False,42
,,t2_wavelet2-LL_glszm_SmallAreaHighGrayLevelEmphasis,0.5546262612396183,negative_higher,1686.8551475446338,0.6966161026837806,0.41764705882352937,mann_whitney_u,0.003166723045947765,0.006292981575927433,2113,True,,False,42
,,t2_wavelet-HL_glszm_SmallAreaEmphasis,0.5545885098496808,negative_higher,0.4264259892906108,0.6114352392065344,0.4882352941176471,mann_whitney_u,0.0031876966897780774,0.006331664333196853,2114,True,,False,42
,,adc_squareroot_glszm_SizeZoneNonUniformityNormalized,0.5545816459606012,positive_higher,0.337197168130474,0.611764705882353,0.4924154025670945,mann_whitney_u,0.0031915236536972035,0.0063362684736995535,2115,True,,False,42
,,adc_squareroot_glszm_HighGrayLevelZoneEmphasis,0.5545747820715217,negative_higher,2108.384431455898,0.3337222870478413,0.8088235294117647,mann_whitney_u,0.0031953548043873975,0.006340876570710152,2116,True,,False,42
,,adc_original_glcm_ClusterTendency,0.5545507584597433,positive_higher,49.90703804941394,0.7911764705882353,0.2998833138856476,mann_whitney_u,0.003208796861170436,0.006364543231013066,2117,True,,False,42
,,adc_original_glrlm_RunEntropy,0.554540462626124,positive_higher,4.774847422253197,0.7558823529411764,0.33722287047841304,mann_whitney_u,0.0032145735013751633,0.006372990619581827,2118,True,,False,42
,,dwi_wavelet-HH_firstorder_90Percentile,0.5545335987370444,positive_higher,11.97370919066176,0.46176470588235297,0.6476079346557759,mann_whitney_u,0.0032184298579201655,0.006377624810479836,2119,True,,False,42
,,t2_wavelet-LH_glcm_ClusterProminence,0.5545164390143456,negative_higher,30.56629892551061,0.5204200700116686,0.5764705882352941,mann_whitney_u,0.0032280891997487553,0.006393748372521238,2120,True,,False,42
,,adc_log-sigma-2-mm-3D_glrlm_LowGrayLevelRunEmphasis,0.5545061431807261,positive_higher,0.0096885725011497,0.538235294117647,0.557759626604434,mann_whitney_u,0.0032338974769886343,0.006402232676037376,2121,True,,False,42
,,t2_wavelet-HL_gldm_SmallDependenceEmphasis,0.5544580959571693,negative_higher,0.1000094599563903,0.41890315052508753,0.6735294117647059,mann_whitney_u,0.0032611288822100223,0.00645310093138543,2122,True,,False,42
,,adc_squareroot_glcm_JointAverage,0.5544512320680898,negative_higher,46.0321438004617,0.34772462077012833,0.8,mann_whitney_u,0.003265036091032284,0.00645474884474791,2123,True,,False,42
,,adc_squareroot_glcm_SumAverage,0.5544512320680898,negative_higher,92.0642876009234,0.34772462077012833,0.8,mann_whitney_u,0.003265036091032284,0.00645474884474791,2124,True,,False,42
,,dwi_wavelet2-HL_firstorder_90Percentile,0.5544203445672318,positive_higher,31.986808188646528,0.5735294117647058,0.5542590431738623,mann_whitney_u,0.0032826713614057296,0.0064865586101377215,2125,True,,False,42
,,dwi_logarithm_glrlm_RunPercentage,0.5543825931772943,positive_higher,0.6128423040604344,0.3764705882352941,0.7292882147024504,mann_whitney_u,0.003304343398206708,0.006526311349515506,2126,True,,False,42
,,dwi_original_firstorder_RobustMeanAbsoluteDeviation,0.5543757292882147,positive_higher,33.71533678703758,0.48823529411764705,0.6336056009334889,mann_whitney_u,0.003308297741692989,0.00653104946749829,2127,True,,False,42
,,t2_wavelet2-HL_firstorder_Uniformity,0.5543379778982771,positive_higher,0.2927809381914248,0.23529411764705882,0.8576429404900817,mann_whitney_u,0.003330123779889777,0.006571047815675363,2128,True,,False,42
,,t2_original_gldm_LargeDependenceEmphasis,0.5543276820646579,positive_higher,16.844517184942717,0.7764705882352941,0.33372228704784135,mann_whitney_u,0.003336099053157784,0.006579746324194239,2129,True,,False,42
,,dwi_squareroot_glcm_Idm,0.554324250120118,negative_higher,0.4938742499392882,0.8319719953325554,0.2823529411764706,mann_whitney_u,0.0033380929796844607,0.006580587991406126,2130,True,,False,42
,,adc_log-sigma-0-6-mm-3D_gldm_LargeDependenceHighGrayLevelEmphasis,0.5543208181755782,negative_higher,510.51454058876,0.6697782963827305,0.42352941176470593,mann_whitney_u,0.003340087991466043,0.006581431007116808,2131,True,,False,42
,,adc_wavelet2-LL_glszm_LargeAreaHighGrayLevelEmphasis,0.5543139542864988,negative_higher,15749.787441294138,0.34655775962660446,0.7911764705882353,mann_whitney_u,0.0033440812728824233,0.0065862088484208705,2132,True,,False,42
,,adc_log-sigma-2-mm-3D_gldm_LowGrayLevelEmphasis,0.5543070903974192,positive_higher,0.0092794503727913,0.538235294117647,0.5612602100350058,mann_whitney_u,0.0033480789015859487,0.0065909907678196895,2133,True,,False,42
,,t2_original_glrlm_LongRunEmphasis,0.5542967945637998,positive_higher,3.239945205866798,0.7705882352941177,0.3360560093348891,mann_whitney_u,0.0033540835049545065,0.006599717262091833,2134,True,,False,42
,,dwi_wavelet2-HH_glrlm_HighGrayLevelRunEmphasis,0.5542384515066237,positive_higher,6.557011624953312,0.45,0.6592765460910152,mann_whitney_u,0.0033882952111993366,0.006663911752611717,2135,True,,False,42
,,adc_wavelet2-HL_gldm_LargeDependenceHighGrayLevelEmphasis,0.5542144278948452,negative_higher,3051.266176470588,0.3687281213535589,0.7176470588235294,mann_whitney_u,0.003402474500097353,0.006688665929732577,2136,True,,False,42
,,adc_logarithm_firstorder_RootMeanSquared,0.5542075640057657,negative_higher,2814.288810143003,0.750291715285881,0.37058823529411766,mann_whitney_u,0.0034065356361587013,0.0066935157399299885,2137,True,,False,42
,,t2_wavelet2-LH_glszm_SmallAreaHighGrayLevelEmphasis,0.5541526528931292,negative_higher,74.80879273722238,0.5612602100350058,0.5294117647058824,mann_whitney_u,0.0034391839304937885,0.006754505764332749,2138,True,,False,42
,,dwi_squareroot_firstorder_RobustMeanAbsoluteDeviation,0.5541354931704304,positive_higher,51.84170577706857,0.3558823529411765,0.764294049008168,mann_whitney_u,0.003449444779984815,0.006771490711152987,2139,True,,False,42
,,dwi_wavelet2-LL_gldm_DependenceEntropy,0.5541251973368111,positive_higher,6.844241291822923,0.31176470588235294,0.822637106184364,mann_whitney_u,0.0034556146567871608,0.006780432684041724,2140,True,,False,42
,,dwi_log-sigma-3-mm-3D_firstorder_InterquartileRange,0.5541046056695724,positive_higher,37.15189695358277,0.48823529411764705,0.6242707117852975,mann_whitney_u,0.003467984553660592,0.006799225590576952,2141,True,,False,42
,,dwi_logarithm_gldm_LargeDependenceEmphasis,0.5541011737250325,negative_higher,20.32450618623833,0.7397899649941657,0.36764705882352944,mann_whitney_u,0.003470050116838868,0.006799225590576952,2142,True,,False,42
,,t2_log-sigma-0-6-mm-3D_glcm_JointEntropy,0.5541011737250325,negative_higher,3.624740818080628,0.8028004667444574,0.2941176470588235,mann_whitney_u,0.003470050116838868,0.006799225590576952,2143,True,,False,42
,,adc_squareroot_firstorder_Range,0.5540531265014758,negative_higher,3581.476898359561,0.3337222870478413,0.8,mann_whitney_u,0.0034990858062885896,0.006852920382745237,2144,True,,False,42
,,adc_wavelet2-HH_glszm_HighGrayLevelZoneEmphasis,0.5540411146955866,negative_higher,58.7923875432526,0.3897316219369895,0.7176470588235294,mann_whitney_u,0.0035063791324565097,0.00686400278656638,2145,True,,False,42
,,dwi_log-sigma-3-mm-3D_glcm_InverseVariance,0.554018807056078,positive_higher,0.2949258389161643,0.5617647058823529,0.5425904317386231,mann_whitney_u,0.00351996075637328,0.006887378945019292,2146,True,,False,42
,,t2_log-sigma-0-6-mm-3D_firstorder_Entropy,0.5539913514997598,negative_higher,2.1338177850870648,0.7829638273045507,0.33235294117647063,mann_whitney_u,0.0035367422338747957,0.006916991448551592,2147,True,,False,42
,,t2_wavelet2-LL_glcm_Contrast,0.5539741917770609,negative_higher,22.07521347964712,0.7362893815635939,0.36764705882352944,mann_whitney_u,0.003547267588282212,0.006934346649533058,2148,True,,False,42
,,t2_wavelet2-LL_glcm_DifferenceVariance,0.5539604639989018,negative_higher,11.13292763011059,0.751458576429405,0.3529411764705882,mann_whitney_u,0.0035557083812567114,0.006947612607211229,2149,True,,False,42
,,dwi_wavelet2-LL_glrlm_RunPercentage,0.5539467362207426,positive_higher,0.8481552384267317,0.5058823529411764,0.5974329054842473,mann_whitney_u,0.003564167442570102,0.006960901902954352,2150,True,,False,42
,,t2_log-sigma-0-6-mm-3D_glrlm_RunLengthNonUniformityNormalized,0.5461527901709108,negative_higher,0.3283768434741169,0.5787631271878646,0.5029411764705882,t_test,0.003580902096410242,0.006990333753057465,2151,True,,False,42
,,adc_wavelet2-LL_glcm_SumSquares,0.5538986889971858,positive_higher,284.25605760028,0.5852941176470589,0.5064177362893816,mann_whitney_u,0.0035939185243459063,0.007012483217345939,2152,True,,False,42
,,t2_original_glcm_Imc2,0.5538712334408675,positive_higher,0.9826928859511874,0.43529411764705883,0.6802800466744457,mann_whitney_u,0.0036110203876204092,0.007042579938512818,2153,True,,False,42
,,t2_original_glszm_ZoneVariance,0.5538437778845494,positive_higher,71.57489523947426,0.7823529411764706,0.3150525087514586,mann_whitney_u,0.003628196235022923,0.007072792939118502,2154,True,,False,42
,,t2_original_glszm_LargeAreaEmphasis,0.5538266181618505,positive_higher,95.52212329232653,0.75,0.3418903150525088,mann_whitney_u,0.003638968835028729,0.007090501224262476,2155,True,,False,42
,,dwi_wavelet-HH_firstorder_MeanAbsoluteDeviation,0.5538231862173107,positive_higher,7.971231167867734,0.46176470588235297,0.6476079346557759,mann_whitney_u,0.003641126842331771,0.007091415403966191,2156,True,,False,42
,,t2_original_glszm_HighGrayLevelZoneEmphasis,0.5537648431601345,negative_higher,173.89145869947276,0.7222870478413069,0.39117647058823535,mann_whitney_u,0.003677991468392448,0.007159891597487199,2157,True,,False,42
,,adc_logarithm_firstorder_Median,0.553757979271055,negative_higher,2818.0847189482074,0.7537922987164527,0.35882352941176465,mann_whitney_u,0.0036823507204377325,0.007165055919887877,2158,True,,False,42
,,t2_squareroot_glcm_Idn,0.5537511153819754,positive_higher,0.9585935509259964,0.5794117647058824,0.5414235705950992,mann_whitney_u,0.0036867146695780044,0.0071702245935887175,2159,True,,False,42
,,dwi_exponential_firstorder_90Percentile,0.5537476834374356,positive_higher,6.876113044075193,0.7588235294117647,0.34772462077012833,mann_whitney_u,0.0036888984069524938,0.007171150190182186,2160,True,,False,42
,,t2_wavelet-HH_glcm_MaximumProbability,0.5537373876038163,positive_higher,0.260069845359592,0.6,0.5075845974329054,mann_whitney_u,0.003695456676988605,0.007180575005402662,2161,True,,False,42
,,adc_squareroot_glrlm_HighGrayLevelRunEmphasis,0.5537339556592765,negative_higher,2114.063780780765,0.3547257876312719,0.7941176470588236,mann_whitney_u,0.003697645121499257,0.0071815041004511465,2162,True,,False,42
,,dwi_wavelet-HH_glcm_MaximumProbability,0.5537305237147367,negative_higher,0.2434617511723667,0.8704784130688448,0.22941176470588232,mann_whitney_u,0.0036998347441902766,0.0071824346236037786,2163,True,,False,42
,,adc_log-sigma-2-mm-3D_gldm_DependenceVariance,0.5537065001029584,negative_higher,2.5038447749769954,0.4305717619603267,0.6735294117647059,mann_whitney_u,0.003715195139060041,0.007208920697279627,2164,True,,False,42
,,t2_logarithm_gldm_SmallDependenceLowGrayLevelEmphasis,0.5536893403802594,positive_higher,0.0030121765541524,0.4235294117647059,0.7036172695449241,mann_whitney_u,0.003726202318240569,0.007226939276809306,2165,True,,False,42
,,adc_square_firstorder_InterquartileRange,0.5536790445466402,positive_higher,274.308680048884,0.5764705882352941,0.5274212368728122,mann_whitney_u,0.0037328208468301143,0.007234035256563891,2166,True,,False,42
,,dwi_squareroot_glcm_InverseVariance,0.5536756126021003,negative_higher,0.4561824332485143,0.34772462077012833,0.7705882352941177,mann_whitney_u,0.0037350293965778794,0.007234035256563891,2167,True,,False,42
,,t2_wavelet2-LL_glrlm_RunLengthNonUniformityNormalized,0.5536756126021003,negative_higher,0.7957485524185309,0.6872812135355892,0.4205882352941176,mann_whitney_u,0.0037350293965778794,0.007234035256563891,2168,True,,False,42
,,adc_original_glcm_JointEntropy,0.5536378612121627,positive_higher,7.195338953439807,0.7205882352941176,0.38389731621936984,mann_whitney_u,0.0037594019567661085,0.0072778832717662004,2169,True,,False,42
,,dwi_wavelet-HL_glszm_GrayLevelNonUniformityNormalized,0.553618985517194,negative_higher,0.1819095836438057,0.8378063010501751,0.27647058823529413,mann_whitney_u,0.003771642302917925,0.0072982147603467135,2170,True,,False,42
,,t2_wavelet2-LL_glcm_InverseVariance,0.5535932459331457,positive_higher,0.300002029332759,0.4147058823529412,0.6931155192532088,mann_whitney_u,0.00378839220146851,0.007323876083778211,2171,True,,False,42
,,t2_wavelet2-LL_glrlm_ShortRunEmphasis,0.5535932459331457,negative_higher,0.912241442396386,0.676779463243874,0.4294117647058824,mann_whitney_u,0.00378839220146851,0.007323876083778211,2172,True,,False,42
,,dwi_original_firstorder_Uniformity,0.5535657903768275,negative_higher,0.1724297960946136,0.6371061843640606,0.4852941176470589,mann_whitney_u,0.0038063331802122673,0.007351790719278432,2173,True,,False,42
,,dwi_squareroot_glcm_Id,0.5535657903768274,negative_higher,0.5452743302830372,0.8273045507584598,0.2852941176470588,mann_whitney_u,0.0038063331802122673,0.007351790719278432,2174,True,,False,42
,,t2_original_glrlm_RunPercentage,0.5535554945432082,negative_higher,0.6674959926002334,0.31505250875145857,0.7764705882352941,mann_whitney_u,0.003813080927783004,0.007361437616441763,2175,True,,False,42
,,t2_wavelet2-HL_glcm_Contrast,0.5535074473196513,negative_higher,1.6610598814168545,0.5939323220536756,0.5,mann_whitney_u,0.0038447143629500857,0.0074190972472552436,2176,True,,False,42
,,t2_wavelet2-HL_glcm_JointEntropy,0.5534868556524126,negative_higher,4.370463521483527,0.5752625437572929,0.5117647058823529,mann_whitney_u,0.00385834439068949,0.007441978914334023,2177,True,,False,42
,,dwi_squareroot_gldm_LargeDependenceEmphasis,0.5534559681515546,negative_higher,10.182186234817811,0.8273045507584598,0.28823529411764703,mann_whitney_u,0.0038788717531614884,0.007478137048450455,2178,True,,False,42
,,t2_wavelet2-LL_gldm_LargeDependenceHighGrayLevelEmphasis,0.5534388084288558,negative_higher,7842.391523449571,0.7841306884480747,0.32352941176470584,mann_whitney_u,0.0038903186626697305,0.0074967636826756305,2179,True,,False,42
,,t2_wavelet2-LH_glcm_JointAverage,0.5534319445397762,negative_higher,16.456440381406175,0.2322053675612602,0.8735294117647059,mann_whitney_u,0.0038949060118650086,0.007498720927932677,2180,True,,False,42
,,t2_wavelet2-LH_glcm_SumAverage,0.5534319445397762,negative_higher,32.91288076281233,0.2322053675612602,0.8735294117647059,mann_whitney_u,0.0038949060118650086,0.007498720927932677,2181,True,,False,42
,,dwi_wavelet-HL_firstorder_90Percentile,0.5534079209279978,positive_higher,21.536404586903384,0.5676470588235294,0.557759626604434,mann_whitney_u,0.003911000453327193,0.007526256142768508,2182,True,,False,42
,,adc_squareroot_glcm_Autocorrelation,0.5533701695380603,negative_higher,2115.5306497752404,0.35355892648774795,0.7911764705882353,mann_whitney_u,0.0039364137902722605,0.007570206291307505,2183,True,,False,42
,,adc_squareroot_glcm_ClusterTendency,0.5533667375935205,positive_higher,43.09248958521918,0.6411764705882353,0.45507584597432904,mann_whitney_u,0.003938731513996365,0.007570206291307505,2184,True,,False,42
,,t2_wavelet-HH_glszm_LargeAreaEmphasis,0.5533633056489807,negative_higher,386802.3697548816,0.6639439906651109,0.43529411764705883,mann_whitney_u,0.00394105047697028,0.007570206291307505,2185,True,,False,42
,,dwi_squareroot_glrlm_LongRunEmphasis,0.5533633056489806,negative_higher,2.147105816411514,0.8261376896149358,0.29117647058823526,mann_whitney_u,0.00394105047697028,0.007570206291307505,2186,True,,False,42
,,t2_wavelet2-LH_glcm_Autocorrelation,0.5533461459262818,negative_higher,271.4923993872534,0.23920653442240372,0.8558823529411765,mann_whitney_u,0.003952663900994588,0.00758904239610255,2187,True,,False,42
,,adc_original_glszm_ZonePercentage,0.5533015306472647,positive_higher,0.454295154185022,0.8176470588235294,0.28821470245040837,mann_whitney_u,0.003983004387760892,0.0076438004681023694,2188,True,,False,42
,,dwi_squareroot_glcm_Contrast,0.5532946667581852,positive_higher,4.646042406657714,0.2735294117647059,0.8471411901983664,mann_whitney_u,0.003987690878149592,0.007645805478242071,2189,True,,False,42
,,dwi_squareroot_glrlm_RunEntropy,0.5532946667581852,positive_higher,4.727797008293928,0.2823529411764706,0.8436406067677946,mann_whitney_u,0.003987690878149592,0.007645805478242071,2190,True,,False,42
,,t2_log-sigma-0-6-mm-3D_gldm_DependenceEntropy,0.5532843709245658,negative_higher,4.984215055010596,0.8016336056009334,0.3058823529411765,mann_whitney_u,0.0039947300017312065,0.007655806151195498,2191,True,,False,42
,,dwi_logarithm_glszm_ZonePercentage,0.5532397556455488,positive_higher,0.1662606577344701,0.45294117647058824,0.6557759626604434,mann_whitney_u,0.004025363289710656,0.00770147203094813,2192,True,,False,42
,,dwi_square_glrlm_LongRunEmphasis,0.5532397556455488,negative_higher,7.456112974017497,0.7911318553092183,0.2970588235294118,mann_whitney_u,0.0040253634180346595,0.00770147203094813,2193,True,,False,42
,,adc_log-sigma-2-mm-3D_glszm_LowGrayLevelZoneEmphasis,0.553236323701009,positive_higher,0.0124081169500351,0.47941176470588237,0.6067677946324388,mann_whitney_u,0.004027728644906429,0.00770147203094813,2194,True,,False,42
,,adc_squareroot_gldm_HighGrayLevelEmphasis,0.553236323701009,negative_higher,2114.190625,0.3558926487747958,0.7911764705882353,mann_whitney_u,0.004027728644906429,0.00770147203094813,2195,True,,False,42
,,dwi_logarithm_glcm_MaximumProbability,0.553236323701009,negative_higher,0.1365135651288515,0.7094515752625438,0.40294117647058825,mann_whitney_u,0.004027728644906429,0.00770147203094813,2196,True,,False,42
,,dwi_squareroot_glszm_GrayLevelVariance,0.5532191639783102,positive_higher,12.58555432470926,0.35294117647058826,0.7537922987164527,mann_whitney_u,0.00403957371446254,0.007720605383262723,2197,True,,False,42
,,t2_wavelet2-HL_glszm_GrayLevelNonUniformityNormalized,0.5531642528656737,positive_higher,0.1530931557409933,0.3911764705882353,0.7362893815635939,mann_whitney_u,0.004077690741588984,0.007789910565938191,2198,True,,False,42
,,t2_log-sigma-0-6-mm-3D_glcm_ClusterTendency,0.5531505250875146,negative_higher,4.105847032657232,0.8156359393232205,0.2852941176470588,mann_whitney_u,0.004087270864218614,0.0078046613728303595,2199,True,,False,42
,,adc_squareroot_glszm_SmallAreaEmphasis,0.553112773697577,positive_higher,0.6016242489191019,0.5911764705882353,0.5099183197199533,mann_whitney_u,0.0041137216206613295,0.007851598675071328,2200,True,,False,42
,,t2_wavelet-HL_glrlm_ShortRunEmphasis,0.5530956139748782,negative_higher,0.5732445803600955,0.6557759626604434,0.42647058823529416,mann_whitney_u,0.004125795963699098,0.007871066447783966,2201,True,,False,42
,,dwi_log-sigma-3-mm-3D_gldm_DependenceNonUniformityNormalized,0.5530887500857986,negative_higher,0.1403815020588234,0.8914819136522754,0.2147058823529412,mann_whitney_u,0.004130634698689053,0.007876718937236755,2202,True,,False,42
,,dwi_wavelet2-HH_glcm_JointAverage,0.5530784542521794,positive_higher,2.504345254299732,0.3911764705882353,0.7129521586931156,mann_whitney_u,0.004137902456669906,0.007883417611414216,2203,True,,False,42
,,dwi_wavelet2-HH_glcm_SumAverage,0.5530784542521794,positive_higher,5.008690508599463,0.3911764705882353,0.7129521586931156,mann_whitney_u,0.004137902456669906,0.007883417611414216,2204,True,,False,42
,,dwi_wavelet2-LL_firstorder_90Percentile,0.5530235431395428,positive_higher,880.6289762860565,0.46176470588235297,0.6662777129521587,mann_whitney_u,0.00417686015825979,0.007954029843325558,2205,True,,False,42
,,dwi_squareroot_firstorder_Range,0.552975495915986,positive_higher,876.9385431812426,0.3382352941176471,0.7584597432905484,mann_whitney_u,0.004211220782869903,0.008015827773014834,2206,True,,False,42
,,t2_wavelet2-HL_firstorder_RootMeanSquared,0.5529549042487474,negative_higher,300.18428407768107,0.5705950991831972,0.5264705882352941,mann_whitney_u,0.004226025097599529,0.008040362204268429,2207,True,,False,42
,,t2_wavelet2-HL_firstorder_RobustMeanAbsoluteDeviation,0.5529480403596677,negative_higher,6.050387041896215,0.7584597432905484,0.33529411764705885,mann_whitney_u,0.004230970349266936,0.008046125224896677,2208,True,,False,42
,,dwi_wavelet-HH_glcm_ClusterProminence,0.5529102889697302,positive_higher,1.4561947532416082,0.31470588235294117,0.793465577596266,mann_whitney_u,0.004258263175864165,0.00809436264167208,2209,True,,False,42
,,dwi_wavelet-HH_firstorder_Variance,0.5528622417461734,positive_higher,139.93315274509015,0.45588235294117646,0.6511085180863477,mann_whitney_u,0.004293230394773964,0.008157137750070532,2210,True,,False,42
,,t2_log-sigma-0-6-mm-3D_glcm_SumSquares,0.552851945912554,negative_higher,1.2223809522685525,0.7899649941656943,0.31176470588235294,mann_whitney_u,0.004300757161091728,0.008167742794854892,2211,True,,False,42
,,adc_wavelet2-LL_gldm_LargeDependenceHighGrayLevelEmphasis,0.5528004667444575,negative_higher,18997.313577586207,0.37456242707117854,0.7647058823529411,mann_whitney_u,0.0043385707739261575,0.008235831229528,2212,True,,False,42
,,dwi_wavelet2-LL_glrlm_GrayLevelNonUniformityNormalized,0.5527798750772187,negative_higher,0.0435652428685442,0.6639439906651109,0.4676470588235294,mann_whitney_u,0.0043537804291053014,0.008257237588894833,2213,True,,False,42
,,t2_log-sigma-0-6-mm-3D_firstorder_Variance,0.5527798750772187,negative_higher,158.63132795755828,0.8121353558926487,0.29117647058823526,mann_whitney_u,0.0043537804291053014,0.008257237588894833,2214,True,,False,42
,,t2_wavelet2-HL_firstorder_InterquartileRange,0.5527524195209005,negative_higher,14.36062984674012,0.7421236872812136,0.34705882352941175,mann_whitney_u,0.00437413515899218,0.00829209640298337,2215,True,,False,42
,,adc_square_firstorder_RobustMeanAbsoluteDeviation,0.5527078042418834,positive_higher,98.87553172380294,0.7735294117647059,0.3220536756126021,mann_whitney_u,0.0044073956360190705,0.008347611310619792,2216,True,,False,42
,,dwi_original_glrlm_RunVariance,0.5527078042418834,negative_higher,1.2642208681099796,0.6266044340723453,0.4882352941176471,mann_whitney_u,0.0044073956360190705,0.008347611310619792,2217,True,,False,42
,,t2_logarithm_ngtdm_Busyness,0.5525876861829913,negative_higher,2.638618361678156,0.6067677946324388,0.4970588235294118,mann_whitney_u,0.00449808547102886,0.008515536921934257,2218,True,,False,42
,,t2_exponential_gldm_DependenceNonUniformityNormalized,0.5525670945157526,negative_higher,0.8332342629973359,0.5192532088681447,0.5735294117647058,mann_whitney_u,0.00451380097660151,0.00854143772003143,2219,True,,False,42
,,dwi_wavelet-LH_glcm_InverseVariance,0.5525636625712128,negative_higher,0.4292506538257256,0.8039673278879813,0.29117647058823526,mann_whitney_u,0.004516425058357475,0.008542553522541909,2220,True,,False,42
,,adc_log-sigma-3-mm-3D_glrlm_LongRunEmphasis,0.552546502848514,negative_higher,3.1317076649901643,0.3372228704784131,0.7911764705882353,mann_whitney_u,0.00452956620891276,0.008563551783532049,2221,True,,False,42
,,dwi_logarithm_glrlm_GrayLevelNonUniformityNormalized,0.552498455624957,negative_higher,0.1506752445679184,0.7736289381563594,0.3382352941176471,mann_whitney_u,0.004566545907224389,0.008629579776973543,2222,True,,False,42
,,dwi_log-sigma-0-6-mm-3D_firstorder_InterquartileRange,0.5524401125677809,positive_higher,10.581378936767578,0.4764705882352941,0.6476079346557759,mann_whitney_u,0.0046118173392543284,0.00871121052970262,2223,True,,False,42
,,t2_exponential_firstorder_Kurtosis,0.5524298167341616,negative_higher,89.18854628280555,0.5764294049008168,0.5323529411764706,mann_whitney_u,0.004619848476273629,0.008722456722964464,2224,True,,False,42
,,dwi_wavelet-HH_glcm_JointEnergy,0.5523096986752694,negative_higher,0.2326135485584338,0.7257876312718786,0.39117647058823535,mann_whitney_u,0.004714485316352629,0.008893137395941011,2225,True,,False,42
,,t2_wavelet2-LL_glcm_DifferenceEntropy,0.5523096986752694,negative_higher,3.267227339885914,0.6989498249708285,0.4117647058823529,mann_whitney_u,0.004714485316352629,0.008893137395941011,2226,True,,False,42
,,adc_wavelet-LH_glrlm_LongRunLowGrayLevelEmphasis,0.5522891070080307,positive_higher,0.0102449744598693,0.5970588235294118,0.5204200700116686,mann_whitney_u,0.004730883858799509,0.008920063458957853,2227,True,,False,42
,,t2_log-sigma-0-6-mm-3D_glcm_InverseVariance,0.5522307639508546,negative_higher,0.3781200593089711,0.8191365227537923,0.26764705882352946,mann_whitney_u,0.004777627155401371,0.009004154589555814,2228,True,,False,42
,,t2_log-sigma-0-6-mm-3D_gldm_GrayLevelVariance,0.5522101722836159,negative_higher,1.227319191851372,0.793465577596266,0.3088235294117647,mann_whitney_u,0.004794224320617979,0.00903138085342077,2229,True,,False,42
,,dwi_logarithm_ngtdm_Busyness,0.5522067403390761,negative_higher,0.2748998210482,0.8588098016336057,0.23529411764705888,mann_whitney_u,0.004796995582001214,0.009032549080189729,2230,True,,False,42
,,dwi_square_gldm_DependenceEntropy,0.5521552611709796,positive_higher,4.972583780749466,0.2823529411764706,0.8191365227537923,mann_whitney_u,0.004838738818207719,0.009107066023152942,2231,True,,False,42
,,dwi_wavelet-HH_firstorder_RobustMeanAbsoluteDeviation,0.5521483972818999,positive_higher,4.6050066835639765,0.49117647058823527,0.6172695449241541,mann_whitney_u,0.00484432934551593,0.009113503101174456,2232,True,,False,42
,,adc_log-sigma-2-mm-3D_firstorder_90Percentile,0.5521243736701216,positive_higher,157.53994140625002,0.5088235294117647,0.586931155192532,mann_whitney_u,0.004863942242387733,0.009146302496993323,2233,True,,False,42
,,dwi_wavelet-HH_glcm_JointEntropy,0.5520488708902465,positive_higher,2.303829934678869,0.38823529411764707,0.7362893815635939,mann_whitney_u,0.004926051341427279,0.009258947888385471,2234,True,,False,42
,,t2_original_gldm_SmallDependenceLowGrayLevelEmphasis,0.552024847278468,positive_higher,0.0017645713917231,0.5617647058823529,0.5484247374562428,mann_whitney_u,0.004945963234411507,0.009292214595657234,2235,True,,False,42
,,adc_wavelet2-HL_ngtdm_Busyness,0.5520179833893883,negative_higher,0.6293283491259748,0.5064177362893816,0.5882352941176471,mann_whitney_u,0.004951665701590955,0.009298767567522548,2236,True,,False,42
,,t2_log-sigma-3-mm-3D_glrlm_LongRunLowGrayLevelEmphasis,0.5520111195003088,positive_higher,0.5516296959540163,0.3411764705882353,0.7537922987164527,mann_whitney_u,0.004957374114192586,0.009305325840632395,2237,True,,False,42
,,t2_squareroot_glcm_Imc2,0.551963072276752,positive_higher,0.985357174928474,0.3588235294117647,0.7537922987164527,mann_whitney_u,0.004997499929418696,0.00937645317409701,2238,True,,False,42
,,adc_original_glcm_SumSquares,0.5519527764431327,positive_higher,14.350578735870414,0.7970588235294118,0.2963827304550758,mann_whitney_u,0.005006136433708024,0.009384270930866067,2239,True,,False,42
,,dwi_squareroot_glcm_JointEnergy,0.5519527764431327,negative_higher,0.0288457898622016,0.7117852975495916,0.3970588235294118,mann_whitney_u,0.005006136433708024,0.009384270930866067,2240,True,,False,42
,,adc_log-sigma-0-6-mm-3D_ngtdm_Busyness,0.5519390486649736,negative_higher,11.670428506019968,0.4620770128354726,0.638235294117647,mann_whitney_u,0.005017672765467082,0.009401699215616368,2241,True,,False,42
,,t2_original_gldm_SmallDependenceEmphasis,0.5481158624476629,negative_higher,0.1627085892636049,0.6849474912485414,0.4117647058823529,t_test,0.005071862762830516,0.009498997208352067,2242,True,,False,42
,,adc_wavelet2-HL_firstorder_Kurtosis,0.5518498181069393,negative_higher,4.2916633741439485,0.8273045507584598,0.2705882352941177,mann_whitney_u,0.005093246649167949,0.00953479388312805,2243,True,,False,42
,,adc_wavelet-LH_gldm_DependenceNonUniformityNormalized,0.5518017708833826,positive_higher,0.2241690276110444,0.711764705882353,0.39089848308051345,mann_whitney_u,0.0051343650542714095,0.009607486124280591,2244,True,,False,42
,,t2_original_gldm_LargeDependenceHighGrayLevelEmphasis,0.5517983389388428,negative_higher,2278.2970525209234,0.7549591598599766,0.3852941176470588,mann_whitney_u,0.005137313531732118,0.009608721389640607,2245,True,,False,42
,,t2_wavelet2-LH_gldm_LargeDependenceLowGrayLevelEmphasis,0.5517914750497632,positive_higher,0.0908778315249018,0.7382352941176471,0.36639439906651106,mann_whitney_u,0.005143215077820947,0.009611197201499846,2246,True,,False,42
,,dwi_wavelet2-HH_ngtdm_Complexity,0.5517914750497631,positive_higher,3.345075105078448,0.3941176470588235,0.7071178529754959,mann_whitney_u,0.005143215077820947,0.009611197201499846,2247,True,,False,42
,,t2_logarithm_firstorder_RootMeanSquared,0.5517125403253482,negative_higher,310.63556644357186,0.8004667444574096,0.2970588235294118,mann_whitney_u,0.005211524574340415,0.009734515875291548,2248,True,,False,42
,,adc_logarithm_glszm_LowGrayLevelZoneEmphasis,0.5516610611572517,positive_higher,0.0036854976088431,0.6794117647058824,0.43407234539089845,mann_whitney_u,0.005256514769210671,0.009814186534422236,2249,True,,False,42
,,adc_wavelet2-HH_glcm_MCC,0.551595854210996,negative_higher,0.3080300394102789,0.5414235705950992,0.5617647058823529,mann_whitney_u,0.005314005908279,0.009917115915050454,2250,True,,False,42
,,dwi_log-sigma-0-6-mm-3D_glrlm_RunEntropy,0.5515924222664561,positive_higher,3.214722060225105,0.3029411764705882,0.8401400233372229,mann_whitney_u,0.005317047429926281,0.009918383899715884,2251,True,,False,42
,,t2_wavelet2-LH_glrlm_LongRunHighGrayLevelEmphasis,0.5515889903219164,negative_higher,627.4845082005356,0.6977829638273045,0.40588235294117647,mann_whitney_u,0.005320090523741853,0.009919653689694512,2252,True,,False,42
,,t2_original_glszm_SmallAreaHighGrayLevelEmphasis,0.551472304207564,negative_higher,101.0223547371332,0.5752625437572929,0.5352941176470588,mann_whitney_u,0.005424496223864823,0.010109835616515045,2253,True,,False,42
,,t2_log-sigma-3-mm-3D_gldm_DependenceVariance,0.5514551444848651,negative_higher,3.162765644970785,0.4912485414235706,0.6147058823529412,mann_whitney_u,0.005440005047147077,0.010134241877981624,2254,True,,False,42
,,adc_original_gldm_SmallDependenceEmphasis,0.551427688928547,positive_higher,0.4286582233962165,0.45588235294117646,0.6382730455075847,mann_whitney_u,0.005464902437658475,0.010176108796331679,2255,True,,False,42
,,adc_wavelet2-HL_glrlm_ShortRunLowGrayLevelEmphasis,0.5514242569840072,positive_higher,0.0042579980489636,0.48823529411764705,0.6067677946324388,mann_whitney_u,0.005468021832911182,0.010177404111876795,2256,True,,False,42
,,adc_original_gldm_DependenceEntropy,0.5513453222595923,positive_higher,6.094297237765905,0.7264705882352941,0.36989498249708286,mann_whitney_u,0.0055402129624670575,0.01030720169667664,2257,True,,False,42
,,adc_wavelet2-HH_gldm_HighGrayLevelEmphasis,0.5513247305923535,negative_higher,43.8534085084572,0.441073512252042,0.6647058823529413,mann_whitney_u,0.0055591863447841065,0.010337920045061321,2258,True,,False,42
,,t2_wavelet2-HH_glszm_ZoneEntropy,0.5512869792024161,positive_higher,5.1225533730898265,0.43529411764705883,0.6662777129521587,mann_whitney_u,0.0055941232266029355,0.010398283943561631,2259,True,,False,42
,,dwi_wavelet2-LL_glrlm_LongRunEmphasis,0.5512355000343194,negative_higher,1.3276379110928147,0.8249708284714119,0.27647058823529413,mann_whitney_u,0.005642083678090482,0.010482791754115902,2260,True,,False,42
,,adc_wavelet-HH_glszm_LowGrayLevelZoneEmphasis,0.5512011805889216,positive_higher,0.0140596861493284,0.6823529411764706,0.41190198366394404,mann_whitney_u,0.005674263058633785,0.010537917108891315,2261,True,,False,42
,,adc_logarithm_glszm_SmallAreaLowGrayLevelEmphasis,0.5511840208662228,positive_higher,0.0023025105224986,0.7970588235294118,0.3173862310385064,mann_whitney_u,0.0056904147486393835,0.010563241171324832,2262,True,,False,42
,,dwi_squareroot_ngtdm_Contrast,0.5511702930880638,positive_higher,0.0256623762998863,0.43823529411764706,0.7036172695449241,mann_whitney_u,0.0057033659446362565,0.010582604331209739,2263,True,,False,42
,,dwi_wavelet-HH_firstorder_InterquartileRange,0.5511428375317455,positive_higher,10.886342960230344,0.49411764705882355,0.6149358226371062,mann_whitney_u,0.005729348121803545,0.010626118711772565,2264,True,,False,42
,,adc_square_firstorder_Median,0.5511291097535864,negative_higher,517.8925852474633,0.7327887981330222,0.3852941176470588,mann_whitney_u,0.005742379197831554,0.01064088713667021,2265,True,,False,42
,,dwi_log-sigma-2-mm-3D_glcm_Imc1,0.5511291097535864,negative_higher,-0.2159232096626546,0.7829638273045507,0.3558823529411764,mann_whitney_u,0.005742379197831554,0.01064088713667021,2266,True,,False,42
,,adc_log-sigma-2-mm-3D_glrlm_RunVariance,0.5511085180863476,negative_higher,0.5596379522512678,0.543757292882147,0.5647058823529412,mann_whitney_u,0.005761975929835364,0.010672490926060296,2267,True,,False,42
,,dwi_wavelet2-LL_gldm_DependenceNonUniformityNormalized,0.5510810625300295,positive_higher,0.3882362453291298,0.27058823529411763,0.8331388564760793,mann_whitney_u,0.005788198709441536,0.010716334383132723,2268,True,,False,42
,,adc_wavelet2-LH_gldm_DependenceNonUniformityNormalized,0.5510261514173931,positive_higher,0.2591249900803772,0.6470588235294118,0.4784130688448075,mann_whitney_u,0.005840967314332274,0.010809264765483129,2269,True,,False,42
,,adc_original_glrlm_RunVariance,0.5510021278056147,negative_higher,0.2588230655623014,0.5414235705950992,0.5676470588235294,mann_whitney_u,0.005864189645641815,0.010847459172709243,2270,True,,False,42
,,t2_wavelet2-LL_glszm_ZonePercentage,0.5509986958610749,negative_higher,0.5817452657254233,0.779463243873979,0.31470588235294117,mann_whitney_u,0.005867513906656201,0.01084882910350039,2271,True,,False,42
,,adc_original_glszm_LargeAreaEmphasis,0.5509746722492964,negative_higher,8.003568596352101,0.5507584597432905,0.538235294117647,mann_whitney_u,0.005890831334997246,0.010887148228720703,2272,True,,False,42
,,t2_log-sigma-0-6-mm-3D_glrlm_GrayLevelNonUniformityNormalized,0.5509472166929783,positive_higher,0.2428683138436484,0.31470588235294117,0.8028004667444574,mann_whitney_u,0.005917582068707812,0.010931776113728158,2273,True,,False,42
,,t2_wavelet2-LH_glcm_Idmn,0.5509231930811999,negative_higher,0.9962320046861776,0.7619603267211202,0.35,mann_whitney_u,0.00594107871553364,0.010970355992315635,2274,True,,False,42
,,adc_wavelet2-HH_firstorder_Maximum,0.5508991694694214,negative_higher,362.5143332709084,0.3057176196032672,0.7852941176470588,mann_whitney_u,0.005964659405995631,0.011004220055261712,2275,True,,False,42
,,t2_original_glrlm_RunLengthNonUniformityNormalized,0.5508991694694214,negative_higher,0.472429848195238,0.7141190198366394,0.3735294117647059,mann_whitney_u,0.005964659405995631,0.011004220055261712,2276,True,,False,42
,,dwi_wavelet2-HL_firstorder_RobustMeanAbsoluteDeviation,0.5508957375248816,positive_higher,17.561601537217477,0.45,0.6686114352392065,mann_whitney_u,0.005968034951962476,0.011005612105090224,2277,True,,False,42
,,dwi_wavelet2-LL_firstorder_RobustMeanAbsoluteDeviation,0.5508923055803419,positive_higher,135.39465186072084,0.4676470588235294,0.6569428238039674,mann_whitney_u,0.0059714122191871334,0.011007006105516581,2278,True,,False,42
,,t2_original_glrlm_ShortRunEmphasis,0.5508888736358021,negative_higher,0.709706038484412,0.7327887981330222,0.3529411764705882,mann_whitney_u,0.00597479120843116,0.011008402055376234,2279,True,,False,42
,,adc_logarithm_firstorder_Maximum,0.5508168028004667,negative_higher,3011.591608483848,0.7899649941656943,0.3205882352941176,mann_whitney_u,0.006046149120595498,0.011134991297096709,2280,True,,False,42
,,adc_original_glszm_ZoneVariance,0.5507515958542111,negative_higher,4.378713216900975,0.4795799299883314,0.611764705882353,mann_whitney_u,0.0061113716099696885,0.011250175094372084,2281,True,,False,42
,,adc_wavelet-HH_glcm_Autocorrelation,0.5507481639096712,negative_higher,110.78778732136,0.28588098016336055,0.8,mann_whitney_u,0.006114821861035665,0.011251593774973163,2282,True,,False,42
,,dwi_squareroot_glrlm_RunVariance,0.5507447319651313,negative_higher,0.4338009178244052,0.8308051341890315,0.2823529411764706,mann_whitney_u,0.006118273866350322,0.011253014439248796,2283,True,,False,42
,,dwi_square_gldm_LargeDependenceEmphasis,0.5506555014070973,negative_higher,31.30370746571864,0.7817969661610268,0.3058823529411765,mann_whitney_u,0.006208644284411779,0.011414228261928661,2284,True,,False,42
,,t2_log-sigma-0-6-mm-3D_glcm_DifferenceAverage,0.5506486375180177,negative_higher,0.5096455134559036,0.6966161026837806,0.3941176470588236,mann_whitney_u,0.006215645386799531,0.011422098459155901,2285,True,,False,42
,,t2_square_glrlm_LongRunHighGrayLevelEmphasis,0.5506246139062393,negative_higher,190.2497847437821,0.47607934655775963,0.6205882352941177,mann_whitney_u,0.006240205254830471,0.011462214289165856,2286,True,,False,42
,,adc_log-sigma-3-mm-3D_gldm_LargeDependenceEmphasis,0.5506177500171596,negative_higher,15.680904522613066,0.33255542590431736,0.788235294117647,mann_whitney_u,0.006247238388550422,0.011470115432235776,2287,True,,False,42
,,adc_original_gldm_DependenceNonUniformityNormalized,0.5505902944608415,positive_higher,0.2556863927151863,0.5764705882352941,0.5204200700116686,mann_whitney_u,0.0062754423390485635,0.011516862929049352,2288,True,,False,42
,,t2_wavelet2-HL_ngtdm_Busyness,0.5505491111263642,negative_higher,17.330073208639924,0.6277712952158693,0.4970588235294118,mann_whitney_u,0.006317963202665927,0.01158983289121635,2289,True,,False,42
,,t2_wavelet2-HL_glcm_JointEnergy,0.5505422472372846,positive_higher,0.1161746156356563,0.20294117647058824,0.8809801633605601,mann_whitney_u,0.006325075170141582,0.011597812506298908,2290,True,,False,42
,,t2_squareroot_firstorder_Median,0.5505250875145857,negative_higher,-80.49740176068141,0.7992998833138857,0.32647058823529407,mann_whitney_u,0.006342886622341994,0.011625395428727207,2291,True,,False,42
,,adc_wavelet2-LH_ngtdm_Complexity,0.5505113597364266,negative_higher,1239.3712100686964,0.38156359393232203,0.7235294117647059,mann_whitney_u,0.006357168270733549,0.011646487595466918,2292,True,,False,42
,,t2_original_gldm_DependenceNonUniformityNormalized,0.5504942000137278,negative_higher,0.1561077582369752,0.4072345390898483,0.6823529411764706,mann_whitney_u,0.006375061022613777,0.011674174109880179,2293,True,,False,42
,,dwi_wavelet2-LL_glszm_LargeAreaEmphasis,0.5504839041801084,negative_higher,3.135500933416304,0.8214702450408401,0.27941176470588236,mann_whitney_u,0.006385818413862761,0.011688775727903108,2294,True,,False,42
,,dwi_wavelet2-LL_firstorder_Minimum,0.5504770402910288,positive_higher,-207.82973539148887,0.7735294117647059,0.3360560093348891,mann_whitney_u,0.0063929990796389065,0.011696820538302295,2295,True,,False,42
,,t2_wavelet2-LH_glrlm_LongRunLowGrayLevelEmphasis,0.5504701764019493,positive_higher,0.019368637385143,0.7441176470588236,0.3500583430571762,mann_whitney_u,0.006400187010117756,0.011704871626953162,2296,True,,False,42
,,adc_wavelet2-LL_glszm_ZonePercentage,0.5504255611229323,positive_higher,0.7839777726325539,0.7647058823529411,0.3640606767794633,mann_whitney_u,0.006447085888998049,0.011776746290179198,2297,True,,False,42
,,adc_wavelet-HH_firstorder_Minimum,0.5504221291783925,positive_higher,-522.726389379458,0.6441176470588236,0.4457409568261377,mann_whitney_u,0.006450706469971934,0.011776746290179198,2298,True,,False,42
,,adc_squareroot_glrlm_ShortRunHighGrayLevelEmphasis,0.5504221291783924,negative_higher,1765.2954491964422,0.3628938156359393,0.7764705882352941,mann_whitney_u,0.006450706469971934,0.011776746290179198,2299,True,,False,42
,,t2_log-sigma-0-6-mm-3D_glszm_ZoneEntropy,0.5504221291783924,negative_higher,6.906475343597479,0.3162193698949825,0.7941176470588236,mann_whitney_u,0.006450706469971934,0.011776746290179198,2300,True,,False,42
,,t2_exponential_glszm_LargeAreaLowGrayLevelEmphasis,0.550384377788455,negative_higher,2063650.733879757,0.721120186697783,0.4,mann_whitney_u,0.006490651699418885,0.011844522592724858,2301,True,,False,42
,,t2_exponential_glszm_LargeAreaHighGrayLevelEmphasis,0.5503706500102958,negative_higher,2072898.7714285715,0.7187864644107351,0.40294117647058825,mann_whitney_u,0.006505232313366908,0.011865973277075432,2302,True,,False,42
,,t2_exponential_glszm_LargeAreaEmphasis,0.5503603541766764,negative_higher,2064283.6888888888,0.721120186697783,0.4,mann_whitney_u,0.006516187100959117,0.01188079445806658,2303,True,,False,42
,,dwi_wavelet-HH_glcm_DifferenceEntropy,0.5503431944539776,positive_higher,1.152245886184034,0.37058823529411766,0.7444574095682615,mann_whitney_u,0.006534481958171979,0.011908979922901103,2304,True,,False,42
,,adc_wavelet-HH_glcm_JointAverage,0.5503088750085798,negative_higher,10.525268728276012,0.28588098016336055,0.8,mann_whitney_u,0.006571210327125098,0.011965529992887374,2305,True,,False,42
,,adc_wavelet-HH_glcm_SumAverage,0.5503088750085798,negative_higher,21.05053745655203,0.28588098016336055,0.8,mann_whitney_u,0.006571210327125098,0.011965529992887374,2306,True,,False,42
,,dwi_wavelet-HL_firstorder_Maximum,0.5503020111195003,positive_higher,147.78634902533082,0.38235294117647056,0.7316219369894983,mann_whitney_u,0.006578578240502345,0.011973753806618704,2307,True,,False,42
,,dwi_wavelet2-LL_firstorder_RootMeanSquared,0.5502951472304207,positive_higher,979.1217213607192,0.39705882352941174,0.7082847141190198,mann_whitney_u,0.0065859535821601424,0.01198198400844473,2308,True,,False,42
,,t2_original_gldm_DependenceVariance,0.5502539638959434,positive_higher,3.387153982040893,0.6852941176470588,0.40606767794632437,mann_whitney_u,0.0066303619888539635,0.012057553049457685,2309,True,,False,42
,,t2_wavelet2-HL_glcm_MaximumProbability,0.5502368041732446,positive_higher,0.1990255265447831,0.21470588235294116,0.8669778296382731,mann_whitney_u,0.006648944819117827,0.012080882429889986,2310,True,,False,42
,,dwi_wavelet2-LL_glszm_HighGrayLevelZoneEmphasis,0.5502368041732445,positive_higher,640.5438596491229,0.38823529411764707,0.7246207701283547,mann_whitney_u,0.006648944819117827,0.012080882429889986,2311,True,,False,42
,,t2_squareroot_firstorder_90Percentile,0.5502265083396253,negative_higher,179.92061267766863,0.5495915985997666,0.5323529411764706,mann_whitney_u,0.006660116980658753,0.012095947751637588,2312,True,,False,42
,,adc_wavelet2-HH_glrlm_HighGrayLevelRunEmphasis,0.550212780561466,negative_higher,44.28807448818745,0.44224037339556593,0.6617647058823529,mann_whitney_u,0.006675039448946485,0.012117808320850104,2313,True,,False,42
,,dwi_square_glrlm_RunVariance,0.5501956208387673,negative_higher,3.124085129074245,0.7852975495915986,0.30000000000000004,mann_whitney_u,0.006693734799892187,0.012146496294186383,2314,True,,False,42
,,t2_logarithm_glcm_InverseVariance,0.5501647333379093,positive_higher,0.3421317184594123,0.7411764705882353,0.3605600933488915,mann_whitney_u,0.00672750508418159,0.012202502742323325,2315,True,,False,42
,,t2_exponential_glszm_SmallAreaEmphasis,0.5501578694488296,negative_higher,0.3026368729158581,0.5274212368728122,0.5676470588235294,mann_whitney_u,0.006735030356951817,0.012210877577219639,2316,True,,False,42
,,dwi_logarithm_gldm_SmallDependenceEmphasis,0.5501269819479717,positive_higher,0.1677653134024675,0.38823529411764707,0.721120186697783,mann_whitney_u,0.00676898779835612,0.0122671470717727,2317,True,,False,42
,,t2_wavelet2-LL_firstorder_Median,0.5501166861143524,negative_higher,-78.40217618287738,0.8039673278879813,0.3205882352941176,mann_whitney_u,0.0067803410923441745,0.01228242115908248,2318,True,,False,42
,,adc_wavelet2-LL_gldm_DependenceNonUniformityNormalized,0.5500823666689547,positive_higher,0.4833890922971814,0.7705882352941177,0.3605600933488915,mann_whitney_u,0.006818309106402027,0.012343982572645852,2319,True,,False,42
,,t2_wavelet2-LH_gldm_SmallDependenceHighGrayLevelEmphasis,0.5500789347244148,negative_higher,26.230702575253,0.5099183197199533,0.5764705882352941,mann_whitney_u,0.006822116395981816,0.012343982572645852,2320,True,,False,42
,,t2_original_glszm_ZonePercentage,0.5458988262749674,negative_higher,0.1482283796621003,0.8996499416569428,0.17941176470588238,t_test,0.006823144451324369,0.012343982572645852,2321,True,,False,42
,,t2_original_firstorder_Median,0.5500686388907955,negative_higher,-20.026354086384675,0.809801633605601,0.3176470588235294,mann_whitney_u,0.006833549729511512,0.012357482908793642,2322,True,,False,42
,,t2_log-sigma-3-mm-3D_glszm_SmallAreaLowGrayLevelEmphasis,0.5500652069462558,positive_higher,0.0017725065016965,0.34411764705882353,0.7421236872812136,mann_whitney_u,0.006837364665043887,0.012359059073835249,2323,True,,False,42
,,dwi_wavelet2-HL_glszm_LargeAreaHighGrayLevelEmphasis,0.5500274555563183,negative_higher,17042.94871794872,0.4620770128354726,0.6441176470588235,mann_whitney_u,0.006879455433159129,0.012429790604059889,2324,True,,False,42
,,dwi_wavelet-HL_firstorder_RobustMeanAbsoluteDeviation,0.5500240236117785,positive_higher,11.467914005162074,0.45588235294117646,0.6604434072345391,mann_whitney_u,0.006883293386136214,0.012431375883176757,2325,True,,False,42
,,t2_log-sigma-0-6-mm-3D_glcm_ClusterProminence,0.5500102958336193,negative_higher,172.77358846832806,0.5390898483080513,0.5470588235294118,mann_whitney_u,0.006898664441561302,0.012453779875372273,2326,True,,False,42
,,adc_wavelet2-LH_glszm_SmallAreaHighGrayLevelEmphasis,0.549969112499142,negative_higher,211.95231534579668,0.6499416569428238,0.44705882352941173,mann_whitney_u,0.006944962798845898,0.012531971977805728,2327,True,,False,42
,,t2_square_glcm_InverseVariance,0.5499656805546023,positive_higher,0.1455173649661545,0.6294117647058823,0.4784130688448075,mann_whitney_u,0.00694883356499683,0.012533570506624438,2328,True,,False,42
,,dwi_logarithm_glrlm_RunLengthNonUniformityNormalized,0.549951952776443,positive_higher,0.4510070571160822,0.4147058823529412,0.6861143523920654,mann_whitney_u,0.0069643360149877825,0.012556138654758995,2329,True,,False,42
,,t2_wavelet-HL_glrlm_RunEntropy,0.5498181069393918,negative_higher,3.865411344487757,0.6534422403733956,0.4323529411764706,t_test,0.006974310503655179,0.01256872523813223,2330,True,,False,42
,,adc_squareroot_glcm_SumSquares,0.5499382249982839,positive_higher,13.423283483939445,0.6029411764705882,0.4935822637106184,mann_whitney_u,0.006979869521796146,0.01257334711369456,2331,True,,False,42
,,dwi_square_firstorder_RobustMeanAbsoluteDeviation,0.5499039055528863,positive_higher,24.044821401452392,0.3,0.8098016336056009,mann_whitney_u,0.007018839514695368,0.012638124837995647,2332,True,,False,42
,,t2_log-sigma-2-mm-3D_glcm_DifferenceVariance,0.5498936097192669,negative_higher,0.2305687237729536,0.6674445740956826,0.4323529411764706,mann_whitney_u,0.007030568554057612,0.012653817984778359,2333,True,,False,42
,,t2_log-sigma-0-6-mm-3D_glcm_Contrast,0.549876449996568,negative_higher,0.6614206340019935,0.7479579929988331,0.3411764705882353,mann_whitney_u,0.007050156070937027,0.012683635536360144,2334,True,,False,42
,,adc_original_glrlm_RunPercentage,0.5498695861074885,positive_higher,0.8419301164725458,0.4852941176470588,0.6137689614935823,mann_whitney_u,0.007058004688851993,0.012692317639610073,2335,True,,False,42
,,adc_wavelet2-LL_gldm_SmallDependenceEmphasis,0.5498524263847896,positive_higher,0.7108628970416112,0.7735294117647059,0.35589264877479576,mann_whitney_u,0.0070776609194206285,0.012722216695482543,2336,True,,False,42
,,t2_wavelet2-LH_glcm_ClusterProminence,0.5498421305511703,negative_higher,222.8195215650195,0.5180863477246208,0.5676470588235294,mann_whitney_u,0.00708947817673402,0.012738005504538361,2337,True,,False,42
,,dwi_squareroot_glcm_DifferenceVariance,0.5498352666620907,positive_higher,2.307558860620479,0.2852941176470588,0.823803967327888,mann_whitney_u,0.007097366186902243,0.012746723960137945,2338,True,,False,42
,,adc_original_glrlm_RunLengthNonUniformityNormalized,0.5498181069393919,positive_higher,0.7349626885418252,0.4764705882352941,0.6114352392065344,mann_whitney_u,0.007117120696946333,0.012776737839451754,2339,True,,False,42
,,adc_original_glrlm_LongRunEmphasis,0.5497872194385338,negative_higher,1.6592676519084146,0.6219369894982497,0.4794117647058823,mann_whitney_u,0.007152803244862101,0.012835308044946992,2340,True,,False,42
,,adc_original_glrlm_ShortRunEmphasis,0.5497597638822157,positive_higher,0.8815131970103406,0.4764705882352941,0.6137689614935823,mann_whitney_u,0.0071846557945744495,0.012886958428627984,2341,True,,False,42
,,adc_wavelet-HH_firstorder_Kurtosis,0.5497185805477384,negative_higher,5.899041152057743,0.7199533255542591,0.3735294117647059,mann_whitney_u,0.00723267336624646,0.012967547166895337,2342,True,,False,42
,,t2_wavelet-HL_glcm_ClusterShade,0.5496842611023406,positive_higher,-0.2407857184985419,0.46176470588235297,0.6441073512252042,mann_whitney_u,0.007272907802179196,0.013030226267988262,2343,True,,False,42
,,dwi_wavelet2-LL_gldm_LargeDependenceEmphasis,0.5496808291578008,negative_higher,3.67856552635928,0.8284714119019837,0.2705882352941177,mann_whitney_u,0.007276942271596208,0.013030226267988262,2344,True,,False,42
,,t2_wavelet2-LL_gldm_SmallDependenceEmphasis,0.5496808291578008,negative_higher,0.4960150711908707,0.7981330221703618,0.30294117647058827,mann_whitney_u,0.007276942271596208,0.013030226267988262,2345,True,,False,42
,,t2_wavelet-HH_glcm_Contrast,0.5496739652687213,negative_higher,0.4858975619533796,0.7397899649941657,0.3529411764705882,mann_whitney_u,0.007285017235693771,0.013039125052292473,2346,True,,False,42
,,dwi_logarithm_firstorder_RobustMeanAbsoluteDeviation,0.5496499416569428,positive_higher,28.519758423128835,0.5088235294117647,0.5974329054842473,mann_whitney_u,0.007313342965737856,0.013084246746115576,2347,True,,False,42
,,t2_wavelet2-HL_glcm_ClusterShade,0.5496327819342439,positive_higher,-1.1799506472658228,0.38235294117647056,0.7257876312718786,mann_whitney_u,0.0073336360895522494,0.013114965051120057,2348,True,,False,42
,,adc_wavelet-LH_gldm_LargeDependenceEmphasis,0.5496190541560848,negative_higher,8.65904605263158,0.37689614935822635,0.7205882352941176,mann_whitney_u,0.0073499069472158125,0.013138467122758278,2349,True,,False,42
,,dwi_wavelet-HH_glcm_SumSquares,0.5496121902670053,positive_higher,0.3576957559973294,0.2676470588235294,0.8494749124854142,mann_whitney_u,0.00735805451461483,0.013147434428454329,2350,True,,False,42
,,dwi_wavelet-LH_ngtdm_Contrast,0.5495675749879881,positive_higher,0.0146946266282196,0.4294117647058823,0.6651108518086348,mann_whitney_u,0.0074112114896384956,0.01323678309017101,2351,True,,False,42
,,t2_wavelet-HL_glrlm_RunPercentage,0.5495641430434484,negative_higher,0.5367158942901559,0.3500583430571762,0.7323529411764707,mann_whitney_u,0.007415314720217286,0.013238480659095402,2352,True,,False,42
,,t2_wavelet-HL_ngtdm_Contrast,0.5495572791543688,positive_higher,0.0024862252665604,0.8323529411764706,0.2543757292882147,mann_whitney_u,0.00742352729492991,0.013247510034598679,2353,True,,False,42
,,t2_wavelet-HL_glszm_ZonePercentage,0.5495057999862722,negative_higher,0.0565849987871107,0.8611435239206534,0.2147058823529412,mann_whitney_u,0.0074853820982725755,0.013352217260257667,2354,True,,False,42
,,adc_exponential_gldm_LargeDependenceHighGrayLevelEmphasis,0.5494955041526529,negative_higher,69.38550372283848,0.793465577596266,0.3529411764705882,mann_whitney_u,0.007497808379360143,0.013363029450311223,2355,True,,False,42
,,dwi_exponential_glrlm_RunLengthNonUniformity,0.5494955041526528,positive_higher,36.68642943807676,0.35,0.7736289381563594,mann_whitney_u,0.007497808379360143,0.013363029450311223,2356,True,,False,42
,,adc_log-sigma-0-6-mm-3D_glrlm_ShortRunLowGrayLevelEmphasis,0.5494920722081131,positive_higher,0.035215557382025,0.43529411764705883,0.6487747957992999,mann_whitney_u,0.007501954581946215,0.013364746410518522,2357,True,,False,42
,,t2_exponential_gldm_LargeDependenceEmphasis,0.5494680485963347,negative_higher,77.51435245674466,0.5064177362893816,0.5764705882352941,mann_whitney_u,0.007531035614524972,0.01341086452306631,2358,True,,False,42
,,dwi_original_glcm_JointEnergy,0.549447456929096,negative_higher,0.0581305967595397,0.6196032672112018,0.5,mann_whitney_u,0.007556042622408779,0.013449691806483453,2359,True,,False,42
,,dwi_wavelet-HH_glrlm_GrayLevelNonUniformityNormalized,0.5494200013727778,negative_higher,0.4265374951728347,0.8623103850641773,0.25,mann_whitney_u,0.007589501102798762,0.013503523360445763,2360,True,,False,42
,,t2_wavelet2-HL_firstorder_10Percentile,0.549371954149221,positive_higher,-15.394927075662718,0.3264705882352941,0.7712952158693116,mann_whitney_u,0.007648373170309603,0.013596748070334473,2361,True,,False,42
,,adc_squareroot_glcm_InverseVariance,0.5493719541492209,negative_higher,0.4286081469373979,0.47724620770128356,0.6235294117647059,mann_whitney_u,0.007648373170309603,0.013596748070334473,2362,True,,False,42
,,dwi_wavelet-HH_glcm_DifferenceVariance,0.5492621319239481,positive_higher,0.3494100842943771,0.29705882352941176,0.8144690781796966,mann_whitney_u,0.007784477686939303,0.013832848839381351,2363,True,,False,42
,,adc_wavelet-LH_glrlm_RunVariance,0.5490630791406411,negative_higher,0.4149790164632633,0.3442240373395566,0.7529411764705882,mann_whitney_u,0.008036708493467536,0.014275016482263191,2364,True,,False,42
,,dwi_squareroot_ngtdm_Complexity,0.5490356235843229,positive_higher,184.2501074107306,0.38235294117647056,0.7129521586931156,mann_whitney_u,0.008072067245348492,0.01433175913878153,2365,True,,False,42
,,adc_wavelet2-LL_glszm_SmallAreaEmphasis,0.5490081680280047,positive_higher,0.8490295595565673,0.7352941176470589,0.3815635939323221,mann_whitney_u,0.00810756520429343,0.014382622007954421,2366,True,,False,42
,,dwi_squareroot_firstorder_InterquartileRange,0.5490081680280047,positive_higher,101.96454124807374,0.4588235294117647,0.6604434072345391,mann_whitney_u,0.00810756520429343,0.014382622007954421,2367,True,,False,42
,,adc_wavelet-HH_glszm_HighGrayLevelZoneEmphasis,0.5489841444162262,negative_higher,119.78,0.28588098016336055,0.8029411764705883,mann_whitney_u,0.008138740480841946,0.014431829087438907,2368,True,,False,42
,,dwi_wavelet-HH_firstorder_Uniformity,0.5489652687212574,negative_higher,0.4774671412507444,0.7292882147024504,0.3852941176470588,mann_whitney_u,0.00816331045644632,0.014467145129407147,2369,True,,False,42
,,t2_square_gldm_LargeDependenceEmphasis,0.5489635527489876,negative_higher,59.79665280352759,0.5577596266044341,0.5470588235294118,mann_whitney_u,0.008165547500999033,0.014467145129407147,2370,True,,False,42
,,dwi_wavelet-HH_firstorder_Entropy,0.5489549728876382,positive_higher,1.3122511490333082,0.24411764705882352,0.8669778296382731,mann_whitney_u,0.008176740285164656,0.0144808656505299,2371,True,,False,42
,,adc_wavelet2-LH_gldm_DependenceVariance,0.5489086416363511,negative_higher,1.4517070022972558,0.5390898483080513,0.5647058823529412,mann_whitney_u,0.008237419646752743,0.014582177528125954,2372,True,,False,42
,,adc_exponential_firstorder_Skewness,0.5488983458027318,negative_higher,5.503063274998065,0.2532088681446908,0.8411764705882353,mann_whitney_u,0.008250958522206177,0.014599989395172243,2373,True,,False,42
,,adc_wavelet2-LL_glrlm_RunPercentage,0.5488914819136523,positive_higher,0.9403409090909092,0.7764705882352941,0.353558926487748,mann_whitney_u,0.008259995159650637,0.014603672039746081,2374,True,,False,42
,,adc_wavelet2-LL_glszm_SizeZoneNonUniformityNormalized,0.5488914819136522,positive_higher,0.6763882135061635,0.7264705882352941,0.3862310385064177,mann_whitney_u,0.008259995497593937,0.014603672039746081,2375,True,,False,42
,,dwi_wavelet2-HH_glcm_Idmn,0.5488605944127942,positive_higher,0.974683198838752,0.40588235294117647,0.7047841306884481,mann_whitney_u,0.00830077157976025,0.014669587484601553,2376,True,,False,42
,,t2_wavelet2-HL_glcm_DifferenceAverage,0.5488365708010159,negative_higher,0.8775240993229693,0.5180863477246208,0.5617647058823529,mann_whitney_u,0.008332610720020159,0.014719660249627533,2377,True,,False,42
,,dwi_squareroot_glcm_Correlation,0.5488056833001579,positive_higher,0.7821650239965796,0.4088235294117647,0.7292882147024504,mann_whitney_u,0.008373707272327752,0.01478603735765527,2378,True,,False,42
,,t2_square_glszm_SmallAreaEmphasis,0.5487953874665386,negative_higher,0.3577109397903736,0.79463243873979,0.2970588235294118,mann_whitney_u,0.008387446358355505,0.014804071987698513,2379,True,,False,42
,,dwi_original_glrlm_HighGrayLevelRunEmphasis,0.5486718374631065,positive_higher,90.56212453331716,0.24705882352941178,0.8658109684947491,mann_whitney_u,0.00855389511080449,0.015091514945490778,2380,True,,False,42
,,dwi_original_glszm_LargeAreaLowGrayLevelEmphasis,0.5486581096849474,negative_higher,3.5368780682579515,0.6744457409568262,0.42647058823529416,mann_whitney_u,0.008572570522793347,0.015118111560356681,2381,True,,False,42
,,t2_log-sigma-0-6-mm-3D_glcm_DifferenceVariance,0.5486546777404078,negative_higher,0.4058720134568414,0.7572928821470245,0.3382352941176471,mann_whitney_u,0.00857724506768515,0.01512000505424431,2382,True,,False,42
,,dwi_wavelet2-HL_firstorder_InterquartileRange,0.5486443819067884,positive_higher,42.961724591498125,0.4323529411764706,0.6779463243873979,mann_whitney_u,0.00859128237809984,0.015132044759077696,2383,True,,False,42
,,dwi_wavelet2-HH_firstorder_Minimum,0.5486443819067883,negative_higher,-54.68430588949202,0.6371061843640606,0.44705882352941173,mann_whitney_u,0.00859128237809984,0.015132044759077696,2384,True,,False,42
,,t2_logarithm_ngtdm_Contrast,0.5486409499622487,negative_higher,0.3585824244290673,0.6954492415402567,0.41470588235294115,mann_whitney_u,0.008595966043318548,0.015133946086328965,2385,True,,False,42
,,adc_original_glszm_SizeZoneNonUniformityNormalized,0.548634086073169,positive_higher,0.4268373294874106,0.4117647058823529,0.6744457409568261,mann_whitney_u,0.008605340222081117,0.015144100415975949,2386,True,,False,42
,,dwi_wavelet2-HH_firstorder_Skewness,0.5486134944059303,positive_higher,0.1111790803670468,0.6588235294117647,0.45507584597432904,mann_whitney_u,0.008633517613490078,0.015187323191891429,2387,True,,False,42
,,t2_logarithm_firstorder_Mean,0.548589470794152,negative_higher,-47.77265224606426,0.7537922987164527,0.35,mann_whitney_u,0.008666495449750636,0.015238950751048122,2388,True,,False,42
,,adc_logarithm_firstorder_Mean,0.5485688791269133,negative_higher,2830.29296911543,0.6954492415402567,0.41470588235294115,mann_whitney_u,0.008694851727693272,0.015282412057172057,2389,True,,False,42
,,adc_wavelet2-HL_glszm_LowGrayLevelZoneEmphasis,0.548558583293294,positive_higher,0.0044246195161886,0.6294117647058823,0.46207701283547253,mann_whitney_u,0.008709060937446169,0.015300981956626136,2390,True,,False,42
,,adc_wavelet2-LL_glrlm_ShortRunEmphasis,0.5485551513487541,positive_higher,0.957454675782214,0.711764705882353,0.4142357059509918,mann_whitney_u,0.008713801950159203,0.015302908569100165,2391,True,,False,42
,,adc_wavelet2-LL_glrlm_RunLengthNonUniformityNormalized,0.5485139680142769,positive_higher,0.8942973929725354,0.711764705882353,0.41540256709451573,mann_whitney_u,0.008770874270759121,0.01539669776877824,2392,True,,False,42
,,adc_original_gldm_LargeDependenceEmphasis,0.5485002402361178,negative_higher,6.510525280346252,0.6196032672112018,0.47352941176470587,mann_whitney_u,0.00878997246693275,0.015423775340012795,2393,True,,False,42
,,dwi_logarithm_glrlm_ShortRunEmphasis,0.548496808291578,positive_higher,0.7177213626951213,0.3352941176470588,0.764294049008168,mann_whitney_u,0.008794752817833233,0.015425717243977339,2394,True,,False,42
,,adc_wavelet2-LL_gldm_GrayLevelVariance,0.5484762166243393,positive_higher,252.45059782234867,0.6794117647058824,0.40490081680280043,mann_whitney_u,0.008823483733055009,0.015469648515698532,2395,True,,False,42
,,t2_log-sigma-0-6-mm-3D_glrlm_GrayLevelVariance,0.5484659207907201,negative_higher,1.648932141380455,0.8039673278879813,0.2941176470588235,mann_whitney_u,0.008837880611830185,0.01548196107178763,2396,True,,False,42
,,dwi_wavelet2-LL_firstorder_Uniformity,0.5484659207907199,negative_higher,0.0469837332813166,0.6382730455075846,0.4882352941176471,mann_whitney_u,0.008837880611830185,0.01548196107178763,2397,True,,False,42
,,dwi_logarithm_firstorder_Skewness,0.5484624888461802,positive_higher,-2.797366590035474,0.5147058823529411,0.5834305717619603,mann_whitney_u,0.008842684232848005,0.015483916219236353,2398,True,,False,42
,,dwi_wavelet-HH_glrlm_GrayLevelVariance,0.5484521930125609,positive_higher,0.4433192412489077,0.25882352941176473,0.8483080513418904,mann_whitney_u,0.008857109093715228,0.015502709914343578,2399,True,,False,42
,,adc_wavelet2-LL_firstorder_Variance,0.5484453291234814,positive_higher,946955.0717308976,0.6794117647058824,0.4037339556592765,mann_whitney_u,0.008866737342146694,0.015513095874864153,2400,True,,False,42
,,t2_log-sigma-3-mm-3D_ngtdm_Contrast,0.5484418971789415,positive_higher,0.0073421700634211,0.55,0.5390898483080513,mann_whitney_u,0.008871554971622606,0.015515060110721917,2401,True,,False,42
,,dwi_wavelet-HH_gldm_GrayLevelVariance,0.5483784062049557,positive_higher,0.3709847171551919,0.25588235294117645,0.8553092182030338,mann_whitney_u,0.008961103758422604,0.01566514349775875,2402,True,,False,42
,,t2_wavelet2-LH_ngtdm_Strength,0.5483698263436063,positive_higher,0.0469556880935862,0.5323529411764706,0.5752625437572929,mann_whitney_u,0.008973266793514349,0.015679878179761443,2403,True,,False,42
,,dwi_wavelet2-LH_firstorder_Median,0.5483663943990665,negative_higher,-5.21015691088421,0.8891481913652275,0.21764705882352942,mann_whitney_u,0.008978136086197595,0.01568186082609971,2404,True,,False,42
,,adc_wavelet2-LL_glrlm_LongRunEmphasis,0.5483629624545266,negative_higher,1.2063675645419183,0.3348891481913652,0.7852941176470588,mann_whitney_u,0.008983007738401655,0.01568384594326343,2405,True,,False,42
,,dwi_logarithm_firstorder_InterquartileRange,0.5483458027318279,positive_higher,70.04966399206467,0.46176470588235297,0.6464410735122521,mann_whitney_u,0.009007401426398208,0.015719899663111422,2406,True,,False,42
,,t2_squareroot_firstorder_Mean,0.5483423707872881,negative_higher,-17.122605689957034,0.721120186697783,0.388235294117647,mann_whitney_u,0.009012287256229934,0.01572189206020336,2407,True,,False,42
,,dwi_wavelet-HH_firstorder_Mean,0.548328643009129,positive_higher,0.1674527138739367,0.2323529411764706,0.8646441073512252,mann_whitney_u,0.009031854248917793,0.01574948338505225,2408,True,,False,42
,,dwi_wavelet2-HH_firstorder_Mean,0.5483217791200494,positive_higher,0.3120097346589453,0.21470588235294116,0.897316219369895,mann_whitney_u,0.009041651962977649,0.015753484063295912,2409,True,,False,42
,,t2_square_glcm_SumEntropy,0.5483217791200494,positive_higher,1.7685940770215358,0.6558823529411765,0.45507584597432904,mann_whitney_u,0.009041651962977649,0.015753484063295912,2410,True,,False,42
,,adc_squareroot_glcm_Idm,0.5483080513418903,negative_higher,0.4867258827768173,0.3057176196032672,0.7794117647058824,mann_whitney_u,0.009061275865704318,0.01578112706764514,2411,True,,False,42
,,dwi_wavelet-HH_glrlm_LongRunLowGrayLevelEmphasis,0.5482565721737936,negative_higher,0.8433054367396956,0.5040840140023337,0.5970588235294118,mann_whitney_u,0.009135204615756322,0.015903285315738307,2412,True,,False,42
,,dwi_wavelet-HL_firstorder_InterquartileRange,0.5481810693939186,positive_higher,27.00379102141042,0.45294117647058824,0.6604434072345391,mann_whitney_u,0.009244607485788998,0.016087072868971406,2413,True,,False,42
,,adc_wavelet-LH_glrlm_RunPercentage,0.54816047772668,positive_higher,0.8046742209631729,0.6764705882352942,0.41890315052508753,mann_whitney_u,0.009274646851796287,0.016132660368969598,2414,True,,False,42
,,t2_log-sigma-0-6-mm-3D_gldm_LargeDependenceEmphasis,0.5481570457821401,positive_higher,35.59896698854705,0.25588235294117645,0.8249708284714119,mann_whitney_u,0.009279661872170851,0.016134699876292093,2415,True,,False,42
,,dwi_original_firstorder_InterquartileRange,0.5481467499485209,positive_higher,143.4915990113489,0.21470588235294116,0.9008168028004667,mann_whitney_u,0.009294721454963168,0.016154195111502626,2416,True,,False,42
,,adc_log-sigma-3-mm-3D_firstorder_Maximum,0.548143318003981,negative_higher,530.6787719726562,0.6872812135355892,0.4205882352941176,mann_whitney_u,0.009299746159767305,0.016156240846033478,2417,True,,False,42
,,t2_square_firstorder_RobustMeanAbsoluteDeviation,0.5481295902258219,positive_higher,5.112065347589692,0.6558823529411765,0.44807467911318555,mann_whitney_u,0.009319869224906688,0.016184504084112154,2418,True,,False,42
,,dwi_wavelet-LH_gldm_SmallDependenceLowGrayLevelEmphasis,0.5481124305031231,negative_higher,0.0056012781759003,0.5005834305717619,0.6205882352941177,mann_whitney_u,0.009345077684422803,0.016221571391852565,2419,True,,False,42
,,adc_wavelet-HL_ngtdm_Busyness,0.5480746791131854,negative_higher,0.7760022883602923,0.7257876312718786,0.36764705882352944,mann_whitney_u,0.009400750537694092,0.01631146756519731,2420,True,,False,42
,,adc_wavelet-HH_glszm_SmallAreaLowGrayLevelEmphasis,0.5480300638341684,positive_higher,0.0115827128587842,0.6441176470588236,0.4457409568261377,mann_whitney_u,0.009466927030834188,0.016419507064218405,2421,True,,False,42
,,t2_wavelet-LH_glrlm_GrayLevelVariance,0.5479991763333104,negative_higher,1.1391676904492156,0.4597432905484247,0.638235294117647,mann_whitney_u,0.009512984600245874,0.016492577347825114,2422,True,,False,42
,,adc_logarithm_glcm_JointAverage,0.5479717207769923,negative_higher,80.90120495782121,0.2928821470245041,0.8235294117647058,mann_whitney_u,0.009554092306960893,0.016550178876620785,2423,True,,False,42
,,adc_logarithm_glcm_SumAverage,0.5479717207769923,negative_higher,161.8024099156424,0.2928821470245041,0.8235294117647058,mann_whitney_u,0.009554092306960893,0.016550178876620785,2424,True,,False,42
,,adc_wavelet2-LL_glrlm_RunVariance,0.5479511291097536,negative_higher,0.0736726520382208,0.3313885647607935,0.7941176470588236,mann_whitney_u,0.009585026957723616,0.01659691884349751,2425,True,,False,42
,,adc_wavelet2-LH_gldm_LargeDependenceEmphasis,0.5479476971652139,negative_higher,6.870967741935484,0.4305717619603267,0.6735294117647059,mann_whitney_u,0.009590191406455801,0.01659901637086064,2426,True,,False,42
,,adc_wavelet2-LH_glrlm_RunVariance,0.5479339693870546,negative_higher,0.3139968747518347,0.3558926487747958,0.75,mann_whitney_u,0.009610874020277504,0.016627960449586004,2427,True,,False,42
,,adc_original_firstorder_Maximum,0.5479030818861967,negative_higher,2480.7617659072503,0.5367561260210035,0.5794117647058823,mann_whitney_u,0.00965755536903674,0.016701843078494757,2428,True,,False,42
,,t2_exponential_firstorder_Median,0.5478550346626399,negative_higher,0.6230081136950831,0.8774795799299884,0.24411764705882355,mann_whitney_u,0.009730572621502844,0.016821191616998948,2429,True,,False,42
,,t2_square_glcm_Imc2,0.5478481707735603,positive_higher,0.9012717825438524,0.3029411764705882,0.7887981330221704,mann_whitney_u,0.009741043726053151,0.016832363212221063,2430,True,,False,42
,,t2_log-sigma-2-mm-3D_glcm_DifferenceEntropy,0.5478447388290205,negative_higher,0.9079025118701904,0.733955659276546,0.3647058823529412,mann_whitney_u,0.009746283043433371,0.016834488893203096,2431,True,,False,42
,,t2_log-sigma-0-6-mm-3D_glcm_Imc2,0.5478378749399411,negative_higher,0.8314415133411398,0.48774795799299886,0.6029411764705883,mann_whitney_u,0.009756769213520117,0.016845671845218325,2432,True,,False,42
,,t2_square_glszm_SizeZoneNonUniformityNormalized,0.5478344429954012,negative_higher,0.1742540470795251,0.45274212368728123,0.638235294117647,mann_whitney_u,0.009762016068274095,0.016847803317173417,2433,True,,False,42
,,adc_wavelet2-LL_glszm_LargeAreaEmphasis,0.5478138513281625,negative_higher,2.1306734219970447,0.323220536756126,0.7970588235294118,mann_whitney_u,0.009793550037290318,0.016895282089803634,2434,True,,False,42
,,dwi_wavelet-HH_glcm_Imc2,0.5477349166037477,positive_higher,0.1590206467677963,0.3764705882352941,0.7327887981330221,mann_whitney_u,0.009915272834429585,0.01709824666602457,2435,True,,False,42
,,adc_logarithm_glrlm_HighGrayLevelRunEmphasis,0.5477314846592078,negative_higher,6492.067527443325,0.29171528588098017,0.8205882352941176,mann_whitney_u,0.0099205955713142,0.01710040262887862,2436,True,,False,42
,,adc_logarithm_gldm_HighGrayLevelEmphasis,0.5477108929919693,negative_higher,6587.945172824791,0.29054842473745623,0.8235294117647058,mann_whitney_u,0.009952585481799265,0.017141471057454928,2437,True,,False,42
,,t2_log-sigma-0-6-mm-3D_glrlm_RunVariance,0.5477108929919693,positive_higher,4.681532794034536,0.2235294117647059,0.8681446907817969,mann_whitney_u,0.009952585481799265,0.017141471057454928,2438,True,,False,42
,,dwi_wavelet-HH_gldm_SmallDependenceHighGrayLevelEmphasis,0.5476971652138102,positive_higher,1.4229047520216014,0.3235294117647059,0.779463243873979,mann_whitney_u,0.009973963106770812,0.017171246857454137,2439,True,,False,42
,,t2_exponential_firstorder_Maximum,0.5476937332692704,negative_higher,95.81554495943912,0.5752625437572929,0.5235294117647059,mann_whitney_u,0.009979313899758662,0.017173417649625666,2440,True,,False,42
,,adc_log-sigma-3-mm-3D_gldm_LowGrayLevelEmphasis,0.5476800054911113,positive_higher,0.0096371111616001,0.5852941176470589,0.5192532088681447,mann_whitney_u,0.010000742649807878,0.017203243910914903,2441,True,,False,42
,,adc_logarithm_glcm_Autocorrelation,0.5476594138238726,negative_higher,6591.299103504228,0.2893815635939323,0.8264705882352941,mann_whitney_u,0.010032962623406265,0.01725160116940332,2442,True,,False,42
,,adc_original_glszm_SmallAreaEmphasis,0.5476559818793328,positive_higher,0.6778849425983915,0.4117647058823529,0.6744457409568261,mann_whitney_u,0.010038341598006468,0.017253784842418813,2443,True,,False,42
,,dwi_wavelet2-LL_glszm_SizeZoneNonUniformity,0.5476319582675544,negative_higher,1718.382529170609,0.23687281213535588,0.8470588235294118,mann_whitney_u,0.010076066388218318,0.017311539592524027,2444,True,,False,42
,,dwi_wavelet2-LL_glrlm_RunVariance,0.5476285263230146,negative_higher,0.249274949552789,0.6184364060676779,0.4852941176470589,mann_whitney_u,0.010081465937611996,0.017313732299399906,2445,True,,False,42
,,adc_wavelet-HH_glrlm_RunVariance,0.5476216624339351,negative_higher,1.0511266418149132,0.2777129521586931,0.8058823529411765,mann_whitney_u,0.01009227276706572,0.017325205784508975,2446,True,,False,42
,,t2_wavelet-LH_glcm_DifferenceVariance,0.5475839110439975,negative_higher,0.6615668914891646,0.3547257876312719,0.7382352941176471,mann_whitney_u,0.010151894925167989,0.01742043595863522,2447,True,,False,42
,,dwi_wavelet-LH_glszm_SizeZoneNonUniformityNormalized,0.5475736152103782,positive_higher,0.3135575122160012,0.20588235294117646,0.9089848308051341,mann_whitney_u,0.010168209715977016,0.017441304165599466,2448,True,,False,42
,,t2_exponential_firstorder_Range,0.5475701832658384,negative_higher,95.6884605088002,0.5752625437572929,0.5235294117647059,mann_whitney_u,0.010173653340677437,0.01744351587484874,2449,True,,False,42
,,dwi_square_glrlm_LongRunLowGrayLevelEmphasis,0.5474981124305032,negative_higher,33.15100309218995,0.39323220536756126,0.6852941176470588,mann_whitney_u,0.010288567595877646,0.01763334503473071,2450,True,,False,42
,,adc_log-sigma-3-mm-3D_glrlm_LowGrayLevelRunEmphasis,0.5474912485414236,positive_higher,0.0102413278955757,0.5764705882352941,0.5204200700116686,mann_whitney_u,0.010299571834925058,0.01764500291099564,2451,True,,False,42
,,dwi_logarithm_glcm_Idm,0.5474775207632645,negative_higher,0.6641252152881004,0.6977829638273045,0.4117647058823529,mann_whitney_u,0.010321611743933975,0.01767554963816426,2452,True,,False,42
,,dwi_wavelet2-HH_glcm_Idn,0.5474740888187247,positive_higher,0.9132074993064948,0.4176470588235294,0.7001166861143524,mann_whitney_u,0.010327128275458767,0.017677787047962235,2453,True,,False,42
,,t2_log-sigma-2-mm-3D_glszm_SizeZoneNonUniformityNormalized,0.5474105978447388,negative_higher,0.03955959777534,0.5157526254375729,0.5823529411764705,mann_whitney_u,0.01042965836121939,0.017846020969339942,2454,True,,False,42
,,adc_log-sigma-3-mm-3D_glrlm_RunPercentage,0.5473848582606906,positive_higher,0.694170569386246,0.7029411764705882,0.40840140023337224,mann_whitney_u,0.010471482158142654,0.01791028659146273,2455,True,,False,42
,,dwi_wavelet-HL_glrlm_LongRunHighGrayLevelEmphasis,0.5473814263161506,positive_higher,127.36715206370448,0.5970588235294118,0.528588098016336,mann_whitney_u,0.010477069905275012,0.017912547447984435,2456,True,,False,42
,,dwi_logarithm_glcm_Id,0.5473711304825314,negative_higher,0.6877856983420941,0.676779463243874,0.42647058823529416,mann_whitney_u,0.010493849065985357,0.017933932530758045,2457,True,,False,42
,,adc_original_gldm_GrayLevelVariance,0.5473642665934518,positive_higher,21.8479423762035,0.5794117647058824,0.5052508751458576,mann_whitney_u,0.010505048449892761,0.017945768283604436,2458,True,,False,42
,,adc_wavelet2-LH_glrlm_RunPercentage,0.5473436749262132,positive_higher,0.8368400158793172,0.6676470588235294,0.43757292882147025,mann_whitney_u,0.010538710288537662,0.01798863620764708,2459,True,,False,42
,,adc_original_firstorder_Variance,0.5473436749262133,positive_higher,81500.94405181157,0.5823529411764706,0.5029171528588098,mann_whitney_u,0.01053871042410379,0.01798863620764708,2460,True,,False,42
,,adc_wavelet2-LL_gldm_LargeDependenceEmphasis,0.5473230832589745,negative_higher,2.65439672801636,0.38739789964994165,0.7294117647058824,mann_whitney_u,0.01057246831174603,0.018038925006510192,2461,True,,False,42
,,t2_log-sigma-0-6-mm-3D_glrlm_LongRunEmphasis,0.5473196513144347,positive_higher,10.111305461670236,0.27058823529411763,0.8074679113185531,mann_whitney_u,0.01057810396751117,0.018041209812989196,2462,True,,False,42
,,dwi_wavelet2-HH_glcm_MaximumProbability,0.5472441485345597,negative_higher,0.2714762396762441,0.8144690781796966,0.28823529411764703,mann_whitney_u,0.01070276625251475,0.018246413111778086,2463,True,,False,42
,,t2_wavelet-LH_glszm_GrayLevelNonUniformityNormalized,0.5472407165900198,positive_higher,0.1822352829089089,0.6147058823529412,0.4830805134189031,mann_whitney_u,0.010708463630753479,0.018248717039583546,2464,True,,False,42
,,adc_log-sigma-2-mm-3D_gldm_LargeDependenceEmphasis,0.5472269888118608,negative_higher,12.481319216258976,0.3943990665110852,0.7,mann_whitney_u,0.010731280119667801,0.01827276773012372,2465,True,,False,42
,,adc_log-sigma-3-mm-3D_glszm_LowGrayLevelZoneEmphasis,0.5472269888118608,positive_higher,0.012314925035882,0.5705882352941176,0.5344224037339557,mann_whitney_u,0.010731280119667801,0.01827276773012372,2466,True,,False,42
,,t2_log-sigma-0-6-mm-3D_glrlm_RunPercentage,0.5471892374219233,negative_higher,0.422797054635129,0.8378063010501751,0.24117647058823533,mann_whitney_u,0.010794248491705032,0.0183725372584797,2467,True,,False,42
,,adc_wavelet2-LL_firstorder_Maximum,0.5471789415883039,negative_higher,9189.035983936408,0.6452742123687282,0.45882352941176474,mann_whitney_u,0.010811478591184592,0.018394407862392263,2468,True,,False,42
,,t2_wavelet-HL_gldm_LargeDependenceEmphasis,0.5471755096437642,positive_higher,25.63322181331549,0.7235294117647059,0.35939323220536756,mann_whitney_u,0.01081722738824806,0.0183967346307224,2469,True,,False,42
,,adc_log-sigma-2-mm-3D_glrlm_LongRunEmphasis,0.5471652138101448,negative_higher,2.469617931480258,0.4457409568261377,0.6470588235294117,mann_whitney_u,0.010834490086354231,0.018418633146802192,2470,True,,False,42
,,t2_wavelet-HL_firstorder_RootMeanSquared,0.5470622554739515,negative_higher,300.0589236456501,0.5157526254375729,0.5852941176470587,mann_whitney_u,0.01100846849772572,0.018699255348685398,2471,True,,False,42
,,t2_wavelet-LH_glcm_SumSquares,0.5470622554739515,negative_higher,0.843744915762737,0.4282380396732789,0.6705882352941177,mann_whitney_u,0.01100846849772572,0.018699255348685398,2472,True,,False,42
,,t2_log-sigma-2-mm-3D_ngtdm_Contrast,0.5470553915848719,positive_higher,0.0062093259960309,0.5764705882352941,0.5274212368728122,mann_whitney_u,0.01102015483136577,0.018711536650588303,2473,True,,False,42
,,adc_wavelet2-LH_glszm_ZonePercentage,0.5470279360285537,positive_higher,0.498868374032162,0.6705882352941176,0.43407234539089845,mann_whitney_u,0.011067010325673768,0.01878349893189335,2474,True,,False,42
,,adc_logarithm_firstorder_Range,0.5469249776923604,negative_higher,5097.707961882471,0.33605600933488916,0.7852941176470588,mann_whitney_u,0.011244299247802233,0.019076691935968313,2475,True,,False,42
,,adc_wavelet2-LL_glcm_MCC,0.5468666346351843,positive_higher,0.8892293710420547,0.40588235294117647,0.6791131855309218,mann_whitney_u,0.011345878482343403,0.01924125353285943,2476,True,,False,42
,,t2_logarithm_firstorder_Skewness,0.5468426110234058,positive_higher,0.4591850165415972,0.36176470588235293,0.7386231038506418,mann_whitney_u,0.011387941473390608,0.01930479057196898,2477,True,,False,42
,,adc_wavelet2-LH_glrlm_LongRunEmphasis,0.5468117235225478,negative_higher,1.7282383160279202,0.4690781796966161,0.6352941176470588,mann_whitney_u,0.01144222584374808,0.019388985600443175,2478,True,,False,42
,,adc_square_glrlm_GrayLevelNonUniformityNormalized,0.5467739721326104,negative_higher,0.0903705536234265,0.41073512252042005,0.6823529411764706,mann_whitney_u,0.011508885238522695,0.01948621335345032,2479,True,,False,42
,,adc_wavelet2-HL_glrlm_LowGrayLevelRunEmphasis,0.5467739721326103,positive_higher,0.0038288732503125,0.6323529411764706,0.45857642940490084,mann_whitney_u,0.011508885238522695,0.01948621335345032,2480,True,,False,42
,,dwi_original_firstorder_RootMeanSquared,0.5467671082435308,positive_higher,461.2676918590978,0.40294117647058825,0.6989498249708285,mann_whitney_u,0.011521042088229672,0.019498934191244013,2481,True,,False,42
,,adc_wavelet2-LL_glrlm_GrayLevelVariance,0.546749948520832,positive_higher,311.23966605698587,0.5676470588235294,0.5099183197199533,mann_whitney_u,0.01155148408408039,0.019534708686690917,2482,True,,False,42
,,adc_logarithm_glszm_HighGrayLevelZoneEmphasis,0.5467499485208318,negative_higher,5489.991482112436,0.36989498249708286,0.7441176470588236,mann_whitney_u,0.01155148408408039,0.019534708686690917,2483,True,,False,42
,,adc_squareroot_glcm_Id,0.5467121971308944,negative_higher,0.5385539946762257,0.3033838973162194,0.788235294117647,mann_whitney_u,0.011618707852795127,0.019640480786588865,2484,True,,False,42
,,t2_logarithm_glcm_Imc2,0.5466778776854966,positive_higher,0.9838250227211078,0.40588235294117647,0.7129521586931156,mann_whitney_u,0.011680121336908362,0.019736349896852398,2485,True,,False,42
,,adc_wavelet-LH_glszm_ZonePercentage,0.5466641499073375,positive_higher,0.4357912178956089,0.6441176470588236,0.4574095682613769,mann_whitney_u,0.01170476710584676,0.019770039049658305,2486,True,,False,42
,,t2_wavelet-HH_glcm_JointEnergy,0.5466229665728601,positive_higher,0.2442435205642421,0.7235294117647059,0.367561260210035,mann_whitney_u,0.011778982018857211,0.019887392640603713,2487,True,,False,42
,,t2_exponential_glrlm_RunPercentage,0.5466195346283205,positive_higher,0.0299713990625248,0.5764705882352941,0.5029171528588098,mann_whitney_u,0.011785185381128724,0.019889868736076975,2488,True,,False,42
,,t2_square_ngtdm_Complexity,0.5466023749056215,negative_higher,35.40460382376396,0.6336056009334889,0.46176470588235297,mann_whitney_u,0.011816245675933833,0.01993427705634639,2489,True,,False,42
,,t2_wavelet2-HL_glcm_Idn,0.5465577596266045,negative_higher,0.9689596822515134,0.3080513418903151,0.788235294117647,mann_whitney_u,0.011897342459154612,0.020063028508429805,2490,True,,False,42
,,t2_wavelet-LH_glcm_ClusterTendency,0.5465405999039056,negative_higher,2.17661167969768,0.47607934655775963,0.6235294117647059,mann_whitney_u,0.011928664699788928,0.020107773213333485,2491,True,,False,42
,,adc_squareroot_gldm_DependenceVariance,0.5465303040702862,negative_higher,1.7620925424856717,0.6359393232205367,0.44999999999999996,mann_whitney_u,0.011947493119114473,0.02013143001892523,2492,True,,False,42
,,t2_squareroot_firstorder_RootMeanSquared,0.5465268721257465,negative_higher,295.50108693943804,0.7817969661610268,0.3205882352941176,mann_whitney_u,0.011953775111598728,0.020133935697393926,2493,True,,False,42
,,dwi_wavelet-LH_glszm_SmallAreaEmphasis,0.546502848513968,positive_higher,0.5742220053836994,0.20294117647058824,0.911318553092182,mann_whitney_u,0.011997831114860512,0.020200037229871407,2494,True,,False,42
,,adc_square_firstorder_Uniformity,0.5464994165694281,negative_higher,0.1052982090829736,0.26954492415402564,0.8205882352941176,mann_whitney_u,0.012004136565677472,0.020202552881474833,2495,True,,False,42
,,t2_log-sigma-3-mm-3D_glrlm_LongRunHighGrayLevelEmphasis,0.5464959846248885,negative_higher,3045.6855304435912,0.8133022170361727,0.31176470588235294,mann_whitney_u,0.012010444953962739,0.020205071459010234,2496,True,,False,42
,,t2_wavelet2-HL_glrlm_RunEntropy,0.5433591873155329,negative_higher,4.022046830672643,0.8296382730455076,0.25,t_test,0.012031514419334477,0.02023241051132778,2497,True,,False,42
,,adc_wavelet-LH_glrlm_RunLengthNonUniformityNormalized,0.5464136179559338,positive_higher,0.6781806802009702,0.7647058823529411,0.32672112018669774,mann_whitney_u,0.012162730512173175,0.020444878070702627,2498,True,,False,42
,,t2_wavelet-HH_glcm_DifferenceAverage,0.5463861623996156,negative_higher,0.4785352330471278,0.7036172695449242,0.3941176470588236,mann_whitney_u,0.012213871268385261,0.020522627233273198,2499,True,,False,42
,,adc_original_gldm_LargeDependenceLowGrayLevelEmphasis,0.5463690026769168,positive_higher,0.0167497497196825,0.6264705882352941,0.4830805134189031,mann_whitney_u,0.012245930911721228,0.020568265559326976,2500,True,,False,42
,,dwi_wavelet2-LL_ngtdm_Contrast,0.5463449790651383,positive_higher,0.1013997278487697,0.2235294117647059,0.9008168028004667,mann_whitney_u,0.01229093966636163,0.020635608020412827,2501,True,,False,42
,,adc_wavelet-HL_glrlm_ShortRunLowGrayLevelEmphasis,0.5463415471205985,positive_higher,0.0032008871576711,0.8911764705882353,0.2112018669778296,mann_whitney_u,0.012297381437594108,0.020638171325522644,2502,True,,False,42
,,t2_wavelet-LH_firstorder_Variance,0.5463278193424395,negative_higher,110.9187280605082,0.41890315052508753,0.6823529411764706,mann_whitney_u,0.012323178442029297,0.02067320266803077,2503,True,,False,42
,,adc_wavelet-LH_glrlm_LongRunEmphasis,0.5463209554533599,negative_higher,1.9829592725780112,0.40956826137689617,0.6794117647058824,mann_whitney_u,0.012336094912294992,0.02068660644437966,2504,True,,False,42
,,adc_wavelet2-HL_gldm_LowGrayLevelEmphasis,0.5462969318415813,positive_higher,0.0040416008797984,0.5735294117647058,0.5099183197199533,mann_whitney_u,0.012381397050001021,0.020754285913355004,2505,True,,False,42
,,t2_wavelet2-LH_glcm_Idn,0.5462385887844052,negative_higher,0.9627201540370364,0.7141190198366394,0.38235294117647056,mann_whitney_u,0.012492030544698678,0.020931379192813147,2506,True,,False,42
,,adc_wavelet-HL_gldm_LargeDependenceHighGrayLevelEmphasis,0.5462077012835473,negative_higher,3147.1383671904946,0.2508751458576429,0.8352941176470589,mann_whitney_u,0.012550954886524017,0.021021723002997348,2507,True,,False,42
,,dwi_wavelet2-HH_glcm_ClusterShade,0.5461939735053882,positive_higher,0.0191121673439355,0.4411764705882353,0.690781796966161,mann_whitney_u,0.012577222381902014,0.021057319290911706,2508,True,,False,42
,,adc_wavelet2-LL_glszm_ZoneVariance,0.546180245727229,negative_higher,0.4812746321845004,0.33605600933488916,0.7823529411764706,mann_whitney_u,0.012603538537515295,0.021084565067341323,2509,True,,False,42
,,t2_wavelet2-LL_firstorder_Mean,0.546180245727229,negative_higher,-35.46711241837964,0.793465577596266,0.33235294117647063,mann_whitney_u,0.012603538537515295,0.021084565067341323,2510,True,,False,42
,,t2_original_firstorder_Mean,0.5461630860045302,negative_higher,-8.857687878953477,0.793465577596266,0.33235294117647063,mann_whitney_u,0.012636502275730451,0.02113129153954288,2511,True,,False,42
,,adc_wavelet2-HH_ngtdm_Complexity,0.5461253346145927,negative_higher,39.993103577991214,0.46557759626604434,0.6294117647058823,mann_whitney_u,0.012709291276439652,0.021244551779367078,2512,True,,False,42
,,dwi_wavelet2-LL_glszm_ZoneVariance,0.5461081748918938,negative_higher,3.240782960718425,0.6347724620770129,0.4676470588235294,mann_whitney_u,0.012742499689162985,0.021285758761016436,2513,True,,False,42
,,t2_log-sigma-2-mm-3D_glcm_Contrast,0.546104742947354,negative_higher,0.3032367441858212,0.7759626604434072,0.3205882352941176,mann_whitney_u,0.012749150579651425,0.021285758761016436,2514,True,,False,42
,,adc_squareroot_glszm_SmallAreaHighGrayLevelEmphasis,0.5461047429473539,negative_higher,1306.3316951728991,0.30105017502917153,0.8176470588235294,mann_whitney_u,0.012749150579651425,0.021285758761016436,2515,True,,False,42
,,t2_wavelet-LH_gldm_GrayLevelVariance,0.5460841512801153,negative_higher,0.8556387431107058,0.4329054842473746,0.6705882352941177,mann_whitney_u,0.012789120478141805,0.02134400512230423,2516,True,,False,42
,,t2_log-sigma-0-6-mm-3D_glrlm_ShortRunEmphasis,0.5460189443338596,negative_higher,0.5248773830165425,0.8716452742123687,0.2147058823529412,mann_whitney_u,0.012916424370647203,0.021547900648529045,2517,True,,False,42
,,t2_logarithm_firstorder_InterquartileRange,0.5459400096094447,negative_higher,291.4524284741858,0.7187864644107351,0.3941176470588236,mann_whitney_u,0.013072028100510722,0.02179882684433857,2518,True,,False,42
,,t2_squareroot_firstorder_10Percentile,0.5457615484933763,negative_higher,-140.32626467404398,0.5565927654609102,0.55,mann_whitney_u,0.013429953409609232,0.022386809990849212,2519,True,,False,42
,,adc_wavelet2-LH_firstorder_90Percentile,0.5457203651588991,positive_higher,205.5527453692773,0.5558823529411765,0.5367561260210034,mann_whitney_u,0.013513771345629842,0.022517589635039567,2520,True,,False,42
,,dwi_original_gldm_SmallDependenceLowGrayLevelEmphasis,0.54570663738074,positive_higher,0.0069666321977808,0.6147058823529412,0.485414235705951,mann_whitney_u,0.013541813192939022,0.02255536437808447,2521,True,,False,42
,,dwi_wavelet-HL_gldm_SmallDependenceLowGrayLevelEmphasis,0.5456997734916604,negative_higher,0.0063012763953192,0.5005834305717619,0.6058823529411765,mann_whitney_u,0.013555853386168137,0.022569797132640762,2522,True,,False,42
,,dwi_square_glcm_Idn,0.5456671700185325,positive_higher,0.96511697380339,0.7147058823529412,0.3862310385064177,mann_whitney_u,0.013622560996056209,0.022671872224510514,2523,True,,False,42
,,dwi_wavelet2-LL_firstorder_InterquartileRange,0.5456585901571831,positive_higher,305.65546492121024,0.4852941176470588,0.632438739789965,mann_whitney_u,0.01364036493975433,0.022692508867681628,2524,True,,False,42
,,adc_original_glcm_MaximumProbability,0.5455968151554671,negative_higher,0.0238235536124138,0.49941656942823803,0.5911764705882353,mann_whitney_u,0.013768004947071755,0.022895783276338334,2525,True,,False,42
,,t2_wavelet2-LH_glszm_GrayLevelVariance,0.5455590637655294,negative_higher,4.396174583405952,0.5565927654609102,0.5235294117647059,mann_whitney_u,0.013846525396594565,0.023017244711124533,2526,True,,False,42
,,dwi_wavelet2-HH_ngtdm_Contrast,0.5455281762646716,negative_higher,0.0179604848036584,0.7094515752625438,0.3970588235294118,mann_whitney_u,0.013911063230240139,0.023115375743481735,2527,True,,False,42
,,t2_logarithm_firstorder_Median,0.5455178804310522,negative_higher,-145.22260554029504,0.6966161026837806,0.4,mann_whitney_u,0.013932634779171294,0.023142062277587132,2528,True,,False,42
,,t2_wavelet-LH_glcm_Contrast,0.5454183540393986,negative_higher,1.0694382983407549,0.4329054842473746,0.6588235294117647,mann_whitney_u,0.014142686959157868,0.0234816696486769,2529,True,,False,42
,,adc_wavelet2-HH_glrlm_RunEntropy,0.5454046262612395,negative_higher,3.4830297912497645,0.5029171528588098,0.5970588235294118,mann_whitney_u,0.014171877898352576,0.02352083608505236,2530,True,,False,42
,,adc_wavelet-HH_gldm_HighGrayLevelEmphasis,0.5453359873704442,negative_higher,132.85514834205932,0.2812135355892649,0.8058823529411765,mann_whitney_u,0.014318631473549932,0.023745629367075895,2531,True,,False,42
,,adc_wavelet-HL_glszm_LowGrayLevelZoneEmphasis,0.5453359873704441,positive_higher,0.0064431026363699,0.6617647058823529,0.43057176196032676,mann_whitney_u,0.014318631473549932,0.023745629367075895,2532,True,,False,42
,,dwi_wavelet-HH_glcm_Imc1,0.5452639165351088,negative_higher,-0.0128793650239462,0.7677946324387398,0.32647058823529407,mann_whitney_u,0.01447416388317408,0.02399408375264428,2533,True,,False,42
,,t2_wavelet-HH_glcm_DifferenceEntropy,0.5452433248678701,negative_higher,1.0546805636583716,0.3757292882147025,0.7176470588235294,mann_whitney_u,0.01451887448304566,0.02405870321795925,2534,True,,False,42
,,dwi_wavelet2-HL_glcm_Imc1,0.5452021415333927,negative_higher,-0.1312228830126026,0.6254375729288215,0.47058823529411764,mann_whitney_u,0.014608661162995557,0.024197936182808025,2535,True,,False,42
,,t2_wavelet-LH_glcm_JointEntropy,0.5418148122726336,negative_higher,3.693204675803185,0.26837806301050177,0.8117647058823529,t_test,0.014631340122747338,0.024225945258444823,2536,True,,False,42
,,t2_wavelet2-LH_glcm_ClusterShade,0.5451746859770745,positive_higher,-1.6958141450498152,0.4088235294117647,0.691948658109685,mann_whitney_u,0.014668790561885373,0.024278380594937594,2537,True,,False,42
,,adc_wavelet-LH_glrlm_ShortRunEmphasis,0.5451643901434553,positive_higher,0.846921004330672,0.7617647058823529,0.3255542590431738,mann_whitney_u,0.014691395268499005,0.024306213054541895,2538,True,,False,42
,,adc_log-sigma-2-mm-3D_glrlm_RunPercentage,0.5451060470862791,positive_higher,0.7339235127478754,0.6705882352941176,0.4212368728121354,mann_whitney_u,0.014820069488588673,0.024509441426775833,2539,True,,False,42
,,dwi_original_firstorder_Minimum,0.5450991831971995,positive_higher,-54.20056712183721,0.65,0.456242707117853,mann_whitney_u,0.014835272733584324,0.024524925278866367,2540,True,,False,42
,,t2_log-sigma-0-6-mm-3D_glszm_GrayLevelVariance,0.5450408401400233,negative_higher,3.179715440577544,0.8984830805134189,0.19117647058823528,mann_whitney_u,0.014965056178610447,0.02472974061156445,2541,True,,False,42
,,adc_wavelet-HH_glcm_MCC,0.5450339762509439,negative_higher,0.4430920316972517,0.24504084014002334,0.8441176470588235,mann_whitney_u,0.014980390386817252,0.0247453419489558,2542,True,,False,42
,,t2_exponential_ngtdm_Busyness,0.5449790651383074,negative_higher,23.378243782423763,0.588098016336056,0.4911764705882353,mann_whitney_u,0.015103541910603065,0.024938958899969433,2543,True,,False,42
,,dwi_wavelet2-HH_firstorder_Kurtosis,0.5449653373601482,positive_higher,4.516824762027064,0.65,0.45507584597432904,mann_whitney_u,0.015134495382101862,0.024980246112203505,2544,True,,False,42
,,dwi_log-sigma-0-6-mm-3D_glszm_LargeAreaHighGrayLevelEmphasis,0.5449584734710687,negative_higher,47543.89552238806,0.27304550758459745,0.8176470588235294,mann_whitney_u,0.015149982401839814,0.024986165006019398,2545,True,,False,42
,,t2_exponential_glrlm_RunLengthNonUniformity,0.5449584734710686,negative_higher,144.9396770888712,0.49241540256709454,0.5911764705882353,mann_whitney_u,0.015149982401839814,0.024986165006019398,2546,True,,False,42
,,t2_wavelet-HH_glcm_Idm,0.544831491523097,positive_higher,0.7643452269667519,0.3323529411764706,0.7561260210035006,mann_whitney_u,0.015439020310696371,0.025452864658270145,2547,True,,False,42
,,t2_exponential_firstorder_Skewness,0.5447903081886197,negative_higher,6.868022621431166,0.5717619603267211,0.5088235294117647,mann_whitney_u,0.015533799030837207,0.02559906677020621,2548,True,,False,42
,,t2_wavelet-LH_glcm_SumEntropy,0.5421305511702931,negative_higher,2.539143039635026,0.4014002333722287,0.6941176470588235,t_test,0.01558317622176744,0.025670363654453306,2549,True,,False,42
,,t2_square_firstorder_Entropy,0.5447662845768413,positive_higher,1.3334489789842707,0.6470588235294118,0.4469078179696616,mann_whitney_u,0.015589322743136003,0.02567041811703062,2550,True,,False,42
,,t2_wavelet-HH_glcm_DifferenceVariance,0.544707941519665,negative_higher,0.2687269674673128,0.37222870478413067,0.711764705882353,mann_whitney_u,0.015724893639155503,0.02588350779726145,2551,True,,False,42
,,t2_square_firstorder_Mean,0.5446976456860457,positive_higher,11.184854361735889,0.5588235294117647,0.5309218203033839,mann_whitney_u,0.015748925272380483,0.025912906433669926,2552,True,,False,42
,,adc_wavelet2-LH_glrlm_RunLengthNonUniformityNormalized,0.5446873498524264,positive_higher,0.7341435037988439,0.6588235294117647,0.4434072345390898,mann_whitney_u,0.015772989204571566,0.02594233516255229,2553,True,,False,42
,,t2_wavelet2-HH_glcm_DifferenceVariance,0.5446770540188071,negative_higher,0.2556379181188106,0.40956826137689617,0.6823529411764706,mann_whitney_u,0.015797085471684024,0.025971794007674714,2554,True,,False,42
,,adc_wavelet-HH_glrlm_HighGrayLevelRunEmphasis,0.5446393026288695,negative_higher,114.73142618567464,0.2847141190198366,0.8029411764705883,mann_whitney_u,0.01588571567612914,0.0261072877197911,2555,True,,False,42
,,adc_log-sigma-0-6-mm-3D_glrlm_LowGrayLevelRunEmphasis,0.5445981192943923,positive_higher,0.020327051299768,0.8764705882352941,0.19719953325554263,mann_whitney_u,0.015982901614554935,0.026256730782283324,2556,True,,False,42
,,adc_original_glcm_JointAverage,0.5445157526254376,negative_higher,25.389999881261488,0.41890315052508753,0.6970588235294117,mann_whitney_u,0.016178842904998842,0.02655784259503133,2557,True,,False,42
,,adc_original_glcm_SumAverage,0.5445157526254376,negative_higher,50.77999976252299,0.41890315052508753,0.6970588235294117,mann_whitney_u,0.016178842904998842,0.02655784259503133,2558,True,,False,42
,,t2_log-sigma-0-6-mm-3D_glcm_Correlation,0.5443201317866704,negative_higher,0.7392619702356428,0.5892648774795799,0.5029411764705882,mann_whitney_u,0.01665268659336501,0.027324982807948293,2559,True,,False,42
,,adc_logarithm_firstorder_90Percentile,0.5442823803967327,negative_higher,2980.7199360167906,0.6417736289381564,0.46176470588235297,mann_whitney_u,0.01674552004421678,0.02746657760377588,2560,True,,False,42
,,t2_original_glrlm_LongRunHighGrayLevelEmphasis,0.5442686526185737,negative_higher,472.7119653031583,0.7572928821470245,0.361764705882353,mann_whitney_u,0.016779390138790515,0.02751138586207785,2561,True,,False,42
,,dwi_log-sigma-0-6-mm-3D_glcm_Contrast,0.5442274692840964,positive_higher,0.5237150605239984,0.2823529411764706,0.8413068844807468,mann_whitney_u,0.016881361533392977,0.02766777403540871,2562,True,,False,42
,,adc_logarithm_glcm_Idmn,0.544186285949619,negative_higher,0.9989570138519628,0.2427071178529755,0.861764705882353,mann_whitney_u,0.01698387644601586,0.027824930626929614,2563,True,,False,42
,,adc_wavelet2-HH_glrlm_ShortRunHighGrayLevelEmphasis,0.5441656942823803,negative_higher,35.249906981804706,0.43757292882147025,0.6617647058823529,mann_whitney_u,0.01703533846718427,0.027898356561508093,2564,True,,False,42
,,t2_wavelet-LH_firstorder_Entropy,0.5416912622692017,negative_higher,1.9757931555756127,0.2613768961493582,0.8205882352941176,t_test,0.01713234867389305,0.028046289310595288,2565,True,,False,42
,,adc_wavelet2-HL_glrlm_LongRunHighGrayLevelEmphasis,0.5440798956688859,negative_higher,529.2360956296274,0.6184364060676779,0.47058823529411764,mann_whitney_u,0.017251239193356485,0.02822991168078873,2566,True,,False,42
,,t2_wavelet2-LH_glcm_DifferenceVariance,0.5440730317798064,negative_higher,0.9797104137669792,0.49008168028004667,0.611764705882353,mann_whitney_u,0.0172686144827868,0.028247336273167816,2567,True,,False,42
,,adc_log-sigma-3-mm-3D_glcm_MaximumProbability,0.5440695998352667,negative_higher,0.07424826035578,0.3920653442240373,0.7147058823529412,mann_whitney_u,0.017277307882071533,0.028250551322748584,2568,True,,False,42
,,t2_logarithm_gldm_GrayLevelVariance,0.5440284165007894,negative_higher,199.8273433602123,0.7491248541423571,0.34411764705882353,mann_whitney_u,0.01738192845556209,0.028399501005799695,2569,True,,False,42
,,t2_logarithm_firstorder_Variance,0.5440284165007893,negative_higher,28432.35523342864,0.7491248541423571,0.34411764705882353,mann_whitney_u,0.01738192845556209,0.028399501005799695,2570,True,,False,42
,,adc_wavelet2-LH_glrlm_ShortRunEmphasis,0.5439460498318347,positive_higher,0.8788002643424253,0.6647058823529411,0.4329054842473745,mann_whitney_u,0.017592837390434737,0.028732914897874547,2571,True,,False,42
,,adc_wavelet2-LL_glcm_InverseVariance,0.5439426178872949,negative_higher,0.1791310185421216,0.3687281213535589,0.7441176470588236,mann_whitney_u,0.017601673736740927,0.028736169525884585,2572,True,,False,42
,,t2_wavelet-LH_ngtdm_Contrast,0.5439048664973574,positive_higher,0.0033910172826367,0.5352941176470588,0.5530921820303384,mann_whitney_u,0.017699130603316585,0.028884045628964763,2573,True,,False,42
,,dwi_wavelet2-HH_glszm_HighGrayLevelZoneEmphasis,0.5438980026082778,positive_higher,7.082191780821918,0.46176470588235297,0.6347724620770128,mann_whitney_u,0.017716829156962693,0.028901696048984595,2574,True,,False,42
,,t2_wavelet2-HH_glcm_DifferenceEntropy,0.5438877067746586,negative_higher,1.021609712675768,0.4002333722287048,0.6852941176470588,mann_whitney_u,0.017743585291029863,0.028929953521060845,2575,True,,False,42
,,dwi_exponential_glcm_Correlation,0.5436783581577321,positive_higher,0.4049260779381002,0.7823529411764706,0.3862310385064177,mann_whitney_u,0.01774793052399446,0.028929953521060845,2576,True,,False,42
,,adc_wavelet2-HH_glrlm_LongRunEmphasis,0.5438465234401813,negative_higher,4.666694941179573,0.3290548424737456,0.7558823529411764,mann_whitney_u,0.017850675972517573,0.02908614218416814,2577,True,,False,42
,,t2_wavelet-HH_glcm_Id,0.5437847484384651,positive_higher,0.7654990079204805,0.3235294117647059,0.7572928821470245,mann_whitney_u,0.01801237377644671,0.029338230212296253,2578,True,,False,42
,,adc_log-sigma-2-mm-3D_glcm_MaximumProbability,0.543757292882147,negative_higher,0.071222529818465,0.441073512252042,0.6647058823529413,mann_whitney_u,0.018084650321677054,0.029444531485351668,2579,True,,False,42
,,adc_log-sigma-0-6-mm-3D_glszm_SmallAreaLowGrayLevelEmphasis,0.5437264053812891,positive_higher,0.0413885372309618,0.42058823529411765,0.6686114352392065,mann_whitney_u,0.01816626492221975,0.02956594822031036,2580,True,,False,42
,,adc_wavelet2-HH_glszm_GrayLevelVariance,0.5436680623241128,negative_higher,2.966441854934601,0.41540256709451573,0.6676470588235295,mann_whitney_u,0.01832130615620165,0.029806727838004938,2581,True,,False,42
,,t2_wavelet-HH_glcm_JointEntropy,0.5436028553778571,negative_higher,2.126560962460766,0.3605600933488915,0.7294117647058824,mann_whitney_u,0.018495957202226344,0.03007921157712952,2582,True,,False,42
,,dwi_wavelet-HH_gldm_LargeDependenceLowGrayLevelEmphasis,0.5435994234333174,negative_higher,1.8050248923605257,0.7689614935822637,0.3294117647058824,mann_whitney_u,0.018505189588701558,0.030082574945008843,2583,True,,False,42
,,adc_logarithm_glcm_DifferenceEntropy,0.5435719678769991,positive_higher,1.3738680794417302,0.7264705882352941,0.3815635939323221,mann_whitney_u,0.018579193979354966,0.030191190216451818,2584,True,,False,42
,,t2_wavelet-LH_gldm_DependenceEntropy,0.5435616720433798,negative_higher,4.569191365403089,0.39556592765460913,0.6970588235294117,mann_whitney_u,0.018607012316543204,0.030224698149773663,2585,True,,False,42
,,t2_square_glrlm_RunPercentage,0.54355824009884,positive_higher,0.1759249113914402,0.6676470588235294,0.4294049008168028,mann_whitney_u,0.018616293190897464,0.03022808008839074,2586,True,,False,42
,,t2_log-sigma-2-mm-3D_gldm_DependenceVariance,0.5434140984281695,negative_higher,3.737040688899085,0.6744457409568262,0.41764705882352937,mann_whitney_u,0.019009765030686483,0.030855045753325296,2587,True,,False,42
,,t2_squareroot_glszm_GrayLevelNonUniformityNormalized,0.5433866428718512,positive_higher,0.0423169060187694,0.2911764705882353,0.7957992998833139,mann_whitney_u,0.019085530977338627,0.030966052771964795,2588,True,,False,42
,,t2_square_gldm_LargeDependenceHighGrayLevelEmphasis,0.5433763470382319,positive_higher,170.12388909988607,0.3058823529411765,0.7677946324387398,mann_whitney_u,0.019114011194815664,0.030988313902328563,2589,True,,False,42
,,t2_original_firstorder_RootMeanSquared,0.5433763470382318,negative_higher,296.40223848116403,0.7852975495915986,0.3294117647058824,mann_whitney_u,0.019114011194815664,0.030988313902328563,2590,True,,False,42
,,dwi_wavelet-HH_gldm_HighGrayLevelEmphasis,0.5433729150936921,positive_higher,12.596296296296297,0.34411764705882353,0.7491248541423571,mann_whitney_u,0.01912351285327207,0.030991752400960797,2591,True,,False,42
,,adc_original_gldm_DependenceVariance,0.5433351637037546,negative_higher,1.4724289309559546,0.5285880980163361,0.5735294117647058,mann_whitney_u,0.01922830391738434,0.031149555613077487,2592,True,,False,42
,,t2_exponential_glszm_SmallAreaHighGrayLevelEmphasis,0.5433214359255955,negative_higher,2.294175350527972,0.6977829638273045,0.388235294117647,mann_whitney_u,0.019266534003536197,0.031199450937465678,2593,True,,False,42
,,t2_wavelet2-HL_ngtdm_Strength,0.5432871164801978,positive_higher,0.0523386749932627,0.4147058823529412,0.691948658109685,mann_whitney_u,0.01936239998147867,0.03134260505868502,2594,True,,False,42
,,adc_original_glrlm_GrayLevelVariance,0.5432116137003227,positive_higher,22.70765957519569,0.5735294117647058,0.5052508751458576,mann_whitney_u,0.019574773486349853,0.03166196990338329,2595,True,,False,42
,,dwi_wavelet2-LL_glszm_LargeAreaHighGrayLevelEmphasis,0.5432116137003226,negative_higher,3790.154761904762,0.27887981330221706,0.7970588235294118,mann_whitney_u,0.019574773486349853,0.03166196990338329,2596,True,,False,42
,,t2_wavelet2-LL_glcm_MaximumProbability,0.5432081817557828,positive_higher,0.004474364005862,0.42058823529411765,0.6651108518086348,mann_whitney_u,0.01958447498633472,0.031665464176980934,2597,True,,False,42
,,t2_wavelet-HH_glcm_SumSquares,0.5431498386986067,negative_higher,0.2667699956445487,0.3792298716452742,0.7147058823529412,mann_whitney_u,0.01975004423420687,0.03192087595821195,2598,True,,False,42
,,adc_wavelet-LH_gldm_SmallDependenceHighGrayLevelEmphasis,0.5431395428649873,negative_higher,96.36994096710704,0.44457409568261375,0.6470588235294117,mann_whitney_u,0.019779388874191804,0.03195600380251304,2599,True,,False,42
,,t2_wavelet2-LH_glrlm_GrayLevelVariance,0.543067472029652,negative_higher,2.463162170040256,0.47141190198366395,0.6205882352941177,mann_whitney_u,0.019985869402843616,0.03227717908559244,2600,True,,False,42
,,t2_wavelet2-LH_glcm_ClusterTendency,0.5430640400851122,negative_higher,5.851649048196558,0.4632438739789965,0.6235294117647059,mann_whitney_u,0.019995748567145876,0.03228071827506557,2601,True,,False,42
,,t2_wavelet-LH_ngtdm_Busyness,0.543036584528794,negative_higher,40.89263051254243,0.7012835472578763,0.3941176470588236,mann_whitney_u,0.020074935447408498,0.03239610067012617,2602,True,,False,42
,,t2_wavelet2-LH_glcm_SumSquares,0.5430297206397144,negative_higher,1.9120000835001176,0.47024504084014,0.6294117647058823,mann_whitney_u,0.020094774879663786,0.032415658747486836,2603,True,,False,42
,,dwi_wavelet-HH_glcm_Autocorrelation,0.5429988331388564,positive_higher,12.237313564627849,0.38235294117647056,0.7257876312718786,mann_whitney_u,0.020184264221046105,0.0325475136191139,2604,True,,False,42
,,t2_log-sigma-2-mm-3D_glcm_DifferenceAverage,0.5429782414716179,negative_higher,0.2863876270346209,0.7724620770128354,0.33529411764705885,mann_whitney_u,0.020244116798495103,0.032631495753121284,2605,True,,False,42
,,t2_logarithm_glcm_SumSquares,0.5429404900816803,negative_higher,199.2851842146217,0.7491248541423571,0.34411764705882353,mann_whitney_u,0.0203542487902315,0.03279642773222643,2606,True,,False,42
,,t2_wavelet-HH_glrlm_GrayLevelVariance,0.5429061706362825,negative_higher,0.2837368302639676,0.37456242707117854,0.7176470588235294,mann_whitney_u,0.020454821952624533,0.03294583712277346,2607,True,,False,42
,,t2_wavelet-LH_glcm_ClusterShade,0.5428787150799643,positive_higher,-0.2937085321657512,0.4147058823529412,0.6756126021003501,mann_whitney_u,0.020535592280673313,0.0330632484610994,2608,True,,False,42
,,t2_original_ngtdm_Contrast,0.5428581234127257,positive_higher,0.017607882743212,0.7205882352941176,0.36639439906651106,mann_whitney_u,0.02059635241836568,0.033148364815913184,2609,True,,False,42
,,dwi_squareroot_firstorder_90Percentile,0.5428512595236461,positive_higher,715.3838104540837,0.18235294117647058,0.9194865810968494,mann_whitney_u,0.020616640603649282,0.0331683041742235,2610,True,,False,42
,,dwi_wavelet2-LL_glcm_JointEnergy,0.5428306678564074,negative_higher,0.0055956551271075,0.6359393232205367,0.46176470588235297,mann_whitney_u,0.02067760974793694,0.03325365121853206,2611,True,,False,42
,,adc_wavelet-LH_ngtdm_Busyness,0.5427860525773903,negative_higher,0.8578184314306823,0.6662777129521587,0.4205882352941176,mann_whitney_u,0.02081024907162177,0.033454148488414936,2612,True,,False,42
,,t2_square_glcm_JointEntropy,0.5427551650765323,positive_higher,2.133593510841175,0.6058823529411764,0.4900816802800467,mann_whitney_u,0.020902510187709538,0.03358960592353324,2613,True,,False,42
,,t2_wavelet-HH_gldm_GrayLevelVariance,0.5427448692429131,negative_higher,0.2674888737313332,0.3792298716452742,0.7147058823529412,mann_whitney_u,0.02093334301174317,0.033626284355895014,2614,True,,False,42
,,adc_squareroot_firstorder_Variance,0.5427345734092938,positive_higher,50182.33587856001,0.6411764705882353,0.4527421236872812,mann_whitney_u,0.020964215463988585,0.033662998368370195,2615,True,,False,42
,,adc_wavelet-LH_glcm_MCC,0.5427311414647539,negative_higher,0.4118225187565786,0.7561260210035006,0.3411764705882353,mann_whitney_u,0.020974515094822326,0.03366666241710969,2616,True,,False,42
,,adc_log-sigma-0-6-mm-3D_gldm_LowGrayLevelEmphasis,0.5427105497975153,positive_higher,0.0259088947772471,0.75,0.3290548424737456,mann_whitney_u,0.02103640552804006,0.0337531015713566,2617,True,,False,42
,,adc_squareroot_gldm_GrayLevelVariance,0.5426865261857368,positive_higher,13.434443900843496,0.6411764705882353,0.4527421236872812,mann_whitney_u,0.02110881209711652,0.03385634148044014,2618,True,,False,42
,,adc_wavelet2-LL_glcm_Idm,0.5426487747957993,negative_higher,0.1792806674557839,0.2998833138856476,0.8117647058823529,mann_whitney_u,0.021223032544870145,0.0340265420602939,2619,True,,False,42
,,t2_wavelet-LH_glszm_SizeZoneNonUniformityNormalized,0.5426419109067198,negative_higher,0.175623455004955,0.882147024504084,0.20294117647058818,mann_whitney_u,0.021243857638990716,0.03404693062065726,2620,True,,False,42
,,adc_wavelet2-LL_gldm_DependenceVariance,0.5425698400713844,negative_higher,0.5019921282087144,0.3897316219369895,0.7147058823529412,mann_whitney_u,0.021463597981021813,0.034385977841400454,2621,True,,False,42
,,adc_original_firstorder_Range,0.542501201180589,negative_higher,2348.6748094190966,0.5892648774795799,0.5,mann_whitney_u,0.02167471179044868,0.03471095149050115,2622,True,,False,42
,,t2_wavelet2-LH_firstorder_Variance,0.5424943372915094,negative_higher,266.9709738537871,0.456242707117853,0.638235294117647,mann_whitney_u,0.02169592224709212,0.034718436553178286,2623,True,,False,42
,,adc_wavelet-HL_glrlm_LongRunHighGrayLevelEmphasis,0.5424943372915093,negative_higher,640.5284955182051,0.2893815635939323,0.7941176470588236,mann_whitney_u,0.02169592224709212,0.034718436553178286,2624,True,,False,42
,,adc_wavelet-HH_firstorder_Range,0.5424909053469696,negative_higher,1102.4816660364422,0.352392065344224,0.7352941176470589,mann_whitney_u,0.021706534248462,0.034722185641635026,2625,True,,False,42
,,adc_original_glszm_HighGrayLevelZoneEmphasis,0.5424634497906514,negative_higher,689.994584348768,0.4072345390898483,0.7235294117647059,mann_whitney_u,0.021791593018244758,0.034844972994520086,2626,True,,False,42
,,t2_logarithm_glszm_GrayLevelVariance,0.5424462900679525,negative_higher,217.95075280249068,0.48891481913652274,0.5911764705882353,mann_whitney_u,0.02184490192093362,0.034916917840121915,2627,True,,False,42
,,t2_wavelet2-LL_glszm_SmallAreaEmphasis,0.5424119706225548,negative_higher,0.7301609095218778,0.764294049008168,0.3382352941176471,mann_whitney_u,0.021951860250953983,0.035074528612540255,2628,True,,False,42
,,t2_square_firstorder_RootMeanSquared,0.5424085386780149,positive_higher,311.8231609945629,0.5441176470588235,0.5414235705950992,mann_whitney_u,0.021962581101632656,0.035078310401580645,2629,True,,False,42
,,t2_square_glszm_LowGrayLevelZoneEmphasis,0.5423948108998559,positive_higher,0.1902388124827517,0.2676470588235294,0.8308051341890315,mann_whitney_u,0.02200551006930706,0.03513351208403815,2630,True,,False,42
,,t2_wavelet2-LH_gldm_GrayLevelVariance,0.5423742192326172,negative_higher,1.9583310723058795,0.45857642940490084,0.6352941176470588,mann_whitney_u,0.02207004038810523,0.03522314693639447,2631,True,,False,42
,,t2_wavelet-HH_glrlm_GrayLevelNonUniformityNormalized,0.5423673553435376,positive_higher,0.4862088796129323,0.7029411764705882,0.39089848308051345,mann_whitney_u,0.022091587042505956,0.03524413905451464,2632,True,,False,42
,,t2_wavelet2-HL_glrlm_RunLengthNonUniformityNormalized,0.542315876175441,negative_higher,0.3838788080110016,0.9043173862310385,0.1705882352941176,mann_whitney_u,0.022253770971927694,0.035489397763435016,2633,True,,False,42
,,t2_wavelet-LH_firstorder_Kurtosis,0.5423090122863614,negative_higher,7.171205927538344,0.6371061843640606,0.4676470588235294,mann_whitney_u,0.02227547353473919,0.03551052140181088,2634,True,,False,42
,,dwi_original_glszm_ZoneEntropy,0.5422884206191227,negative_higher,6.113611052612035,0.5134189031505251,0.5735294117647058,mann_whitney_u,0.02234069168557061,0.03560097320216736,2635,True,,False,42
,,dwi_wavelet2-LL_glrlm_ShortRunHighGrayLevelEmphasis,0.5422849886745831,positive_higher,525.3887375034769,0.4088235294117647,0.7024504084014003,mann_whitney_u,0.022351577503037776,0.03560480801792702,2636,True,,False,42
,,adc_wavelet2-LH_gldm_SmallDependenceEmphasis,0.5422781247855035,positive_higher,0.4114321436089525,0.6882352941176471,0.40490081680280043,mann_whitney_u,0.022373362974173194,0.03561249095092996,2637,True,,False,42
,,t2_wavelet2-HL_glszm_ZoneEntropy,0.5422781247855034,negative_higher,6.189997416398793,0.5134189031505251,0.5970588235294118,mann_whitney_u,0.022373362974173194,0.03561249095092996,2638,True,,False,42
,,t2_wavelet2-LL_glszm_SizeZoneNonUniformityNormalized,0.542271260896424,negative_higher,0.4935469135404632,0.7631271878646441,0.3382352941176471,mann_whitney_u,0.02239516690410535,0.03563368921195088,2639,True,,False,42
,,t2_wavelet-HH_firstorder_Entropy,0.5422438053401057,negative_higher,1.0641143542514215,0.3943990665110852,0.6941176470588235,mann_whitney_u,0.02248256746467332,0.03575920484248609,2640,True,,False,42
,,t2_log-sigma-0-6-mm-3D_glrlm_LongRunHighGrayLevelEmphasis,0.5422369414510262,negative_higher,989.7152512561172,0.5134189031505251,0.5735294117647058,mann_whitney_u,0.022504463878292354,0.03578047854030655,2641,True,,False,42
,,t2_log-sigma-2-mm-3D_glcm_Idm,0.5422232136728671,positive_higher,0.8577438054120151,0.34411764705882353,0.7619603267211201,mann_whitney_u,0.02254831232235574,0.03583662507251013,2642,True,,False,42
,,t2_log-sigma-0-6-mm-3D_gldm_SmallDependenceEmphasis,0.542209485894708,negative_higher,0.0775011814030798,0.588098016336056,0.49411764705882355,mann_whitney_u,0.02259223500670177,0.03589284706513081,2643,True,,False,42
,,t2_log-sigma-2-mm-3D_gldm_DependenceNonUniformityNormalized,0.5422026220056284,positive_higher,0.1802838337639004,0.3382352941176471,0.7677946324387398,mann_whitney_u,0.02261422422069522,0.035914193457904406,2644,True,,False,42
,,adc_wavelet-HL_glrlm_LowGrayLevelRunEmphasis,0.5421923261720091,positive_higher,0.0036974482759245,0.888235294117647,0.19953325554259038,mann_whitney_u,0.022647242917165366,0.03595303327379107,2645,True,,False,42
,,adc_wavelet-LH_gldm_SmallDependenceEmphasis,0.5421820303383897,positive_higher,0.3607738923360162,0.6441176470588236,0.4457409568261377,mann_whitney_u,0.02268030350232153,0.03599191020644297,2646,True,,False,42
,,t2_wavelet-HH_firstorder_Uniformity,0.5421545747820715,positive_higher,0.4927536527629899,0.7,0.3885647607934656,mann_whitney_u,0.022768670178210375,0.03611849115160762,2647,True,,False,42
,,adc_logarithm_glszm_SmallAreaHighGrayLevelEmphasis,0.5421271192257533,negative_higher,437.9574903481756,0.4970828471411902,0.611764705882353,mann_whitney_u,0.02285733584886563,0.036245450615327336,2648,True,,False,42
,,t2_logarithm_firstorder_MeanAbsoluteDeviation,0.5420619122794975,negative_higher,150.32871837624765,0.721120186697783,0.3735294117647059,mann_whitney_u,0.023069119903441196,0.03656747243282355,2649,True,,False,42
,,adc_logarithm_gldm_DependenceVariance,0.5420447525567986,negative_higher,3.827213190114537,0.5052508751458576,0.5647058823529412,mann_whitney_u,0.023125134995970364,0.03664243088606776,2650,True,,False,42
,,t2_log-sigma-3-mm-3D_firstorder_Kurtosis,0.542041320612259,negative_higher,3.3535581590361154,0.6301050175029171,0.4647058823529412,mann_whitney_u,0.023136352176830424,0.03664637600547376,2651,True,,False,42
,,dwi_logarithm_glszm_SizeZoneNonUniformity,0.5420207289450203,negative_higher,203.80334728033472,0.4352392065344224,0.6441176470588235,mann_whitney_u,0.023203754533181544,0.036739278010870784,2652,True,,False,42
,,adc_logarithm_firstorder_Minimum,0.5419555219987645,positive_higher,-1791.1662810741907,0.7411764705882353,0.37339556592765466,mann_whitney_u,0.023418321344748284,0.03706503253923786,2653,True,,False,42
,,adc_square_firstorder_MeanAbsoluteDeviation,0.5418800192188895,positive_higher,150.26590049857234,0.788235294117647,0.29521586931155197,mann_whitney_u,0.023668916752703942,0.03744754387513333,2654,True,,False,42
,,adc_exponential_glrlm_RunLengthNonUniformity,0.5418628594961906,negative_higher,56.47546163251047,0.823803967327888,0.2588235294117647,mann_whitney_u,0.023726193655189444,0.037524025294968164,2655,True,,False,42
,,adc_log-sigma-2-mm-3D_firstorder_Range,0.5418491317180314,negative_higher,1351.0980834960938,0.5309218203033839,0.5764705882352941,mann_whitney_u,0.023772101718594965,0.0375824755709263,2656,True,,False,42
,,adc_wavelet2-LL_gldm_DependenceEntropy,0.5418079483835541,positive_higher,7.327980746291645,0.36764705882352944,0.7036172695449241,mann_whitney_u,0.023910288553899837,0.03778671495589967,2657,True,,False,42
,,t2_wavelet2-HH_ngtdm_Busyness,0.5418045164390144,negative_higher,515.1050782951547,0.7024504084014003,0.3852941176470588,mann_whitney_u,0.02392183550829908,0.03779074014271927,2658,True,,False,42
,,t2_wavelet-LH_glcm_DifferenceEntropy,0.5417564692154575,negative_higher,1.4162440555224396,0.47607934655775963,0.6176470588235294,mann_whitney_u,0.02408400139336677,0.03803261446060439,2659,True,,False,42
,,adc_square_glcm_SumEntropy,0.541749605326378,positive_higher,4.456348649373148,0.788235294117647,0.29521586931155197,mann_whitney_u,0.02410724558549746,0.03805500910282099,2660,True,,False,42
,,t2_log-sigma-0-6-mm-3D_glszm_GrayLevelNonUniformityNormalized,0.5417324456036791,positive_higher,0.1603199675123176,0.3,0.8028004667444574,mann_whitney_u,0.02416544118139276,0.03813253946661714,2661,True,,False,42
,,adc_wavelet2-LL_glszm_GrayLevelVariance,0.5417290136591393,positive_higher,306.5424140162837,0.5970588235294118,0.47957992998833143,mann_whitney_u,0.02417709490488659,0.03813659710954875,2662,True,,False,42
,,dwi_original_firstorder_Mean,0.5416912622692017,positive_higher,155.39139569774457,0.3941176470588235,0.6989498249708285,mann_whitney_u,0.02430560777009372,0.0383249143922732,2663,True,,False,42
,,t2_wavelet-LH_glszm_SmallAreaEmphasis,0.541687830324662,negative_higher,0.4297508376363944,0.6359393232205367,0.44999999999999996,mann_whitney_u,0.024317320064667868,0.03832898909592357,2664,True,,False,42
,,adc_logarithm_glrlm_LongRunLowGrayLevelEmphasis,0.5416432150456449,positive_higher,0.0015437137576885,0.8176470588235294,0.29404900816802804,mann_whitney_u,0.024470025624536533,0.03855521110597707,2665,True,,False,42
,,t2_logarithm_glrlm_GrayLevelVariance,0.5416260553229459,negative_higher,310.6890349983795,0.30221703617269546,0.7676470588235293,mann_whitney_u,0.024528979416398686,0.038633602614200326,2666,True,,False,42
,,dwi_wavelet2-HH_glcm_MCC,0.5416191914338665,positive_higher,0.1813945138852508,0.45588235294117646,0.6802800466744457,mann_whitney_u,0.024552595369642178,0.03864180957913325,2667,True,,False,42
,,adc_square_glszm_ZoneEntropy,0.5416191914338664,negative_higher,6.079046320192665,0.4970828471411902,0.6029411764705883,mann_whitney_u,0.024552595369642178,0.03864180957913325,2668,True,,False,42
,,dwi_wavelet-HL_glcm_Idmn,0.5415985997666277,positive_higher,0.9827498283669124,0.7852941176470588,0.30221703617269546,mann_whitney_u,0.02462356146860383,0.03873897887098819,2669,True,,False,42
,,t2_log-sigma-2-mm-3D_glcm_Id,0.5415848719884686,positive_higher,0.8595146219844292,0.3352941176470588,0.7736289381563594,mann_whitney_u,0.024670970865775705,0.03879902871363003,2670,True,,False,42
,,dwi_wavelet2-LL_firstorder_Mean,0.5415608483766903,positive_higher,619.8204470036814,0.3941176470588235,0.6989498249708285,mann_whitney_u,0.02475412759994208,0.03891523092181086,2671,True,,False,42
,,adc_wavelet2-LL_glcm_Id,0.5414887775413549,negative_higher,0.2649979483007086,0.352392065344224,0.7647058823529411,mann_whitney_u,0.02500505610291413,0.03928029576361258,2672,True,,False,42
,,t2_wavelet-LH_glcm_DifferenceAverage,0.5414887775413549,negative_higher,0.6367791853010685,0.48891481913652274,0.6029411764705883,mann_whitney_u,0.02500505610291413,0.03928029576361258,2673,True,,False,42
,,adc_log-sigma-2-mm-3D_glszm_ZonePercentage,0.5414578900404969,positive_higher,0.2950432730133753,0.7205882352941176,0.3722287047841307,mann_whitney_u,0.025113269275726526,0.03943553391502456,2674,True,,False,42
,,t2_squareroot_glrlm_LongRunHighGrayLevelEmphasis,0.5414372983732583,negative_higher,846.9572824762504,0.7771295215869312,0.3294117647058824,mann_whitney_u,0.025185636416062324,0.03953438777983017,2675,True,,False,42
,,dwi_square_firstorder_Uniformity,0.5413051685084769,negative_higher,0.2914764275780792,0.7899649941656943,0.29117647058823526,mann_whitney_u,0.025654050993486173,0.04025461887953978,2676,True,,False,42
,,adc_log-sigma-3-mm-3D_firstorder_Range,0.5412897247580479,negative_higher,1257.9805908203125,0.6149358226371062,0.48235294117647054,mann_whitney_u,0.025709569630983285,0.04031160675149321,2677,True,,False,42
,,t2_squareroot_firstorder_Skewness,0.5412897247580478,positive_higher,0.7690640552634164,0.25882352941176473,0.8378063010501751,mann_whitney_u,0.025709569630983285,0.04031160675149321,2678,True,,False,42
,,t2_wavelet2-LH_glcm_Contrast,0.5412279497563319,negative_higher,1.8052166446566449,0.4935822637106184,0.6,mann_whitney_u,0.02593167403295828,0.04064468057648071,2679,True,,False,42
,,adc_log-sigma-0-6-mm-3D_firstorder_Minimum,0.5411455830873774,positive_higher,-341.9515075683594,0.7735294117647059,0.31971995332555425,mann_whitney_u,0.026230392611236986,0.0410822150595241,2680,True,,False,42
,,adc_wavelet-HH_glrlm_ShortRunHighGrayLevelEmphasis,0.5411455830873773,negative_higher,104.11737031560574,0.22520420070011668,0.8558823529411765,mann_whitney_u,0.026230392611236986,0.0410822150595241,2681,True,,False,42
,,t2_wavelet2-HH_glcm_JointEntropy,0.5411318553092181,negative_higher,2.116055406992055,0.3547257876312719,0.7235294117647059,mann_whitney_u,0.02628046708868082,0.04114529504301669,2682,True,,False,42
,,t2_wavelet2-HL_glrlm_ShortRunEmphasis,0.5411284233646785,negative_higher,0.6224602531699273,0.9054842473745625,0.16764705882352937,mann_whitney_u,0.026292998608234898,0.04114957180617903,2683,True,,False,42
,,adc_square_firstorder_Skewness,0.5410769441965817,negative_higher,0.977979774842542,0.45274212368728123,0.6617647058823529,mann_whitney_u,0.02648159196841857,0.04142928639172488,2684,True,,False,42
,,adc_wavelet2-LL_firstorder_Range,0.5410632164184227,negative_higher,9383.446990778755,0.44807467911318555,0.6470588235294117,mann_whitney_u,0.026532080474406344,0.041492814119937514,2685,True,,False,42
,,t2_wavelet-LH_firstorder_MeanAbsoluteDeviation,0.5409568261376897,negative_higher,7.436324133510358,0.4014002333722287,0.6764705882352942,mann_whitney_u,0.026926193422082856,0.042093479590218134,2686,True,,False,42
,,adc_log-sigma-0-6-mm-3D_glszm_ZonePercentage,0.5409259386368316,positive_higher,0.0878112712975098,0.8,0.2858809801633606,mann_whitney_u,0.027041555552187835,0.042258091463951146,2687,True,,False,42
,,t2_logarithm_glcm_ClusterTendency,0.5408778914132748,negative_higher,758.1586792017533,0.7467911318553092,0.3411764705882353,mann_whitney_u,0.027221856427462932,0.04250820942317473,2688,True,,False,42
,,adc_wavelet-HL_gldm_LowGrayLevelEmphasis,0.5408778914132747,positive_higher,0.0035132814447005,0.8970588235294118,0.19369894982497082,mann_whitney_u,0.027221856427462932,0.04250820942317473,2689,True,,False,42
,,dwi_log-sigma-0-6-mm-3D_firstorder_Maximum,0.5408538678014962,positive_higher,60.11598587036133,0.31176470588235294,0.7969661610268378,mann_whitney_u,0.02731239511951889,0.04263373498396276,2690,True,,False,42
,,dwi_logarithm_gldm_DependenceVariance,0.5408401400233372,negative_higher,3.902000696952097,0.6371061843640606,0.43823529411764706,mann_whitney_u,0.027364248082895008,0.04269880256413086,2691,True,,False,42
,,adc_wavelet-LH_firstorder_90Percentile,0.540812684467019,positive_higher,144.64519576351532,0.5911764705882353,0.48774795799299886,mann_whitney_u,0.027468208863857684,0.04284509993288946,2692,True,,False,42
,,t2_wavelet2-LH_glcm_DifferenceEntropy,0.537284645480129,negative_higher,1.725347131735978,0.46091015169194866,0.6147058823529412,t_test,0.027548602469920677,0.04295454206134308,2693,True,,False,42
,,adc_log-sigma-3-mm-3D_glszm_ZonePercentage,0.5407852289107008,positive_higher,0.2523643603782977,0.6735294117647059,0.4282380396732789,mann_whitney_u,0.027572510187152552,0.042975861275372514,2694,True,,False,42
,,adc_original_glrlm_HighGrayLevelRunEmphasis,0.5407577733543826,negative_higher,677.35864446271,0.41656942823803966,0.7088235294117646,mann_whitney_u,0.027677152938061705,0.04312295554245681,2695,True,,False,42
,,adc_square_glrlm_LongRunHighGrayLevelEmphasis,0.5407543414098428,negative_higher,204.85027667515027,0.5577596266044341,0.5529411764705883,mann_whitney_u,0.027690257332699857,0.04312737037834077,2696,True,,False,42
,,adc_wavelet2-LH_firstorder_InterquartileRange,0.5407097261308258,positive_higher,207.1612866598417,0.6470588235294118,0.4457409568261377,mann_whitney_u,0.027861101980087358,0.043377370120276905,2697,True,,False,42
,,t2_wavelet2-HL_gldm_SmallDependenceEmphasis,0.5406857025190472,negative_higher,0.103327982340924,0.912485414235706,0.16470588235294115,mann_whitney_u,0.027953471115644196,0.04350505011660118,2698,True,,False,42
,,adc_original_glcm_Autocorrelation,0.5406685427963485,negative_higher,659.5610845138433,0.4352392065344224,0.6852941176470588,mann_whitney_u,0.028019610588738548,0.04359182840389521,2699,True,,False,42
,,adc_square_firstorder_Mean,0.5406582469627291,negative_higher,516.723480244721,0.838973162193699,0.2735294117647059,mann_whitney_u,0.028059358984692126,0.043637499398786014,2700,True,,False,42
,,t2_log-sigma-0-6-mm-3D_glcm_ClusterShade,0.5406376552954903,positive_higher,-5.142177011853869,0.2676470588235294,0.8261376896149358,mann_whitney_u,0.0281390015983803,0.043745156501887775,2701,True,,False,42
,,adc_log-sigma-0-6-mm-3D_glszm_LowGrayLevelZoneEmphasis,0.5406273594618711,positive_higher,0.0727900604686318,0.3764705882352941,0.7001166861143524,mann_whitney_u,0.028178895910290883,0.043790963703668175,2702,True,,False,42
,,t2_exponential_glszm_SizeZoneNonUniformityNormalized,0.540596471961013,negative_higher,0.1001149095087618,0.5624270711785297,0.5441176470588236,mann_whitney_u,0.028298818930986607,0.0439610583393314,2703,True,,False,42
,,adc_wavelet2-LH_glcm_MaximumProbability,0.5405655844601551,negative_higher,0.0372091575947111,0.5180863477246208,0.5852941176470587,mann_whitney_u,0.028419286823544977,0.04413187328848571,2704,True,,False,42
,,adc_wavelet2-LL_glcm_JointAverage,0.5405484247374562,negative_higher,85.91777063761123,0.40956826137689617,0.7058823529411764,mann_whitney_u,0.02848637480027027,0.04420335838371576,2705,True,,False,42
,,adc_wavelet2-LL_glcm_SumAverage,0.5405484247374562,negative_higher,171.835541275223,0.40956826137689617,0.7058823529411764,mann_whitney_u,0.02848637480027027,0.04420335838371576,2706,True,,False,42
,,dwi_wavelet-HH_glcm_Contrast,0.5405175372365982,positive_higher,0.7187277645378294,0.27941176470588236,0.8296382730455076,mann_whitney_u,0.028607476971533718,0.04437487839064281,2707,True,,False,42
,,adc_original_gldm_HighGrayLevelEmphasis,0.540459194179422,negative_higher,669.6593090211132,0.4282380396732789,0.6911764705882353,mann_whitney_u,0.028837435602845005,0.04471506355108795,2708,True,,False,42
,,t2_wavelet2-HH_glcm_JointEnergy,0.5404386025121833,positive_higher,0.2499547266493629,0.6676470588235294,0.41656942823803966,mann_whitney_u,0.028918976577196227,0.04482494745206606,2709,True,,False,42
,,t2_wavelet2-HH_glcm_SumSquares,0.5404351705676436,negative_higher,0.2676589240104872,0.3558926487747958,0.7235294117647059,mann_whitney_u,0.028932586018867334,0.044829493982739464,2710,True,,False,42
,,dwi_wavelet2-HL_firstorder_Mean,0.5404145789004049,negative_higher,-6.832018539413753,0.8378063010501751,0.28823529411764703,mann_whitney_u,0.029014358505160435,0.044939613191873354,2711,True,,False,42
,,t2_exponential_ngtdm_Contrast,0.5403974191777061,positive_higher,2.207405671390972e-05,0.5117647058823529,0.5939323220536756,mann_whitney_u,0.02908262034699575,0.045012187499093984,2712,True,,False,42
,,dwi_log-sigma-2-mm-3D_glcm_InverseVariance,0.5403974191777061,positive_higher,0.3633987496580075,0.5176470588235295,0.5997666277712952,mann_whitney_u,0.029082654128373894,0.045012187499093984,2713,True,,False,42
,,dwi_squareroot_glcm_MaximumProbability,0.5403802594550072,negative_higher,0.0757406677746906,0.67561260210035,0.42352941176470593,mann_whitney_u,0.02915108806421863,0.045101480759636714,2714,True,,False,42
,,adc_wavelet2-HL_firstorder_Maximum,0.5403630997323083,negative_higher,998.6211823789891,0.5624270711785297,0.5264705882352941,mann_whitney_u,0.02921966053387353,0.04517428371934277,2715,True,,False,42
,,t2_wavelet2-HL_glrlm_RunPercentage,0.5403630997323083,negative_higher,0.5184509250548761,0.9556592765460911,0.11176470588235299,mann_whitney_u,0.02921966053387353,0.04517428371934277,2716,True,,False,42
,,dwi_wavelet-HH_glcm_JointAverage,0.5403425080650697,positive_higher,3.4997669768663773,0.37058823529411766,0.7304550758459744,mann_whitney_u,0.02930213067381835,0.0452684498525987,2717,True,,False,42
,,dwi_wavelet-HH_glcm_SumAverage,0.5403425080650697,positive_higher,6.999533953732756,0.37058823529411766,0.7304550758459744,mann_whitney_u,0.02930213067381835,0.0452684498525987,2718,True,,False,42
,,dwi_logarithm_firstorder_Maximum,0.5403150525087514,positive_higher,608.0049101911178,0.49411764705882355,0.5775962660443408,mann_whitney_u,0.029412402334036306,0.04540539610316855,2719,True,,False,42
,,t2_wavelet2-LH_gldm_DependenceEntropy,0.5403150525087514,negative_higher,5.014616077387688,0.6044340723453909,0.48235294117647054,mann_whitney_u,0.029412402334036306,0.04540539610316855,2720,True,,False,42
,,adc_log-sigma-2-mm-3D_glrlm_RunLengthNonUniformityNormalized,0.5403116205642117,positive_higher,0.5827059187201638,0.7764705882352941,0.3150525087514586,mann_whitney_u,0.02942621136062869,0.04541001892807051,2721,True,,False,42
,,adc_wavelet-HL_glszm_ZoneVariance,0.5402944608415128,negative_higher,24.389026498501185,0.5869311551925321,0.5,mann_whitney_u,0.02949534018149935,0.04548326603823569,2722,True,,False,42
,,dwi_original_gldm_HighGrayLevelEmphasis,0.5402944608415128,positive_higher,87.82654785681365,0.24411764705882352,0.8634772462077013,mann_whitney_u,0.02949534018149935,0.04548326603823569,2723,True,,False,42
,,adc_log-sigma-3-mm-3D_glrlm_RunLengthNonUniformityNormalized,0.5402567094515752,positive_higher,0.5770840547339682,0.638235294117647,0.4574095682613769,mann_whitney_u,0.0296479154434215,0.045701760993732334,2724,True,,False,42
,,t2_wavelet2-HL_glszm_SizeZoneNonUniformityNormalized,0.531120873086691,negative_higher,0.1607337263936169,0.9393232205367561,0.1264705882352941,t_test,0.029797930043984587,0.04591614981823533,2725,True,,False,42
,,dwi_wavelet-HH_glrlm_ShortRunHighGrayLevelEmphasis,0.5400748163909672,positive_higher,8.414434472000542,0.3176470588235294,0.7759626604434072,mann_whitney_u,0.030392599811228976,0.046815306899248156,2726,True,,False,42
,,adc_square_firstorder_Entropy,0.5400336330564899,positive_higher,3.673436521790825,0.7088235294117647,0.3687281213535589,mann_whitney_u,0.030563421112588182,0.04706116804244877,2727,True,,False,42
,,t2_square_glszm_GrayLevelVariance,0.5400199052783308,negative_higher,4.8824538988434325,0.7071178529754959,0.3970588235294118,mann_whitney_u,0.030620544491721826,0.04713184249293986,2728,True,,False,42
,,t2_wavelet-LH_glrlm_GrayLevelNonUniformityNormalized,0.5399684261102341,positive_higher,0.290081727677588,0.6970588235294117,0.3815635939323221,mann_whitney_u,0.030835574499483185,0.047445429579820404,2729,True,,False,42
,,adc_square_firstorder_Minimum,0.5399615622211545,positive_higher,0.0112708793384787,0.8088235294117647,0.30455075845974333,mann_whitney_u,0.03086434288902693,0.04747229882455095,2730,True,,False,42
,,dwi_log-sigma-3-mm-3D_glszm_ZoneEntropy,0.539954698332075,negative_higher,6.359882809702784,0.3418903150525088,0.7764705882352941,mann_whitney_u,0.030893134317782723,0.04749918381558757,2731,True,,False,42
,,t2_square_glszm_SmallAreaHighGrayLevelEmphasis,0.5399512663875352,negative_higher,9.171884738027556,0.6837806301050176,0.42352941176470593,mann_whitney_u,0.03090753867639273,0.047503936640619714,2732,True,,False,42
,,t2_wavelet2-HL_gldm_LargeDependenceEmphasis,0.5398757636076601,positive_higher,27.273764981495944,0.11176470588235295,0.9579929988331388,mann_whitney_u,0.031225896382526333,0.04797568200154704,2733,True,,False,42
,,t2_exponential_gldm_LargeDependenceLowGrayLevelEmphasis,0.5398654677740408,negative_higher,77.37113025339731,0.45040840140023336,0.6205882352941177,mann_whitney_u,0.031269526059484756,0.04802514262025476,2734,True,,False,42
,,dwi_wavelet2-HL_glszm_ZoneEntropy,0.5398586038849612,negative_higher,5.657904952465013,0.7876312718786465,0.29117647058823526,mann_whitney_u,0.031298641560924004,0.04805228369810599,2735,True,,False,42
,,dwi_wavelet-HL_glszm_SizeZoneNonUniformityNormalized,0.5398414441622623,positive_higher,0.2335564143651616,0.3235294117647059,0.8098016336056009,mann_whitney_u,0.03137153209618243,0.04814658745316887,2736,True,,False,42
,,adc_exponential_glrlm_LongRunEmphasis,0.5398345802731828,negative_higher,100.08770854949395,0.28588098016336055,0.8,mann_whitney_u,0.03140072906119989,0.04815619478742817,2737,True,,False,42
,,adc_wavelet2-LL_glrlm_LongRunHighGrayLevelEmphasis,0.5398345802731828,negative_higher,9670.426550183576,0.3757292882147025,0.7470588235294118,mann_whitney_u,0.03140072906119989,0.04815619478742817,2738,True,,False,42
,,t2_wavelet2-HH_glrlm_GrayLevelVariance,0.5398242844395635,negative_higher,0.2897797588663093,0.3185530921820303,0.7617647058823529,mann_whitney_u,0.031444568215979934,0.04820582035009118,2739,True,,False,42
,,adc_wavelet-HH_glszm_GrayLevelVariance,0.5397968288832453,negative_higher,2.146058357862745,0.793465577596266,0.28823529411764703,mann_whitney_u,0.031561729392368704,0.04836777434983802,2740,True,,False,42
,,adc_log-sigma-3-mm-3D_glrlm_ShortRunEmphasis,0.5397762372160065,positive_higher,0.785670989733999,0.65,0.4457409568261377,mann_whitney_u,0.031649845801679365,0.048485115841390605,2741,True,,False,42
,,adc_wavelet2-LL_glcm_JointEnergy,0.5397281899924498,negative_higher,0.0010532444011405,0.42123687281213534,0.6705882352941177,mann_whitney_u,0.03185627156866118,0.04878354643209639,2742,True,,False,42
,,dwi_square_firstorder_InterquartileRange,0.5397144622142906,positive_higher,51.23747620746904,0.3382352941176471,0.764294049008168,mann_whitney_u,0.03191546195235143,0.04883856586659026,2743,True,,False,42
,,t2_wavelet-HL_ngtdm_Busyness,0.5397144622142906,negative_higher,55.54319058473684,0.5169194865810969,0.5764705882352941,mann_whitney_u,0.03191546195235143,0.04883856586659026,2744,True,,False,42
,,adc_log-sigma-2-mm-3D_glrlm_ShortRunEmphasis,0.5396973024915918,positive_higher,0.7891969231191132,0.7911764705882353,0.2998833138856476,mann_whitney_u,0.0319895824938448,0.048934155516085355,2745,True,,False,42
,,t2_wavelet2-HH_gldm_GrayLevelVariance,0.5396767108243531,negative_higher,0.2683970626786492,0.35122520420070014,0.7294117647058824,mann_whitney_u,0.03207872187054767,0.0490526413453859,2746,True,,False,42
,,adc_original_glcm_InverseVariance,0.5396732788798133,negative_higher,0.4057468717814169,0.2590431738623104,0.8264705882352941,mann_whitney_u,0.03209359911189759,0.0490575255445424,2747,True,,False,42
,,adc_wavelet2-HL_glszm_ZoneVariance,0.5396046399890178,negative_higher,12.96390716706598,0.2952158693115519,0.7852941176470588,mann_whitney_u,0.03239238812887349,0.049496229167809234,2748,True,,False,42
,,t2_log-sigma-3-mm-3D_glrlm_RunEntropy,0.5396012080444781,negative_higher,6.399674125420868,0.6837806301050176,0.4294117647058824,mann_whitney_u,0.032407389931010694,0.04950113871237319,2749,True,,False,42
,,adc_wavelet2-HH_firstorder_Skewness,0.5395737524881599,positive_higher,-0.0755580095236982,0.7058823529411765,0.3687281213535589,mann_whitney_u,0.03252761876561289,0.04966671679883946,2750,True,,False,42
,,t2_wavelet2-HH_firstorder_Entropy,0.5395531608209211,negative_higher,1.0713009622268137,0.3605600933488915,0.7176470588235294,mann_whitney_u,0.032618040933120214,0.04978667898152373,2751,True,,False,42
,,adc_wavelet2-HL_glcm_Correlation,0.5394604983183472,positive_higher,0.5277063697862187,0.3558823529411765,0.7456242707117853,mann_whitney_u,0.033027609480994286,0.050393507344002546,2752,False,,False,42
,,t2_wavelet2-HL_glszm_ZonePercentage,0.5393746997048527,negative_higher,0.1055217535195132,0.9031505250875146,0.1705882352941176,mann_whitney_u,0.033410756796842904,0.050959596000705897,2753,False,,False,42
,,adc_wavelet2-HL_glcm_Imc2,0.5393575399821539,positive_higher,0.7140771262258431,0.4323529411764706,0.6487747957992999,mann_whitney_u,0.03348784089324601,0.051058621608838055,2754,False,,False,42
,,t2_wavelet2-HH_firstorder_Uniformity,0.5393506760930744,positive_higher,0.4917891832081598,0.7176470588235294,0.36289381563593937,mann_whitney_u,0.03351871710350275,0.05108714813706281,2755,False,,False,42
,,adc_squareroot_gldm_LargeDependenceLowGrayLevelEmphasis,0.5392991969249776,positive_higher,0.006051672375501,0.638235294117647,0.46674445740956827,mann_whitney_u,0.03375106584081167,0.05142261446501022,2756,False,,False,42
,,adc_wavelet-LH_firstorder_InterquartileRange,0.5392580135905004,positive_higher,144.117627958441,0.6823529411764706,0.41190198366394404,mann_whitney_u,0.03393793521231737,0.05168857089463933,2757,False,,False,42
,,t2_squareroot_gldm_LargeDependenceHighGrayLevelEmphasis,0.5392339899787219,negative_higher,3416.5778004921444,0.8343057176196033,0.2647058823529411,mann_whitney_u,0.0340473503039133,0.05183641186589266,2758,False,,False,42
,,dwi_wavelet2-LL_glrlm_HighGrayLevelRunEmphasis,0.539189374699705,positive_higher,569.2976856985692,0.40588235294117647,0.6989498249708285,mann_whitney_u,0.034251349876336296,0.052128096459128706,2759,False,,False,42
,,dwi_logarithm_glcm_DifferenceEntropy,0.539172214977006,positive_higher,1.824970898121407,0.3235294117647059,0.7619603267211201,mann_whitney_u,0.03433008891916563,0.05222900122158568,2760,False,,False,42
,,dwi_original_glcm_Autocorrelation,0.5391687830324663,positive_higher,84.61630040231448,0.25882352941176473,0.8506417736289382,mann_whitney_u,0.03434585527476442,0.05223406240446788,2761,False,,False,42
,,t2_wavelet-LH_glcm_Idm,0.539079552474432,positive_higher,0.7156313996414336,0.5823529411764706,0.5029171528588098,mann_whitney_u,0.03475795758661104,0.052841659632939804,2762,False,,False,42
,,adc_logarithm_glrlm_ShortRunHighGrayLevelEmphasis,0.5390761205298922,negative_higher,704.643021844436,0.4959159859976663,0.611764705882353,mann_whitney_u,0.03477389164688401,0.05284675028058848,2763,False,,False,42
,,t2_wavelet2-HH_glrlm_GrayLevelNonUniformityNormalized,0.5390520969181138,positive_higher,0.481803819547291,0.7617647058823529,0.3150525087514586,mann_whitney_u,0.034885604831977654,0.052997342507045644,2764,False,,False,42
,,t2_wavelet-HH_glcm_Correlation,0.5390280733063354,positive_higher,0.0404404863196495,0.55,0.5320886814469078,mann_whitney_u,0.034997624316946946,0.05312907610515554,2765,False,,False,42
,,t2_log-sigma-2-mm-3D_glszm_SmallAreaEmphasis,0.5390280733063353,negative_higher,0.1762272678745871,0.456242707117853,0.6323529411764706,mann_whitney_u,0.034997624316946946,0.05312907610515554,2766,False,,False,42
,,t2_wavelet2-LH_glcm_SumEntropy,0.5389834580273183,negative_higher,3.208470822161561,0.44224037339556593,0.6411764705882352,mann_whitney_u,0.035206475355491235,0.05341916287268585,2767,False,,False,42
,,dwi_wavelet-HH_glszm_GrayLevelNonUniformityNormalized,0.5389817420550483,negative_higher,0.2423529411764705,0.8133022170361727,0.2941176470588235,mann_whitney_u,0.03521415642571909,0.05341916287268585,2768,False,,False,42
,,adc_exponential_glrlm_LongRunLowGrayLevelEmphasis,0.5389697302491592,negative_higher,99.01792038033172,0.2870478413068845,0.8,mann_whitney_u,0.035270950845411805,0.053485995882948424,2769,False,,False,42
,,t2_wavelet-HL_glcm_InverseVariance,0.5389525705264603,negative_higher,0.4229980530725887,0.8168028004667445,0.25588235294117645,mann_whitney_u,0.03535168689569372,0.05358907338448301,2770,False,,False,42
,,dwi_log-sigma-0-6-mm-3D_glcm_DifferenceAverage,0.5389216830256023,positive_higher,0.5058462120087446,0.22647058823529412,0.8868144690781797,mann_whitney_u,0.03549740923212111,0.05379055264008536,2771,False,,False,42
,,t2_logarithm_firstorder_RobustMeanAbsoluteDeviation,0.5388702038575056,negative_higher,122.071612592136,0.7094515752625438,0.3941176470588236,mann_whitney_u,0.0357414186706526,0.054140770922824766,2772,False,,False,42
,,t2_log-sigma-2-mm-3D_glcm_InverseVariance,0.5388461802457273,negative_higher,0.2714881030433657,0.7724620770128354,0.33235294117647063,mann_whitney_u,0.035855778448076456,0.054294415327613796,2773,False,,False,42
,,t2_logarithm_gldm_LargeDependenceHighGrayLevelEmphasis,0.5387809732994715,negative_higher,11547.315991729842,0.6697782963827305,0.43529411764705883,mann_whitney_u,0.03616775768538414,0.05474708526349243,2774,False,,False,42
,,t2_wavelet-LH_glcm_Id,0.538756949687693,positive_higher,0.728063356376382,0.5794117647058824,0.5040840140023337,mann_whitney_u,0.03628327926512765,0.054902158426764325,2775,False,,False,42
,,adc_square_gldm_DependenceEntropy,0.5387500857986136,positive_higher,5.905146843413098,0.7794117647058824,0.2998833138856476,mann_whitney_u,0.03631634313870744,0.05493239367414717,2776,False,,False,42
,,adc_wavelet2-HH_gldm_LargeDependenceEmphasis,0.5387020385750567,negative_higher,23.26778523489933,0.32555425904317387,0.7588235294117647,mann_whitney_u,0.03654851004832371,0.05526366355524353,2777,False,,False,42
,,adc_wavelet2-LH_gldm_LargeDependenceLowGrayLevelEmphasis,0.5386986066305168,positive_higher,0.0216894418541195,0.5147058823529411,0.5659276546091014,mann_whitney_u,0.03656514168134929,0.055268909258454166,2778,False,,False,42
,,dwi_wavelet2-HL_glcm_Idn,0.5386608552405793,positive_higher,0.948601462050709,0.35,0.7292882147024504,mann_whitney_u,0.036748515631498994,0.05552609468753662,2779,False,,False,42
,,adc_original_glcm_Idm,0.5386574232960395,negative_higher,0.4177272216736004,0.31388564760793464,0.7588235294117647,mann_whitney_u,0.03676522476683979,0.0555313592791224,2780,False,,False,42
,,t2_wavelet-LH_firstorder_10Percentile,0.5386539913514998,positive_higher,-12.092360328614694,0.7470588235294118,0.3278879813302217,mann_whitney_u,0.03678194037325073,0.055536629855188716,2781,False,,False,42
,,t2_wavelet2-LH_firstorder_MeanAbsoluteDeviation,0.5386471274624202,negative_higher,11.717446821243714,0.43173862310385064,0.6529411764705882,mann_whitney_u,0.03681539100700855,0.05556715558534468,2782,False,,False,42
,,t2_wavelet2-HH_glcm_Contrast,0.5384892580135905,negative_higher,0.4283429203746769,0.8798133022170361,0.18529411764705883,mann_whitney_u,0.037591937381537044,0.05671884479521166,2783,False,,False,42
,,t2_wavelet-HH_firstorder_RootMeanSquared,0.5384789621799713,negative_higher,300.0100012956658,0.8378063010501751,0.23529411764705888,mann_whitney_u,0.0376430622691218,0.056755195141128346,2784,False,,False,42
,,t2_log-sigma-3-mm-3D_glcm_Imc1,0.5384789621799712,negative_higher,-0.6932502426655343,0.721120186697783,0.3735294117647059,mann_whitney_u,0.0376430622691218,0.056755195141128346,2785,False,,False,42
,,t2_original_glszm_SmallAreaEmphasis,0.5384652344018122,negative_higher,0.4628960788769112,0.7176196032672112,0.3735294117647059,mann_whitney_u,0.03771132080151633,0.056837701380318406,2786,False,,False,42
,,dwi_wavelet-HL_firstorder_Mean,0.5384549385681927,negative_higher,-3.4181541800737523,0.8331388564760793,0.2941176470588235,mann_whitney_u,0.03776258378067981,0.05689454226590402,2787,False,,False,42
,,t2_wavelet-LH_firstorder_Uniformity,0.5384480746791132,positive_higher,0.3234443424292639,0.8088235294117647,0.2602100350058343,mann_whitney_u,0.03779679202452051,0.05692565628083272,2788,False,,False,42
,,t2_log-sigma-2-mm-3D_gldm_SmallDependenceEmphasis,0.5384103232891757,negative_higher,0.0354098033505885,0.690781796966161,0.40294117647058825,mann_whitney_u,0.03798540892803112,0.057189219106777586,2789,False,,False,42
,,adc_wavelet-HH_firstorder_Skewness,0.5384034594000962,positive_higher,0.0068617276102608,0.45588235294117646,0.6266044340723453,mann_whitney_u,0.038019788775921576,0.057220463465983765,2790,False,,False,42
,,dwi_wavelet2-HL_glrlm_RunEntropy,0.5383965955110166,positive_higher,3.978232585566533,0.29705882352941176,0.8261376896149358,mann_whitney_u,0.03805419508299183,0.05725172524309662,2791,False,,False,42
,,t2_wavelet2-LH_glcm_JointEntropy,0.5383245246756813,negative_higher,4.598344827630209,0.4014002333722287,0.6794117647058824,mann_whitney_u,0.03841706271460352,0.05777695069434819,2792,False,,False,42
,,adc_log-sigma-0-6-mm-3D_firstorder_Kurtosis,0.5383107968975221,negative_higher,4.690158249496492,0.662777129521587,0.41764705882352937,mann_whitney_u,0.0384865127937471,0.05786067569672184,2793,False,,False,42
,,t2_log-sigma-2-mm-3D_glrlm_ShortRunEmphasis,0.5382902052302835,negative_higher,0.3879440307607565,0.7409568261376897,0.3529411764705882,mann_whitney_u,0.03859088798094145,0.05799682842948216,2794,False,,False,42
,,dwi_wavelet2-HH_glcm_InverseVariance,0.5382867732857437,positive_higher,0.4417091090353776,0.6647058823529411,0.40606767794632437,mann_whitney_u,0.03860830721197429,0.05800224757891951,2795,False,,False,42
,,adc_wavelet2-HL_firstorder_Range,0.5382455899512664,negative_higher,2233.357096389741,0.47374562427071176,0.6235294117647059,mann_whitney_u,0.038817859693539444,0.05829620631372393,2796,False,,False,42
,,t2_wavelet2-LH_firstorder_Entropy,0.5382421580067267,negative_higher,2.458938272305977,0.4177362893815636,0.6676470588235295,mann_whitney_u,0.038835365935707904,0.05830164517841884,2797,False,,False,42
,,t2_log-sigma-0-6-mm-3D_glszm_ZonePercentage,0.5382249982840277,negative_higher,0.0568397743764681,0.822637106184364,0.25,mann_whitney_u,0.03892299778977279,0.05841231869880484,2798,False,,False,42
,,adc_squareroot_firstorder_Minimum,0.5381666552268515,positive_higher,233.05680538016395,0.6176470588235294,0.4865810968494749,mann_whitney_u,0.039222203602013984,0.058840311870259634,2799,False,,False,42
,,t2_wavelet-LH_glcm_JointEnergy,0.5381357677259936,positive_higher,0.1218226327083694,0.861764705882353,0.2147024504084014,mann_whitney_u,0.03938139584578219,0.05905802898444265,2800,False,,False,42
,,adc_wavelet-LH_glcm_MaximumProbability,0.5380739927242776,negative_higher,0.0636370743557546,0.47841306884480744,0.6058823529411765,mann_whitney_u,0.03970142641039996,0.05951670456882165,2801,False,,False,42
,,adc_squareroot_firstorder_90Percentile,0.5380293774452605,negative_higher,2343.823100372452,0.6184364060676779,0.4794117647058823,mann_whitney_u,0.039933929869856596,0.059843887053364686,2802,False,,False,42
,,dwi_squareroot_gldm_DependenceNonUniformityNormalized,0.5380087857780218,positive_higher,0.2004894822582485,0.31176470588235294,0.7852975495915986,mann_whitney_u,0.04004162817332397,0.05998387324287811,2803,False,,False,42
,,adc_logarithm_gldm_LargeDependenceLowGrayLevelEmphasis,0.5380019218889424,positive_higher,0.0045929951270741,0.7823529411764706,0.32672112018669774,mann_whitney_u,0.040077582317505314,0.06001632245050101,2804,False,,False,42
,,t2_wavelet-LH_glcm_MaximumProbability,0.5379984899444025,positive_higher,0.2247856396437386,0.6323529411764706,0.44457409568261375,mann_whitney_u,0.04009556965660344,0.060021852758673035,2805,False,,False,42
,,t2_squareroot_gldm_DependenceEntropy,0.5379744663326241,negative_higher,7.250431170770104,0.6697782963827305,0.4294117647058824,mann_whitney_u,0.0402216728666301,0.06018916762900207,2806,False,,False,42
,,adc_wavelet2-HH_glrlm_RunPercentage,0.5379710343880844,positive_higher,0.558115304468627,0.7705882352941177,0.3138856476079347,mann_whitney_u,0.04023971503997463,0.06019471444704434,2807,False,,False,42
,,t2_log-sigma-3-mm-3D_glrlm_ShortRunEmphasis,0.5379504427208457,negative_higher,0.3045989100868168,0.47141190198366395,0.611764705882353,mann_whitney_u,0.04034811227757274,0.060335371600259244,2808,False,,False,42
,,dwi_wavelet-HH_glcm_DifferenceAverage,0.5379401468872262,positive_higher,0.5487040592909777,0.4088235294117647,0.7012835472578763,mann_whitney_u,0.04040240368437572,0.06039504915297033,2809,False,,False,42
,,adc_logarithm_firstorder_Skewness,0.5379332829981467,positive_higher,-1.9026478720700484,0.5794117647058824,0.5355892648774796,mann_whitney_u,0.040438632358020934,0.06042769297912096,2810,False,,False,42
,,adc_original_glrlm_ShortRunHighGrayLevelEmphasis,0.5378920996636695,negative_higher,596.2144609041833,0.42123687281213534,0.6970588235294117,mann_whitney_u,0.04065658330980034,0.0607317656769305,2811,False,,False,42
,,dwi_wavelet2-HH_glszm_SmallAreaLowGrayLevelEmphasis,0.5378749399409706,negative_higher,0.0975924283015933,0.5659276546091015,0.5058823529411764,mann_whitney_u,0.040747689644199635,0.06084621223897378,2812,False,,False,42
,,dwi_wavelet-HH_glszm_GrayLevelNonUniformity,0.5378697920241609,negative_higher,34.44186046511628,0.6336056009334889,0.4647058823529412,mann_whitney_u,0.04077500700993181,0.06086535884632196,2813,False,,False,42
,,t2_exponential_gldm_DependenceEntropy,0.5378337566064932,positive_higher,0.9339620125079976,0.3588235294117647,0.7071178529754959,mann_whitney_u,0.04096705106673395,0.06110857812760776,2814,False,,False,42
,,t2_log-sigma-3-mm-3D_firstorder_Median,0.5378337566064932,positive_higher,1.5574434995651243,0.3558823529411765,0.7479579929988331,mann_whitney_u,0.04096705106673395,0.06110857812760776,2815,False,,False,42
,,t2_wavelet2-LH_glcm_Id,0.531978859221635,positive_higher,0.6341491512563238,0.7970588235294118,0.28354725787631274,t_test,0.04108238177061409,0.06125884980639509,2816,False,,False,42
,,t2_original_glszm_SizeZoneNonUniformityNormalized,0.537744526048459,negative_higher,0.2108863799469221,0.704784130688448,0.38235294117647056,mann_whitney_u,0.041445768637793194,0.061778765534289536,2817,False,,False,42
,,dwi_square_gldm_DependenceNonUniformityNormalized,0.5377376621593795,negative_higher,0.2124676066778383,0.4025670945157526,0.6647058823529413,mann_whitney_u,0.04148278848195269,0.06181200455490396,2818,False,,False,42
,,dwi_log-sigma-2-mm-3D_gldm_DependenceVariance,0.5377342302148398,positive_higher,3.980887028023104,0.2529411764705882,0.8623103850641773,mann_whitney_u,0.04150130890182843,0.061817664447952315,2819,False,,False,42
,,adc_log-sigma-2-mm-3D_firstorder_Maximum,0.5376964788249022,negative_higher,571.3175048828125,0.6522753792298717,0.44705882352941173,mann_whitney_u,0.0417054960425145,0.06209977939096397,2820,False,,False,42
,,t2_exponential_glszm_GrayLevelVariance,0.5376878989635527,negative_higher,0.8358725761772854,0.7596266044340724,0.3176470588235294,mann_whitney_u,0.04175197020816396,0.06214454028388816,2821,False,,False,42
,,dwi_wavelet2-LL_firstorder_Energy,0.537682751046743,negative_higher,2174965400.035825,0.7257876312718786,0.3735294117647059,mann_whitney_u,0.04177995647092553,0.06214454028388816,2822,False,,False,42
,,t2_wavelet2-LH_firstorder_10Percentile,0.537682751046743,positive_higher,-18.47000227156997,0.6705882352941176,0.4177362893815636,mann_whitney_u,0.04177995647092553,0.06214454028388816,2823,False,,False,42
,,t2_wavelet-HH_glcm_ClusterProminence,0.5376449996568056,negative_higher,0.735804097046897,0.4235705950991832,0.6617647058823529,mann_whitney_u,0.04198530312576384,0.062427863960723216,2824,False,,False,42
,,adc_original_firstorder_Minimum,0.537607248266868,positive_higher,13.498805830179572,0.6205882352941177,0.485414235705951,mann_whitney_u,0.04219150326004035,0.06271225564209183,2825,False,,False,42
,,dwi_wavelet-HH_glcm_Idm,0.5375832246550896,negative_higher,0.7082598304132826,0.8693115519253208,0.24117647058823533,mann_whitney_u,0.042323167129728854,0.06288569666586392,2826,False,,False,42
,,adc_log-sigma-2-mm-3D_firstorder_Minimum,0.5375523371542317,positive_higher,-633.5238647460938,0.4323529411764706,0.6487747957992999,mann_whitney_u,0.04249295981702341,0.06311564848662232,2827,False,,False,42
,,t2_wavelet2-LH_glcm_Idm,0.5321230008923056,positive_higher,0.604046876691269,0.8,0.28004667444574094,t_test,0.04251304025536412,0.06312314569740946,2828,False,,False,42
,,adc_wavelet2-LH_gldm_SmallDependenceHighGrayLevelEmphasis,0.5375386093760725,negative_higher,155.00099813291408,0.543757292882147,0.5352941176470588,mann_whitney_u,0.04256860795635078,0.06318331028940152,2829,False,,False,42
,,dwi_wavelet-HH_glcm_ClusterShade,0.5375351774315327,positive_higher,0.0314425939399703,0.3264705882352941,0.7829638273045507,mann_whitney_u,0.04258753777659841,0.06318907106852888,2830,False,,False,42
,,dwi_wavelet2-HH_gldm_LowGrayLevelEmphasis,0.537452810762578,negative_higher,0.1811042726773214,0.704784130688448,0.38235294117647056,mann_whitney_u,0.04304399213066072,0.0638437735629263,2831,False,,False,42
,,dwi_wavelet-HH_glcm_Id,0.5374356510398792,negative_higher,0.7150642264433207,0.868144690781797,0.24117647058823533,mann_whitney_u,0.04313960721856929,0.06396299813233491,2832,False,,False,42
,,t2_wavelet2-HH_glcm_ClusterProminence,0.5374150593726406,negative_higher,0.8600842684146477,0.3570595099183197,0.7176470588235294,mann_whitney_u,0.04325458043912038,0.06411083066144245,2833,False,,False,42
,,adc_wavelet-LH_gldm_LargeDependenceLowGrayLevelEmphasis,0.5373910357608621,positive_higher,0.0361337801430925,0.6147058823529412,0.47374562427071176,mann_whitney_u,0.04338904300568369,0.06428743527906344,2834,False,,False,42
,,t2_wavelet2-LH_firstorder_Mean,0.5373841718717826,positive_higher,-0.2393750953278282,0.5794117647058824,0.500583430571762,mann_whitney_u,0.04342752568296172,0.0643217567346583,2835,False,,False,42
,,adc_wavelet-HL_glszm_LargeAreaEmphasis,0.5373395565927654,negative_higher,34.99044585987261,0.5565927654609102,0.5176470588235293,mann_whitney_u,0.04367836655404277,0.06467047290565078,2836,False,,False,42
,,adc_exponential_glszm_SizeZoneNonUniformity,0.5373206808977967,negative_higher,14.509803921568627,0.7071178529754959,0.37058823529411766,mann_whitney_u,0.04378485378327854,0.06480528764046055,2837,False,,False,42
,,t2_wavelet2-HH_glcm_MaximumProbability,0.5372606218683507,positive_higher,0.2827879215242405,0.6411764705882353,0.4329054842473745,mann_whitney_u,0.044125159677317165,0.06528595683053375,2838,False,,False,42
,,dwi_wavelet2-HH_glszm_SmallAreaHighGrayLevelEmphasis,0.5372331663120324,positive_higher,2.812356685322088,0.45,0.6394399066511085,mann_whitney_u,0.044281467569851046,0.06549414664522879,2839,False,,False,42
,,dwi_wavelet-HL_glszm_SmallAreaEmphasis,0.5372263024229529,positive_higher,0.4890391795395106,0.3235294117647059,0.8098016336056009,mann_whitney_u,0.04432061747686042,0.06552896929061158,2840,False,,False,42
,,adc_log-sigma-2-mm-3D_firstorder_InterquartileRange,0.5372194385338733,positive_higher,167.0574722290039,0.6294117647058823,0.4527421236872812,mann_whitney_u,0.04435979659019919,0.0655638105886119,2841,False,,False,42
,,t2_log-sigma-3-mm-3D_glcm_Idn,0.5372160065893336,negative_higher,0.9849049789884402,0.851808634772462,0.2382352941176471,mann_whitney_u,0.04437939710436602,0.06556970036637329,2842,False,,False,42
,,t2_wavelet2-LH_glszm_GrayLevelNonUniformityNormalized,0.5371679593657767,positive_higher,0.1502757000606683,0.4264705882352941,0.6487747957992999,mann_whitney_u,0.044654572547736915,0.0659530601927356,2843,False,,False,42
,,adc_wavelet2-HH_ngtdm_Busyness,0.5370581371405039,negative_higher,10.759975775070576,0.40373395565927656,0.6911764705882353,mann_whitney_u,0.04528895370533142,0.06686649669785043,2844,False,,False,42
,,adc_exponential_firstorder_Minimum,0.5370409774178049,positive_higher,1.0282360362532306,0.6235294117647059,0.4830805134189031,mann_whitney_u,0.04538875876023532,0.0669902980788148,2845,False,,False,42
,,t2_exponential_glcm_Idn,0.5370169538060265,negative_higher,0.9989120288198504,0.49474912485414235,0.6029411764705883,mann_whitney_u,0.045528751875607766,0.06717330608772909,2846,False,,False,42
,,adc_log-sigma-2-mm-3D_glcm_JointAverage,0.5370066579724072,negative_higher,11.149190645773269,0.6476079346557759,0.4294117647058824,mann_whitney_u,0.04558892507504421,0.06721485126057256,2847,False,,False,42
,,adc_log-sigma-2-mm-3D_glcm_SumAverage,0.5370066579724072,negative_higher,22.298381291546526,0.6476079346557759,0.4294117647058824,mann_whitney_u,0.04558892507504421,0.06721485126057256,2848,False,,False,42
,,adc_original_glcm_Id,0.5369826343606288,negative_higher,0.4921517091376873,0.24154025670945156,0.8352941176470589,mann_whitney_u,0.045729483652292416,0.06739842114986867,2849,False,,False,42
,,adc_log-sigma-0-6-mm-3D_glszm_SmallAreaHighGrayLevelEmphasis,0.536948314915231,negative_higher,16.48278871730048,0.5974329054842473,0.47058823529411764,mann_whitney_u,0.04593091485356266,0.06767154788424898,2850,False,,False,42
,,adc_wavelet2-LH_ngtdm_Strength,0.5368453565790376,positive_higher,0.9815289117653732,0.6147058823529412,0.4714119019836639,mann_whitney_u,0.04653969780445087,0.06854443741876157,2851,False,,False,42
,,dwi_wavelet-HH_glrlm_HighGrayLevelRunEmphasis,0.536824764911799,positive_higher,12.651291657647914,0.37058823529411766,0.7199533255542591,mann_whitney_u,0.04666226591118402,0.06870086064553356,2852,False,,False,42
,,adc_square_glrlm_RunEntropy,0.5368144690781796,positive_higher,4.604659246814273,0.7735294117647059,0.3033838973162194,mann_whitney_u,0.04672365176859621,0.06876712715609376,2853,False,,False,42
,,adc_log-sigma-0-6-mm-3D_firstorder_Range,0.5367767176882421,negative_higher,724.9451293945312,0.38506417736289383,0.7,mann_whitney_u,0.046949314973568336,0.06907504329853309,2854,False,,False,42
,,t2_exponential_glszm_LowGrayLevelZoneEmphasis,0.5367595579655432,positive_higher,0.2402704297013707,0.6352941176470588,0.46557759626604434,mann_whitney_u,0.04705213863660559,0.06920207710511625,2855,False,,False,42
,,adc_wavelet2-HH_glcm_Imc1,0.5367321024092251,positive_higher,-0.040483269271736,0.7558823529411764,0.34422403733955664,mann_whitney_u,0.047217189340615785,0.06942051051864345,2856,False,,False,42
,,adc_log-sigma-0-6-mm-3D_glszm_LargeAreaLowGrayLevelEmphasis,0.536718374631066,negative_higher,61.51126988931165,0.2975495915985998,0.7705882352941177,mann_whitney_u,0.04729987038795085,0.06951773040217207,2857,False,,False,42
,,adc_squareroot_glrlm_GrayLevelVariance,0.5367149426865262,positive_higher,16.52712515883058,0.55,0.5332555425904317,mann_whitney_u,0.047320559663801914,0.06952380336889581,2858,False,,False,42
,,dwi_squareroot_gldm_LargeDependenceHighGrayLevelEmphasis,0.5366771912965886,negative_higher,2790.203051784212,0.4795799299883314,0.6029411764705883,mann_whitney_u,0.04754864440298658,0.06983447283950356,2859,False,,False,42
,,dwi_wavelet2-LL_firstorder_TotalEnergy,0.5366703274075091,negative_higher,24855814517.22137,0.691948658109685,0.40294117647058825,mann_whitney_u,0.047590213499884695,0.06984666427333654,2860,False,,False,42
,,t2_wavelet-LH_firstorder_RobustMeanAbsoluteDeviation,0.5366703274075091,negative_higher,5.113940917768209,0.22753792298716452,0.861764705882353,mann_whitney_u,0.047590213499884695,0.06984666427333654,2861,False,,False,42
,,adc_wavelet2-LL_glszm_ZoneEntropy,0.53665659962935,positive_higher,6.789139578498113,0.6882352941176471,0.3862310385064177,mann_whitney_u,0.04767344335360647,0.0699443705946169,2862,False,,False,42
,,adc_wavelet2-LL_glszm_HighGrayLevelZoneEmphasis,0.5366325760175715,negative_higher,8203.279209909608,0.38273045507584597,0.7411764705882353,mann_whitney_u,0.04781939002207144,0.07013399186261893,2863,False,,False,42
,,t2_exponential_glszm_HighGrayLevelZoneEmphasis,0.5365913926830943,negative_higher,9.294478527607362,0.5694282380396732,0.5176470588235293,mann_whitney_u,0.04807039928587989,0.07047751627144191,2864,False,,False,42
,,dwi_squareroot_firstorder_Kurtosis,0.5365742329603953,negative_higher,7.236431928224916,0.35355892648774795,0.7588235294117647,mann_whitney_u,0.048175395983240984,0.07060680200126662,2865,False,,False,42
,,t2_wavelet-LH_firstorder_InterquartileRange,0.5365055940695999,negative_higher,11.821688220637618,0.24737456242707118,0.8411764705882353,mann_whitney_u,0.048597074659780755,0.07119997086406817,2866,False,,False,42
,,adc_wavelet2-LH_glcm_JointEnergy,0.5364678426796623,negative_higher,0.0159291220339405,0.4224037339556593,0.6676470588235295,mann_whitney_u,0.048830316108973676,0.07151674131202668,2867,False,,False,42
,,t2_wavelet2-LL_glcm_JointEntropy,0.5364026357334066,negative_higher,9.995670452592094,0.7374562427071178,0.361764705882353,mann_whitney_u,0.04923540109682558,0.0720848846602408,2868,False,,False,42
,,adc_wavelet-LH_glcm_JointEnergy,0.5363717482325485,negative_higher,0.0303893420187337,0.3628938156359393,0.711764705882353,mann_whitney_u,0.04942826546293138,0.07234203090932341,2869,False,,False,42
,,adc_wavelet2-HL_glszm_LargeAreaEmphasis,0.5363511565653099,negative_higher,19.64853866074732,0.2998833138856476,0.7705882352941177,mann_whitney_u,0.04955719349815281,0.07250545487761102,2870,False,,False,42
,,adc_square_firstorder_Maximum,0.5363442926762303,negative_higher,2047.420167286356,0.44224037339556593,0.6411764705882352,mann_whitney_u,0.04960023214624914,0.07254314691121566,2871,False,,False,42
,,adc_wavelet-HH_glrlm_LongRunEmphasis,0.5363305648980712,negative_higher,3.591325393099682,0.3663943990665111,0.7058823529411764,mann_whitney_u,0.04968640349837043,0.07264387475266625,2872,False,,False,42
,,dwi_log-sigma-0-6-mm-3D_glcm_Idm,0.5363237010089916,negative_higher,0.7631501094133543,0.8109684947491248,0.2970588235294118,mann_whitney_u,0.04972953623620651,0.07268162988368644,2873,False,,False,42
,,t2_square_glcm_JointAverage,0.5362756537854348,positive_higher,1.5511005394510622,0.6294117647058823,0.45507584597432904,mann_whitney_u,0.05003234546633246,0.07307332821326261,2874,False,,False,42
,,t2_square_glcm_SumAverage,0.5362756537854348,positive_higher,3.102201078902126,0.6294117647058823,0.45507584597432904,mann_whitney_u,0.05003234546633246,0.07307332821326261,2875,False,,False,42
,,dwi_square_gldm_LargeDependenceLowGrayLevelEmphasis,0.5362722218408951,negative_higher,24.714435768465705,0.7094515752625438,0.3558823529411764,mann_whitney_u,0.05005403371991384,0.07307958539287839,2876,False,,False,42
,,t2_wavelet2-LH_glrlm_GrayLevelNonUniformityNormalized,0.5362550621181962,positive_higher,0.2039597700144721,0.6764705882352942,0.40606767794632437,mann_whitney_u,0.05016259324522852,0.07321262740240339,2877,False,,False,42
,,adc_wavelet2-HL_ngtdm_Strength,0.5362481982291166,positive_higher,0.6335403037820575,0.7647058823529411,0.30455075845974333,mann_whitney_u,0.050206072281683944,0.07325062456942004,2878,False,,False,42
,,adc_wavelet2-LH_glcm_ClusterShade,0.536227606561878,positive_higher,-28.26401850411245,0.43529411764705883,0.6487747957992999,mann_whitney_u,0.050336698958838036,0.07341569952350153,2879,False,,False,42
,,t2_wavelet-HL_glrlm_LongRunEmphasis,0.5362070148946393,positive_higher,6.169513782884004,0.7088235294117647,0.3605600933488915,mann_whitney_u,0.05046761034384036,0.07358107494228669,2880,False,,False,42
,,t2_wavelet-LH_glrlm_ShortRunEmphasis,0.5361658315601621,negative_higher,0.5923189551267054,0.5134189031505251,0.5735294117647058,mann_whitney_u,0.050730289070369194,0.07393838382731005,2881,False,,False,42
,,t2_wavelet-LH_firstorder_Mean,0.5361074885029857,positive_higher,-0.1219792331228534,0.5823529411764706,0.4935822637106184,mann_whitney_u,0.0511043770154982,0.07445776512424598,2882,False,,False,42
,,t2_wavelet2-LL_ngtdm_Contrast,0.5361006246139062,positive_higher,0.0657609573531938,0.3764705882352941,0.7001166861143524,mann_whitney_u,0.05114853883508258,0.07449625895543245,2883,False,,False,42
,,adc_log-sigma-0-6-mm-3D_glszm_ZoneEntropy,0.5360560093348892,negative_higher,4.872902785415702,0.6161026837806302,0.4970588235294118,mann_whitney_u,0.05143637017198169,0.0748895001221051,2884,False,,False,42
,,t2_wavelet2-LH_firstorder_Uniformity,0.5360388496121903,positive_higher,0.2279772041632143,0.7411764705882353,0.3255542590431738,mann_whitney_u,0.05154743494509196,0.07502519214365377,2885,False,,False,42
,,dwi_exponential_firstorder_Minimum,0.5360182579449515,positive_higher,0.3730296162040933,0.8264705882352941,0.25554259043173866,mann_whitney_u,0.051680977538304564,0.07519349434627196,2886,False,,False,42
,,t2_squareroot_firstorder_Minimum,0.535966778776855,positive_higher,-223.75127102624745,0.8029411764705883,0.2753792298716453,mann_whitney_u,0.05201610106479916,0.0756548695431561,2887,False,,False,42
,,adc_wavelet-LH_firstorder_RobustMeanAbsoluteDeviation,0.5359221634978378,positive_higher,64.0045884842029,0.5794117647058824,0.500583430571762,mann_whitney_u,0.052308009999401106,0.07605309348597135,2888,False,,False,42
,,adc_wavelet-HL_firstorder_Kurtosis,0.5358844121079003,negative_higher,5.107924688899012,0.7164527421236873,0.3735294117647059,mann_whitney_u,0.052556078635224296,0.07636089072294354,2889,False,,False,42
,,adc_wavelet2-LL_glrlm_HighGrayLevelRunEmphasis,0.5358844121079003,negative_higher,8250.097945012,0.37456242707117854,0.7441176470588236,mann_whitney_u,0.052556078635224296,0.07636089072294354,2890,False,,False,42
,,t2_log-sigma-0-6-mm-3D_glcm_MCC,0.5358466607179628,negative_higher,0.7463074038303809,0.6476079346557759,0.4411764705882353,mann_whitney_u,0.05280512999762818,0.07669620922173669,2891,False,,False,42
,,dwi_wavelet2-LL_gldm_DependenceVariance,0.5358295009952638,negative_higher,1.3850768577616683,0.6301050175029171,0.47058823529411764,mann_whitney_u,0.05291866080220325,0.07680796982663375,2892,False,,False,42
,,t2_wavelet2-LH_glcm_DifferenceAverage,0.5358295009952638,negative_higher,0.9823265101443174,0.3080513418903151,0.7676470588235293,mann_whitney_u,0.05291866080220325,0.07680796982663375,2893,False,,False,42
,,t2_wavelet-LH_gldm_SmallDependenceEmphasis,0.5358226371061844,negative_higher,0.09326456448876,0.5204200700116686,0.5617647058823529,mann_whitney_u,0.052964130201085195,0.07684740245831263,2894,False,,False,42
,,dwi_exponential_firstorder_RobustMeanAbsoluteDeviation,0.535812341272565,positive_higher,1.0557938795364246,0.7294117647058823,0.35122520420070014,mann_whitney_u,0.05303239550703823,0.07691987175614975,2895,False,,False,42
,,t2_wavelet-HH_firstorder_Variance,0.5357608621044684,negative_higher,5.264835160935435,0.852975495915986,0.21176470588235297,mann_whitney_u,0.0533748257065715,0.07734937689596849,2896,False,,False,42
,,adc_wavelet2-LH_glcm_Idm,0.5357574301599286,negative_higher,0.3867425420631244,0.4025670945157526,0.6764705882352942,mann_whitney_u,0.05339771989803705,0.07734937689596849,2897,False,,False,42
,,t2_log-sigma-2-mm-3D_gldm_DependenceEntropy,0.5357574301599286,negative_higher,5.553341869750135,0.7537922987164527,0.3294117647058824,mann_whitney_u,0.05339771989803705,0.07734937689596849,2898,False,,False,42
,,adc_wavelet2-LL_glcm_Autocorrelation,0.5357539982153888,negative_higher,7775.240464701978,0.40956826137689617,0.7029411764705882,mann_whitney_u,0.05342062229061886,0.07734937689596849,2899,False,,False,42
,,t2_wavelet2-LL_firstorder_RootMeanSquared,0.5357539982153888,negative_higher,358.9615438378619,0.7199533255542591,0.3735294117647059,mann_whitney_u,0.05342062229061886,0.07734937689596849,2900,False,,False,42
,,adc_log-sigma-0-6-mm-3D_ngtdm_Strength,0.5357471343263093,positive_higher,0.0346968630958186,0.7941176470588235,0.28004667444574094,mann_whitney_u,0.05346645168773225,0.07738904882343596,2901,False,,False,42
,,adc_log-sigma-2-mm-3D_glcm_JointEnergy,0.535719678769991,negative_higher,0.0348395588785194,0.3080513418903151,0.7794117647058824,mann_whitney_u,0.05365009775097687,0.07762810491259542,2902,False,,False,42
,,adc_wavelet2-LL_gldm_HighGrayLevelEmphasis,0.5355995607110988,negative_higher,8293.119279410426,0.3687281213535589,0.7470588235294118,mann_whitney_u,0.054459753014115375,0.0787724777493181,2903,False,,False,42
,,t2_wavelet2-HH_glcm_SumEntropy,0.5355721051547806,negative_higher,1.6348097368093866,0.36406067677946324,0.7176470588235294,mann_whitney_u,0.05464624137502573,0.07901500259426068,2904,False,,False,42
,,t2_log-sigma-2-mm-3D_glcm_JointEntropy,0.535565241265701,negative_higher,4.092481570925027,0.7467911318553092,0.33235294117647063,mann_whitney_u,0.05469294659722263,0.07905531248252592,2905,False,,False,42
,,t2_wavelet2-LH_firstorder_RobustMeanAbsoluteDeviation,0.5355412176539227,negative_higher,7.558407895573483,0.32438739789964993,0.7529411764705882,mann_whitney_u,0.054856677126382175,0.07926468935088739,2906,False,,False,42
,,dwi_wavelet2-LL_gldm_HighGrayLevelEmphasis,0.5355274898757637,positive_higher,561.7269296740994,0.40294117647058825,0.7012835472578763,mann_whitney_u,0.05495042079464571,0.07937283003671047,2907,False,,False,42
,,t2_wavelet-LH_glrlm_RunLengthNonUniformityNormalized,0.5355137620976045,negative_higher,0.3528414852067616,0.5215869311551925,0.5558823529411765,mann_whitney_u,0.05504429799296037,0.07948108915833584,2908,False,,False,42
,,t2_wavelet2-HL_glszm_ZoneVariance,0.5355103301530647,positive_higher,2377.9258214909864,0.14705882352941177,0.9206534422403734,mann_whitney_u,0.05506778817283821,0.07948767361215113,2909,False,,False,42
,,adc_log-sigma-3-mm-3D_firstorder_InterquartileRange,0.5354931704303658,positive_higher,173.26408576965332,0.7823529411764706,0.2998833138856476,mann_whitney_u,0.055185364462247324,0.07963001559346272,2910,False,,False,42
,,adc_original_glszm_SmallAreaHighGrayLevelEmphasis,0.5354725787631271,negative_higher,436.1383990352039,0.4492415402567094,0.6676470588235295,mann_whitney_u,0.055326732153399984,0.07980657791553643,2911,False,,False,42
,,adc_log-sigma-2-mm-3D_glcm_Autocorrelation,0.5354657148740477,negative_higher,127.62330369844877,0.6534422403733956,0.42647058823529416,mann_whitney_u,0.055373921736170735,0.07982643263729808,2912,False,,False,42
,,adc_wavelet2-HL_glcm_Imc1,0.5354622829295079,negative_higher,-0.1216434417930946,0.6021003500583431,0.4647058823529412,mann_whitney_u,0.055397529103378564,0.07982643263729808,2913,False,,False,42
,,dwi_wavelet2-LH_gldm_DependenceNonUniformityNormalized,0.5354622829295078,positive_higher,0.1971352302210996,0.24705882352941178,0.8413068844807468,mann_whitney_u,0.055397529103378564,0.07982643263729808,2914,False,,False,42
,,adc_log-sigma-2-mm-3D_gldm_HighGrayLevelEmphasis,0.5354588509849681,negative_higher,123.796509152831,0.6709451575262544,0.4088235294117647,mann_whitney_u,0.055421144857357434,0.07983306595404592,2915,False,,False,42
,,t2_wavelet2-HL_glszm_LargeAreaEmphasis,0.5354348273731896,positive_higher,2475.8533388520973,0.14705882352941177,0.9218203033838973,mann_whitney_u,0.055586690146883555,0.08004407130547464,2916,False,,False,42
,,dwi_square_gldm_LowGrayLevelEmphasis,0.5354022239000618,negative_higher,0.5624800604243582,0.705950991831972,0.35882352941176465,mann_whitney_u,0.05581160218049693,0.08034038997459945,2917,False,,False,42
,,adc_wavelet-HH_ngtdm_Complexity,0.5353902120941726,negative_higher,27.199823053787032,0.7922987164527421,0.2823529411764706,mann_whitney_u,0.05589522449802184,0.08043318974201293,2918,False,,False,42
,,t2_logarithm_glcm_ClusterShade,0.535352460704235,positive_higher,13177.464311296097,0.36764705882352944,0.7129521586931156,mann_whitney_u,0.05615740490219581,0.08078278286547455,2919,False,,False,42
,,adc_log-sigma-2-mm-3D_glrlm_HighGrayLevelRunEmphasis,0.5353181412588373,negative_higher,121.14221597024049,0.6779463243873979,0.4,mann_whitney_u,0.05639663855158414,0.08109913879387047,2920,False,,False,42
,,adc_log-sigma-2-mm-3D_glszm_HighGrayLevelZoneEmphasis,0.5352803898688998,negative_higher,151.7472959685349,0.5017502917152858,0.5794117647058823,mann_whitney_u,0.05666077485481711,0.0814510762120428,2921,False,,False,42
,,t2_wavelet2-LH_firstorder_InterquartileRange,0.5352220468117235,negative_higher,18.14378312578641,0.2847141190198366,0.7911764705882353,mann_whitney_u,0.05707100999563099,0.08201272107175037,2922,False,,False,42
,,dwi_square_glcm_JointEnergy,0.5352168988949139,negative_higher,0.1720556903371049,0.7281213535589265,0.34411764705882353,mann_whitney_u,0.05710690435481983,0.08203622695377642,2923,False,,False,42
,,adc_exponential_ngtdm_Contrast,0.5351671356990871,positive_higher,0.0043116726591325,0.34705882352941175,0.7397899649941657,mann_whitney_u,0.057459367748158366,0.08251432461508788,2924,False,,False,42
,,adc_wavelet2-HH_glcm_Imc2,0.535153407920928,negative_higher,0.3156955123722343,0.5834305717619603,0.4794117647058823,mann_whitney_u,0.05755679979126104,0.08262598370034362,2925,False,,False,42
,,adc_logarithm_glszm_GrayLevelNonUniformityNormalized,0.5351053606973711,negative_higher,0.1516144143399398,0.4690781796966161,0.6411764705882352,mann_whitney_u,0.05789889426592017,0.0830602859660399,2926,False,,False,42
,,t2_log-sigma-2-mm-3D_glrlm_RunPercentage,0.5351053606973711,negative_higher,0.2911668315607222,0.7701283547257877,0.3294117647058824,mann_whitney_u,0.05789889426592017,0.0830602859660399,2927,False,,False,42
,,t2_log-sigma-2-mm-3D_glrlm_GrayLevelVariance,0.5350710412519734,negative_higher,4.3377894860371,0.822637106184364,0.26764705882352946,mann_whitney_u,0.05814428069447684,0.08338382330468178,2928,False,,False,42
,,adc_log-sigma-2-mm-3D_gldm_SmallDependenceEmphasis,0.5350264259729562,positive_higher,0.2421240436073933,0.7294117647058823,0.3547257876312718,mann_whitney_u,0.05846457432003172,0.08381452631267094,2929,False,,False,42
,,t2_logarithm_glcm_ClusterProminence,0.5349921065275586,negative_higher,2369727.2111917664,0.38739789964994165,0.6882352941176471,mann_whitney_u,0.058711950084998694,0.08414043631635137,2930,False,,False,42
,,t2_wavelet2-LH_firstorder_Kurtosis,0.5349612190267005,negative_higher,7.950859642363237,0.43757292882147025,0.6441176470588235,mann_whitney_u,0.05893533081561408,0.08443174824113392,2931,False,,False,42
,,adc_wavelet2-LH_firstorder_RobustMeanAbsoluteDeviation,0.5349440593040017,positive_higher,86.81768933140474,0.6647058823529411,0.41540256709451573,mann_whitney_u,0.05905973580011796,0.08455227774452619,2932,False,,False,42
,,t2_wavelet2-HH_glcm_DifferenceAverage,0.5349440593040016,negative_higher,0.4285371193920543,0.7992998833138857,0.2647058823529411,mann_whitney_u,0.05905973580011796,0.08455227774452619,2933,False,,False,42
,,dwi_original_gldm_LargeDependenceHighGrayLevelEmphasis,0.5349028759695242,negative_higher,761.2330924109448,0.4224037339556593,0.6558823529411765,mann_whitney_u,0.05935919733180096,0.08495203462720935,2934,False,,False,42
,,dwi_exponential_glrlm_RunEntropy,0.5348857162468255,positive_higher,4.4692822382553485,0.5558823529411765,0.5227537922987164,mann_whitney_u,0.05948434430800766,0.08510213347506786,2935,False,,False,42
,,t2_log-sigma-2-mm-3D_gldm_LargeDependenceEmphasis,0.5348788523577459,positive_higher,48.32220948622336,0.32941176470588235,0.7736289381563594,mann_whitney_u,0.05953446435742881,0.08514482828230367,2936,False,,False,42
,,t2_logarithm_glrlm_LongRunHighGrayLevelEmphasis,0.5347724620770128,negative_higher,2266.2155691409707,0.6791131855309218,0.4117647058823529,mann_whitney_u,0.060315815647079815,0.08623292812464697,2937,False,,False,42
,,adc_squareroot_glcm_DifferenceEntropy,0.5347347106870752,positive_higher,2.300121515737743,0.7147058823529412,0.3722287047841307,mann_whitney_u,0.06059510476494836,0.08660273822601026,2938,False,,False,42
,,adc_wavelet2-LL_glrlm_ShortRunHighGrayLevelEmphasis,0.5347278467979957,negative_higher,7876.056573659809,0.38156359393232203,0.7323529411764707,mann_whitney_u,0.06064599957277797,0.08664598577954906,2939,False,,False,42
,,t2_log-sigma-2-mm-3D_glrlm_RunLengthNonUniformityNormalized,0.5347244148534559,negative_higher,0.1886438047916933,0.7712952158693116,0.32352941176470584,mann_whitney_u,0.06067146025768691,0.08665287810273038,2940,False,,False,42
,,t2_wavelet2-HL_glrlm_LongRunEmphasis,0.5346866634635185,positive_higher,6.232560242410968,0.17058823529411765,0.8949824970828472,mann_whitney_u,0.06095211283468289,0.08702411485645477,2941,False,,False,42
,,dwi_wavelet2-LL_glcm_Autocorrelation,0.5346592079072002,positive_higher,575.0553301776808,0.3941176470588235,0.705950991831972,mann_whitney_u,0.061156898603471864,0.08728681755131827,2942,False,,False,42
,,adc_log-sigma-0-6-mm-3D_glrlm_RunVariance,0.5346557759626605,negative_higher,1.6840994314385629,0.48774795799299886,0.5852941176470587,mann_whitney_u,0.061182536846264395,0.08729373843610744,2943,False,,False,42
,,t2_wavelet2-HL_glrlm_RunVariance,0.5345047704029103,positive_higher,2.34074135865885,0.15294117647058825,0.9148191365227538,mann_whitney_u,0.062319462946285265,0.08888567422263988,2944,False,,False,42
,,adc_square_glcm_ClusterTendency,0.5344670190129728,positive_higher,34.107059638805644,0.7970588235294118,0.2742123687281214,mann_whitney_u,0.06260640911662771,0.08926462203080468,2945,False,,False,42
,,t2_wavelet-LH_gldm_DependenceNonUniformityNormalized,0.5344395634566547,positive_higher,0.1529006476445768,0.47352941176470587,0.5915985997666278,mann_whitney_u,0.06281578280117102,0.0895327467692183,2946,False,,False,42
,,dwi_original_glszm_LowGrayLevelZoneEmphasis,0.5344361315121148,negative_higher,0.0216625376492788,0.8483080513418904,0.2147058823529412,mann_whitney_u,0.06284199517064636,0.08953971419122635,2947,False,,False,42
,,adc_wavelet-LH_glcm_Idm,0.5344189717894159,negative_higher,0.4330263176657382,0.41423570595099185,0.6529411764705882,mann_whitney_u,0.06297319270294459,0.0896962130799404,2948,False,,False,42
,,adc_log-sigma-3-mm-3D_glcm_JointEnergy,0.5344052440112568,negative_higher,0.0330693502640113,0.33022170361726955,0.7588235294117647,mann_whitney_u,0.0630783136837816,0.08978503022311829,2949,False,,False,42
,,t2_wavelet-LH_firstorder_90Percentile,0.5344052440112568,negative_higher,12.062850418277415,0.2742123687281214,0.7941176470588236,mann_whitney_u,0.0630783136837816,0.08978503022311829,2950,False,,False,42
,,adc_square_glszm_GrayLevelNonUniformityNormalized,0.5343812203994783,negative_higher,0.0825475159767993,0.33605600933488916,0.7411764705882353,mann_whitney_u,0.06326262439847935,0.09001686202955432,2951,False,,False,42
,,t2_wavelet2-LH_glcm_JointEnergy,0.5343434690095408,positive_higher,0.0702667030875686,0.7411764705882353,0.3325554259043174,mann_whitney_u,0.06355315455715689,0.09039962601134884,2952,False,,False,42
,,t2_wavelet2-HH_glcm_Idm,0.5343228773423021,positive_higher,0.7819949756793693,0.5823529411764706,0.4924154025670945,mann_whitney_u,0.06371208959840736,0.09059500989627922,2953,False,,False,42
,,adc_log-sigma-0-6-mm-3D_glszm_HighGrayLevelZoneEmphasis,0.5342954217859839,negative_higher,32.832432432432434,0.47024504084014,0.6,mann_whitney_u,0.06392451309913058,0.09086629333217648,2954,False,,False,42
,,t2_log-sigma-2-mm-3D_glrlm_LongRunHighGrayLevelEmphasis,0.5342679662296658,negative_higher,3023.4353958630527,0.5845974329054843,0.4911764705882353,mann_whitney_u,0.06413752208942283,0.09113822512808341,2955,False,,False,42
,,t2_wavelet2-HH_glcm_Id,0.5342164870615691,positive_higher,0.7821750482796401,0.6088235294117647,0.46674445740956827,mann_whitney_u,0.06453849261156097,0.0916769724208202,2956,False,,False,42
,,adc_log-sigma-0-6-mm-3D_glcm_JointAverage,0.534110096780836,negative_higher,6.497149021090616,0.28354725787631274,0.7823529411764706,mann_whitney_u,0.06537372234831991,0.09280062885077596,2957,False,,False,42
,,adc_log-sigma-0-6-mm-3D_glcm_SumAverage,0.534110096780836,negative_higher,12.99429804218123,0.28354725787631274,0.7823529411764706,mann_whitney_u,0.06537372234831991,0.09280062885077596,2958,False,,False,42
,,t2_squareroot_firstorder_InterquartileRange,0.5340757773354383,negative_higher,106.5974868490889,0.8261376896149358,0.2735294117647059,mann_whitney_u,0.06564504516868239,0.09315429018698795,2959,False,,False,42
,,t2_log-sigma-2-mm-3D_glrlm_LongRunEmphasis,0.5340242981673416,positive_higher,25.796911082624,0.3264705882352941,0.7712952158693116,mann_whitney_u,0.06605376940744548,0.09370262761549444,2960,False,,False,42
,,dwi_log-sigma-0-6-mm-3D_glcm_Id,0.5339831148328643,negative_higher,0.7538580235775882,0.9031505250875146,0.19999999999999996,mann_whitney_u,0.06638225662662364,0.09413681039351324,2961,False,,False,42
,,t2_exponential_gldm_DependenceVariance,0.5338561328848925,positive_higher,1.0968750266660552,0.3558823529411765,0.7199533255542591,mann_whitney_u,0.06740357276328393,0.09552775201060287,2962,False,,False,42
,,adc_exponential_glcm_Idn,0.5338527009403528,negative_higher,0.9806729424313798,0.6522753792298717,0.41470588235294115,mann_whitney_u,0.06743135436042556,0.09552775201060287,2963,False,,False,42
,,adc_log-sigma-3-mm-3D_gldm_SmallDependenceEmphasis,0.5338527009403528,positive_higher,0.2117855285111319,0.6588235294117647,0.4142357059509918,mann_whitney_u,0.06743135436042556,0.09552775201060287,2964,False,,False,42
,,dwi_square_ngtdm_Contrast,0.5338475530235431,positive_higher,0.0199747901126274,0.15,0.9206534422403734,mann_whitney_u,0.06747257971514732,0.09555391643301978,2965,False,,False,42
,,dwi_squareroot_gldm_SmallDependenceHighGrayLevelEmphasis,0.5338149495504152,positive_higher,33.490531454285524,0.43529411764705883,0.6487747957992999,mann_whitney_u,0.06773757425006975,0.09589685579097872,2966,False,,False,42
,,t2_wavelet2-HL_glszm_SmallAreaEmphasis,0.5338012217722562,negative_higher,0.3915738553384394,0.9194865810968494,0.15294117647058825,mann_whitney_u,0.06784921016885542,0.09602252561477044,2967,False,,False,42
,,adc_exponential_gldm_SmallDependenceLowGrayLevelEmphasis,0.5337669023268583,positive_higher,0.0240765090290788,0.29705882352941176,0.7666277712952159,mann_whitney_u,0.06812896214681155,0.0963859541962472,2968,False,,False,42
,,dwi_logarithm_glcm_InverseVariance,0.5337531745486993,positive_higher,0.3382506810868475,0.7823529411764706,0.3068844807467911,mann_whitney_u,0.06824112818698491,0.0964471549165768,2969,False,,False,42
,,dwi_logarithm_ngtdm_Contrast,0.5337531745486993,positive_higher,0.0160316775916853,0.5647058823529412,0.5390898483080513,mann_whitney_u,0.06824112818698491,0.0964471549165768,2970,False,,False,42
,,dwi_logarithm_ngtdm_Strength,0.5337531745486993,positive_higher,0.7039423029481764,0.6294117647058823,0.4399066511085181,mann_whitney_u,0.06824112818698491,0.0964471549165768,2971,False,,False,42
,,adc_log-sigma-0-6-mm-3D_glcm_Autocorrelation,0.5337497426041595,negative_higher,29.765808268704404,0.5577596266044341,0.5088235294117647,mann_whitney_u,0.0682691934080007,0.096454355020254,2972,False,,False,42
,,adc_wavelet2-LH_glcm_Id,0.5337463106596197,negative_higher,0.455890226806645,0.4049008168028005,0.6735294117647059,mann_whitney_u,0.06829726811789051,0.09646156368214674,2973,False,,False,42
,,adc_wavelet2-LH_firstorder_Mean,0.5337257189923811,positive_higher,-4.51857371749886,0.23823529411764705,0.8483080513418904,mann_whitney_u,0.0684659157691868,0.0966672428765351,2974,False,,False,42
,,adc_wavelet2-LH_glcm_InverseVariance,0.533711991214222,negative_higher,0.3677020065697169,0.42707117852975496,0.65,mann_whitney_u,0.06857853759832132,0.09679370735305923,2975,False,,False,42
,,t2_wavelet-LH_glszm_ZonePercentage,0.5336776717688242,negative_higher,0.0872077991209259,0.47724620770128356,0.6088235294117648,mann_whitney_u,0.06886075843385181,0.09715938328754829,2976,False,,False,42
,,t2_wavelet2-LH_glszm_ZoneEntropy,0.533636488434347,negative_higher,6.156402110916969,0.5519253208868145,0.5147058823529411,mann_whitney_u,0.06920068238535655,0.09760620266580859,2977,False,,False,42
,,dwi_squareroot_glszm_LargeAreaLowGrayLevelEmphasis,0.5336296245452673,negative_higher,0.2465303177464846,0.7129521586931156,0.37058823529411766,mann_whitney_u,0.06925747015362535,0.09765349804401371,2978,False,,False,42
,,adc_log-sigma-3-mm-3D_glcm_InverseVariance,0.533619328711648,positive_higher,0.4769824988240195,0.37941176470588234,0.721120186697783,mann_whitney_u,0.06934272356738425,0.0977408849477833,2979,False,,False,42
,,adc_log-sigma-2-mm-3D_firstorder_RobustMeanAbsoluteDeviation,0.5336021689889492,positive_higher,70.50083802108473,0.6294117647058823,0.4469078179696616,mann_whitney_u,0.06948500410369764,0.09790856786289477,2980,False,,False,42
,,t2_log-sigma-2-mm-3D_firstorder_Median,0.5335987370444093,positive_higher,2.264497399330139,0.24705882352941178,0.8366394399066511,mann_whitney_u,0.0695134889581886,0.09791584707662997,2981,False,,False,42
,,t2_original_glcm_JointEntropy,0.5335815773217104,negative_higher,6.333764897228224,0.7584597432905484,0.3294117647058824,mann_whitney_u,0.06965605709037569,0.0980837638237718,2982,False,,False,42
,,dwi_log-sigma-2-mm-3D_glszm_LargeAreaHighGrayLevelEmphasis,0.5335609856544719,negative_higher,40233.36690647482,0.5040840140023337,0.5764705882352941,mann_whitney_u,0.06982745563708471,0.09829215092863516,2983,False,,False,42
,,dwi_original_glcm_MaximumProbability,0.5334717550964376,negative_higher,0.1221806640771502,0.6277712952158693,0.4764705882352941,mann_whitney_u,0.07057418765854288,0.09930999127956487,2984,False,,False,42
,,dwi_logarithm_firstorder_MeanAbsoluteDeviation,0.5334545953737387,positive_higher,57.8622277802588,0.4294117647058823,0.6546091015169195,mann_whitney_u,0.07071853824155616,0.09947977959004835,2985,False,,False,42
,,t2_wavelet-LH_glrlm_RunPercentage,0.5334237078728808,negative_higher,0.5147356244048698,0.5227537922987164,0.5470588235294118,mann_whitney_u,0.07097897945342949,0.09981270419455808,2986,False,,False,42
,,t2_wavelet-HH_firstorder_MeanAbsoluteDeviation,0.5333928203720227,negative_higher,1.5781286305098567,0.8751458576429405,0.18823529411764706,mann_whitney_u,0.07124020655808976,0.10014651065866048,2987,False,,False,42
,,adc_wavelet-HL_firstorder_Range,0.5333482050930057,negative_higher,1676.7773015647294,0.5274212368728122,0.5441176470588236,mann_whitney_u,0.07161892536668911,0.10064520335164913,2988,False,,False,42
,,t2_square_glcm_Id,0.5333173175921476,negative_higher,0.9130807549091692,0.4387397899649942,0.65,mann_whitney_u,0.07188208045585073,0.10098121640485688,2989,False,,False,42
,,t2_log-sigma-3-mm-3D_glcm_DifferenceVariance,0.5332864300912897,negative_higher,0.1512384835513509,0.8926487747957993,0.17352941176470593,mann_whitney_u,0.07214602709549021,0.10131811631236234,2990,False,,False,42
,,dwi_log-sigma-3-mm-3D_firstorder_Median,0.5332589745349715,negative_higher,-17.07655143737793,0.8028004667444574,0.3176470588235294,mann_whitney_u,0.07238131217105571,0.1016145535962096,2991,False,,False,42
,,adc_wavelet2-LL_glszm_SmallAreaHighGrayLevelEmphasis,0.533252110645892,negative_higher,7223.376552679721,0.3710618436406068,0.7411764705882353,mann_whitney_u,0.07244023150048061,0.10166327943533358,2992,False,,False,42
,,t2_wavelet2-HL_glcm_Imc2,0.5332143592559544,negative_higher,0.5815201929454266,0.8168028004667445,0.25,mann_whitney_u,0.07276499007421777,0.10208492927552303,2993,False,,False,42
,,dwi_squareroot_gldm_DependenceVariance,0.533176607866017,negative_higher,2.170427841047471,0.79463243873979,0.30000000000000004,mann_whitney_u,0.07309093927548228,0.10250796727379763,2994,False,,False,42
,,adc_squareroot_ngtdm_Complexity,0.5331525842542385,negative_higher,941.4824614153418,0.4725787631271879,0.6029411764705883,mann_whitney_u,0.07329898278254521,0.10273111772493569,2995,False,,False,42
,,adc_wavelet2-HH_glcm_ClusterShade,0.5331525842542384,positive_higher,0.0048240154555816,0.6058823529411764,0.47724620770128356,mann_whitney_u,0.07329898278254521,0.10273111772493569,2996,False,,False,42
,,t2_log-sigma-2-mm-3D_glrlm_GrayLevelNonUniformityNormalized,0.5331422884206192,positive_higher,0.1353499562589087,0.38235294117647056,0.6966161026837806,mann_whitney_u,0.07338829244836055,0.10282196863218751,2997,False,,False,42
,,adc_wavelet2-HH_gldm_LargeDependenceLowGrayLevelEmphasis,0.5331182648088407,positive_higher,0.4042453629228394,0.6647058823529411,0.41190198366394404,mann_whitney_u,0.07359702782964003,0.10308002663664392,2998,False,,False,42
,,t2_logarithm_firstorder_Kurtosis,0.533053057862585,positive_higher,2.263660115827946,0.38529411764705884,0.7187864644107351,mann_whitney_u,0.0741660435942961,0.10384235313519484,2999,False,,False,42
,,dwi_squareroot_firstorder_RootMeanSquared,0.5330256023062667,positive_higher,846.1521061716554,0.20294117647058824,0.8809801633605601,mann_whitney_u,0.07440670245719648,0.10414458120592268,3000,False,,False,42
,,adc_exponential_firstorder_Median,0.5330084425835678,negative_higher,24.003829545803963,0.7666277712952159,0.3294117647058824,mann_whitney_u,0.07455743800710456,0.10432078713489905,3001,False,,False,42
,,adc_log-sigma-0-6-mm-3D_firstorder_90Percentile,0.5329398036927723,positive_higher,42.42858505249023,0.6147058823529412,0.4539089848308051,mann_whitney_u,0.0751628768902474,0.10513288476420679,3002,False,,False,42
,,adc_square_firstorder_Range,0.532898620358295,negative_higher,1882.351638978504,0.5064177362893816,0.5735294117647058,mann_whitney_u,0.07552806302841364,0.10560850371505456,3003,False,,False,42
,,t2_wavelet-HL_firstorder_Kurtosis,0.5328917564692155,negative_higher,8.367759413106501,0.35822637106184363,0.7147058823529412,mann_whitney_u,0.07558906794846731,0.10565862061105669,3004,False,,False,42
,,t2_log-sigma-2-mm-3D_glcm_ClusterProminence,0.532792230077562,negative_higher,897.3741316862477,0.779463243873979,0.3058823529411765,mann_whitney_u,0.07647816696783913,0.10686583131379584,3005,False,,False,42
,,t2_wavelet2-LH_glszm_SmallAreaEmphasis,0.5327201592422266,negative_higher,0.4571278715716976,0.4539089848308051,0.6235294117647059,mann_whitney_u,0.07712730606032404,0.10773704529184985,3006,False,,False,42
,,dwi_wavelet2-LL_gldm_SmallDependenceLowGrayLevelEmphasis,0.5327029995195278,positive_higher,0.0023626001781745,0.6617647058823529,0.4142357059509918,mann_whitney_u,0.07728252296169183,0.10791796272568806,3007,False,,False,42
,,adc_square_glcm_SumSquares,0.53266868007413,positive_higher,10.066626784507996,0.7764705882352941,0.29054842473745623,mann_whitney_u,0.07759372031228663,0.1083164998641262,3008,False,,False,42
,,t2_wavelet2-HH_firstorder_RootMeanSquared,0.5326618161850505,negative_higher,300.01174197934785,0.8833138856476079,0.19117647058823528,mann_whitney_u,0.07765608210412753,0.10836752700406498,3009,False,,False,42
,,adc_wavelet2-HH_glszm_ZonePercentage,0.5326515203514312,positive_higher,0.0981027302174919,0.7588235294117647,0.3068844807467911,mann_whitney_u,0.07774970132793463,0.10846212487574668,3010,False,,False,42
,,adc_squareroot_gldm_SmallDependenceHighGrayLevelEmphasis,0.5326480884068914,negative_higher,547.0420432841556,0.46674445740956827,0.6235294117647059,mann_whitney_u,0.07778092815454661,0.10846965038888781,3011,False,,False,42
,,adc_wavelet-HL_glrlm_RunVariance,0.5326309286841925,negative_higher,0.5483629171654463,0.574095682613769,0.49411764705882355,mann_whitney_u,0.07793721552965446,0.10865151660326,3012,False,,False,42
,,t2_wavelet-HH_glcm_InverseVariance,0.5326274967396526,negative_higher,0.4795310018544906,0.5379229871645275,0.5411764705882354,mann_whitney_u,0.0779685036689492,0.10865905970989634,3013,False,,False,42
,,dwi_wavelet-HH_glszm_GrayLevelVariance,0.5326240647951129,positive_higher,1.5144889987244896,0.32941176470588235,0.750291715285881,mann_whitney_u,0.07799919983598762,0.10866577309598938,3014,False,,False,42
,,adc_log-sigma-0-6-mm-3D_gldm_SmallDependenceEmphasis,0.5326137689614936,positive_higher,0.1058207176118686,0.7941176470588235,0.2672112018669778,mann_whitney_u,0.07809375851591595,0.10876142355168525,3015,False,,False,42
,,adc_exponential_glszm_ZoneEntropy,0.5325983252110646,negative_higher,5.008191721861791,0.5332555425904317,0.5441176470588236,mann_whitney_u,0.07823486442119121,0.10892181555191707,3016,False,,False,42
,,adc_wavelet-LH_glcm_Id,0.5325897453497151,negative_higher,0.494930053608264,0.4072345390898483,0.6617647058823529,mann_whitney_u,0.0783133486628301,0.10899494565304063,3017,False,,False,42
,,adc_wavelet-LH_firstorder_Mean,0.5325828814606356,positive_higher,-4.440910562877833,0.34705882352941175,0.7386231038506418,mann_whitney_u,0.07837618093560605,0.10904625041372094,3018,False,,False,42
,,t2_log-sigma-0-6-mm-3D_glszm_LargeAreaLowGrayLevelEmphasis,0.5325622897933969,positive_higher,146.18951775159792,0.2676470588235294,0.8249708284714119,mann_whitney_u,0.07856492397474873,0.10927264517057632,3019,False,,False,42
,,adc_wavelet-HL_ngtdm_Strength,0.532545130070698,positive_higher,0.9294806609856284,0.3764705882352941,0.7047841306884481,mann_whitney_u,0.07872249223886317,0.10945554467251208,3020,False,,False,42
,,adc_square_glcm_InverseVariance,0.53251424256984,negative_higher,0.43087460367393,0.2952158693115519,0.7735294117647059,mann_whitney_u,0.0790067630149821,0.10977809328256448,3021,False,,False,42
,,dwi_logarithm_glcm_DifferenceAverage,0.53251424256984,positive_higher,0.8078119036457863,0.4970588235294118,0.572928821470245,mann_whitney_u,0.0790067630149821,0.10977809328256448,3022,False,,False,42
,,dwi_logarithm_glrlm_LongRunHighGrayLevelEmphasis,0.5325108106253003,negative_higher,2626.134255242099,0.45857642940490084,0.6294117647058823,mann_whitney_u,0.07903840013414716,0.10978572350753685,3023,False,,False,42
,,dwi_squareroot_firstorder_Minimum,0.5324936509026014,positive_higher,-141.0225214068842,0.5323529411764706,0.5390898483080513,mann_whitney_u,0.07919674033215393,0.10996928328528914,3024,False,,False,42
,,adc_log-sigma-2-mm-3D_glcm_Imc2,0.5323014620083739,positive_higher,0.8302588490185503,0.3588235294117647,0.7257876312718786,t_test,0.07944631902753366,0.11027936978400457,3025,False,,False,42
,,t2_log-sigma-3-mm-3D_glcm_DifferenceEntropy,0.532438739789965,negative_higher,0.7703441457801071,0.6301050175029171,0.43529411764705883,mann_whitney_u,0.07970516330399365,0.11060210862969905,3026,False,,False,42
,,t2_wavelet2-LH_glcm_MaximumProbability,0.5323666689546297,positive_higher,0.1313862050981631,0.8235294117647058,0.24504084014002336,mann_whitney_u,0.08037649144716877,0.11149682444224039,3027,False,,False,42
,,adc_log-sigma-0-6-mm-3D_glrlm_HighGrayLevelRunEmphasis,0.5323563731210104,negative_higher,29.93033292878972,0.5962660443407235,0.47058823529411764,mann_whitney_u,0.08047276934334609,0.11155667166481024,3028,False,,False,42
,,dwi_wavelet-HH_glszm_SmallAreaLowGrayLevelEmphasis,0.5323563731210104,negative_higher,0.10333375850698,0.48191365227537925,0.5911764705882353,mann_whitney_u,0.08047276934334609,0.11155667166481024,3029,False,,False,42
,,adc_wavelet2-HH_glrlm_LongRunLowGrayLevelEmphasis,0.5323495092319307,positive_higher,0.0824991614332662,0.6617647058823529,0.41540256709451573,mann_whitney_u,0.0805370066329495,0.111608874868566,3030,False,,False,42
,,t2_log-sigma-2-mm-3D_firstorder_90Percentile,0.5322843022856751,negative_higher,25.44762191772461,0.690781796966161,0.4,mann_whitney_u,0.08114934032191076,0.11242034972342571,3031,False,,False,42
,,t2_wavelet-HH_gldm_SmallDependenceEmphasis,0.5322534147848171,negative_higher,0.049307705528283,0.6441073512252042,0.4205882352941176,mann_whitney_u,0.0814407093098018,0.11278678706855466,3032,False,,False,42
,,dwi_squareroot_glrlm_LongRunHighGrayLevelEmphasis,0.5322465508957376,negative_higher,579.7775804346446,0.4865810968494749,0.6029411764705883,mann_whitney_u,0.08150557312865533,0.11283940045078264,3033,False,,False,42
,,adc_wavelet-HH_glrlm_LongRunLowGrayLevelEmphasis,0.5322225272839591,positive_higher,0.164499257727843,0.23529411764705882,0.8354725787631272,mann_whitney_u,0.08173292668520175,0.11311686194830657,3034,False,,False,42
,,t2_wavelet-HH_ngtdm_Busyness,0.5321916397831011,negative_higher,308.8817900479441,0.7852975495915986,0.2852941176470588,mann_whitney_u,0.08202599410233315,0.11348505740879634,3035,False,,False,42
,,dwi_wavelet-HL_glrlm_RunEntropy,0.5321744800604022,positive_higher,3.659972128864688,0.3,0.8319719953325554,mann_whitney_u,0.0821891772449724,0.1136733712950063,3036,False,,False,42
,,t2_wavelet-LH_gldm_LargeDependenceEmphasis,0.5321435925595442,positive_higher,26.53477797403561,0.6088235294117647,0.46207701283547253,mann_whitney_u,0.08248357023742776,0.11404297379880118,3037,False,,False,42
,,adc_square_glszm_SizeZoneNonUniformityNormalized,0.5321024092250669,positive_higher,0.3182428735533825,0.8294117647058824,0.23337222870478413,mann_whitney_u,0.08287742337695235,0.11454980275175211,3038,False,,False,42
,,t2_squareroot_glcm_Idmn,0.5320989772805271,positive_higher,0.9940102030763246,0.5470588235294118,0.5320886814469078,mann_whitney_u,0.0829103131473292,0.11455755344048547,3039,False,,False,42
,,adc_square_glcm_JointEnergy,0.5319651314434759,negative_higher,0.0119046540023606,0.6732788798133023,0.388235294117647,mann_whitney_u,0.08420128592515161,0.11630302618411566,3040,False,,False,42
,,adc_log-sigma-3-mm-3D_glcm_Id,0.5318381494955041,negative_higher,0.6102736176984909,0.4352392065344224,0.65,mann_whitney_u,0.08544104719707497,0.11797663833624393,3041,False,,False,42
,,t2_wavelet-HH_glcm_SumEntropy,0.5318141258837257,negative_higher,1.5941004432504342,0.34072345390898484,0.7323529411764707,mann_whitney_u,0.08567724840280158,0.1182638941628415,3042,False,,False,42
,,t2_wavelet2-HL_glcm_Correlation,0.531793534216487,negative_higher,0.5004773800173979,0.646441073512252,0.42352941176470593,mann_whitney_u,0.08588012636089112,0.11850497883318496,3043,False,,False,42
,,adc_wavelet-HL_glcm_Correlation,0.5317351911593108,positive_higher,0.3235741213365756,0.46176470588235297,0.61610268378063,mann_whitney_u,0.08645705596814739,0.11926188502307848,3044,False,,False,42
,,t2_wavelet-HH_glrlm_ShortRunEmphasis,0.5317111675475324,negative_higher,0.5310549720823502,0.733955659276546,0.35,mann_whitney_u,0.0866955231748691,0.11955156052915447,3045,False,,False,42
,,t2_exponential_ngtdm_Complexity,0.5317077356029927,negative_higher,0.3954961732771319,0.632438739789965,0.44999999999999996,mann_whitney_u,0.08672956707372761,0.11955924233177355,3046,False,,False,42
,,t2_square_glrlm_ShortRunEmphasis,0.5316734161575949,negative_higher,0.4352731304066691,0.7397899649941657,0.32647058823529407,mann_whitney_u,0.08707133006860339,0.11999097963835434,3047,False,,False,42
,,adc_log-sigma-3-mm-3D_firstorder_RobustMeanAbsoluteDeviation,0.5316528244903562,positive_higher,65.50692188496318,0.8970588235294118,0.17619603267211204,mann_whitney_u,0.08727686918147029,0.12023476827197958,3048,False,,False,42
,,adc_wavelet2-HL_glrlm_RunVariance,0.5316493925458166,negative_higher,0.3207335712123137,0.6709451575262544,0.388235294117647,mann_whitney_u,0.0873111637355677,0.12024256363583102,3049,False,,False,42
,,adc_square_glcm_JointAverage,0.5316288008785777,negative_higher,9.709206345754444,0.5635939323220537,0.5205882352941176,mann_whitney_u,0.08751715947823688,0.12044724767260462,3050,False,,False,42
,,adc_square_glcm_SumAverage,0.5316288008785777,negative_higher,19.41841269150886,0.5635939323220537,0.5205882352941176,mann_whitney_u,0.08751715947823688,0.12044724767260462,3051,False,,False,42
,,adc_logarithm_ngtdm_Complexity,0.531580753655021,negative_higher,103.47171313149131,0.574095682613769,0.5058823529411764,mann_whitney_u,0.08799934122058757,0.12107117751810197,3052,False,,False,42
,,t2_log-sigma-2-mm-3D_glrlm_RunVariance,0.5315704578214016,positive_higher,13.033567687390336,0.3058823529411765,0.7852975495915986,mann_whitney_u,0.08810294409251682,0.12117401318194501,3053,False,,False,42
,,dwi_wavelet-HH_glcm_InverseVariance,0.5315567300432424,negative_higher,0.508885114071693,0.632438739789965,0.43823529411764706,mann_whitney_u,0.08824123422158385,0.12132447363995762,3054,False,,False,42
,,t2_exponential_glrlm_GrayLevelVariance,0.5315155467087651,negative_higher,0.7457619445198927,0.5554259043173863,0.5352941176470588,mann_whitney_u,0.08865708796825107,0.1218563379308302,3055,False,,False,42
,,adc_squareroot_glcm_DifferenceAverage,0.5315018189306061,positive_higher,1.5541392034544126,0.7323529411764705,0.3605600933488915,mann_whitney_u,0.08879614570703448,0.12200753135596785,3056,False,,False,42
,,adc_square_glszm_SmallAreaEmphasis,0.5314434758734299,positive_higher,0.5788588791230518,0.8411764705882353,0.22053675612602097,mann_whitney_u,0.08938881666906191,0.12278169486208405,3057,False,,False,42
,,adc_exponential_glrlm_LongRunHighGrayLevelEmphasis,0.53144004392889,negative_higher,97.90542669672864,0.35355892648774795,0.7205882352941176,mann_whitney_u,0.08942377864156709,0.12278955085544152,3058,False,,False,42
,,t2_wavelet2-LH_firstorder_90Percentile,0.5313645411490151,negative_higher,17.62960145542671,0.4200700116686114,0.6470588235294117,mann_whitney_u,0.09019573196891144,0.12380904823061757,3059,False,,False,42
,,adc_log-sigma-2-mm-3D_firstorder_Uniformity,0.5312959022582195,negative_higher,0.1491155091458014,0.26954492415402564,0.8,mann_whitney_u,0.09090215286337373,0.12473795420696285,3060,False,,False,42
,,t2_wavelet-HH_firstorder_90Percentile,0.5312856064246001,negative_higher,2.259367360185588,0.9171528588098017,0.138235294117647,mann_whitney_u,0.09100849873456417,0.12484308598054066,3061,False,,False,42
,,dwi_wavelet2-HH_glszm_LowGrayLevelZoneEmphasis,0.5312804585077905,negative_higher,0.3003048780487805,0.4539089848308051,0.6205882352941177,mann_whitney_u,0.09106156379949074,0.12487508373418078,3062,False,,False,42
,,adc_log-sigma-3-mm-3D_glcm_Idm,0.5312615828128218,negative_higher,0.5750209798950394,0.4387397899649942,0.6441176470588235,mann_whitney_u,0.09125702817686825,0.12510227271128624,3063,False,,False,42
,,t2_wavelet2-HH_glrlm_RunEntropy,0.5312444230901229,negative_higher,3.0819252473975576,0.7187864644107351,0.3647058823529412,mann_whitney_u,0.09143488304043289,0.12530518077244704,3064,False,,False,42
,,t2_wavelet-HH_firstorder_10Percentile,0.5312375592010433,positive_higher,-2.420274271162028,0.18823529411764706,0.8728121353558926,mann_whitney_u,0.09150610295422726,0.1253618682886787,3065,False,,False,42
,,t2_log-sigma-2-mm-3D_glcm_SumEntropy,0.5311998078111058,negative_higher,3.410327246900508,0.9533255542590432,0.1264705882352941,mann_whitney_u,0.09189860984190885,0.12585853317879167,3066,False,,False,42
,,dwi_logarithm_firstorder_90Percentile,0.5311723522547875,positive_higher,919.561548930974,0.21470588235294116,0.8459743290548425,mann_whitney_u,0.09218491814546395,0.1262094787390946,3067,False,,False,42
,,adc_wavelet-HL_firstorder_Maximum,0.5311414647539295,negative_higher,549.699607804705,0.7409568261376897,0.32647058823529407,mann_whitney_u,0.09250787093455003,0.12661034877906635,3068,False,,False,42
,,dwi_wavelet2-HH_glrlm_LowGrayLevelRunEmphasis,0.5311174411421511,negative_higher,0.1798365134415894,0.7817969661610268,0.28823529411764703,mann_whitney_u,0.09275968402616598,0.12687228443839443,3069,False,,False,42
,,t2_wavelet2-LH_glszm_SizeZoneNonUniformityNormalized,0.5311174411421511,negative_higher,0.2099457530555684,0.4597432905484247,0.6147058823529412,mann_whitney_u,0.09275968402616598,0.12687228443839443,3070,False,,False,42
,,dwi_wavelet-HL_glcm_Idn,0.5311071453085319,positive_higher,0.9295886619425732,0.6882352941176471,0.38739789964994165,mann_whitney_u,0.09286777224153239,0.12697876119902135,3071,False,,False,42
,,adc_log-sigma-0-6-mm-3D_gldm_HighGrayLevelEmphasis,0.531103713363992,negative_higher,30.111523301646187,0.5857642940490082,0.48235294117647054,mann_whitney_u,0.09290382410575838,0.12698670488934877,3072,False,,False,42
,,t2_wavelet-LH_glszm_LargeAreaHighGrayLevelEmphasis,0.5310796897522136,negative_higher,815077.7540463345,0.3990665110851809,0.6882352941176471,mann_whitney_u,0.09315650181482568,0.12729064468612203,3073,False,,False,42
,,t2_wavelet-HH_firstorder_Kurtosis,0.5310762578076739,negative_higher,9.938481616631709,0.543757292882147,0.5352941176470588,mann_whitney_u,0.09319264360887976,0.12729860459130973,3074,False,,False,42
,,t2_original_firstorder_90Percentile,0.5310659619740545,negative_higher,82.74840048525417,0.6277712952158693,0.45882352941176474,mann_whitney_u,0.09330113650846385,0.12740535681269585,3075,False,,False,42
,,dwi_original_ngtdm_Contrast,0.5310385064177363,positive_higher,0.0338371036119897,0.22647058823529412,0.8844807467911319,mann_whitney_u,0.09359094643274905,0.12775955268891848,3076,False,,False,42
,,t2_square_glcm_Idm,0.5309321161370032,negative_higher,0.9098533645872642,0.4305717619603267,0.65,mann_whitney_u,0.0947207868463333,0.12925985829306255,3077,False,,False,42
,,adc_wavelet2-HL_ngtdm_Complexity,0.5308875008579861,negative_higher,492.7573376255071,0.5974329054842473,0.4764705882352941,mann_whitney_u,0.09519783203989511,0.12986864741244952,3078,False,,False,42
,,dwi_original_glcm_JointAverage,0.5307639508545542,positive_higher,8.952383034441958,0.24705882352941178,0.8611435239206534,mann_whitney_u,0.09652892875412893,0.13159901683071018,3079,False,,False,42
,,dwi_original_glcm_SumAverage,0.5307639508545542,positive_higher,17.904766068883905,0.24705882352941178,0.8611435239206534,mann_whitney_u,0.09652892875412893,0.13159901683071018,3080,False,,False,42
,,t2_log-sigma-2-mm-3D_glszm_ZonePercentage,0.5307467911318553,negative_higher,0.0152099146110056,0.6289381563593932,0.44705882352941173,mann_whitney_u,0.09671497522239628,0.13180986074613502,3081,False,,False,42
,,t2_log-sigma-0-6-mm-3D_glszm_SmallAreaEmphasis,0.5307090397419177,negative_higher,0.314716271708732,0.7817969661610268,0.30294117647058827,mann_whitney_u,0.09712528702842291,0.13232611298908106,3082,False,,False,42
,,t2_wavelet2-LL_firstorder_90Percentile,0.5306850161301393,negative_higher,328.2579397528804,0.6219369894982497,0.46176470588235297,mann_whitney_u,0.09738711839311201,0.1326398021838071,3083,False,,False,42
,,adc_wavelet2-HL_glrlm_LongRunLowGrayLevelEmphasis,0.5306575605738211,positive_higher,0.0073237128991912,0.5529411764705883,0.5169194865810969,mann_whitney_u,0.09768704479123902,0.13300515599170318,3084,False,,False,42
,,adc_wavelet-HH_firstorder_Maximum,0.5306541286292814,negative_higher,553.699587541829,0.2975495915985998,0.7647058823529411,mann_whitney_u,0.0977245874364528,0.13301314186245228,3085,False,,False,42
,,t2_exponential_firstorder_Minimum,0.5306266730729632,negative_higher,0.1234905325691475,0.5764294049008168,0.5147058823529411,mann_whitney_u,0.09802534382053775,0.13337926723993457,3086,False,,False,42
,,t2_squareroot_glcm_ClusterShade,0.530612945294804,positive_higher,2425.943012833968,0.4411764705882353,0.6336056009334889,mann_whitney_u,0.0981759990613355,0.13354098479382825,3087,False,,False,42
,,adc_original_glszm_GrayLevelVariance,0.5306095133502643,positive_higher,25.112973219787808,0.5735294117647058,0.49474912485414235,mann_whitney_u,0.09821369175513454,0.13354899341962756,3088,False,,False,42
,,dwi_wavelet-HL_glszm_ZoneEntropy,0.530568330015787,negative_higher,5.487646297467358,0.5472578763127188,0.5470588235294118,mann_whitney_u,0.09866690624239123,0.13407842696174782,3089,False,,False,42
,,t2_wavelet-HH_firstorder_RobustMeanAbsoluteDeviation,0.530568330015787,negative_higher,1.1519571799918833,0.6744457409568262,0.3852941176470588,mann_whitney_u,0.09866690624239123,0.13407842696174782,3090,False,,False,42
,,dwi_logarithm_glszm_LargeAreaLowGrayLevelEmphasis,0.5305580341821676,negative_higher,0.5179502564784952,0.662777129521587,0.4088235294117647,mann_whitney_u,0.0987804703727752,0.13418932225664285,3091,False,,False,42
,,t2_square_glrlm_GrayLevelVariance,0.5305546022376277,negative_higher,3.437420818422728,0.6452742123687282,0.4441176470588235,mann_whitney_u,0.09881834826318246,0.13419736234058963,3092,False,,False,42
,,adc_wavelet-HH_glrlm_RunPercentage,0.5305099869586107,positive_higher,0.6243911577369802,0.6911764705882353,0.37339556592765466,mann_whitney_u,0.09931181669918608,0.1348238985838611,3093,False,,False,42
,,adc_exponential_gldm_DependenceVariance,0.5304653716795936,positive_higher,4.946423405654175,0.38235294117647056,0.6966161026837806,mann_whitney_u,0.09980724943370974,0.13545269566003465,3094,False,,False,42
,,dwi_log-sigma-2-mm-3D_glrlm_RunLengthNonUniformity,0.5304482119568947,negative_higher,426.7588311710043,0.6872812135355892,0.3764705882352941,mann_whitney_u,0.09999832456692871,0.13566816312004318,3095,False,,False,42
,,adc_wavelet2-HH_glrlm_ShortRunEmphasis,0.5303761411215595,positive_higher,0.631954478638157,0.7764705882352941,0.2893815635939323,mann_whitney_u,0.10080402751230882,0.1367170902855894,3096,False,,False,42
,,adc_wavelet2-HL_glcm_JointAverage,0.5303555494543208,negative_higher,19.214118741471857,0.43757292882147025,0.6323529411764706,mann_whitney_u,0.10103517599799801,0.13694212524712512,3097,False,,False,42
,,adc_wavelet2-HL_glcm_SumAverage,0.5303555494543208,negative_higher,38.42823748294372,0.43757292882147025,0.6323529411764706,mann_whitney_u,0.10103517599799801,0.13694212524712512,3098,False,,False,42
,,adc_log-sigma-0-6-mm-3D_firstorder_Maximum,0.5303521175097811,negative_higher,405.47314453125,0.3547257876312719,0.7264705882352941,mann_whitney_u,0.10107374176637417,0.1369501909251388,3099,False,,False,42
,,t2_exponential_glszm_ZoneEntropy,0.5303143661198435,negative_higher,5.345137446661559,0.7001166861143524,0.3970588235294118,mann_whitney_u,0.10149868702258985,0.1374816086476951,3100,False,,False,42
,,adc_original_ngtdm_Complexity,0.5303006383416844,negative_higher,1230.3965491432175,0.3990665110851809,0.6794117647058824,mann_whitney_u,0.10165363668817307,0.13764708818240526,3101,False,,False,42
,,t2_log-sigma-3-mm-3D_glcm_Contrast,0.5302869105635253,negative_higher,0.2276527498040481,0.6266044340723453,0.4441176470588235,mann_whitney_u,0.10180872189303004,0.13781264449672248,3102,False,,False,42
,,adc_wavelet2-HL_glszm_HighGrayLevelZoneEmphasis,0.5302834786189854,negative_higher,390.06727664155005,0.41073512252042005,0.6588235294117647,mann_whitney_u,0.10184752261041545,0.13782073717084578,3103,False,,False,42
,,t2_wavelet-HH_firstorder_InterquartileRange,0.5302731827853662,negative_higher,2.7536602668777475,0.6604434072345391,0.40294117647058825,mann_whitney_u,0.10196399539716537,0.137933897123936,3104,False,,False,42
,,t2_wavelet-HL_glrlm_RunVariance,0.5302628869517468,positive_higher,3.470526658183136,0.15588235294117647,0.9019836639439907,mann_whitney_u,0.10208057418276413,0.13804712753411483,3105,False,,False,42
,,adc_wavelet2-LH_glszm_SizeZoneNonUniformityNormalized,0.530183952227332,positive_higher,0.4022274694714304,0.7441176470588236,0.33022170361726955,mann_whitney_u,0.1029778728498338,0.13921573988939218,3106,False,,False,42
,,adc_wavelet-HH_gldm_LargeDependenceEmphasis,0.5301582126432837,negative_higher,12.576288312563152,0.9066511085180864,0.15294117647058825,mann_whitney_u,0.10327182203111984,0.13956819462783143,3107,False,,False,42
,,t2_log-sigma-0-6-mm-3D_ngtdm_Contrast,0.530105017502917,positive_higher,0.0032805675884185,0.7588235294117647,0.31621936989498245,mann_whitney_u,0.10388143261992057,0.14034689046687465,3108,False,,False,42
,,t2_log-sigma-2-mm-3D_firstorder_Entropy,0.5301015855583773,negative_higher,2.679539648560561,0.9486581096849475,0.12941176470588234,mann_whitney_u,0.10392086027565742,0.14035499913074476,3109,False,,False,42
,,adc_wavelet2-HL_firstorder_Minimum,0.5300775619465989,positive_higher,-825.6995003180526,0.35,0.7106184364060677,mann_whitney_u,0.10419718689040047,0.14068295426134778,3110,False,,False,42
,,adc_wavelet2-LH_firstorder_Uniformity,0.5300329466675819,negative_higher,0.1235406239423418,0.18903150525087514,0.8764705882352941,mann_whitney_u,0.10471191310233542,0.14133247287582978,3111,False,,False,42
,,dwi_wavelet2-HH_glrlm_RunEntropy,0.530029514723042,positive_higher,3.119661606431019,0.25,0.8564760793465578,mann_whitney_u,0.10475159090078864,0.1413405945348366,3112,False,,False,42
,,t2_wavelet2-HH_firstorder_Variance,0.5300226508339625,negative_higher,16.309780098689195,0.20653442240373396,0.8558823529411765,mann_whitney_u,0.1048309823080855,0.1414022790593161,3113,False,,False,42
,,adc_wavelet-HH_glcm_ClusterShade,0.5300192188894227,positive_higher,0.0768709814757203,0.38529411764705884,0.6942823803967328,mann_whitney_u,0.10487069592138064,0.14141042137889445,3114,False,,False,42
,,dwi_wavelet-HH_firstorder_Range,0.529984899444025,positive_higher,230.93095108997363,0.2529411764705882,0.8203033838973162,mann_whitney_u,0.10526848927172608,0.14185570810397233,3115,False,,False,42
,,t2_squareroot_firstorder_Kurtosis,0.5299848994440249,positive_higher,2.2221108470490694,0.45,0.6417736289381564,mann_whitney_u,0.10526848927172608,0.14185570810397233,3116,False,,False,42
,,adc_log-sigma-0-6-mm-3D_ngtdm_Complexity,0.529967739721326,negative_higher,27.13700647694624,0.5717619603267211,0.4852941176470589,mann_whitney_u,0.10546783449457679,0.1420787414317382,3117,False,,False,42
,,dwi_square_glcm_MaximumProbability,0.5299557279154369,negative_higher,0.2416907290628613,0.8284714119019837,0.23235294117647054,mann_whitney_u,0.10560696340339958,0.14220262348080615,3118,False,,False,42
,,adc_log-sigma-3-mm-3D_firstorder_Mean,0.5299540119431669,positive_higher,-3.3320580083348363,0.2735294117647059,0.8343057176196033,mann_whitney_u,0.10562752622925324,0.14220262348080615,3119,False,,False,42
,,adc_log-sigma-2-mm-3D_glrlm_ShortRunHighGrayLevelEmphasis,0.5299402841650078,negative_higher,98.1431105381572,0.6662777129521587,0.4088235294117647,mann_whitney_u,0.1057874097237346,0.14237222225319282,3120,False,,False,42
,,adc_log-sigma-0-6-mm-3D_glrlm_RunEntropy,0.5298922369414509,negative_higher,3.566375963986436,0.4072345390898483,0.6676470588235295,mann_whitney_u,0.10634851411584068,0.14308151578738065,3121,False,,False,42
,,adc_wavelet-HH_glszm_ZonePercentage,0.5298888049969113,positive_higher,0.1200380318516757,0.7558823529411764,0.30455075845974333,mann_whitney_u,0.10638868250411049,0.1430897110297117,3122,False,,False,42
,,t2_wavelet-HH_firstorder_Median,0.5298853730523715,negative_higher,0.0015742460948158,0.7526254375729288,0.3176470588235294,mann_whitney_u,0.10642886414353124,0.14309791884043793,3123,False,,False,42
,,adc_wavelet-LH_firstorder_Uniformity,0.5298819411078317,negative_higher,0.1427672173477102,0.4959159859976663,0.5705882352941176,mann_whitney_u,0.10646905720037696,0.14310613674276018,3124,False,,False,42
,,t2_log-sigma-2-mm-3D_glcm_Idn,0.5285091632919212,negative_higher,0.9821028447662726,0.7491248541423571,0.33235294117647063,t_test,0.1066483779891324,0.14330129253643745,3125,False,,False,42
,,dwi_wavelet-HH_glszm_HighGrayLevelZoneEmphasis,0.5296760244354451,positive_higher,14.441696113074205,0.3235294117647059,0.764294049008168,mann_whitney_u,0.10890207349352457,0.14628272763893463,3126,False,,False,42
,,t2_square_glszm_HighGrayLevelZoneEmphasis,0.5296725924909054,negative_higher,19.248410174880764,0.690781796966161,0.40588235294117647,mann_whitney_u,0.10894366930559492,0.1462918028187378,3127,False,,False,42
,,dwi_squareroot_glszm_SmallAreaHighGrayLevelEmphasis,0.5296485688791269,positive_higher,87.28147508935585,0.39705882352941174,0.6732788798133023,mann_whitney_u,0.10923052738287291,0.14663011012809568,3128,False,,False,42
,,t2_wavelet2-HH_glcm_InverseVariance,0.5296451369345871,negative_higher,0.4255782526647268,0.7222870478413069,0.34705882352941175,mann_whitney_u,0.1092715558190873,0.14663830708991615,3129,False,,False,42
,,t2_log-sigma-0-6-mm-3D_glszm_SizeZoneNonUniformityNormalized,0.5295799299883314,negative_higher,0.1115239197022178,0.8051341890315052,0.27647058823529413,mann_whitney_u,0.11005341364800794,0.14764034629648096,3130,False,,False,42
,,adc_wavelet-HH_gldm_LargeDependenceLowGrayLevelEmphasis,0.5295593383210928,positive_higher,0.8285399823064129,0.23529411764705882,0.8354725787631272,mann_whitney_u,0.11030123237248121,0.14792554287194143,3131,False,,False,42
,,dwi_squareroot_firstorder_Mean,0.5295559063765529,positive_higher,265.6769801656353,0.5,0.5810968494749125,mann_whitney_u,0.1103425783185172,0.14793374404835685,3132,False,,False,42
,,dwi_wavelet-HH_firstorder_Maximum,0.5295215869311551,positive_higher,98.55262566809772,0.34705882352941175,0.7234539089848309,mann_whitney_u,0.11075671143411492,0.14844156760671834,3133,False,,False,42
,,adc_wavelet2-HL_glcm_Autocorrelation,0.5294975633193768,negative_higher,373.6922597527305,0.43990665110851807,0.6264705882352941,mann_whitney_u,0.11104733417333898,0.14878358525649343,3134,False,,False,42
,,t2_wavelet-LH_ngtdm_Strength,0.5294906994302971,positive_higher,0.0215504967074013,0.4088235294117647,0.6802800466744457,mann_whitney_u,0.11113047972045828,0.1488474910195229,3135,False,,False,42
,,adc_log-sigma-2-mm-3D_glrlm_LongRunLowGrayLevelEmphasis,0.5294495160958199,positive_higher,0.0298727941079684,0.3235294117647059,0.7386231038506418,mann_whitney_u,0.11163038543119833,0.14946938406428628,3136,False,,False,42
,,adc_wavelet-LH_firstorder_Median,0.5294460841512801,positive_higher,-0.7447141447776069,0.34705882352941175,0.7514585764294048,mann_whitney_u,0.11167212420211366,0.14947760584146486,3137,False,,False,42
,,adc_wavelet2-LH_glszm_SmallAreaEmphasis,0.5294186285949619,positive_higher,0.6572207313917031,0.7411764705882353,0.3290548424737456,mann_whitney_u,0.11200647778768148,0.14987737419709196,3138,False,,False,42
,,adc_wavelet2-HL_gldm_DependenceNonUniformityNormalized,0.5294117647058825,positive_higher,0.2298847519052581,0.4764705882352941,0.5834305717619603,mann_whitney_u,0.1120901894363047,0.1499416073408867,3139,False,,False,42
,,t2_log-sigma-2-mm-3D_glcm_JointEnergy,0.5293980369277232,positive_higher,0.1016248553719995,0.27941176470588236,0.7992998833138857,mann_whitney_u,0.11225776075912625,0.15011794185591434,3140,False,,False,42
,,t2_wavelet2-LH_glrlm_RunEntropy,0.5293843091495641,negative_higher,4.005466391753475,0.8331388564760793,0.22941176470588232,mann_whitney_u,0.11242552956637866,0.15029442809590068,3141,False,,False,42
,,adc_log-sigma-2-mm-3D_glcm_Correlation,0.5256057382112704,positive_higher,0.7012233667094565,0.538235294117647,0.5204200700116686,t_test,0.11257727818241127,0.150449392453197,3142,False,,False,42
,,t2_log-sigma-3-mm-3D_glrlm_GrayLevelVariance,0.5293602855377857,negative_higher,4.074227143772887,0.9008168028004667,0.1705882352941176,mann_whitney_u,0.11271960059810208,0.15059166494159423,3143,False,,False,42
,,t2_square_glcm_ClusterProminence,0.5293465577596266,negative_higher,587.3076520561318,0.6802800466744457,0.4,mann_whitney_u,0.11288791321106707,0.15076855838844486,3144,False,,False,42
,,adc_wavelet2-HL_glrlm_HighGrayLevelRunEmphasis,0.5293259660923879,negative_higher,387.1497422020096,0.4130688448074679,0.6558823529411765,mann_whitney_u,0.11314075344395971,0.15105819513869218,3145,False,,False,42
,,t2_squareroot_firstorder_Variance,0.5293225341478482,negative_higher,11018.35097661872,0.7094515752625438,0.3764705882352941,mann_whitney_u,0.11318293683078008,0.15106648180306598,3146,False,,False,42
,,t2_squareroot_gldm_GrayLevelVariance,0.5293088063696891,negative_higher,77.51886153165275,0.7094515752625438,0.3764705882352941,mann_whitney_u,0.11335179430977078,0.15124378274760963,3147,False,,False,42
,,t2_log-sigma-2-mm-3D_glcm_MaximumProbability,0.5292779188688311,positive_higher,0.2047825113782315,0.2529411764705882,0.8249708284714119,mann_whitney_u,0.11373244923532673,0.15170347977736243,3148,False,,False,42
,,adc_square_gldm_GrayLevelVariance,0.5292504633125128,positive_higher,10.149811657647865,0.8029411764705883,0.2672112018669778,mann_whitney_u,0.11407165364005312,0.15210761309450083,3149,False,,False,42
,,adc_wavelet-HL_firstorder_Minimum,0.5292435994234334,positive_higher,-1145.339988996022,0.9205882352941176,0.14235705950991828,mann_whitney_u,0.1141565790665554,0.15217253190490987,3150,False,,False,42
,,adc_log-sigma-2-mm-3D_glcm_Idm,0.5292298716452741,negative_higher,0.5527586350863783,0.3267211201866978,0.75,mann_whitney_u,0.11432657923227171,0.15235077949740047,3151,False,,False,42
,,adc_wavelet2-HL_glrlm_LongRunEmphasis,0.5292092799780356,negative_higher,2.1365038089647896,0.27537922987164526,0.7823529411764706,mann_whitney_u,0.11458195302462491,0.1525942343007929,3152,False,,False,42
,,t2_wavelet2-LH_glrlm_RunLengthNonUniformityNormalized,0.5292092799780355,negative_higher,0.512279202764429,0.22170361726954493,0.8529411764705882,mann_whitney_u,0.11458195302462491,0.1525942343007929,3153,False,,False,42
,,adc_wavelet-LH_glcm_InverseVariance,0.5291955521998765,negative_higher,0.4107735755422123,0.2952158693115519,0.7588235294117647,mann_whitney_u,0.11475245145240916,0.15277284199387003,3154,False,,False,42
,,t2_wavelet2-LH_gldm_SmallDependenceEmphasis,0.5291612327544787,negative_higher,0.1689040606237158,0.29054842473745623,0.7764705882352941,mann_whitney_u,0.11517957085482634,0.1532928741741413,3155,False,,False,42
,,t2_wavelet2-LH_glrlm_ShortRunEmphasis,0.5291509369208593,negative_higher,0.7287438512164026,0.27537922987164526,0.7970588235294118,mann_whitney_u,0.11530795020203775,0.15341510864966937,3156,False,,False,42
,,dwi_square_glszm_ZoneEntropy,0.5291457890040497,positive_higher,5.125852875154687,0.788235294117647,0.29054842473745623,mann_whitney_u,0.11537216615464406,0.1534519245116726,3157,False,,False,42
,,adc_log-sigma-2-mm-3D_glcm_Id,0.5290822980300638,negative_higher,0.5922222479573402,0.31971995332555425,0.7588235294117647,mann_whitney_u,0.11616669039035385,0.1544108682966432,3158,False,,False,42
,,adc_wavelet2-HL_gldm_HighGrayLevelEmphasis,0.5290822980300638,negative_higher,380.68643608370377,0.4340723453908985,0.6294117647058823,mann_whitney_u,0.11616669039035385,0.1544108682966432,3159,False,,False,42
,,adc_square_glszm_ZoneVariance,0.5290548424737456,negative_higher,6.705805005405265,0.6336056009334889,0.43529411764705883,mann_whitney_u,0.11651159038277782,0.15482030633458355,3160,False,,False,42
,,t2_logarithm_glrlm_RunEntropy,0.5290479785846661,negative_higher,5.961483942415357,0.764294049008168,0.30294117647058827,mann_whitney_u,0.1165979409479879,0.15488603417924746,3161,False,,False,42
,,adc_wavelet-HH_glcm_Imc1,0.5290445466401262,positive_higher,-0.0310274924955611,0.6558823529411765,0.40490081680280043,mann_whitney_u,0.11664113507760368,0.1548944105600436,3162,False,,False,42
,,dwi_wavelet-HH_glrlm_RunEntropy,0.5290411146955866,positive_higher,2.9232279237570955,0.37058823529411766,0.7292882147024504,mann_whitney_u,0.11668434177478827,0.15490279832827566,3163,False,,False,42
,,t2_square_glszm_SmallAreaLowGrayLevelEmphasis,0.529034250806507,positive_higher,0.0574062157761972,0.3058823529411765,0.8074679113185531,mann_whitney_u,0.11677079288054679,0.15496857120904425,3164,False,,False,42
,,adc_logarithm_gldm_SmallDependenceHighGrayLevelEmphasis,0.5290273869174275,negative_higher,196.0729389935403,0.48774795799299886,0.611764705882353,mann_whitney_u,0.11685729428262766,0.15503436925521438,3165,False,,False,42
,,t2_squareroot_firstorder_MeanAbsoluteDeviation,0.5289827716384103,negative_higher,88.43110257619182,0.7141190198366394,0.39117647058823535,mann_whitney_u,0.11742078056760505,0.15573274087282804,3166,False,,False,42
,,dwi_log-sigma-2-mm-3D_glszm_SizeZoneNonUniformity,0.5289621799711717,positive_higher,41.333333333333336,0.4764705882352941,0.6196032672112018,mann_whitney_u,0.11768156752265646,0.15602933439457986,3167,False,,False,42
,,adc_wavelet-LH_glcm_ClusterProminence,0.5289553160820921,negative_higher,1919.9527543391248,0.42123687281213534,0.638235294117647,mann_whitney_u,0.11776860000991347,0.1560954392176852,3168,False,,False,42
,,adc_square_ngtdm_Complexity,0.5288901091358363,negative_higher,326.1060711010959,0.7141190198366394,0.35882352941176465,mann_whitney_u,0.11859791125930637,0.15714503924828888,3169,False,,False,42
,,adc_square_firstorder_Variance,0.5288729494131374,positive_higher,38090.23383318792,0.8,0.26954492415402564,mann_whitney_u,0.11881691035794556,0.15738555413028815,3170,False,,False,42
,,adc_log-sigma-2-mm-3D_glszm_SmallAreaHighGrayLevelEmphasis,0.5288626535795181,negative_higher,79.95814086391249,0.5262543757292882,0.5441176470588236,mann_whitney_u,0.11894846190970598,0.1575101203276113,3171,False,,False,42
,,t2_wavelet2-LL_glszm_LargeAreaHighGrayLevelEmphasis,0.5288592216349784,negative_higher,7528.409574349484,0.8028004667444574,0.2735294117647059,mann_whitney_u,0.11899233778867553,0.1575185455153369,3172,False,,False,42
,,adc_wavelet-HL_glszm_HighGrayLevelZoneEmphasis,0.528818038300501,negative_higher,365.5244161358811,0.17269544924154026,0.8941176470588236,mann_whitney_u,0.11951983834078238,0.15816697169648447,3173,False,,False,42
,,adc_wavelet2-HH_glrlm_RunLengthNonUniformityNormalized,0.528773423021484,positive_higher,0.4032928162937177,0.7323529411764705,0.3278879813302217,mann_whitney_u,0.12009336281756414,0.15887587601479264,3174,False,,False,42
,,dwi_wavelet-HH_firstorder_Minimum,0.5287665591324044,negative_higher,-87.07024568957327,0.7082847141190198,0.3647058823529412,mann_whitney_u,0.12018178830896477,0.15894278082184032,3175,False,,False,42
,,adc_wavelet2-LL_glcm_DifferenceAverage,0.5287528313542453,positive_higher,5.527665052485907,0.8411764705882353,0.23103850641773627,mann_whitney_u,0.1203587922205284,0.15912675331675025,3176,False,,False,42
,,t2_log-sigma-0-6-mm-3D_glcm_Idn,0.5371816871439358,negative_higher,0.9726688718779872,0.3115519253208868,0.7764705882352941,t_test,0.12051253564356573,0.15927986690819407,3177,False,,False,42
,,adc_wavelet-HL_glcm_JointAverage,0.5286979202416089,negative_higher,18.40090496919549,0.19486581096849476,0.8705882352941177,mann_whitney_u,0.12106884943934704,0.1598641820112636,3178,False,,False,42
,,adc_wavelet-HL_glcm_SumAverage,0.5286979202416089,negative_higher,36.80180993839102,0.19486581096849476,0.8705882352941177,mann_whitney_u,0.12106884943934704,0.1598641820112636,3179,False,,False,42
,,adc_wavelet2-HH_firstorder_Median,0.5286979202416089,negative_higher,-0.5435367373186355,0.7467911318553092,0.3411764705882353,mann_whitney_u,0.12106884943934704,0.1598641820112636,3180,False,,False,42
,,adc_wavelet2-LL_gldm_SmallDependenceHighGrayLevelEmphasis,0.5286464410735122,negative_higher,6025.580273338407,0.38156359393232203,0.7088235294117646,mann_whitney_u,0.12173750056686405,0.1606460606160472,3181,False,,False,42
,,dwi_wavelet-HH_gldm_LowGrayLevelEmphasis,0.5286464410735122,negative_higher,0.1811094365870623,0.5169194865810969,0.5794117647058823,mann_whitney_u,0.12173750056686405,0.1606460606160472,3182,False,,False,42
,,dwi_wavelet2-LL_glcm_Correlation,0.5285366188482393,positive_higher,0.8771613800046953,0.36470588235294116,0.7281213535589265,mann_whitney_u,0.12317360437772383,0.1624900926113925,3183,False,,False,42
,,adc_logarithm_glcm_DifferenceAverage,0.5285331869036997,positive_higher,0.6166410185076446,0.7323529411764705,0.35122520420070014,mann_whitney_u,0.12321869487949408,0.16249852380621724,3184,False,,False,42
,,t2_wavelet-LH_glrlm_LongRunEmphasis,0.5284405244011257,positive_higher,9.502596764901185,0.16176470588235295,0.9019836639439907,mann_whitney_u,0.12444101718740254,0.16405897367971845,3185,False,,False,42
,,t2_wavelet-LH_gldm_DependenceVariance,0.5283924771775689,negative_higher,3.2785251634498467,0.6184364060676779,0.44705882352941173,mann_whitney_u,0.12507852673531844,0.16479596289978102,3186,False,,False,42
,,t2_wavelet2-LH_glszm_LargeAreaLowGrayLevelEmphasis,0.5283924771775688,positive_higher,31.01891253632025,0.17941176470588235,0.8774795799299884,mann_whitney_u,0.12507852673531844,0.16479596289978102,3187,False,,False,42
,,adc_square_firstorder_RootMeanSquared,0.5283409980094722,negative_higher,569.7697760486645,0.7887981330221704,0.2970588235294118,mann_whitney_u,0.12576439500839612,0.16564764574662966,3188,False,,False,42
,,adc_log-sigma-3-mm-3D_firstorder_Uniformity,0.5283169743976938,negative_higher,0.1462285568206098,0.15052508751458576,0.9147058823529411,mann_whitney_u,0.12608546799718048,0.16601846350585164,3189,False,,False,42
,,dwi_log-sigma-3-mm-3D_ngtdm_Contrast,0.5282929507859152,negative_higher,0.0069762159499644,0.7456242707117853,0.3411764705882353,mann_whitney_u,0.1264071790700282,0.16638988868810298,3190,False,,False,42
,,t2_log-sigma-3-mm-3D_glrlm_GrayLevelNonUniformityNormalized,0.5282860868968358,positive_higher,0.1147121828868678,0.6294117647058823,0.44107351225204205,mann_whitney_u,0.12649921382001797,0.1664588526575542,3191,False,,False,42
,,t2_wavelet2-LH_glszm_ZonePercentage,0.528282654952296,negative_higher,0.1927738595355877,0.2952158693115519,0.7705882352941177,mann_whitney_u,0.1265452507556792,0.16646726438693515,3192,False,,False,42
,,t2_squareroot_glszm_GrayLevelVariance,0.5282414716178186,negative_higher,60.307588819424055,0.7526254375729288,0.31176470588235294,mann_whitney_u,0.12709871196175038,0.16714296634118064,3193,False,,False,42
,,t2_squareroot_firstorder_RobustMeanAbsoluteDeviation,0.5282346077287391,negative_higher,65.6336814341735,0.7094515752625438,0.37941176470588234,mann_whitney_u,0.1271911383578353,0.16721214463511283,3194,False,,False,42
,,adc_wavelet-HL_glcm_Autocorrelation,0.5282311757841993,negative_higher,340.2041086381776,0.19953325554259044,0.8676470588235294,mann_whitney_u,0.12723737116402464,0.16722057011509842,3195,False,,False,42
,,adc_wavelet2-HH_glcm_InverseVariance,0.5282277438396595,positive_higher,0.4695018422803857,0.5470588235294118,0.5262543757292882,mann_whitney_u,0.12728361704512237,0.16722900750077246,3196,False,,False,42
,,dwi_logarithm_glcm_Correlation,0.5282243118951198,positive_higher,0.762860401342927,0.2323529411764706,0.8576429404900817,mann_whitney_u,0.12732987600323575,0.16723745678373067,3197,False,,False,42
,,adc_square_glszm_ZonePercentage,0.5281968563388015,positive_higher,0.4960369881109643,0.2911764705882353,0.7689614935822637,mann_whitney_u,0.12770041869350107,0.16767168795935303,3198,False,,False,42
,,adc_wavelet-LH_glszm_SizeZoneNonUniformityNormalized,0.5281796966161026,positive_higher,0.3908067910578938,0.5029411764705882,0.5565927654609102,mann_whitney_u,0.12793243342546984,0.16792381617803934,3199,False,,False,42
,,adc_wavelet2-HL_glszm_ZonePercentage,0.5281093417530373,positive_higher,0.4483087184373511,0.4588235294117647,0.5974329054842473,mann_whitney_u,0.12888712170336283,0.16912407001013144,3200,False,,False,42
,,adc_square_glszm_LargeAreaEmphasis,0.5280801702244491,negative_higher,13.79143741403026,0.5320886814469078,0.538235294117647,mann_whitney_u,0.12928458865444195,0.169592623480163,3201,False,,False,42
,,adc_exponential_firstorder_Maximum,0.5280252591118128,negative_higher,615.5084068786733,0.4457409568261377,0.6294117647058823,mann_whitney_u,0.13003534230387848,0.1705241731211698,3202,False,,False,42
,,t2_exponential_glrlm_ShortRunHighGrayLevelEmphasis,0.5280046674445741,negative_higher,1.6620418324977062,0.48774795799299886,0.6029411764705883,mann_whitney_u,0.13031774571577454,0.1708411533751287,3203,False,,False,42
,,dwi_log-sigma-2-mm-3D_gldm_DependenceNonUniformityNormalized,0.5279806438327956,negative_higher,0.1375404958677686,0.897316219369895,0.20588235294117652,mann_whitney_u,0.13064781760128943,0.17122040764913057,3204,False,,False,42
,,t2_wavelet2-HH_firstorder_MeanAbsoluteDeviation,0.527977211888256,negative_higher,3.0079021303907547,0.19369894982497082,0.8647058823529412,mann_whitney_u,0.13069502362284846,0.17122883126126073,3205,False,,False,42
,,t2_exponential_glcm_ClusterProminence,0.5279463243873979,negative_higher,4.2210211542021066,0.6359393232205367,0.4529411764705882,mann_whitney_u,0.1311203925210175,0.17173254154577433,3206,False,,False,42
,,t2_square_glrlm_ShortRunHighGrayLevelEmphasis,0.5279360285537786,negative_higher,8.841288208343745,0.5064177362893816,0.5764705882352941,mann_whitney_u,0.13126252841888414,0.17186509411627518,3207,False,,False,42
,,t2_squareroot_glcm_SumSquares,0.5278433660512045,negative_higher,76.60688332768547,0.7141190198366394,0.36764705882352944,mann_whitney_u,0.13254639844011187,0.17349199721010902,3208,False,,False,42
,,t2_wavelet2-LH_glrlm_RunPercentage,0.527836502162125,negative_higher,0.6586740855275781,0.22170361726954493,0.8558823529411765,mann_whitney_u,0.1326418854426876,0.17356287845866164,3209,False,,False,42
,,t2_square_glcm_Imc1,0.5278330702175853,negative_higher,-0.4683282462426171,0.5962660443407235,0.4764705882352941,mann_whitney_u,0.13268964891573898,0.17357128841033892,3210,False,,False,42
,,adc_log-sigma-3-mm-3D_ngtdm_Complexity,0.52776099938225,negative_higher,115.41579386017692,0.5600933488914819,0.5176470588235293,mann_whitney_u,0.1336957613248085,0.17483291865551884,3211,False,,False,42
,,adc_exponential_firstorder_Range,0.5277541354931704,negative_higher,615.7875647210475,0.44457409568261375,0.6294117647058823,mann_whitney_u,0.13379188854891358,0.17490415318084937,3212,False,,False,42
,,adc_wavelet-LH_glszm_SmallAreaEmphasis,0.527668336879676,positive_higher,0.6594069895280487,0.4147058823529412,0.6476079346557759,mann_whitney_u,0.13499799480086383,0.17642595087731938,3213,False,,False,42
,,adc_wavelet-HH_ngtdm_Busyness,0.5276614729905965,negative_higher,3.787905890752208,0.6149358226371062,0.4676470588235294,mann_whitney_u,0.13509484511425288,0.17649759011659857,3214,False,,False,42
,,t2_wavelet2-LH_glrlm_RunVariance,0.5276580410460567,positive_higher,1.0668553993840593,0.8705882352941177,0.20653442240373399,mann_whitney_u,0.13514329040046008,0.17650596466299592,3215,False,,False,42
,,adc_log-sigma-3-mm-3D_glszm_HighGrayLevelZoneEmphasis,0.5276374493788181,negative_higher,129.7177700348432,0.6382730455075846,0.4441176470588235,mann_whitney_u,0.1354342440601918,0.17683096729127656,3216,False,,False,42
,,t2_squareroot_glrlm_GrayLevelVariance,0.5276065618779601,negative_higher,73.1685986548476,0.7117852975495916,0.3647058823529412,mann_whitney_u,0.13587158153184317,0.1773468358259899,3217,False,,False,42
,,dwi_log-sigma-0-6-mm-3D_glszm_SizeZoneNonUniformity,0.5275945500720709,negative_higher,17.055172413793102,0.7887981330221704,0.30000000000000004,mann_whitney_u,0.1360419425173032,0.17751402008395156,3218,False,,False,42
,,adc_wavelet-HL_glrlm_LongRunEmphasis,0.5275825382661816,negative_higher,2.352376244223957,0.5810968494749125,0.4764705882352941,mann_whitney_u,0.13621248619928078,0.17768133878557937,3219,False,,False,42
,,adc_log-sigma-3-mm-3D_firstorder_Minimum,0.5275791063216418,positive_higher,-610.06982421875,0.35294117647058826,0.7129521586931156,mann_whitney_u,0.136261240719638,0.1776897359570683,3220,False,,False,42
,,adc_wavelet2-HL_gldm_DependenceVariance,0.5275447868762441,negative_higher,1.6779622539525247,0.6837806301050176,0.37941176470588234,mann_whitney_u,0.13674952708459442,0.17827111587339708,3221,False,,False,42
,,t2_log-sigma-3-mm-3D_glszm_SmallAreaEmphasis,0.5275276271535452,negative_higher,0.0975729903884628,0.8413068844807468,0.2382352941176471,mann_whitney_u,0.13699417601284344,0.17853461982555233,3222,False,,False,42
,,dwi_square_firstorder_Minimum,0.5274589882627497,positive_higher,5.7671844867183325e-06,0.7794117647058824,0.29404900816802804,mann_whitney_u,0.13797614931149293,0.17975856374773777,3223,False,,False,42
,,adc_log-sigma-3-mm-3D_glrlm_RunEntropy,0.5357368384926899,negative_higher,4.705894765016889,0.662777129521587,0.43529411764705883,t_test,0.13826948901937045,0.1800848586824865,3224,False,,False,42
,,adc_log-sigma-0-6-mm-3D_glrlm_LongRunEmphasis,0.5274349646509713,negative_higher,4.912801970159343,0.5285880980163361,0.5294117647058824,mann_whitney_u,0.13832111874485176,0.1800962411192659,3225,False,,False,42
,,adc_log-sigma-0-6-mm-3D_glrlm_ShortRunHighGrayLevelEmphasis,0.5274281007618917,negative_higher,35.190740209206346,0.2427071178529755,0.8147058823529412,mann_whitney_u,0.13841980340534338,0.1801130320728345,3226,False,,False,42
,,t2_wavelet2-LH_ngtdm_Contrast,0.5274281007618917,positive_higher,0.0040063815082257,0.5852941176470589,0.48774795799299886,mann_whitney_u,0.13841980340534338,0.1801130320728345,3227,False,,False,42
,,adc_wavelet2-HH_glszm_LargeAreaLowGrayLevelEmphasis,0.5274212368728122,negative_higher,5.33365753070819,0.7607934655775963,0.29117647058823526,mann_whitney_u,0.1385185423023718,0.18018567507052638,3228,False,,False,42
,,t2_wavelet2-LH_gldm_LargeDependenceEmphasis,0.5273766215937951,positive_higher,17.31131407175024,0.8352941176470589,0.24387397899649943,mann_whitney_u,0.1391616682684947,0.18096619543493625,3229,False,,False,42
,,t2_wavelet-HL_glszm_ZoneEntropy,0.5273457340929371,negative_higher,5.957675805062548,0.45274212368728123,0.6088235294117648,mann_whitney_u,0.1396082544166812,0.18149073074168556,3230,False,,False,42
,,t2_wavelet2-LL_glcm_JointEnergy,0.5273388702038574,positive_higher,0.0017643020945906,0.31470588235294117,0.7736289381563594,mann_whitney_u,0.13970764541584643,0.18156372736030307,3231,False,,False,42
,,dwi_original_glszm_SmallAreaLowGrayLevelEmphasis,0.5272324799231245,negative_higher,0.0185889122438892,0.6791131855309218,0.37941176470588234,mann_whitney_u,0.14125517827443784,0.18351809825939497,3232,False,,False,42
,,t2_wavelet2-LH_glrlm_LongRunEmphasis,0.5272084563113459,positive_higher,3.5459928091645736,0.8529411764705882,0.22403733955659277,mann_whitney_u,0.14160643769878747,0.18391754775663735,3233,False,,False,42
,,t2_log-sigma-3-mm-3D_glcm_DifferenceAverage,0.5272050243668062,negative_higher,0.2252701586470825,0.6219369894982497,0.4441176470588235,mann_whitney_u,0.14165667235317062,0.18392590204420636,3234,False,,False,42
,,adc_wavelet2-LL_glcm_ClusterProminence,0.5271775688104879,positive_higher,1251742.0064087806,0.9058823529411765,0.1540256709451575,mann_whitney_u,0.14205904260244978,0.184391319903458,3235,False,,False,42
,,dwi_log-sigma-2-mm-3D_firstorder_Median,0.5271501132541698,negative_higher,-8.104748725891113,0.8214702450408401,0.2823529411764706,mann_whitney_u,0.1424622900471305,0.18485758835225619,3236,False,,False,42
,,adc_wavelet-HL_glrlm_HighGrayLevelRunEmphasis,0.5271226576978516,negative_higher,355.442764567426,0.17852975495915985,0.8823529411764706,mann_whitney_u,0.14286641571043807,0.1853247079296044,3237,False,,False,42
,,adc_logarithm_glrlm_RunEntropy,0.5270780424188345,positive_higher,4.38957060574348,0.4676470588235294,0.5939323220536756,mann_whitney_u,0.14352499562109006,0.18612151223377305,3238,False,,False,42
,,dwi_wavelet-HH_ngtdm_Complexity,0.5270334271398174,positive_higher,9.11583841367178,0.35,0.7246207701283547,mann_whitney_u,0.14418590164915554,0.1869208400817549,3239,False,,False,42
,,adc_wavelet2-HL_glrlm_ShortRunHighGrayLevelEmphasis,0.5270162674171185,negative_higher,338.3341421690101,0.41423570595099185,0.6529411764705882,mann_whitney_u,0.14444071657946728,0.1871933854682664,3240,False,,False,42
,,adc_original_glszm_LargeAreaLowGrayLevelEmphasis,0.5270059715834993,positive_higher,0.0224653589832191,0.5852941176470589,0.4994165694282381,mann_whitney_u,0.14459377111866947,0.18733392314942707,3241,False,,False,42
,,adc_original_glcm_DifferenceAverage,0.5269819479717208,positive_higher,1.895496485030872,0.7705882352941177,0.2893815635939323,mann_whitney_u,0.1449513816679713,0.18773931265385918,3242,False,,False,42
,,dwi_logarithm_firstorder_Kurtosis,0.5269613563044822,negative_higher,9.19610986806835,0.6499416569428238,0.41764705882352937,mann_whitney_u,0.1452584439318146,0.18807900279669737,3243,False,,False,42
,,t2_original_glcm_MaximumProbability,0.5268755576909877,positive_higher,0.0483918287599552,0.4,0.6721120186697783,mann_whitney_u,0.14654323453054866,0.18963388541740436,3244,False,,False,42
,,adc_exponential_gldm_LargeDependenceEmphasis,0.5268721257464479,negative_higher,61.61738261738262,0.441073512252042,0.6235294117647059,mann_whitney_u,0.1465948063979268,0.18963388541740436,3245,False,,False,42
,,t2_wavelet2-HH_firstorder_90Percentile,0.5268721257464479,negative_higher,4.69225968702299,0.1971995332555426,0.8647058823529412,mann_whitney_u,0.1465948063979268,0.18963388541740436,3246,False,,False,42
,,dwi_wavelet-HH_firstorder_Median,0.5268481021346695,positive_higher,-0.0020970521364511,0.4147058823529412,0.6581096849474912,mann_whitney_u,0.14695619829157597,0.19004283234565061,3247,False,,False,42
,,t2_wavelet2-HH_firstorder_InterquartileRange,0.5268446701901297,negative_higher,4.563382787557911,0.22170361726954493,0.8441176470588235,mann_whitney_u,0.14700788127449793,0.1900511371525914,3248,False,,False,42
,,adc_wavelet2-HH_gldm_SmallDependenceEmphasis,0.5268378063010501,positive_higher,0.1336874083785177,0.5941176470588235,0.46324387397899647,mann_whitney_u,0.14711128893710695,0.1901262857023429,3249,False,,False,42
,,adc_wavelet2-HL_firstorder_InterquartileRange,0.526810350744732,positive_higher,155.94315540765464,0.7558823529411764,0.30921820303383896,mann_whitney_u,0.14752547583170608,0.19060291477456426,3250,False,,False,42
,,adc_wavelet2-LL_glcm_DifferenceEntropy,0.5268069188001921,positive_higher,4.106227506017273,0.6558823529411765,0.41890315052508753,mann_whitney_u,0.14757731180329858,0.1906112372384038,3251,False,,False,42
,,dwi_logarithm_gldm_DependenceNonUniformityNormalized,0.5268034868556524,positive_higher,0.1426709155500497,0.4470588235294118,0.6184364060676779,mann_whitney_u,0.1476291616946935,0.1906195725572011,3252,False,,False,42
,,dwi_wavelet2-HH_glszm_ZoneEntropy,0.5267760312993341,negative_higher,5.38050812571526,0.23920653442240372,0.8441176470588235,mann_whitney_u,0.14804446217325806,0.19109704785290826,3253,False,,False,42
,,adc_log-sigma-0-6-mm-3D_glrlm_RunPercentage,0.5267588715766354,positive_higher,0.5621705426356589,0.5088235294117647,0.543757292882147,mann_whitney_u,0.1483044764544626,0.19131505455979642,3254,False,,False,42
,,t2_wavelet2-HH_glcm_ClusterShade,0.5267588715766353,negative_higher,0.0029984466569701,0.37456242707117854,0.6852941176470588,mann_whitney_u,0.14830447787381218,0.19131505455979642,3255,False,,False,42
,,t2_wavelet2-HH_firstorder_RobustMeanAbsoluteDeviation,0.5266456174068227,negative_higher,1.947711140250857,0.1983663943990665,0.8705882352941177,mann_whitney_u,0.1500293377352779,0.1934807091985356,3256,False,,False,42
,,adc_exponential_glrlm_RunPercentage,0.5266318896286636,positive_higher,0.1762746899402847,0.6235294117647059,0.4352392065344224,mann_whitney_u,0.15023944710141202,0.1936921824927323,3257,False,,False,42
,,adc_wavelet-HL_gldm_HighGrayLevelEmphasis,0.5266078660168851,negative_higher,353.5257428655487,0.17852975495915985,0.8823529411764706,mann_whitney_u,0.15060767829617291,0.194107317730396,3258,False,,False,42
,,dwi_logarithm_firstorder_RootMeanSquared,0.5265666826824078,positive_higher,1141.5588507630614,0.21764705882352942,0.8448074679113186,mann_whitney_u,0.15124053184078345,0.1948631461182724,3259,False,,False,42
,,adc_square_gldm_SmallDependenceEmphasis,0.5265049076806919,positive_higher,0.4234472896372628,0.27058823529411763,0.7864644107351225,mann_whitney_u,0.15219360820477731,0.1960309695864601,3260,False,,False,42
,,t2_square_firstorder_90Percentile,0.5264911799025327,positive_higher,29.5417027030017,0.5117647058823529,0.5425904317386231,mann_whitney_u,0.15240602252537566,0.19624436939100043,3261,False,,False,42
,,adc_wavelet2-HL_glrlm_RunPercentage,0.5264637243462146,positive_higher,0.8043445121951219,0.5205882352941177,0.5390898483080513,mann_whitney_u,0.1528315279842352,0.19673193930282146,3262,False,,False,42
,,t2_log-sigma-3-mm-3D_glcm_Idm,0.5264431326789759,positive_higher,0.8873036247948387,0.4470588235294118,0.6184364060676779,mann_whitney_u,0.15315124977568234,0.19708308238065894,3263,False,,False,42
,,adc_square_glcm_JointEntropy,0.5263813576772599,positive_higher,6.546810675073974,0.711764705882353,0.3570595099183197,mann_whitney_u,0.1541134677034069,0.19826055480594532,3264,False,,False,42
,,adc_wavelet-HH_gldm_SmallDependenceHighGrayLevelEmphasis,0.5263539021209417,negative_higher,4.218290373860046,0.8191365227537923,0.25,mann_whitney_u,0.1545425919749792,0.19875171323214014,3265,False,,False,42
,,adc_original_gldm_SmallDependenceHighGrayLevelEmphasis,0.5263436062873224,negative_higher,274.1207328862816,0.4235705950991832,0.6735294117647059,mann_whitney_u,0.15470374739586007,0.1988980512293988,3266,False,,False,42
,,t2_squareroot_glcm_ClusterTendency,0.5263127187864645,negative_higher,297.47914298059464,0.7082847141190198,0.37058823529411766,mann_whitney_u,0.15518797956652336,0.19945954276089123,3267,False,,False,42
,,adc_logarithm_glcm_ClusterTendency,0.5263092868419246,positive_higher,7.378058231161958,0.6647058823529411,0.4142357059509918,mann_whitney_u,0.15524185409944707,0.19946773113940583,3268,False,,False,42
,,t2_log-sigma-3-mm-3D_gldm_SmallDependenceEmphasis,0.5262509437847485,negative_higher,0.0287574933252475,0.396732788798133,0.6705882352941177,mann_whitney_u,0.15615989508689332,0.20058592825630622,3269,False,,False,42
,,t2_square_glrlm_RunLengthNonUniformityNormalized,0.5261102340586177,negative_higher,0.2257127190272502,0.5647607934655776,0.4970588235294118,mann_whitney_u,0.15839093202662569,0.2033894567522328,3270,False,,False,42
,,adc_log-sigma-3-mm-3D_glcm_JointAverage,0.526089642391379,negative_higher,11.637821531375888,0.5927654609101517,0.47352941176470587,mann_whitney_u,0.15871943950740375,0.2036867134754243,3271,False,,False,42
,,adc_log-sigma-3-mm-3D_glcm_SumAverage,0.526089642391379,negative_higher,23.27564306275178,0.5927654609101517,0.47352941176470587,mann_whitney_u,0.15871943950740375,0.2036867134754243,3272,False,,False,42
,,adc_wavelet2-HL_gldm_LargeDependenceEmphasis,0.5260415951678221,negative_higher,8.330277777777777,0.5647607934655776,0.4970588235294118,mann_whitney_u,0.15948796224989437,0.20461043491821154,3273,False,,False,42
,,t2_original_glcm_InverseVariance,0.5260175715560437,negative_higher,0.4392151672218711,0.7759626604434072,0.2941176470588235,mann_whitney_u,0.15987327762365966,0.20504211751427823,3274,False,,False,42
,,adc_wavelet-HL_gldm_DependenceVariance,0.5259763882215663,negative_higher,2.482134887283411,0.4982497082847141,0.5764705882352941,mann_whitney_u,0.16053545536304847,0.20582851208227193,3275,False,,False,42
,,adc_wavelet2-HH_gldm_SmallDependenceHighGrayLevelEmphasis,0.5259077493307708,negative_higher,8.646149074628786,0.39556592765460913,0.6617647058823529,mann_whitney_u,0.1616436879591704,0.20718615559846046,3276,False,,False,42
,,t2_wavelet-HL_glszm_LargeAreaEmphasis,0.5258837257189923,positive_higher,20726.90660637043,0.13529411764705881,0.9253208868144691,mann_whitney_u,0.1620329309568569,0.20762168968197806,3277,False,,False,42
,,adc_wavelet-HH_glrlm_RunLengthNonUniformityNormalized,0.5258665659962936,positive_higher,0.5921330940543843,0.1588235294117647,0.9043173862310385,mann_whitney_u,0.16231139450597276,0.20791505354807188,3278,False,,False,42
,,adc_original_glcm_ClusterProminence,0.5258356784954356,positive_higher,6373.51475471091,0.9029411764705882,0.1540256709451575,mann_whitney_u,0.16281353865622816,0.20843111244436038,3279,False,,False,42
,,t2_log-sigma-3-mm-3D_glcm_Id,0.5258356784954354,positive_higher,0.8873856270244523,0.45,0.6172695449241541,mann_whitney_u,0.16281353865622816,0.20843111244436038,3280,False,,False,42
,,t2_wavelet2-HH_firstorder_10Percentile,0.525797927105498,positive_higher,-4.668033146886993,0.8588235294117647,0.20186697782963825,mann_whitney_u,0.16342886053844097,0.20915507022277158,3281,False,,False,42
,,adc_original_glcm_DifferenceEntropy,0.525598874322191,positive_higher,2.5837803379240425,0.7058823529411765,0.35589264877479576,mann_whitney_u,0.1667023053657657,0.21327939677966185,3282,False,,False,42
,,adc_log-sigma-3-mm-3D_glrlm_HighGrayLevelRunEmphasis,0.5255611229322534,negative_higher,140.1073747540478,0.6021003500583431,0.4647058823529412,mann_whitney_u,0.1673286531755156,0.21401553904477308,3283,False,,False,42
,,dwi_wavelet-HH_glszm_LowGrayLevelZoneEmphasis,0.525552543070904,negative_higher,0.1414891179839633,0.6429404900816803,0.43823529411764706,mann_whitney_u,0.16747048067542425,0.21413171387213958,3284,False,,False,42
,,adc_wavelet-HL_ngtdm_Complexity,0.5255405312650148,negative_higher,455.6504154850811,0.4364060676779463,0.6235294117647059,mann_whitney_u,0.1676710418102304,0.2143228933215091,3285,False,,False,42
,,adc_square_glrlm_GrayLevelVariance,0.5255302354313954,positive_higher,35.78193460680458,0.22647058823529412,0.8354725787631272,mann_whitney_u,0.1678424333279004,0.2144766821496816,3286,False,,False,42
,,adc_wavelet-HH_glrlm_ShortRunEmphasis,0.5254890520969181,positive_higher,0.7973369853730655,0.1588235294117647,0.9043173862310385,mann_whitney_u,0.16852931518393421,0.21528889396329168,3287,False,,False,42
,,t2_original_glcm_JointEnergy,0.5254718923742192,positive_higher,0.0194887371843603,0.38529411764705884,0.6954492415402567,mann_whitney_u,0.16881613780152283,0.21558970882864792,3288,False,,False,42
,,t2_log-sigma-2-mm-3D_firstorder_Variance,0.5254650284851397,negative_higher,430.28530377633655,0.8809801633605601,0.1941176470588235,mann_whitney_u,0.16893096934824414,0.21567076323906267,3289,False,,False,42
,,t2_log-sigma-2-mm-3D_gldm_GrayLevelVariance,0.5253277507035486,negative_higher,3.1070853777365883,0.8809801633605601,0.1941176470588235,mann_whitney_u,0.17123992337370675,0.21855210888942087,3290,False,,False,42
,,t2_wavelet-HL_glszm_ZoneVariance,0.5253002951472303,positive_higher,20317.29389448401,0.13529411764705881,0.9253208868144691,mann_whitney_u,0.17170453648457096,0.21907850157967593,3291,False,,False,42
,,t2_wavelet-LH_glrlm_RunVariance,0.5251836090328781,positive_higher,3.607086193224978,0.13823529411764707,0.9194865810968494,mann_whitney_u,0.17368967157070636,0.2215440251899745,3292,False,,False,42
,,adc_log-sigma-2-mm-3D_firstorder_Mean,0.5251561534765599,positive_higher,-4.4121767058741055,0.3058823529411765,0.7911318553092181,mann_whitney_u,0.1741592445065553,0.2220755140246054,3293,False,,False,42
,,adc_log-sigma-3-mm-3D_gldm_HighGrayLevelEmphasis,0.52515272153202,negative_higher,131.18624033944536,0.6581096849474912,0.40588235294117647,mann_whitney_u,0.17421800772522567,0.22208300377602386,3294,False,,False,42
,,t2_exponential_ngtdm_Strength,0.5251184020866223,negative_higher,0.5821301023738841,0.43990665110851807,0.6264705882352941,mann_whitney_u,0.1748063632639838,0.22276537764657603,3295,False,,False,42
,,adc_log-sigma-3-mm-3D_glcm_Imc2,0.5251115381975427,positive_higher,0.9125394288524278,0.5882352941176471,0.4609101516919487,mann_whitney_u,0.1749243217119203,0.2228480664042334,3296,False,,False,42
,,adc_log-sigma-3-mm-3D_glcm_Correlation,0.5250978104193835,positive_higher,0.8338897265731494,0.6058823529411764,0.4539089848308051,mann_whitney_u,0.1751602340117322,0.22308092890969475,3297,False,,False,42
,,t2_wavelet2-HL_firstorder_Kurtosis,0.525046331251287,negative_higher,7.221826573688707,0.49474912485414235,0.5617647058823529,mann_whitney_u,0.17604701977692416,0.224142339612888,3298,False,,False,42
,,t2_original_glrlm_RunEntropy,0.525015443750429,positive_higher,5.7308777599252245,0.36176470588235293,0.7222870478413068,mann_whitney_u,0.17658069561992185,0.22475366502214364,3299,False,,False,42
,,adc_wavelet2-HL_firstorder_RobustMeanAbsoluteDeviation,0.5250017159722699,positive_higher,66.79163783156073,0.7382352941176471,0.31971995332555425,mann_whitney_u,0.17681827153423046,0.22498785520370718,3300,False,,False,42
,,t2_exponential_glrlm_HighGrayLevelRunEmphasis,0.5249811243050313,negative_higher,2.812583425179254,0.5612602100350058,0.5205882352941176,mann_whitney_u,0.17717499093822076,0.22537345863362285,3301,False,,False,42
,,dwi_wavelet2-HL_glcm_InverseVariance,0.5249742604159517,positive_higher,0.4483472271458624,0.4176470588235294,0.6662777129521587,mann_whitney_u,0.17729413774576808,0.22545671847198068,3302,False,,False,42
,,t2_wavelet-LH_glszm_LargeAreaLowGrayLevelEmphasis,0.5249708284714119,positive_higher,76.22929680501649,0.5941176470588235,0.47724620770128356,mann_whitney_u,0.17735368802840112,0.22546416470822173,3303,False,,False,42
,,adc_log-sigma-2-mm-3D_ngtdm_Complexity,0.5249433729150937,negative_higher,177.64176076257775,0.48774795799299886,0.5852941176470587,mann_whitney_u,0.17783062668140048,0.22600205854576289,3304,False,,False,42
,,dwi_exponential_ngtdm_Busyness,0.5248026631889628,positive_higher,0.9058753472366944,0.8794117647058823,0.2963827304550758,mann_whitney_u,0.17822718014666572,0.22643749756001494,3305,False,,False,42
,,adc_wavelet2-LH_glrlm_GrayLevelNonUniformityNormalized,0.5248678701352185,negative_higher,0.1100238842891661,0.2508751458576429,0.8117647058823529,mann_whitney_u,0.17914713060666443,0.2275374474946715,3306,False,,False,42
,,dwi_logarithm_glcm_Idn,0.5248232548562015,negative_higher,0.9506153733690068,0.8588098016336057,0.20588235294117652,mann_whitney_u,0.17992846380735972,0.22846072559029437,3307,False,,False,42
,,dwi_logarithm_glcm_ClusterShade,0.5246859770746104,positive_higher,0.3299391171234987,0.11176470588235295,0.9568261376896149,mann_whitney_u,0.18234844716300658,0.2314634611963315,3308,False,,False,42
,,adc_squareroot_ngtdm_Busyness,0.5246756812409912,negative_higher,1.213782630942824,0.17269544924154026,0.9294117647058824,mann_whitney_u,0.1825309142464533,0.23162505558200586,3309,False,,False,42
,,adc_exponential_gldm_DependenceNonUniformityNormalized,0.5246688173519116,negative_higher,0.4239151950766714,0.2870478413068845,0.7676470588235293,mann_whitney_u,0.18265263415562372,0.2317094896735541,3310,False,,False,42
,,t2_wavelet2-LL_glszm_ZoneEntropy,0.5213123755920104,positive_higher,7.86105236272704,0.12941176470588237,0.9463243873978997,t_test,0.18281107351466336,0.23184044025613756,3311,False,,False,42
,,t2_wavelet-LH_glcm_InverseVariance,0.5246516576292127,negative_higher,0.4370231070170526,0.5460910151691949,0.5147058823529411,mann_whitney_u,0.18295719717733938,0.23195569774989372,3312,False,,False,42
,,adc_wavelet2-HH_firstorder_InterquartileRange,0.5246242020728945,positive_higher,51.62814804303344,0.43823529411764706,0.6149358226371062,mann_whitney_u,0.18344528065857013,0.23250429625274255,3313,False,,False,42
,,adc_squareroot_firstorder_Skewness,0.524617338183815,positive_higher,-0.8822551160488012,0.6470588235294118,0.44457409568261375,mann_whitney_u,0.18356745211874226,0.23258893525847882,3314,False,,False,42
,,dwi_wavelet2-LH_gldm_DependenceVariance,0.5245933145720366,negative_higher,2.7708851769029006,0.704784130688448,0.36764705882352944,mann_whitney_u,0.18399552687569387,0.23306100070921223,3315,False,,False,42
,,adc_wavelet2-HL_gldm_SmallDependenceEmphasis,0.5245692909602582,positive_higher,0.3644930138489613,0.47941176470588237,0.5705950991831972,mann_whitney_u,0.18442434039246203,0.23346331182030391,3316,False,,False,42
,,t2_log-sigma-2-mm-3D_glszm_ZoneVariance,0.5245692909602582,negative_higher,26713.424201123536,0.5624270711785297,0.4911764705882353,mann_whitney_u,0.18442434039246203,0.23346331182030391,3317,False,,False,42
,,t2_log-sigma-2-mm-3D_glcm_SumSquares,0.5245006520694626,negative_higher,3.085008247842981,0.8798133022170361,0.19705882352941173,mann_whitney_u,0.18565359749880406,0.234948600330765,3318,False,,False,42
,,adc_wavelet2-HL_glrlm_ShortRunEmphasis,0.5244834923467637,positive_higher,0.8585696864376258,0.4647058823529412,0.5927654609101517,mann_whitney_u,0.18596185627430528,0.23526780189689903,3319,False,,False,42
,,adc_log-sigma-3-mm-3D_glszm_SmallAreaHighGrayLevelEmphasis,0.5244766284576842,negative_higher,66.00816872880718,0.6196032672112018,0.4441176470588235,mann_whitney_u,0.18608526566878225,0.23535302124795682,3320,False,,False,42
,,adc_log-sigma-3-mm-3D_glcm_Autocorrelation,0.524449172901366,negative_higher,130.671645649298,0.6534422403733956,0.4088235294117647,mann_whitney_u,0.18657950861728767,0.23590706313881088,3321,False,,False,42
,,t2_wavelet2-HH_glcm_ClusterTendency,0.5244388770677465,negative_higher,0.6092386712748634,0.425904317386231,0.6264705882352941,mann_whitney_u,0.18676509955167675,0.23607063606787798,3322,False,,False,42
,,t2_wavelet2-HH_firstorder_Kurtosis,0.5244285812341272,negative_higher,5.032204096656712,0.7957992998833139,0.2823529411764706,mann_whitney_u,0.18695082682272557,0.23623428282534598,3323,False,,False,42
,,adc_wavelet-HL_glrlm_ShortRunHighGrayLevelEmphasis,0.5244114215114284,negative_higher,323.80580965883564,0.14935822637106183,0.9117647058823529,mann_whitney_u,0.1872606753606444,0.2365546257037743,3324,False,,False,42
,,dwi_squareroot_firstorder_Median,0.5243839659551102,positive_higher,544.6912717856345,0.18823529411764706,0.8868144690781797,mann_whitney_u,0.18775722148248153,0.2371105482721624,3325,False,,False,42
,,t2_wavelet-HH_glrlm_RunPercentage,0.5243359187315533,negative_higher,0.4788354231545493,0.7129521586931156,0.34705882352941175,mann_whitney_u,0.18862851443149553,0.23813924597049,3326,False,,False,42
,,dwi_logarithm_firstorder_Mean,0.5243290548424737,positive_higher,829.1176297028105,0.22058823529411764,0.8413068844807468,mann_whitney_u,0.18875322788298177,0.2381534867429809,3327,False,,False,42
,,dwi_square_glrlm_ShortRunLowGrayLevelEmphasis,0.5243290548424737,negative_higher,0.175894176288524,0.3885647607934656,0.6911764705882353,mann_whitney_u,0.18875322788298177,0.2381534867429809,3328,False,,False,42
,,t2_log-sigma-2-mm-3D_firstorder_Uniformity,0.524308463175235,positive_higher,0.1852643358543205,0.1676470588235294,0.9078179696616102,mann_whitney_u,0.1891277330575566,0.2385543259563473,3329,False,,False,42
,,adc_wavelet2-HL_glrlm_RunLengthNonUniformityNormalized,0.5242878715079965,positive_higher,0.6912184801422145,0.48823529411764705,0.5682613768961493,mann_whitney_u,0.18950278572385282,0.23895561479112853,3330,False,,False,42
,,adc_wavelet2-HL_glszm_SmallAreaHighGrayLevelEmphasis,0.5241505937264054,negative_higher,137.61321487844432,0.691948658109685,0.37058823529411766,mann_whitney_u,0.19201715296958344,0.24205344500728934,3331,False,,False,42
,,adc_wavelet2-HH_firstorder_10Percentile,0.5241368659482463,negative_higher,-42.64410841071808,0.2637106184364061,0.788235294117647,mann_whitney_u,0.19226993262440117,0.24229935386850554,3332,False,,False,42
,,dwi_wavelet2-LL_glcm_JointAverage,0.5241231381700872,positive_higher,29.45809508808458,0.23823529411764705,0.8448074679113186,mann_whitney_u,0.192522956839835,0.2424726741963009,3333,False,,False,42
,,dwi_wavelet2-LL_glcm_SumAverage,0.5241231381700872,positive_higher,58.91619017616913,0.23823529411764705,0.8448074679113186,mann_whitney_u,0.192522956839835,0.2424726741963009,3334,False,,False,42
,,t2_log-sigma-2-mm-3D_glcm_ClusterTendency,0.5241197062255474,negative_higher,12.039304567750309,0.8809801633605601,0.19705882352941173,mann_whitney_u,0.19258625111769634,0.24247966070261076,3335,False,,False,42
,,adc_log-sigma-0-6-mm-3D_glrlm_RunLengthNonUniformityNormalized,0.524109410391928,positive_higher,0.3722399240743104,0.7705882352941177,0.27771295215869307,mann_whitney_u,0.19277622571318875,0.24257338081201066,3336,False,,False,42
,,dwi_logarithm_glszm_GrayLevelNonUniformityNormalized,0.524109410391928,negative_higher,0.1021755425172679,0.7397899649941657,0.3294117647058824,mann_whitney_u,0.19277622571318875,0.24257338081201066,3337,False,,False,42
,,adc_exponential_glszm_ZonePercentage,0.524064795112911,positive_higher,0.0449438202247191,0.4,0.6802800466744457,mann_whitney_u,0.19360103961367603,0.2435382760149268,3338,False,,False,42
,,adc_wavelet-HL_gldm_DependenceNonUniformityNormalized,0.5240407715011326,positive_higher,0.201561680142089,0.36176470588235293,0.6966161026837806,mann_whitney_u,0.19404624334211196,0.24402520988126028,3339,False,,False,42
,,t2_wavelet2-LH_glcm_Imc2,0.5238005353833481,negative_higher,0.5788077034837567,0.7992998833138857,0.2647058823529411,mann_whitney_u,0.19853966445566007,0.24960121288901693,3340,False,,False,42
,,dwi_wavelet2-LL_glrlm_LongRunHighGrayLevelEmphasis,0.5237936714942687,positive_higher,1245.7129174235945,0.23823529411764705,0.852975495915986,mann_whitney_u,0.19866915654448614,0.24968925122128025,3341,False,,False,42
,,dwi_wavelet2-LL_firstorder_Median,0.5236975770471549,positive_higher,480.8922894961246,0.4970588235294118,0.5775962660443408,mann_whitney_u,0.2004885332271492,0.25190046409958095,3342,False,,False,42
,,adc_log-sigma-0-6-mm-3D_glrlm_ShortRunEmphasis,0.5236152103782002,positive_higher,0.6202052347980557,0.7764705882352941,0.2742123687281214,mann_whitney_u,0.20205765358556937,0.2537960177702081,3343,False,,False,42
,,dwi_exponential_firstorder_InterquartileRange,0.5235808909328025,positive_higher,1.7550457653087794,0.8235294117647058,0.24037339556592763,mann_whitney_u,0.2027140890136172,0.2545443958636898,3344,False,,False,42
,,t2_log-sigma-3-mm-3D_glcm_InverseVariance,0.5234847964856888,negative_higher,0.2241182242255828,0.6126021003500584,0.4529411764705882,mann_whitney_u,0.20456037058462362,0.2567859480074244,3345,False,,False,42
,,dwi_original_firstorder_Median,0.523481364541149,positive_higher,124.02519515999658,0.47941176470588237,0.5974329054842473,mann_whitney_u,0.2046265346719648,0.256792235232391,3346,False,,False,42
,,adc_wavelet-HH_glszm_LargeAreaLowGrayLevelEmphasis,0.5234710687075297,negative_higher,3.434351952978352,0.7199533255542591,0.34705882352941175,mann_whitney_u,0.2048251203166891,0.2569646490020249,3347,False,,False,42
,,adc_wavelet-LH_glrlm_GrayLevelNonUniformityNormalized,0.5234298853730524,negative_higher,0.1445905985689898,0.294049008168028,0.7647058823529411,mann_whitney_u,0.20562086429958626,0.2578859047771693,3348,False,,False,42
,,t2_log-sigma-3-mm-3D_glszm_SizeZoneNonUniformityNormalized,0.5234195895394331,negative_higher,0.0141993248967144,0.8273045507584598,0.2382352941176471,mann_whitney_u,0.20582015083243765,0.25805876779498527,3349,False,,False,42
,,adc_square_glrlm_RunLengthNonUniformityNormalized,0.5233921339831149,positive_higher,0.7196935375686223,0.3,0.7607934655775963,mann_whitney_u,0.20635226754498248,0.2586487078869795,3350,False,,False,42
,,dwi_logarithm_firstorder_Median,0.5233337909259387,positive_higher,793.437176456595,0.2529411764705882,0.8098016336056009,mann_whitney_u,0.207486331135731,0.2599925707069336,3351,False,,False,42
,,t2_wavelet-HH_glszm_ZonePercentage,0.5233166312032397,negative_higher,0.0090671806609645,0.37456242707117854,0.7058823529411764,mann_whitney_u,0.20782073814796453,0.2603339139269997,3352,False,,False,42
,,dwi_log-sigma-0-6-mm-3D_firstorder_Median,0.5233029034250806,negative_higher,-0.514530599117279,0.7829638273045507,0.3176470588235294,mann_whitney_u,0.20808854506259356,0.2605916494833971,3353,False,,False,42
,,adc_wavelet-HL_glszm_SmallAreaHighGrayLevelEmphasis,0.5232788798133022,negative_higher,249.43203887903329,0.15985997666277713,0.8941176470588236,mann_whitney_u,0.20855780911967103,0.2611014432002083,3354,False,,False,42
,,t2_wavelet-HH_gldm_LargeDependenceEmphasis,0.5232514242569839,positive_higher,27.2079561042524,0.4852941176470588,0.5822637106184364,mann_whitney_u,0.2090950495234719,0.2616960098208818,3355,False,,False,42
,,dwi_squareroot_gldm_SmallDependenceLowGrayLevelEmphasis,0.523220536756126,positive_higher,0.0069196860641786,0.24705882352941178,0.8074679113185531,mann_whitney_u,0.20970064254228182,0.2623757443489396,3356,False,,False,42
,,dwi_original_glrlm_LongRunLowGrayLevelEmphasis,0.5232102409225067,negative_higher,0.0894887974881454,0.7164527421236873,0.361764705882353,mann_whitney_u,0.20990278882165958,0.2625504349902141,3357,False,,False,42
,,adc_square_glrlm_ShortRunEmphasis,0.523145033976251,positive_higher,0.8730619388143949,0.3,0.7607934655775963,mann_whitney_u,0.21118632508640334,0.26407724211965683,3358,False,,False,42
,,dwi_wavelet-HH_glcm_MCC,0.5231381700871715,positive_higher,0.1294233241974439,0.55,0.514585764294049,mann_whitney_u,0.21132176360565036,0.26416793253352955,3359,False,,False,42
,,adc_log-sigma-3-mm-3D_glszm_LargeAreaLowGrayLevelEmphasis,0.5231072825863134,negative_higher,0.6823601683321255,0.31971995332555425,0.7352941176470589,mann_whitney_u,0.21193201412596296,0.2648519426532496,3360,False,,False,42
,,adc_wavelet-HL_glszm_ZonePercentage,0.5231004186972339,positive_higher,0.3557477678571428,0.4264705882352941,0.6301050175029171,mann_whitney_u,0.2120677981224377,0.26494278021901696,3361,False,,False,42
,,adc_wavelet2-HL_firstorder_90Percentile,0.5230935548081543,positive_higher,154.16601853277274,0.7264705882352941,0.3313885647607935,mann_whitney_u,0.21220364496685762,0.26503364224147385,3362,False,,False,42
,,adc_wavelet-HH_gldm_SmallDependenceEmphasis,0.5230592353627566,positive_higher,0.2597223877558609,0.18235294117647058,0.869311551925321,mann_whitney_u,0.2128838222717261,0.265804094474867,3363,False,,False,42
,,adc_wavelet2-LL_firstorder_90Percentile,0.5230043242501201,negative_higher,6603.223058263495,0.6231038506417736,0.44705882352941173,mann_whitney_u,0.2139753778226251,0.2670875777280627,3364,False,,False,42
,,dwi_original_gldm_DependenceNonUniformityNormalized,0.5229391173038644,positive_higher,0.1576120700167941,0.45588235294117646,0.6557759626604434,mann_whitney_u,0.2152768367024812,0.2686322250560828,3365,False,,False,42
,,adc_exponential_firstorder_RobustMeanAbsoluteDeviation,0.5228945020248472,positive_higher,25.76723678738732,0.2,0.8588098016336057,mann_whitney_u,0.21617058866840322,0.2696673505105838,3366,False,,False,42
,,adc_wavelet2-LL_ngtdm_Complexity,0.522884206191228,negative_higher,30758.11224088017,0.39323220536756126,0.6941176470588235,mann_whitney_u,0.2163772179485779,0.2697648272464604,3367,False,,False,42
,,adc_original_firstorder_90Percentile,0.5228842061912279,negative_higher,1650.9140703421203,0.6686114352392065,0.4,mann_whitney_u,0.2163772179485779,0.2697648272464604,3368,False,,False,42
,,adc_wavelet2-HH_glszm_GrayLevelNonUniformityNormalized,0.5228773423021484,positive_higher,0.1720263335310435,0.6911764705882353,0.36289381563593937,mann_whitney_u,0.21651504976185176,0.269856543173053,3369,False,,False,42
,,adc_wavelet-HL_glrlm_LongRunLowGrayLevelEmphasis,0.5228739103576087,positive_higher,0.0075016152151105,0.8352941176470589,0.22053675612602097,mann_whitney_u,0.21658398936018808,0.26986236537787234,3370,False,,False,42
,,adc_wavelet2-HH_firstorder_RobustMeanAbsoluteDeviation,0.5228430228567507,positive_higher,27.70200053094846,0.26176470588235295,0.7841306884480747,mann_whitney_u,0.21720515672079976,0.2705560525276292,3371,False,,False,42
,,dwi_wavelet2-LL_firstorder_10Percentile,0.5228121353558928,positive_higher,314.93487899690945,0.3911764705882353,0.676779463243874,mann_whitney_u,0.2178276044754054,0.27125092265487166,3372,False,,False,42
,,adc_log-sigma-2-mm-3D_glrlm_GrayLevelNonUniformityNormalized,0.5227503603541767,negative_higher,0.1060151239749181,0.6826137689614936,0.3764705882352941,mann_whitney_u,0.2190763447711246,0.27272504349064697,3373,False,,False,42
,,t2_wavelet2-LL_firstorder_Kurtosis,0.5227400645205573,negative_higher,3.2731274863104587,0.6592765460910152,0.4117647058823529,mann_whitney_u,0.2192849669388972,0.2729038459325517,3374,False,,False,42
,,t2_wavelet-HL_ngtdm_Strength,0.5226576978516028,positive_higher,0.0266515061980967,0.22941176470588234,0.8436406067677946,mann_whitney_u,0.22095908055882596,0.2749058308937808,3375,False,,False,42
,,t2_wavelet-HH_glrlm_RunEntropy,0.5226199464616652,negative_higher,3.040490008592016,0.21236872812135357,0.85,mann_whitney_u,0.22172943722156657,0.275782555359407,3376,False,,False,42
,,adc_log-sigma-0-6-mm-3D_gldm_LargeDependenceEmphasis,0.522592490905347,negative_higher,17.09036144578313,0.8903150525087514,0.16470588235294115,mann_whitney_u,0.22229090388284278,0.27639902440155667,3377,False,,False,42
,,dwi_wavelet-HH_glrlm_LowGrayLevelRunEmphasis,0.5225444436817901,negative_higher,0.180551399437197,0.6021003500583431,0.47058823529411764,mann_whitney_u,0.22327591885777842,0.2775416173131473,3378,False,,False,42
,,adc_log-sigma-0-6-mm-3D_firstorder_InterquartileRange,0.5225410117372503,positive_higher,54.713016510009766,0.3382352941176471,0.7152858809801634,mann_whitney_u,0.2233463963742479,0.2775470607799547,3379,False,,False,42
,,adc_log-sigma-2-mm-3D_firstorder_MeanAbsoluteDeviation,0.5223797103438809,positive_higher,128.8371272558912,0.36764705882352944,0.6837806301050176,mann_whitney_u,0.2266768100836859,0.2816023448347329,3380,False,,False,42
,,adc_log-sigma-0-6-mm-3D_firstorder_RobustMeanAbsoluteDeviation,0.5223453908984831,positive_higher,17.26554148030781,0.8176470588235294,0.2322053675612602,mann_whitney_u,0.22738995547446095,0.28240473914145564,3381,False,,False,42
,,t2_wavelet2-HL_ngtdm_Contrast,0.5223350950648636,positive_higher,0.0026048291136576,0.9294117647058824,0.1353558926487748,mann_whitney_u,0.22760421062649683,0.2825872502722236,3382,False,,False,42
,,t2_square_glrlm_HighGrayLevelRunEmphasis,0.5223247992312444,negative_higher,11.655350427577948,0.544924154025671,0.5294117647058824,mann_whitney_u,0.22781860961768774,0.2827698320380345,3383,False,,False,42
,,adc_wavelet2-HL_firstorder_Uniformity,0.5222458645068296,negative_higher,0.1512615291746661,0.18319719953325556,0.8676470588235294,mann_whitney_u,0.22946711709252532,0.28473180398094383,3384,False,,False,42
,,adc_wavelet-HH_glrlm_RunEntropy,0.5222287047841306,negative_higher,3.2096375031697493,0.7362893815635939,0.33529411764705885,mann_whitney_u,0.22982660858581205,0.2850936276076292,3385,False,,False,42
,,adc_wavelet-HL_glcm_Imc2,0.5221772256160341,positive_higher,0.4625479193375265,0.8382352941176471,0.21353558926487748,mann_whitney_u,0.23090748607320777,0.28634983284743043,3386,False,,False,42
,,t2_logarithm_glszm_ZoneEntropy,0.5221737936714943,negative_higher,6.994770747534101,0.7082847141190198,0.3647058823529412,mann_whitney_u,0.23097967279365939,0.2863547818306985,3387,False,,False,42
,,t2_original_firstorder_Kurtosis,0.5221223145033976,negative_higher,3.299606625246084,0.6487747957992999,0.41764705882352937,mann_whitney_u,0.23206439825847436,0.28761464235163337,3388,False,,False,42
,,adc_wavelet2-LL_glcm_JointEntropy,0.5221085867252385,positive_higher,10.32690537340678,0.6941176470588235,0.3640606767794633,mann_whitney_u,0.23235426812904814,0.2878889264897826,3389,False,,False,42
,,adc_log-sigma-2-mm-3D_glcm_SumEntropy,0.5220982908916192,positive_higher,4.295464105486412,0.38235294117647056,0.6756126021003501,mann_whitney_u,0.23257183909675916,0.28807349627353734,3390,False,,False,42
,,t2_wavelet2-HH_ngtdm_Strength,0.5220948589470794,positive_higher,0.0012663833373688,0.40588235294117647,0.6569428238039674,mann_whitney_u,0.23264439486590438,0.28807838809847613,3391,False,,False,42
,,t2_exponential_gldm_LargeDependenceHighGrayLevelEmphasis,0.5220845631134601,negative_higher,79.10481855619302,0.7969661610268378,0.31176470588235294,mann_whitney_u,0.23286215852789993,0.2882630317389893,3392,False,,False,42
,,t2_square_glcm_DifferenceEntropy,0.5220674033907613,positive_higher,0.791735624607524,0.6176470588235294,0.4492415402567095,mann_whitney_u,0.2332254192098473,0.28862762607195663,3393,False,,False,42
,,dwi_log-sigma-2-mm-3D_glszm_ZoneEntropy,0.5220056283890453,negative_higher,5.999558573305018,0.34772462077012833,0.7294117647058824,mann_whitney_u,0.23453648443937203,0.29016461348288836,3394,False,,False,42
,,t2_wavelet2-LH_firstorder_Skewness,0.5219061019973917,positive_higher,-0.1795274669982472,0.45,0.6207701283547258,mann_whitney_u,0.23665972111457323,0.29270520440650755,3395,False,,False,42
,,t2_square_glcm_DifferenceAverage,0.521765392271261,positive_higher,0.2173540708816153,0.5941176470588235,0.47024504084014007,mann_whitney_u,0.23968466962982105,0.29635922490448136,3396,False,,False,42
,,adc_wavelet2-LL_firstorder_Minimum,0.5217310728258632,positive_higher,691.5310059066585,0.7,0.39789964994165694,mann_whitney_u,0.24042657914243837,0.2971890508740355,3397,False,,False,42
,,t2_wavelet-HL_glcm_Imc2,0.5217207769922438,negative_higher,0.4676988779506467,0.6254375729288215,0.43823529411764706,mann_whitney_u,0.24064946718371383,0.29737701963049273,3398,False,,False,42
,,adc_wavelet-LH_glszm_GrayLevelVariance,0.5216898894913858,negative_higher,13.197804721138692,0.29871645274212366,0.7441176470588236,mann_whitney_u,0.24131900451626764,0.29811665194580994,3399,False,,False,42
,,adc_wavelet2-HL_glcm_JointEnergy,0.5216624339350676,negative_higher,0.011479289829969,0.8039673278879813,0.24411764705882355,mann_whitney_u,0.2419152488420906,0.29876533231998187,3400,False,,False,42
,,adc_square_glszm_HighGrayLevelZoneEmphasis,0.5215697714324936,negative_higher,119.17363142498957,0.6534422403733956,0.43529411764705883,mann_whitney_u,0.24393522359541975,0.30117142131054614,3401,False,,False,42
,,t2_wavelet-LH_glrlm_RunEntropy,0.5215629075434141,negative_higher,3.7704626249984727,0.8494749124854143,0.22352941176470587,mann_whitney_u,0.2440853212230678,0.3012681551486366,3402,False,,False,42
,,adc_square_glcm_Autocorrelation,0.5215526117097947,negative_higher,99.0357690286621,0.6091015169194866,0.46176470588235297,mann_whitney_u,0.2443105892563412,0.3014575857441601,3403,False,,False,42
,,t2_log-sigma-3-mm-3D_glrlm_RunLengthNonUniformityNormalized,0.5215320200425562,negative_higher,0.1319838207199942,0.8214702450408401,0.22941176470588232,mann_whitney_u,0.24476156314430808,0.3019253242194329,3404,False,,False,42
,,t2_wavelet2-HH_glszm_GrayLevelNonUniformityNormalized,0.5214702450408402,positive_higher,0.3930314993534938,0.15588235294117647,0.9101516919486581,mann_whitney_u,0.246117989152274,0.30350937928058697,3405,False,,False,42
,,adc_log-sigma-3-mm-3D_glcm_DifferenceAverage,0.5214530853181413,positive_higher,1.051645381416482,0.638235294117647,0.4224037339556592,mann_whitney_u,0.24649570752662175,0.3038859295080108,3406,False,,False,42
,,adc_log-sigma-3-mm-3D_firstorder_Median,0.521363854760107,positive_higher,1.395007610321045,0.24411764705882352,0.8448074679113186,mann_whitney_u,0.24846639066478116,0.30622552814834636,3407,False,,False,42
,,adc_log-sigma-3-mm-3D_firstorder_MeanAbsoluteDeviation,0.521257464479374,positive_higher,100.46214893793088,0.8941176470588236,0.1680280046674446,mann_whitney_u,0.2508304216097814,0.30904839798693434,3408,False,,False,42
,,adc_wavelet-HL_gldm_LargeDependenceEmphasis,0.5212197130894365,negative_higher,11.161922833649587,0.5950991831971996,0.4647058823529412,mann_whitney_u,0.2516730330380964,0.30999561916308793,3409,False,,False,42
,,t2_original_glszm_GrayLevelVariance,0.521195689477658,negative_higher,19.84353009238309,0.7561260210035006,0.3176470588235294,mann_whitney_u,0.2522102671022055,0.3105662497249739,3410,False,,False,42
,,t2_square_ngtdm_Strength,0.5211922575331183,negative_higher,0.1099634737601781,0.8308051341890315,0.2382352941176471,mann_whitney_u,0.2522870800397108,0.3105697593335519,3411,False,,False,42
,,dwi_square_firstorder_Median,0.5211716658658796,positive_higher,40.62533608407175,0.34411764705882353,0.7152858809801634,mann_whitney_u,0.2527483001190146,0.31104634003509446,3412,False,,False,42
,,dwi_original_firstorder_10Percentile,0.5211545061431807,positive_higher,75.36521266936414,0.38823529411764707,0.6779463243873979,mann_whitney_u,0.25313309872693424,0.31142862043785435,3413,False,,False,42
,,adc_square_gldm_HighGrayLevelEmphasis,0.5211270505868625,negative_higher,105.36936631650288,0.5950991831971996,0.4794117647058823,mann_whitney_u,0.2537496249187554,0.3120956868874792,3414,False,,False,42
,,dwi_logarithm_firstorder_Minimum,0.521120186697783,positive_higher,252.14461182428056,0.19411764705882353,0.8669778296382731,mann_whitney_u,0.2539039196645747,0.3121940142522838,3415,False,,False,42
,,t2_wavelet2-LH_glcm_MCC,0.5210995950305443,negative_higher,0.5692769353302578,0.2823803967327888,0.7794117647058824,mann_whitney_u,0.2543671956795268,0.3126720886002146,3416,False,,False,42
,,adc_exponential_gldm_SmallDependenceEmphasis,0.5210858672523853,positive_higher,0.0506688908799345,0.3911764705882353,0.6837806301050176,mann_whitney_u,0.2546763729011624,0.31296051794321944,3417,False,,False,42
,,t2_wavelet2-HL_firstorder_Skewness,0.5210206603061295,positive_higher,-0.1474385944357865,0.5029411764705882,0.5519253208868145,mann_whitney_u,0.2561485338757099,0.3146774996325646,3418,False,,False,42
,,adc_exponential_ngtdm_Complexity,0.5209829089161919,negative_higher,1.0803036368320178,0.7654609101516919,0.2852941176470588,mann_whitney_u,0.2570035343119301,0.3156355193260587,3419,False,,False,42
,,adc_square_glcm_MaximumProbability,0.5209554533598737,negative_higher,0.035424204499415,0.5705950991831972,0.49411764705882355,mann_whitney_u,0.257626595675002,0.316308209134308,3420,False,,False,42
,,adc_wavelet2-LH_gldm_DependenceEntropy,0.5208868144690781,negative_higher,5.6382928126631535,0.6359393232205367,0.4205882352941176,mann_whitney_u,0.2591888308068091,0.318133265290205,3421,False,,False,42
,,adc_wavelet2-LH_glcm_ClusterProminence,0.5208319033564417,negative_higher,7958.81118471501,0.42707117852975496,0.6294117647058823,mann_whitney_u,0.2604433346794883,0.3195796500056024,3422,False,,False,42
,,dwi_squareroot_glszm_HighGrayLevelZoneEmphasis,0.5207941519665042,positive_higher,183.1845238095238,0.36470588235294116,0.6931155192532088,mann_whitney_u,0.26130823935598313,0.32054726761781277,3423,False,,False,42
,,t2_square_glcm_ClusterShade,0.5207872880774246,negative_higher,31.075775470222386,0.7316219369894983,0.33235294117647063,mann_whitney_u,0.26146570785486056,0.32064676030448586,3424,False,,False,42
,,adc_log-sigma-3-mm-3D_glcm_MCC,0.5207769922438054,positive_higher,0.8378498065964879,0.7205882352941176,0.33022170361726955,mann_whitney_u,0.2617020335756811,0.3208428726961416,3425,False,,False,42
,,adc_squareroot_glszm_ZoneEntropy,0.5207186491866291,negative_higher,6.120494482133871,0.49241540256709454,0.5617647058823529,mann_whitney_u,0.2630440009114646,0.32239397543118503,3426,False,,False,42
,,adc_log-sigma-0-6-mm-3D_glcm_MCC,0.5207152172420894,negative_higher,0.3292444119873105,0.5565927654609102,0.5117647058823529,mann_whitney_u,0.26312308782363636,0.3223968035516338,3427,False,,False,42
,,adc_exponential_firstorder_InterquartileRange,0.5206808977966916,positive_higher,34.79312920704477,0.3264705882352941,0.7257876312718786,mann_whitney_u,0.26391485964767736,0.32327260666878566,3428,False,,False,42
,,t2_log-sigma-2-mm-3D_firstorder_MeanAbsoluteDeviation,0.5206774658521519,negative_higher,15.6293521784901,0.8751458576429405,0.19999999999999996,mann_whitney_u,0.26399412711529435,0.32327539800440974,3429,False,,False,42
,,t2_wavelet2-HH_glcm_Correlation,0.5206603061294529,positive_higher,0.1543411137919746,0.4970588235294118,0.5635939323220537,mann_whitney_u,0.2643907107399184,0.3236666455967689,3430,False,,False,42
,,adc_wavelet-LH_gldm_DependenceEntropy,0.5206294186285949,negative_higher,5.286245410684062,0.5997666277712952,0.4558823529411765,mann_whitney_u,0.26510559587893023,0.3244472157084314,3431,False,,False,42
,,adc_log-sigma-2-mm-3D_gldm_LargeDependenceLowGrayLevelEmphasis,0.5205882352941177,positive_higher,0.1077989748994136,0.4264705882352941,0.6347724620770128,mann_whitney_u,0.2660608460186007,0.3255214138788183,3432,False,,False,42
,,adc_wavelet-HL_firstorder_InterquartileRange,0.5205539158487199,positive_higher,106.29839840001874,0.6264705882352941,0.41890315052508753,mann_whitney_u,0.26685869564907194,0.3264024651996659,3433,False,,False,42
,,adc_logarithm_glszm_GrayLevelVariance,0.5205470519596402,negative_higher,11.919048941739362,0.47724620770128356,0.6088235294117648,mann_whitney_u,0.26701846285696873,0.3265027738894618,3434,False,,False,42
,,dwi_squareroot_glrlm_ShortRunHighGrayLevelEmphasis,0.5204990047360835,positive_higher,136.68188909491303,0.3941176470588235,0.662777129521587,mann_whitney_u,0.26813867522760704,0.32777708800021016,3435,False,,False,42
,,adc_exponential_gldm_LargeDependenceLowGrayLevelEmphasis,0.5204784130688448,negative_higher,64.8764020115259,0.25670945157526254,0.7941176470588236,mann_whitney_u,0.2686197532608281,0.3282695995175254,3436,False,,False,42
,,adc_wavelet-HL_gldm_SmallDependenceEmphasis,0.5204681172352255,positive_higher,0.4883188376913265,0.12941176470588237,0.927654609101517,mann_whitney_u,0.2688605144207926,0.3284682281213,3437,False,,False,42
,,t2_wavelet-HH_glrlm_RunLengthNonUniformityNormalized,0.5204269339007481,negative_higher,0.3681854684014515,0.6301050175029171,0.4294117647058824,mann_whitney_u,0.26982504040327715,0.3295507110684586,3438,False,,False,42
,,adc_exponential_glszm_LowGrayLevelZoneEmphasis,0.520414922094859,positive_higher,0.3673974234002544,0.3411764705882353,0.7362893815635939,mann_whitney_u,0.27010680285396216,0.3297989139819096,3439,False,,False,42
,,t2_wavelet-HH_glrlm_LongRunEmphasis,0.5203994783444299,positive_higher,6.237487902666402,0.47058823529411764,0.5927654609101517,mann_whitney_u,0.2704693748461521,0.3300545996425598,3440,False,,False,42
,,t2_wavelet-HH_glcm_ClusterTendency,0.5203926144553505,negative_higher,0.5797445329455052,0.2555425904317386,0.8117647058823529,mann_whitney_u,0.27063062314106534,0.3300545996425598,3441,False,,False,42
,,adc_log-sigma-0-6-mm-3D_firstorder_Mean,0.5203926144553503,positive_higher,0.0994251947482419,0.22058823529411764,0.8669778296382731,mann_whitney_u,0.27063062314106534,0.3300545996425598,3442,False,,False,42
,,t2_log-sigma-3-mm-3D_glcm_ClusterProminence,0.5203926144553503,negative_higher,729.683404040377,0.8658109684947491,0.19999999999999996,mann_whitney_u,0.27063062314106534,0.3300545996425598,3443,False,,False,42
,,adc_log-sigma-2-mm-3D_glcm_DifferenceAverage,0.5203754547326515,positive_higher,1.1388304924842487,0.7617647058823529,0.30105017502917153,mann_whitney_u,0.27103403212764254,0.3304506100185746,3444,False,,False,42
,,t2_wavelet2-HH_gldm_SmallDependenceEmphasis,0.5203479991763333,negative_higher,0.0452417955946621,0.37222870478413067,0.6882352941176471,mann_whitney_u,0.27168034317121925,0.3311424560162408,3445,False,,False,42
,,t2_log-sigma-3-mm-3D_glcm_JointEntropy,0.520337703342714,negative_higher,3.770336411649388,0.8739789964994166,0.19117647058823528,mann_whitney_u,0.27192298169030904,0.33134201976715255,3446,False,,False,42
,,adc_wavelet-HL_glrlm_RunPercentage,0.5203205436200151,positive_higher,0.7645892351274788,0.4,0.6557759626604434,mann_whitney_u,0.2723277088325703,0.3317389177220663,3447,False,,False,42
,,adc_log-sigma-0-6-mm-3D_glszm_SizeZoneNonUniformityNormalized,0.5202724963964582,negative_higher,0.2875185605729758,0.6441073512252042,0.4205882352941176,mann_whitney_u,0.27346313729672445,0.33302543895271053,3448,False,,False,42
,,adc_square_glrlm_HighGrayLevelRunEmphasis,0.5202553366737593,negative_higher,105.58596106686144,0.6371061843640606,0.4411764705882353,mann_whitney_u,0.27386943070015435,0.3333268810173763,3449,False,,False,42
,,adc_wavelet-HH_firstorder_InterquartileRange,0.5202553366737593,positive_higher,81.83046661084964,0.13823529411764707,0.9183197199533255,mann_whitney_u,0.27386943070015435,0.3333268810173763,3450,False,,False,42
,,t2_square_glrlm_ShortRunLowGrayLevelEmphasis,0.5202175852838218,positive_higher,0.1112007513208758,0.3029411764705882,0.7899649941656943,mann_whitney_u,0.274764727726601,0.3343196440811352,3451,False,,False,42
,,adc_wavelet2-LL_firstorder_Skewness,0.520200425561123,negative_higher,0.4516887653905444,0.33605600933488916,0.7705882352941177,mann_whitney_u,0.2751723408636423,0.33471861508877,3452,False,,False,42
,,t2_exponential_glcm_ClusterShade,0.5201901297275037,negative_higher,0.8840896222902463,0.5822637106184364,0.49411764705882355,mann_whitney_u,0.27541700599692476,0.3349192030643171,3453,False,,False,42
,,adc_log-sigma-0-6-mm-3D_glszm_SmallAreaEmphasis,0.5201661061157252,negative_higher,0.5550866648594822,0.632438739789965,0.43529411764705883,mann_whitney_u,0.2759888048807638,0.3354202580880832,3454,False,,False,42
,,t2_log-sigma-3-mm-3D_gldm_DependenceEntropy,0.5201661061157251,negative_higher,5.14601072887914,0.8833138856476079,0.17941176470588238,mann_whitney_u,0.2759888048807638,0.3354202580880832,3455,False,,False,42
,,adc_square_glrlm_RunPercentage,0.5200425561122932,positive_higher,0.7905429701546207,0.5882352941176471,0.4749124854142357,mann_whitney_u,0.27894174737053923,0.33891099456275875,3456,False,,False,42
,,adc_wavelet2-HH_glcm_JointEnergy,0.5199876449996568,negative_higher,0.1125361381829249,0.7689614935822637,0.2823529411764706,mann_whitney_u,0.2802610396306905,0.3404154195572084,3457,False,,False,42
,,adc_square_gldm_DependenceNonUniformityNormalized,0.5199842130551171,positive_higher,0.2169828741464375,0.5882352941176471,0.47257876312718783,mann_whitney_u,0.28034363591183487,0.34041727217865664,3458,False,,False,42
,,dwi_logarithm_glcm_ClusterTendency,0.5199224380534011,positive_higher,28.59105596514633,0.3176470588235294,0.7339556592765462,mann_whitney_u,0.2818331967384389,0.34212708676053916,3459,False,,False,42
,,dwi_squareroot_firstorder_10Percentile,0.5199190061088612,positive_higher,207.20756559487853,0.43529411764705883,0.632438739789965,mann_whitney_u,0.2819161072449615,0.3421288249484374,3460,False,,False,42
,,adc_log-sigma-2-mm-3D_glcm_JointEntropy,0.5198709588853044,positive_higher,5.529094903851032,0.7617647058823529,0.29521586931155197,mann_whitney_u,0.2830785915275036,0.343341133975733,3461,False,,False,42
,,t2_log-sigma-0-6-mm-3D_glszm_LargeAreaHighGrayLevelEmphasis,0.5198709588853044,negative_higher,1432521.8334230357,0.30221703617269546,0.7794117647058824,mann_whitney_u,0.2830785915275036,0.343341133975733,3462,False,,False,42
,,adc_wavelet-HL_glcm_ClusterShade,0.519846935273526,negative_higher,-3.4158176040516266,0.5565927654609102,0.4970588235294118,mann_whitney_u,0.2836610499403168,0.34394823814594006,3463,False,,False,42
,,dwi_log-sigma-3-mm-3D_glszm_LargeAreaHighGrayLevelEmphasis,0.5198400713844464,negative_higher,13143.912587412588,0.9393232205367561,0.12352941176470589,mann_whitney_u,0.2838276155908934,0.34405085388746,3464,False,,False,42
,,adc_log-sigma-3-mm-3D_glcm_SumEntropy,0.5198366394399065,positive_higher,4.004943471587284,0.8941176470588236,0.16569428238039674,mann_whitney_u,0.2839109232451905,0.3440525156440274,3465,False,,False,42
,,adc_log-sigma-3-mm-3D_glrlm_ShortRunHighGrayLevelEmphasis,0.5198297755508271,negative_higher,108.82572419362532,0.6056009334889149,0.4529411764705882,mann_whitney_u,0.28407758821392803,0.344155162409199,3466,False,,False,42
,,adc_wavelet2-HH_firstorder_Mean,0.519678769991077,negative_higher,0.1470608160857208,0.5250875145857643,0.5470588235294118,mann_whitney_u,0.2877609760842038,0.34851697103477697,3467,False,,False,42
,,t2_log-sigma-2-mm-3D_firstorder_Kurtosis,0.5196616102683781,negative_higher,3.8985327510190713,0.6429404900816803,0.4411764705882353,mann_whitney_u,0.2881815722979221,0.3489257272430723,3468,False,,False,42
,,t2_log-sigma-3-mm-3D_firstorder_RootMeanSquared,0.5196547463792985,positive_higher,303.5602310185369,0.17058823529411765,0.9253208868144691,mann_whitney_u,0.28834992679545945,0.34902892551574927,3469,False,,False,42
,,dwi_original_gldm_LargeDependenceLowGrayLevelEmphasis,0.519647882490219,negative_higher,0.4454394365958049,0.7164527421236873,0.361764705882353,mann_whitney_u,0.2885183475900407,0.3491321445333086,3470,False,,False,42
,,adc_wavelet-HH_firstorder_10Percentile,0.5195346283204063,negative_higher,-77.75099168177613,0.8728121353558926,0.17647058823529416,mann_whitney_u,0.29130686489420854,0.3524049339356905,3471,False,,False,42
,,dwi_logarithm_gldm_LargeDependenceHighGrayLevelEmphasis,0.5195243324867871,negative_higher,4383.516505761445,0.6931155192532089,0.3647058823529412,mann_whitney_u,0.2915612619549006,0.35261109992760015,3472,False,,False,42
,,t2_wavelet-HL_glszm_LargeAreaHighGrayLevelEmphasis,0.5194968769304689,negative_higher,382655.3323177367,0.5320886814469078,0.5176470588235293,mann_whitney_u,0.2922403839901795,0.35333065717672435,3473,False,,False,42
,,dwi_squareroot_glszm_ZoneEntropy,0.519493444985929,negative_higher,5.909399393449501,0.7712952158693116,0.27941176470588236,mann_whitney_u,0.2923253488965677,0.35333164652178695,3474,False,,False,42
,,t2_square_glcm_Autocorrelation,0.5194797172077699,positive_higher,4.262219229842006,0.5323529411764706,0.5262543757292882,mann_whitney_u,0.2926653744292569,0.3536408366125035,3475,False,,False,42
,,t2_wavelet2-HH_glrlm_ShortRunEmphasis,0.519448829706912,negative_higher,0.4537622503370592,0.9381563593932322,0.11176470588235299,mann_whitney_u,0.2934314025202107,0.3544644589132235,3476,False,,False,42
,,t2_log-sigma-3-mm-3D_firstorder_Mean,0.5194453977623722,positive_higher,2.9532647230829943,0.15294117647058825,0.9369894982497082,mann_whitney_u,0.293516599720654,0.3544654018484401,3477,False,,False,42
,,adc_square_glszm_LargeAreaLowGrayLevelEmphasis,0.5194316699842131,positive_higher,0.1923136220779656,0.7823529411764706,0.26954492415402564,mann_whitney_u,0.2938575544728822,0.3547751211131778,3478,False,,False,42
,,dwi_square_gldm_LargeDependenceHighGrayLevelEmphasis,0.5194110783169744,positive_higher,106.55035026269702,0.36764705882352944,0.7199533255542591,mann_whitney_u,0.29436948448552536,0.3552910219473185,3479,False,,False,42
,,adc_log-sigma-2-mm-3D_firstorder_Entropy,0.5194076463724346,positive_higher,3.4863252324607594,0.35,0.6977829638273045,mann_whitney_u,0.29445486424460154,0.3552919468284718,3480,False,,False,42
,,adc_logarithm_glcm_SumSquares,0.5193115519253209,positive_higher,1.259463953578111,0.888235294117647,0.18786464410735126,mann_whitney_u,0.2968522373265332,0.3580817421815895,3481,False,,False,42
,,t2_log-sigma-2-mm-3D_glcm_ClusterShade,0.5192223213672866,positive_higher,-28.039604031546176,0.2323529411764706,0.822637106184364,mann_whitney_u,0.29909002652978633,0.3606774903499635,3482,False,,False,42
,,dwi_wavelet-HH_glcm_Idn,0.5192154574782071,positive_higher,0.8961201136945071,0.6823529411764706,0.3850641773628938,mann_whitney_u,0.29926262924706004,0.3607820213058872,3483,False,,False,42
,,adc_wavelet2-HL_glrlm_GrayLevelNonUniformityNormalized,0.5191708421991901,negative_higher,0.1250670175423821,0.3558926487747958,0.6911764705882353,mann_whitney_u,0.30038616671866936,0.3620325815303366,3484,False,,False,42
,,adc_log-sigma-0-6-mm-3D_gldm_LargeDependenceLowGrayLevelEmphasis,0.5191022033083945,positive_higher,1.85459642729916,0.26176470588235295,0.793465577596266,mann_whitney_u,0.30212016917588125,0.3640179599338667,3485,False,,False,42
,,adc_wavelet2-HL_glszm_SizeZoneNonUniformityNormalized,0.5190987713638547,positive_higher,0.437205984222661,0.2823529411764706,0.7654609101516919,mann_whitney_u,0.30220704379116625,0.3640181804013503,3486,False,,False,42
,,adc_log-sigma-0-6-mm-3D_glszm_GrayLevelVariance,0.5190369963621388,negative_higher,1.7902006405934594,0.6476079346557759,0.4,mann_whitney_u,0.30377362903030314,0.36580024901010694,3487,False,,False,42
,,t2_exponential_glrlm_ShortRunLowGrayLevelEmphasis,0.5190301324730593,negative_higher,0.0523920244608601,0.6289381563593932,0.42647058823529416,mann_whitney_u,0.3039480264992237,0.36580044805681866,3488,False,,False,42
,,adc_wavelet-HH_glcm_Imc2,0.5190301324730592,negative_higher,0.2601846564954071,0.6254375729288215,0.42352941176470593,mann_whitney_u,0.3039480264992237,0.36580044805681866,3489,False,,False,42
,,dwi_wavelet-HH_gldm_LargeDependenceHighGrayLevelEmphasis,0.5189649255268035,positive_higher,158.921851517884,0.47352941176470587,0.6056009334889147,mann_whitney_u,0.3056081190101573,0.3676929775712465,3490,False,,False,42
,,dwi_wavelet2-LL_gldm_LargeDependenceHighGrayLevelEmphasis,0.5189580616377238,negative_higher,2302.8359524722114,0.5239206534422404,0.55,mann_whitney_u,0.30578321472714654,0.36779825798891097,3491,False,,False,42
,,adc_log-sigma-0-6-mm-3D_glrlm_LongRunLowGrayLevelEmphasis,0.5189443338595648,positive_higher,0.3309325480869145,0.2676470588235294,0.7841306884480747,mann_whitney_u,0.30613360568313963,0.36811426410753245,3492,False,,False,42
,,t2_log-sigma-2-mm-3D_glszm_LargeAreaEmphasis,0.5189134463587068,negative_higher,18515.53807740325,0.8028004667444574,0.2529411764705882,mann_whitney_u,0.3069229580456888,0.36895777292695314,3493,False,,False,42
,,dwi_original_glszm_SizeZoneNonUniformity,0.5188997185805477,positive_higher,186.14237288135595,0.4470588235294118,0.6394399066511085,mann_whitney_u,0.30727421365442964,0.3692743054192759,3494,False,,False,42
,,adc_wavelet-HH_firstorder_RobustMeanAbsoluteDeviation,0.5188928546914682,positive_higher,33.5952962813798,0.14705882352941177,0.9031505250875146,mann_whitney_u,0.30744994123272373,0.3693259079030632,3495,False,,False,42
,,dwi_square_glcm_InverseVariance,0.5188911387191983,positive_higher,0.3412251115882874,0.32941176470588235,0.7199533255542591,mann_whitney_u,0.3074930635935006,0.3693259079030632,3496,False,,False,42
,,dwi_logarithm_glcm_SumSquares,0.5188139199670533,positive_higher,8.365207177002501,0.3176470588235294,0.7281213535589265,mann_whitney_u,0.30947558955454335,0.37160080084058555,3497,False,,False,42
,,adc_log-sigma-3-mm-3D_glcm_JointEntropy,0.5186835060745418,positive_higher,5.377627335514018,0.8411764705882353,0.2112018669778296,mann_whitney_u,0.3128415897246788,0.37553511585303784,3498,False,,False,42
,,adc_wavelet2-HL_gldm_LargeDependenceLowGrayLevelEmphasis,0.5186560505182236,positive_higher,0.0356424272133538,0.43529411764705883,0.6172695449241541,mann_whitney_u,0.31355328203569066,0.3762818608939311,3499,False,,False,42
,,dwi_wavelet-HH_glszm_SmallAreaHighGrayLevelEmphasis,0.5186148671837463,positive_higher,8.641584919838213,0.37941176470588234,0.6954492415402567,mann_whitney_u,0.3146228167471622,0.3774574878632383,3500,False,,False,42
,,adc_wavelet2-HH_ngtdm_Strength,0.518587411627428,positive_higher,0.0537438599984848,0.7264705882352941,0.3465577596266044,mann_whitney_u,0.3153371707487844,0.37820644957844785,3501,False,,False,42
,,adc_squareroot_glszm_GrayLevelVariance,0.5184638616239962,positive_higher,17.73322877679349,0.5941176470588235,0.46907817969661614,mann_whitney_u,0.31856493961449983,0.3819686411882595,3502,False,,False,42
,,t2_square_gldm_HighGrayLevelEmphasis,0.518450133845837,positive_higher,4.674219602706833,0.5117647058823529,0.5472578763127187,mann_whitney_u,0.3189249115017283,0.3822910943179438,3503,False,,False,42
,,adc_log-sigma-0-6-mm-3D_glcm_ClusterShade,0.5184329741231382,negative_higher,-0.1075469193215221,0.45857642940490084,0.5970588235294118,mann_whitney_u,0.31937525067381867,0.3826124615062381,3504,False,,False,42
,,adc_wavelet-HL_firstorder_Skewness,0.5184329741231382,negative_higher,-0.2959106896710986,0.7374562427071178,0.32352941176470584,mann_whitney_u,0.31937525067381867,0.3826124615062381,3505,False,,False,42
,,adc_wavelet2-HH_glcm_ClusterProminence,0.5183609032878029,negative_higher,33.25640202113813,0.3290548424737456,0.7294117647058824,mann_whitney_u,0.3212712167843086,0.3847740556980353,3506,False,,False,42
,,adc_wavelet-HL_glrlm_ShortRunEmphasis,0.5183471755096438,positive_higher,0.9024400453545134,0.1264705882352941,0.926487747957993,mann_whitney_u,0.3216331849598736,0.38509773129355834,3507,False,,False,42
,,adc_wavelet-LH_glrlm_RunEntropy,0.518312856064246,negative_higher,4.044527139315618,0.6557759626604434,0.39117647058823535,mann_whitney_u,0.3225392698412517,0.38607251826209116,3508,False,,False,42
,,t2_original_glszm_LargeAreaHighGrayLevelEmphasis,0.5182854005079278,positive_higher,29464.53112816764,0.24411764705882352,0.8144690781796966,mann_whitney_u,0.3232653354258528,0.38683133184757934,3509,False,,False,42
,,dwi_wavelet-HH_glcm_Idmn,0.5182716727297687,positive_higher,0.969311632709874,0.6676470588235294,0.39439906651108514,mann_whitney_u,0.3236287674324134,0.38715589585433163,3510,False,,False,42
,,adc_wavelet2-HL_glszm_SmallAreaEmphasis,0.5182476491179903,positive_higher,0.6837892541915171,0.2911764705882353,0.7572928821470245,mann_whitney_u,0.3242654138311015,0.3878070272505825,3511,False,,False,42
,,adc_wavelet2-LH_glcm_DifferenceAverage,0.5182133296725925,positive_higher,2.0803016620337305,0.8029411764705883,0.2567094515752626,mann_whitney_u,0.3251763224768883,0.3887840172886014,3512,False,,False,42
,,t2_wavelet-LH_firstorder_Skewness,0.5182098977280527,positive_higher,-0.0348043888274642,0.21764705882352942,0.8471411901983664,mann_whitney_u,0.3252675048189704,0.3887840172886014,3513,False,,False,42
,,dwi_wavelet2-LL_glcm_MaximumProbability,0.5181138032809389,negative_higher,0.0114570246399965,0.7082847141190198,0.3764705882352941,mann_whitney_u,0.32782736254040534,0.3917322411232675,3514,False,,False,42
,,adc_wavelet2-HL_glcm_ClusterShade,0.5179353421648706,negative_higher,-168.54432362406885,0.8716452742123687,0.18529411764705883,mann_whitney_u,0.3326159688369087,0.39734123844841523,3515,False,,False,42
,,dwi_wavelet-HL_gldm_DependenceVariance,0.5178804310522342,negative_higher,3.0631019263228296,0.5705950991831972,0.4970588235294118,mann_whitney_u,0.334098428615762,0.39899866375357923,3516,False,,False,42
,,adc_log-sigma-3-mm-3D_glrlm_GrayLevelNonUniformityNormalized,0.5178735671631547,negative_higher,0.1264629727017556,0.20420070011668612,0.8470588235294118,mann_whitney_u,0.33428403520737193,0.3991068137150284,3517,False,,False,42
,,dwi_logarithm_firstorder_10Percentile,0.5178632713295354,positive_higher,718.1236288686342,0.23823529411764705,0.823803967327888,mann_whitney_u,0.3345625697167197,0.3993258187153229,3518,False,,False,42
,,t2_square_glrlm_RunEntropy,0.5178083602168989,negative_higher,5.258830109703267,0.7526254375729288,0.3088235294117647,mann_whitney_u,0.33605061253471036,0.40098792896653845,3519,False,,False,42
,,adc_log-sigma-3-mm-3D_glrlm_LongRunLowGrayLevelEmphasis,0.5177843366051205,positive_higher,0.0210316207887185,0.6529411764705882,0.4072345390898483,mann_whitney_u,0.33670296859037985,0.40153813266430133,3520,False,,False,42
,,t2_wavelet2-HH_firstorder_Mean,0.5177843366051205,negative_higher,-0.0012130228826604,0.8751458576429405,0.17941176470588238,mann_whitney_u,0.33670296859037985,0.40153813266430133,3521,False,,False,42
,,adc_log-sigma-3-mm-3D_glcm_ClusterShade,0.5177465852151829,negative_higher,-123.7728325345359,0.8063010501750292,0.2588235294117647,mann_whitney_u,0.3377297439220188,0.4026453480860108,3522,False,,False,42
,,t2_squareroot_glszm_ZoneEntropy,0.5177431532706431,positive_higher,7.20700000195065,0.25882352941176473,0.8051341890315052,mann_whitney_u,0.33782318678423817,0.4026453480860108,3523,False,,False,42
,,dwi_wavelet-HH_glszm_ZoneEntropy,0.5177225616034045,negative_higher,4.8514702000263865,0.2975495915985998,0.7558823529411764,mann_whitney_u,0.33838419270077946,0.4031995531074271,3524,False,,False,42
,,adc_log-sigma-2-mm-3D_glcm_ClusterTendency,0.5176401949344498,positive_higher,11.190196510751138,0.9147058823529411,0.13302217036172692,mann_whitney_u,0.3406341938116332,0.4057653843446944,3525,False,,False,42
,,adc_wavelet-HL_glrlm_RunLengthNonUniformityNormalized,0.5175646921545748,positive_higher,0.6403079681708448,0.38529411764705884,0.6686114352392065,mann_whitney_u,0.34270509393933757,0.4081164746033121,3526,False,,False,42
,,adc_squareroot_glszm_LargeAreaLowGrayLevelEmphasis,0.5175509643764157,positive_higher,0.0303276894452648,0.4264705882352941,0.6417736289381564,mann_whitney_u,0.3430824841212605,0.4084500569393742,3527,False,,False,42
,,t2_wavelet2-LH_firstorder_Median,0.5175132129864781,positive_higher,0.0542129773832796,0.55,0.5052508751458576,mann_whitney_u,0.3441216757952965,0.4095711215035289,3528,False,,False,42
,,adc_square_glrlm_LongRunEmphasis,0.5174720296520008,negative_higher,1.7445556835812517,0.7537922987164527,0.30294117647058827,mann_whitney_u,0.34525762843894847,0.41080668229389194,3529,False,,False,42
,,t2_wavelet2-HH_firstorder_Skewness,0.5174514379847621,negative_higher,-0.0002587214485398,0.7864644107351225,0.27647058823529413,mann_whitney_u,0.3458265002750065,0.4113633060933775,3530,False,,False,42
,,adc_wavelet2-HH_glcm_MaximumProbability,0.5174480060402225,negative_higher,0.2344318087052181,0.38156359393232203,0.6794117647058824,mann_whitney_u,0.34592137028238057,0.4113633060933775,3531,False,,False,42
,,adc_wavelet2-HL_glcm_MaximumProbability,0.5174342782620633,negative_higher,0.0276735084737392,0.809801633605601,0.24117647058823533,mann_whitney_u,0.3463010161119928,0.4116981785544332,3532,False,,False,42
,,t2_log-sigma-3-mm-3D_gldm_DependenceNonUniformityNormalized,0.517362207426728,positive_higher,0.2221146900710816,0.4117647058823529,0.6406067677946324,mann_whitney_u,0.3482985081229436,0.4139556851424399,3533,False,,False,42
,,t2_log-sigma-2-mm-3D_glszm_LargeAreaLowGrayLevelEmphasis,0.5173416157594893,positive_higher,295.88631322800506,0.40294117647058825,0.6639439906651108,mann_whitney_u,0.348870562525584,0.4145182490223337,3534,False,,False,42
,,adc_exponential_gldm_DependenceEntropy,0.5173210240922507,positive_higher,2.977190893598052,0.4235294117647059,0.6196032672112018,mann_whitney_u,0.3494432133944606,0.41502051144541824,3535,False,,False,42
,,dwi_log-sigma-0-6-mm-3D_glszm_SizeZoneNonUniformityNormalized,0.5173193081199807,positive_higher,0.2209201388888889,0.25882352941176473,0.8098016336056009,mann_whitney_u,0.349490957006668,0.41502051144541824,3536,False,,False,42
,,dwi_square_firstorder_10Percentile,0.5173107282586313,positive_higher,5.810104799699401,0.55,0.5017502917152858,mann_whitney_u,0.3497297624764517,0.4151866758944362,3537,False,,False,42
,,dwi_wavelet-HH_glcm_Correlation,0.517238657423296,positive_higher,-0.0166842083521106,0.3558823529411765,0.7036172695449241,mann_whitney_u,0.3517397797585994,0.4174548714545955,3538,False,,False,42
,,adc_original_glcm_Contrast,0.5171528588098017,positive_higher,7.28039113725429,0.7382352941176471,0.3220536756126021,mann_whitney_u,0.3541421767623494,0.4201873411204026,3539,False,,False,42
,,dwi_wavelet2-HH_glrlm_ShortRunLowGrayLevelEmphasis,0.5171082435307846,negative_higher,0.0894855809713614,0.7899649941656943,0.2705882352941177,mann_whitney_u,0.35539551016991067,0.42154614409005203,3540,False,,False,42
,,adc_wavelet2-HH_glcm_Id,0.517101379641705,negative_higher,0.7187285581867637,0.3862310385064177,0.6588235294117647,mann_whitney_u,0.35558857879660977,0.42154614409005203,3541,False,,False,42
,,t2_log-sigma-3-mm-3D_glcm_SumEntropy,0.517101379641705,negative_higher,3.569498331526864,0.8798133022170361,0.18823529411764706,mann_whitney_u,0.35558857879660977,0.42154614409005203,3542,False,,False,42
,,t2_wavelet2-LL_glcm_Idn,0.51763676298991,negative_higher,0.9709193795151124,0.852975495915986,0.19117647058823528,t_test,0.3563461092508805,0.4223249542039083,3543,False,,False,42
,,adc_log-sigma-3-mm-3D_firstorder_Entropy,0.5170224449172901,positive_higher,3.190379557128255,0.8382352941176471,0.2147024504084014,mann_whitney_u,0.35781362152228857,0.42394452504855806,3544,False,,False,42
,,adc_log-sigma-3-mm-3D_glcm_ClusterTendency,0.5170052851945912,positive_higher,16.90325330301975,0.8705882352941177,0.17969661610268373,mann_whitney_u,0.3582984834900548,0.4243992474399831,3545,False,,False,42
,,dwi_wavelet2-HH_gldm_LargeDependenceHighGrayLevelEmphasis,0.516994989360972,positive_higher,191.19383404394884,0.2852941176470588,0.7852975495915986,mann_whitney_u,0.3585895989548318,0.42462428821526754,3546,False,,False,42
,,adc_wavelet-HL_firstorder_RobustMeanAbsoluteDeviation,0.5169641018601139,positive_higher,67.9739178186685,0.25,0.79463243873979,mann_whitney_u,0.35946383746739863,0.42553463392464297,3547,False,,False,42
,,dwi_wavelet-LH_glcm_Idmn,0.5169606699155741,positive_higher,0.9821717751537224,0.85,0.22287047841306884,mann_whitney_u,0.35956105767197744,0.42553463392464297,3548,False,,False,42
,,t2_exponential_glrlm_ShortRunEmphasis,0.516933214359256,negative_higher,0.1656132299091648,0.5752625437572929,0.4794117647058823,mann_whitney_u,0.3603394138557898,0.4263356434997074,3549,False,,False,42
,,adc_wavelet-HH_gldm_DependenceVariance,0.5168988949138582,negative_higher,2.080060919598627,0.8856476079346558,0.1588235294117647,mann_whitney_u,0.3613138451432204,0.42736812274827674,3550,False,,False,42
,,t2_log-sigma-3-mm-3D_firstorder_Entropy,0.5168748713020798,negative_higher,2.9007339444453653,0.8774795799299884,0.18823529411764706,mann_whitney_u,0.36199692921977866,0.4280504323913145,3551,False,,False,42
,,adc_wavelet2-HH_glcm_Idm,0.51687143935754,negative_higher,0.7066785784513746,0.396732788798133,0.65,mann_whitney_u,0.3620945786744342,0.4280504323913145,3552,False,,False,42
,,dwi_wavelet-HL_firstorder_RootMeanSquared,0.5168611435239207,negative_higher,297.9669120296892,0.8564760793465578,0.22352941176470587,mann_whitney_u,0.3623876260486514,0.4282762853302244,3553,False,,False,42
,,t2_log-sigma-3-mm-3D_glszm_ZonePercentage,0.5168439838012218,positive_higher,0.0065206229676536,0.7323529411764705,0.34072345390898484,mann_whitney_u,0.3628763683388798,0.4287332219062905,3554,False,,False,42
,,adc_log-sigma-2-mm-3D_glcm_SumSquares,0.5168233921339831,positive_higher,6.451062051388639,0.4441176470588235,0.5985997666277714,mann_whitney_u,0.3634634034981762,0.4293008719009076,3555,False,,False,42
,,adc_wavelet-HL_firstorder_90Percentile,0.5168199601894433,positive_higher,174.82939724822123,0.2323529411764706,0.8133022170361727,mann_whitney_u,0.36356130042382173,0.4293008719009076,3556,False,,False,42
,,adc_wavelet-HH_glcm_JointEnergy,0.5167822087995058,negative_higher,0.0803481792680861,0.8938156359393232,0.1588235294117647,mann_whitney_u,0.3646392550417248,0.4304526938206923,3557,False,,False,42
,,t2_original_glcm_Idmn,0.5167719129658864,negative_higher,0.9973029385045468,0.8716452742123687,0.1705882352941176,mann_whitney_u,0.36493358892284633,0.43067907248089704,3558,False,,False,42
,,t2_squareroot_glcm_ClusterProminence,0.5167547532431875,negative_higher,204165.53326103056,0.7129521586931156,0.3529411764705882,mann_whitney_u,0.36542447508487197,0.43113722137717825,3559,False,,False,42
,,adc_wavelet2-LL_glcm_Contrast,0.5167444574095682,positive_higher,69.09291975864782,0.7088235294117647,0.34539089848308047,mann_whitney_u,0.3657192045714519,0.4313637471897547,3560,False,,False,42
,,t2_log-sigma-3-mm-3D_glrlm_RunPercentage,0.516703274075091,negative_higher,0.1998625152760804,0.8891481913652275,0.16470588235294115,mann_whitney_u,0.3668996055692475,0.43263449699108963,3561,False,,False,42
,,adc_wavelet-LH_glcm_DifferenceVariance,0.5166586587960739,negative_higher,4.401141676127348,0.4982497082847141,0.5558823529411765,mann_whitney_u,0.36818105010108004,0.4340236466520031,3562,False,,False,42
,,adc_log-sigma-3-mm-3D_glcm_SumSquares,0.5166277712952159,positive_higher,4.598221693792951,0.8735294117647059,0.1750291715285881,mann_whitney_u,0.36906983407316973,0.4349492655832836,3563,False,,False,42
,,adc_square_gldm_LargeDependenceEmphasis,0.5165694282380396,negative_higher,7.141176470588236,0.7596266044340724,0.2970588235294118,mann_whitney_u,0.37075228520226344,0.43680944039402475,3564,False,,False,42
,,t2_wavelet-HL_firstorder_Skewness,0.5165007893472441,positive_higher,-0.000744734365128,0.18235294117647058,0.8728121353558926,mann_whitney_u,0.372737724695936,0.4390254434777659,3565,False,,False,42
,,adc_square_glrlm_RunVariance,0.5164939254581646,negative_higher,0.3781892892139136,0.4970828471411902,0.5588235294117647,mann_whitney_u,0.37293663027345025,0.43913654248968526,3566,False,,False,42
,,t2_wavelet2-HH_glcm_MCC,0.5164081268446702,negative_higher,0.2312868892335525,0.5962660443407235,0.4676470588235294,mann_whitney_u,0.3754284939681114,0.44194680296386313,3567,False,,False,42
,,t2_log-sigma-3-mm-3D_glszm_LargeAreaLowGrayLevelEmphasis,0.516380671288352,negative_higher,926.3187528443768,0.4620770128354726,0.6,mann_whitney_u,0.37622805754848276,0.44276390516986525,3568,False,,False,42
,,adc_square_glrlm_ShortRunHighGrayLevelEmphasis,0.5162365296176814,negative_higher,96.3376208186246,0.5927654609101517,0.4794117647058823,mann_whitney_u,0.38044298582774994,0.447591868152398,3569,False,,False,42
,,dwi_logarithm_firstorder_Variance,0.5162330976731416,positive_higher,17261.500635435146,0.27058823529411763,0.7724620770128354,mann_whitney_u,0.3805436935708647,0.447591868152398,3570,False,,False,42
,,adc_log-sigma-2-mm-3D_firstorder_Skewness,0.5161678907268858,positive_higher,-0.2934565928826599,0.6088235294117647,0.4504084014002334,mann_whitney_u,0.38246025099818337,0.4497201327195105,3571,False,,False,42
,,t2_square_firstorder_MeanAbsoluteDeviation,0.5161301393369483,positive_higher,10.908114383711942,0.5294117647058824,0.5215869311551926,mann_whitney_u,0.3835725365445445,0.4509017583848103,3572,False,,False,42
,,adc_wavelet2-HL_firstorder_10Percentile,0.5161232754478687,negative_higher,-153.1286188539589,0.17852975495915985,0.861764705882353,mann_whitney_u,0.38377498286685263,0.4510134769263684,3573,False,,False,42
,,adc_wavelet2-HL_firstorder_Skewness,0.5160992518360903,negative_higher,-0.0063162926916344,0.3080513418903151,0.7441176470588236,mann_whitney_u,0.38448405993271195,0.4517203602846831,3574,False,,False,42
,,adc_wavelet2-HL_gldm_SmallDependenceHighGrayLevelEmphasis,0.5160923879470107,negative_higher,80.73038031173866,0.67561260210035,0.3852941176470588,mann_whitney_u,0.3846868004773072,0.4518321329242554,3575,False,,False,42
,,adc_log-sigma-3-mm-3D_firstorder_RootMeanSquared,0.5160580685016131,positive_higher,138.26186917939208,0.8588235294117647,0.1890315052508752,mann_whitney_u,0.38570148352485323,0.45289723974296947,3576,False,,False,42
,,dwi_logarithm_gldm_GrayLevelVariance,0.5160477726679937,positive_higher,12.635664858153854,0.27058823529411763,0.7736289381563594,mann_whitney_u,0.38600620696092824,0.4531283374416935,3577,False,,False,42
,,adc_wavelet-HL_glcm_Imc1,0.5159859976662777,negative_higher,-0.0739609464533985,0.27537922987164526,0.7823529411764706,mann_whitney_u,0.3878376330923975,0.45514336500347985,3578,False,,False,42
,,adc_wavelet-LH_glcm_DifferenceAverage,0.515982565721738,positive_higher,1.886896429415372,0.6558823529411765,0.3920653442240374,mann_whitney_u,0.3879395340193985,0.45514336500347985,3579,False,,False,42
,,adc_wavelet2-HH_firstorder_90Percentile,0.5159757018326584,positive_higher,43.69642743272418,0.7764705882352941,0.2753792298716453,mann_whitney_u,0.3881433848118859,0.45525532760477905,3580,False,,False,42
,,t2_wavelet-HH_firstorder_Mean,0.5159276546091015,negative_higher,-0.0009141311067263,0.8716452742123687,0.19705882352941173,mann_whitney_u,0.38957216682656737,0.45680355445539134,3581,False,,False,42
,,adc_log-sigma-2-mm-3D_gldm_SmallDependenceHighGrayLevelEmphasis,0.5158796073855446,negative_higher,43.70101074015327,0.4574095682613769,0.5970588235294118,mann_whitney_u,0.39100414338094514,0.45835466165733907,3582,False,,False,42
,,adc_wavelet2-LH_glcm_Correlation,0.5158624476628458,negative_higher,0.4238661601953118,0.5507584597432905,0.5029411764705882,mann_whitney_u,0.3915163372860757,0.458698967707654,3583,False,,False,42
,,t2_squareroot_ngtdm_Contrast,0.5158624476628458,negative_higher,0.095380597229027,0.7094515752625438,0.3529411764705882,mann_whitney_u,0.3915163372860757,0.458698967707654,3584,False,,False,42
,,adc_wavelet-HL_firstorder_Median,0.5158555837737662,positive_higher,3.640234698662164,0.18235294117647058,0.9019836639439907,mann_whitney_u,0.3917213288225906,0.4588111184730984,3585,False,,False,42
,,t2_wavelet2-HL_gldm_DependenceVariance,0.5158384240510674,positive_higher,3.1065513060105805,0.8117647058823529,0.2567094515752626,mann_whitney_u,0.39223409253440533,0.4592835902264272,3586,False,,False,42
,,t2_wavelet2-HL_gldm_DependenceNonUniformityNormalized,0.515828128217448,negative_higher,0.1611804704734254,0.2310385064177363,0.8411764705882353,mann_whitney_u,0.3925419460635916,0.45951592738249825,3587,False,,False,42
,,t2_exponential_gldm_SmallDependenceHighGrayLevelEmphasis,0.5158144004392888,negative_higher,0.0278300891853604,0.5810968494749125,0.48235294117647054,mann_whitney_u,0.3929526452352685,0.4598684942427237,3588,False,,False,42
,,dwi_wavelet2-LH_glcm_Idmn,0.5157286018257945,positive_higher,0.9922372216487708,0.3029411764705882,0.7572928821470245,mann_whitney_u,0.3955254097300983,0.4627504027463591,3589,False,,False,42
,,t2_wavelet2-LL_glcm_Idmn,0.5156771226576978,negative_higher,0.9980484724858738,0.8634772462077013,0.17647058823529416,mann_whitney_u,0.39707394249300554,0.4644327254953009,3590,False,,False,42
,,dwi_logarithm_glcm_Imc1,0.5156153476559819,negative_higher,-0.2857525920657964,0.6861143523920653,0.37941176470588234,mann_whitney_u,0.3989370014311804,0.46648189056238554,3591,False,,False,42
,,t2_log-sigma-2-mm-3D_glcm_MCC,0.5155673004324249,positive_higher,0.9663715974599004,0.3411764705882353,0.7269544924154026,mann_whitney_u,0.40038967870787134,0.4680501839906325,3592,False,,False,42
,,dwi_logarithm_glszm_ZoneEntropy,0.5155089573752488,negative_higher,5.976556090634988,0.4982497082847141,0.5588235294117647,mann_whitney_u,0.4021579113123118,0.46997730513316316,3593,False,,False,42
,,t2_wavelet2-LH_glszm_LargeAreaEmphasis,0.515505525430709,positive_higher,250.4394722200143,0.8470588235294118,0.2112018669778296,mann_whitney_u,0.40226207064743713,0.46997730513316316,3594,False,,False,42
,,dwi_wavelet2-LH_glszm_SizeZoneNonUniformity,0.5154883657080102,positive_higher,259.749354005168,0.36764705882352944,0.7047841306884481,mann_whitney_u,0.40278310995486233,0.47045515401960136,3595,False,,False,42
,,t2_wavelet-LH_firstorder_Median,0.5154471823735328,positive_higher,0.1244317263072019,0.15294117647058825,0.8868144690781797,mann_whitney_u,0.40403525353074354,0.4717864375905429,3596,False,,False,42
,,adc_wavelet2-HH_firstorder_Uniformity,0.5154162948726748,negative_higher,0.3963249669320759,0.396732788798133,0.6529411764705882,mann_whitney_u,0.404975888295364,0.47275333749019555,3597,False,,False,42
,,dwi_wavelet-HH_firstorder_Skewness,0.5153854073718169,positive_higher,0.0476151723931026,0.6323529411764706,0.42707117852975496,mann_whitney_u,0.40591783110086155,0.4737212264570644,3598,False,,False,42
,,adc_wavelet-HL_glcm_JointEnergy,0.5153716795936578,negative_higher,0.0214040588773196,0.8028004667444574,0.24117647058823533,mann_whitney_u,0.4063368920018179,0.4739468359765648,3599,False,,False,42
,,adc_log-sigma-2-mm-3D_glszm_LargeAreaLowGrayLevelEmphasis,0.5153716795936577,negative_higher,0.3213296632449572,0.39789964994165694,0.65,mann_whitney_u,0.4063368920018179,0.4739468359765648,3600,False,,False,42
,,adc_exponential_firstorder_MeanAbsoluteDeviation,0.5152241059784475,positive_higher,33.88904107336988,0.3352941176470588,0.7292882147024504,mann_whitney_u,0.4108580854462832,0.4790872259897093,3601,False,,False,42
,,dwi_wavelet-LH_glszm_ZoneEntropy,0.51518292264397,positive_higher,5.60407875225565,0.2529411764705882,0.7864644107351225,mann_whitney_u,0.4121251258302927,0.4804312613440863,3602,False,,False,42
,,dwi_logarithm_gldm_SmallDependenceLowGrayLevelEmphasis,0.5151760587548905,positive_higher,0.0031256464956929,0.4323529411764706,0.61610268378063,mann_whitney_u,0.4123365242736112,0.4805442868234509,3603,False,,False,42
,,t2_wavelet2-LH_glszm_ZoneVariance,0.5151348754204131,positive_higher,213.29899803159617,0.8529411764705882,0.19953325554259038,mann_whitney_u,0.41360626434272396,0.4818903174181737,3604,False,,False,42
,,adc_wavelet-HL_glszm_SizeZoneNonUniformityNormalized,0.5149907337497426,positive_higher,0.445150521369001,0.17058823529411765,0.8809801633605601,mann_whitney_u,0.41806854594492726,0.48695418153196934,3605,False,,False,42
,,dwi_wavelet2-HL_firstorder_RootMeanSquared,0.5149735740270438,positive_higher,300.54201801174884,0.2529411764705882,0.8459743290548425,mann_whitney_u,0.4186016520054391,0.48743991590982766,3606,False,,False,42
,,dwi_wavelet2-LH_glcm_Idn,0.5149667101379642,positive_higher,0.9495573112816634,0.2647058823529412,0.7992998833138857,mann_whitney_u,0.4188150064092736,0.48755314996189075,3607,False,,False,42
,,t2_square_glrlm_GrayLevelNonUniformityNormalized,0.5149083670807879,positive_higher,0.2339549771431141,0.4823529411764706,0.574095682613769,mann_whitney_u,0.42063110072723753,0.4895204131583942,3608,False,,False,42
,,t2_log-sigma-2-mm-3D_firstorder_Mean,0.5149049351362482,positive_higher,1.0712772027296182,0.16470588235294117,0.9206534422403734,mann_whitney_u,0.42073807361006066,0.4895204131583942,3609,False,,False,42
,,t2_square_gldm_SmallDependenceLowGrayLevelEmphasis,0.5148843434690096,negative_higher,0.0141154326358281,0.9288214702450408,0.138235294117647,mann_whitney_u,0.42138024623606796,0.4901317600956369,3610,False,,False,42
,,adc_wavelet-HL_glszm_SmallAreaEmphasis,0.5148397281899925,positive_higher,0.6926975863633454,0.17058823529411765,0.8809801633605601,mann_whitney_u,0.42277359124192515,0.49161625855021984,3611,False,,False,42
,,t2_log-sigma-2-mm-3D_firstorder_RobustMeanAbsoluteDeviation,0.5148054087445947,negative_higher,9.991747894738952,0.8833138856476079,0.19117647058823528,mann_whitney_u,0.42384722896329563,0.4927282708795344,3612,False,,False,42
,,adc_wavelet2-LH_glszm_GrayLevelVariance,0.5147985448555152,negative_higher,13.310293099369565,0.6744457409568262,0.3735294117647059,mann_whitney_u,0.42406214773588635,0.4928416712823102,3613,False,,False,42
,,adc_wavelet-LH_glcm_JointEntropy,0.5147779531882765,positive_higher,5.653704121430648,0.8176470588235294,0.23103850641773627,mann_whitney_u,0.4247072863186173,0.49345486863637916,3614,False,,False,42
,,adc_log-sigma-2-mm-3D_firstorder_RootMeanSquared,0.5147470656874185,positive_higher,163.05816993814673,0.45,0.5997666277712952,mann_whitney_u,0.4256760688004375,0.4944436550188208,3615,False,,False,42
,,adc_wavelet2-HL_glcm_SumEntropy,0.5147367698537991,positive_higher,3.839230431032372,0.8647058823529412,0.17969661610268373,mann_whitney_u,0.4259992827110406,0.49468224228530405,3616,False,,False,42
,,adc_wavelet-LH_firstorder_MeanAbsoluteDeviation,0.5147196101311002,positive_higher,90.43994701329528,0.8205882352941176,0.23687281213535594,mann_whitney_u,0.4265382906493629,0.4951712143866947,3617,False,,False,42
,,adc_wavelet-HH_firstorder_Median,0.514630379573066,negative_higher,-0.877085669575594,0.9334889148191365,0.1352941176470588,mann_whitney_u,0.4293475351417264,0.49829472085685717,3618,False,,False,42
,,adc_log-sigma-2-mm-3D_glrlm_RunEntropy,0.5145994920722081,negative_higher,4.348140675280894,0.6837806301050176,0.361764705882353,mann_whitney_u,0.4303224655227611,0.4992882102044968,3619,False,,False,42
,,t2_original_glcm_Idn,0.514846592079072,negative_higher,0.965459335923383,0.9544924154025671,0.08823529411764708,t_test,0.43068729680310935,0.4995153825273023,3620,False,,False,42
,,adc_log-sigma-2-mm-3D_glcm_DifferenceEntropy,0.514585764294049,positive_higher,1.925914997988368,0.7970588235294118,0.249708284714119,mann_whitney_u,0.4307561800741514,0.4995153825273023,3621,False,,False,42
,,adc_wavelet-HH_glcm_ClusterProminence,0.514523989292333,negative_higher,3.179677669147579,0.8716452742123687,0.1705882352941176,mann_whitney_u,0.43271103141742573,0.5016437385206435,3622,False,,False,42
,,adc_log-sigma-0-6-mm-3D_gldm_DependenceNonUniformityNormalized,0.5145068295696341,negative_higher,0.1470915014018517,0.6651108518086347,0.4,mann_whitney_u,0.43325495560854244,0.5021356772288903,3623,False,,False,42
,,adc_wavelet-HH_glcm_Correlation,0.5144999656805546,positive_higher,-0.0188304982634643,0.43823529411764706,0.6091015169194867,mann_whitney_u,0.4334726359752399,0.5022368877139786,3624,False,,False,42
,,dwi_squareroot_glszm_LowGrayLevelZoneEmphasis,0.5144965337360148,negative_higher,0.0131663703192373,0.6604434072345391,0.3941176470588236,mann_whitney_u,0.43358149987215344,0.5022368877139786,3625,False,,False,42
,,adc_wavelet-HL_firstorder_Uniformity,0.5144519184569978,negative_higher,0.1359485921333659,0.7969661610268378,0.25,mann_whitney_u,0.43499816845095085,0.5037389159750532,3626,False,,False,42
,,t2_wavelet-HH_ngtdm_Strength,0.5143077767863271,positive_higher,0.0029766742985354,0.22647058823529412,0.8401400233372229,mann_whitney_u,0.4395933165357171,0.5089066050354132,3627,False,,False,42
,,adc_wavelet2-LH_firstorder_MeanAbsoluteDeviation,0.5143043448417874,positive_higher,125.19855606670646,0.8235294117647058,0.23103850641773627,mann_whitney_u,0.43970306336472476,0.5089066050354132,3628,False,,False,42
,,dwi_logarithm_gldm_SmallDependenceHighGrayLevelEmphasis,0.5142837531745487,positive_higher,118.79795614798245,0.29705882352941176,0.7467911318553092,mann_whitney_u,0.4403618744897596,0.5095286610588318,3629,False,,False,42
,,dwi_squareroot_gldm_LargeDependenceLowGrayLevelEmphasis,0.5142562976182304,negative_higher,0.0628653157795616,0.7526254375729288,0.3088235294117647,mann_whitney_u,0.441241169298362,0.5104054187007775,3630,False,,False,42
,,dwi_wavelet-HH_glrlm_ShortRunLowGrayLevelEmphasis,0.5141910906719747,negative_higher,0.0669261513433209,0.6441073512252042,0.42647058823529416,mann_whitney_u,0.4433335207314767,0.5126845093779869,3631,False,,False,42
,,adc_wavelet2-LH_firstorder_Median,0.5141773628938157,positive_higher,3.808758484107198,0.17647058823529413,0.9218203033838973,mann_whitney_u,0.44377473709228454,0.5130534474257992,3632,False,,False,42
,,adc_log-sigma-0-6-mm-3D_glcm_InverseVariance,0.514143043448418,negative_higher,0.4588610463536889,0.6137689614935823,0.4441176470588235,mann_whitney_u,0.44487887445520613,0.5140468887829969,3633,False,,False,42
,,dwi_squareroot_glcm_Idmn,0.5141430434484179,positive_higher,0.993808651802584,0.5676470588235294,0.485414235705951,mann_whitney_u,0.44487887445520613,0.5140468887829969,3634,False,,False,42
,,t2_exponential_glcm_Correlation,0.5141327476147985,positive_higher,0.8777538570486767,0.18529411764705883,0.8681446907817969,mann_whitney_u,0.44521032539624383,0.5142883511248495,3635,False,,False,42
,,adc_wavelet2-HL_firstorder_MeanAbsoluteDeviation,0.5140881323357814,positive_higher,93.22459762394394,0.888235294117647,0.1493582263710619,mann_whitney_u,0.44664874900726204,0.5158080575031609,3636,False,,False,42
,,t2_log-sigma-3-mm-3D_gldm_LargeDependenceEmphasis,0.514081268446702,positive_higher,57.37622532099959,0.17647058823529413,0.8798133022170361,mann_whitney_u,0.4468702647221938,0.5159219800848204,3637,False,,False,42
,,adc_wavelet2-LH_firstorder_Skewness,0.5140744045576224,positive_higher,-0.3698458627155286,0.7088235294117647,0.33022170361726955,mann_whitney_u,0.4470918429269152,0.5160359121633087,3638,False,,False,42
,,t2_wavelet2-HH_glcm_Imc1,0.5140469490013042,negative_higher,-0.0247207793741858,0.6126021003500584,0.44999999999999996,mann_whitney_u,0.4479787803864087,0.5169175319710169,3639,False,,False,42
,,dwi_wavelet-HL_gldm_DependenceNonUniformityNormalized,0.5139851739995881,positive_higher,0.1579663539025343,0.5558823529411765,0.4935822637106184,mann_whitney_u,0.4499780402845659,0.5190818107568385,3640,False,,False,42
,,t2_exponential_gldm_SmallDependenceEmphasis,0.5139783101105087,positive_higher,0.0175707913964162,0.20588235294117646,0.8494749124854142,mann_whitney_u,0.4502004919877568,0.5191957884802502,3641,False,,False,42
,,adc_log-sigma-0-6-mm-3D_gldm_DependenceVariance,0.5139405587205711,positive_higher,3.4801504688218623,0.37941176470588234,0.676779463243874,mann_whitney_u,0.45142508952281213,0.5204651155700956,3642,False,,False,42
,,dwi_squareroot_glrlm_LongRunLowGrayLevelEmphasis,0.5139233989978721,negative_higher,0.0163682335635769,0.7292882147024504,0.33235294117647063,mann_whitney_u,0.45198234712060537,0.5209645554651172,3643,False,,False,42
,,adc_log-sigma-3-mm-3D_firstorder_Variance,0.5138890795524744,positive_higher,18896.70807205493,0.85,0.19836639439906656,mann_whitney_u,0.453098028151361,0.5221071954466424,3644,False,,False,42
,,adc_log-sigma-0-6-mm-3D_firstorder_MeanAbsoluteDeviation,0.5138616239961562,positive_higher,50.71103470306236,0.14705882352941177,0.898483080513419,mann_whitney_u,0.4539916912547258,0.5229934462492712,3645,False,,False,42
,,dwi_wavelet2-HL_ngtdm_Contrast,0.5138547601070766,positive_higher,0.0152735519454794,0.26176470588235295,0.7922987164527422,mann_whitney_u,0.45421526223504594,0.5231074838521552,3646,False,,False,42
,,adc_log-sigma-3-mm-3D_gldm_GrayLevelVariance,0.5137998489944402,positive_higher,5.125876663051221,0.85,0.19719953325554263,mann_whitney_u,0.45600606291054757,0.5250259002361912,3647,False,,False,42
,,adc_square_glcm_Idm,0.513772393438122,negative_higher,0.3812100692931229,0.7911318553092183,0.25588235294117645,mann_whitney_u,0.4569029503866898,0.5259143335180128,3648,False,,False,42
,,adc_log-sigma-2-mm-3D_gldm_GrayLevelVariance,0.513758665659963,positive_higher,7.063279735807718,0.4294117647058823,0.6137689614935823,mann_whitney_u,0.4573517655256989,0.5262866712640202,3649,False,,False,42
,,adc_log-sigma-0-6-mm-3D_glcm_JointEnergy,0.5136797309355481,negative_higher,0.0848478650482376,0.9101516919486581,0.1352941176470588,mann_whitney_u,0.45993725131002783,0.5291168543152895,3650,False,,False,42
,,t2_log-sigma-2-mm-3D_firstorder_InterquartileRange,0.5136488434346901,negative_higher,22.838542699813843,0.9019836639439907,0.16764705882352937,mann_whitney_u,0.460951185625911,0.530122510613725,3651,False,,False,42
,,adc_squareroot_glcm_ClusterProminence,0.5136454114901503,positive_higher,7033.718482025248,0.6794117647058824,0.3862310385064177,mann_whitney_u,0.46106392206747404,0.530122510613725,3652,False,,False,42
,,t2_log-sigma-2-mm-3D_firstorder_10Percentile,0.5136145239892924,positive_higher,-27.87025356292725,0.25588235294117645,0.8121353558926487,mann_whitney_u,0.46207924319545146,0.5311444681570492,3653,False,,False,42
,,adc_exponential_glrlm_RunLengthNonUniformityNormalized,0.513604228155673,positive_higher,0.2262922853419769,0.3411764705882353,0.7187864644107351,mann_whitney_u,0.4624179606944391,0.5312429594954718,3654,False,,False,42
,,adc_wavelet-HH_ngtdm_Strength,0.513604228155673,positive_higher,0.2611463855503478,0.3323529411764706,0.7117852975495915,mann_whitney_u,0.4624179606944391,0.5312429594954718,3655,False,,False,42
,,adc_wavelet-HL_gldm_LargeDependenceLowGrayLevelEmphasis,0.5135973642665935,positive_higher,0.0901750099049638,0.40588235294117647,0.6394399066511085,mann_whitney_u,0.46264384929747415,0.5313570905908354,3656,False,,False,42
,,adc_wavelet2-LH_glcm_DifferenceEntropy,0.5135355892648775,positive_higher,2.591195864720475,0.8352941176470589,0.21936989498249704,mann_whitney_u,0.4646796139856405,0.5335492751232442,3657,False,,False,42
,,adc_log-sigma-2-mm-3D_firstorder_Variance,0.513511565653099,positive_higher,26293.77732835064,0.4294117647058823,0.61610268378063,mann_whitney_u,0.4654726440307638,0.5343137321720004,3658,False,,False,42
,,t2_log-sigma-3-mm-3D_firstorder_Variance,0.5134978378749399,negative_higher,461.49361006645466,0.9008168028004667,0.16764705882352937,mann_whitney_u,0.4659261415353263,0.5346881301740463,3659,False,,False,42
,,t2_log-sigma-0-6-mm-3D_glrlm_RunEntropy,0.513466950374082,negative_higher,4.522909882827815,0.6476079346557759,0.4117647058823529,mann_whitney_u,0.46694740759597253,0.5356976136239374,3660,False,,False,42
,,adc_wavelet-HH_firstorder_Uniformity,0.5134635184295422,negative_higher,0.2739202886464072,0.8798133022170361,0.17647058823529416,mann_whitney_u,0.4670609581989128,0.5356976136239374,3661,False,,False,42
,,t2_wavelet2-LH_gldm_DependenceVariance,0.5134429267623035,positive_higher,3.10218271881597,0.8,0.2613768961493582,mann_whitney_u,0.4677425833148161,0.5363329075201837,3662,False,,False,42
,,t2_log-sigma-3-mm-3D_gldm_GrayLevelVariance,0.5134326309286842,negative_higher,3.3255973530188188,0.9019836639439907,0.16764705882352937,mann_whitney_u,0.46808360246726344,0.536577408342899,3663,False,,False,42
,,adc_wavelet-HL_gldm_SmallDependenceHighGrayLevelEmphasis,0.5134120392614456,negative_higher,32.78490326286086,0.6686114352392065,0.3764705882352941,mann_whitney_u,0.4687660537115699,0.5372130621001315,3664,False,,False,42
,,adc_log-sigma-0-6-mm-3D_gldm_SmallDependenceHighGrayLevelEmphasis,0.5133983114832864,negative_higher,1.7723240645377425,0.7887981330221704,0.25588235294117645,mann_whitney_u,0.4692213269280606,0.5375880905241274,3665,False,,False,42
,,dwi_wavelet2-HH_glszm_SizeZoneNonUniformityNormalized,0.5133897316219369,positive_higher,0.1364,0.4176470588235294,0.6452742123687281,mann_whitney_u,0.4695059851674307,0.5377674936492203,3666,False,,False,42
,,t2_exponential_firstorder_Mean,0.5133811517605875,negative_higher,1.6093555394600214,0.7164527421236873,0.35,mann_whitney_u,0.46979076217466,0.5379469349253878,3667,False,,False,42
,,adc_wavelet2-LH_glrlm_RunEntropy,0.5133605600933488,negative_higher,4.3645341836910765,0.6942823803967327,0.3529411764705882,mann_whitney_u,0.4704745882938721,0.5382895902577572,3668,False,,False,42
,,t2_original_glszm_GrayLevelNonUniformityNormalized,0.5133605600933488,positive_higher,0.065845583285191,0.3205882352941177,0.7362893815635939,mann_whitney_u,0.4704745882938721,0.5382895902577572,3669,False,,False,42
,,t2_wavelet-HH_gldm_DependenceNonUniformityNormalized,0.5133605600933488,negative_higher,0.2540567986113254,0.5134189031505251,0.5411764705882354,mann_whitney_u,0.4704745882938721,0.5382895902577572,3670,False,,False,42
,,dwi_wavelet-HH_gldm_SmallDependenceLowGrayLevelEmphasis,0.5133331045370306,positive_higher,0.012481380911544,0.5117647058823529,0.5425904317386231,mann_whitney_u,0.47138721076065737,0.5391868422729502,3671,False,,False,42
,,adc_logarithm_glcm_DifferenceVariance,0.5133056489807125,negative_higher,2.0031733315769973,0.46091015169194866,0.6176470588235294,mann_whitney_u,0.4723008086951017,0.5400847210541209,3672,False,,False,42
,,adc_wavelet-LH_glcm_ClusterShade,0.5132850573134738,positive_higher,-8.342851373826521,0.6058823529411764,0.4504084014002334,mann_whitney_u,0.47298664671355817,0.5407217341547048,3673,False,,False,42
,,dwi_wavelet-LH_glcm_Idn,0.5132541698126158,positive_higher,0.9272852055427204,0.7264705882352941,0.3255542590431738,mann_whitney_u,0.4740164306329655,0.5417514948905341,3674,False,,False,42
,,adc_wavelet2-HL_glcm_Idm,0.5132438739789965,negative_higher,0.3678495153743273,0.7852975495915986,0.2617647058823529,mann_whitney_u,0.4743599655707884,0.5419965973963919,3675,False,,False,42
,,t2_wavelet2-LH_gldm_DependenceNonUniformityNormalized,0.5132267142562976,negative_higher,0.1647451080737643,0.18203033838973162,0.8764705882352941,mann_whitney_u,0.4749328276178505,0.5425035209922073,3676,False,,False,42
,,adc_exponential_glszm_HighGrayLevelZoneEmphasis,0.5131975427277096,negative_higher,5.104651162790698,0.7596266044340724,0.2852941176470588,mann_whitney_u,0.47590754708836247,0.5433868310899477,3677,False,,False,42
,,adc_wavelet2-LH_glcm_JointEntropy,0.5131958267554396,positive_higher,6.44466230746416,0.8352941176470589,0.21936989498249704,mann_whitney_u,0.47596493563915876,0.5433868310899477,3678,False,,False,42
,,adc_wavelet2-HH_glszm_ZoneEntropy,0.5131820989772805,negative_higher,4.951800561981157,0.3278879813302217,0.7176470588235294,mann_whitney_u,0.47642404469215394,0.5437631322811509,3679,False,,False,42
,,t2_log-sigma-0-6-mm-3D_glszm_LargeAreaEmphasis,0.513175235088201,positive_higher,20971.36375118409,0.14705882352941177,0.9031505250875146,mann_whitney_u,0.47665369017047454,0.5438774035396257,3680,False,,False,42
,,adc_wavelet-HH_firstorder_90Percentile,0.5131374836982634,positive_higher,77.21036741532886,0.18823529411764706,0.8623103850641773,mann_whitney_u,0.47791782335406396,0.5451716762465946,3681,False,,False,42
,,t2_square_glcm_DifferenceVariance,0.5131065961974055,negative_higher,0.6170471705820502,0.14352392065344224,0.8970588235294118,mann_whitney_u,0.47895347613190264,0.5462046839429275,3682,False,,False,42
,,t2_wavelet2-LL_gldm_DependenceEntropy,0.5130894364747065,positive_higher,8.062266444943939,0.3323529411764706,0.7327887981330221,mann_whitney_u,0.4795293678760061,0.5467129556642274,3683,False,,False,42
,,adc_squareroot_ngtdm_Strength,0.5130757086965475,positive_higher,0.763870630716302,0.8441176470588235,0.2462077012835473,mann_whitney_u,0.47999035316120464,0.547089981792589,3684,False,,False,42
,,t2_wavelet-HH_firstorder_Skewness,0.5129727503603542,positive_higher,0.0210179545397474,0.4323529411764706,0.6207701283547258,mann_whitney_u,0.48345543314516837,0.550872311276701,3685,False,,False,42
,,adc_log-sigma-0-6-mm-3D_glrlm_GrayLevelNonUniformityNormalized,0.5129693184158144,negative_higher,0.2502575127694634,0.8728121353558926,0.17352941176470593,mann_whitney_u,0.48357116917502263,0.550872311276701,3686,False,,False,42
,,adc_square_glszm_GrayLevelVariance,0.5129384309149564,positive_higher,61.86537046618682,0.12058823529411765,0.9241540256709452,mann_whitney_u,0.4846134697401334,0.5519099428909195,3687,False,,False,42
,,adc_wavelet-LH_glcm_SumEntropy,0.5129247031367974,positive_higher,3.563562200286695,0.8205882352941176,0.2462077012835473,mann_whitney_u,0.48507710493812894,0.5522881680138838,3688,False,,False,42
,,adc_wavelet-HH_gldm_DependenceEntropy,0.5129075434140984,positive_higher,4.567043593603998,0.1411764705882353,0.9043173862310385,mann_whitney_u,0.485656986595117,0.5527985054792346,3689,False,,False,42
,,dwi_squareroot_glrlm_HighGrayLevelRunEmphasis,0.5128423364678427,positive_higher,316.8685336606637,0.22647058823529412,0.8214702450408402,mann_whitney_u,0.48786395414332673,0.5551600930752923,3690,False,,False,42
,,adc_log-sigma-3-mm-3D_gldm_LargeDependenceLowGrayLevelEmphasis,0.5127874253552063,positive_higher,0.1756238311960184,0.27941176470588236,0.7607934655775963,mann_whitney_u,0.4897266420458225,0.5571287374560847,3691,False,,False,42
,,adc_log-sigma-2-mm-3D_glszm_SizeZoneNonUniformityNormalized,0.512759969798888,positive_higher,0.3241964530997222,0.35,0.6966161026837806,mann_whitney_u,0.49065941933315116,0.5580387057908726,3692,False,,False,42
,,adc_log-sigma-2-mm-3D_glcm_Contrast,0.5127359461871096,positive_higher,2.408464162436934,0.8058823529411765,0.249708284714119,mann_whitney_u,0.4914763821776169,0.558797953433374,3693,False,,False,42
,,dwi_squareroot_glszm_SizeZoneNonUniformity,0.5127325142425698,negative_higher,167.5845464725644,0.6056009334889149,0.43823529411764706,mann_whitney_u,0.4915931507461023,0.558797953433374,3694,False,,False,42
,,dwi_original_glrlm_LongRunHighGrayLevelEmphasis,0.5127256503534903,negative_higher,152.36492714850266,0.5484247374562428,0.5,mann_whitney_u,0.4918267325549699,0.5589121650875016,3695,False,,False,42
,,t2_exponential_glcm_Imc1,0.5127050586862516,negative_higher,-0.535942181385543,0.6347724620770129,0.4205882352941176,mann_whitney_u,0.49252774438151914,0.5595573589442637,3696,False,,False,42
,,adc_square_glszm_SmallAreaHighGrayLevelEmphasis,0.5126913309080926,negative_higher,83.99322750185033,0.588098016336056,0.48235294117647054,mann_whitney_u,0.4929955344861394,0.5598815693866029,3697,False,,False,42
,,adc_wavelet2-HL_firstorder_Median,0.5126844670190129,positive_higher,7.796021097779397,0.15588235294117647,0.9311551925320887,mann_whitney_u,0.4932294733307687,0.5598815693866029,3698,False,,False,42
,,dwi_log-sigma-3-mm-3D_glrlm_RunLengthNonUniformity,0.5126844670190129,negative_higher,273.71604931959587,0.7117852975495916,0.35,mann_whitney_u,0.4932294733307687,0.5598815693866029,3699,False,,False,42
,,t2_log-sigma-2-mm-3D_firstorder_RootMeanSquared,0.5126810350744733,positive_higher,301.474495915215,0.2,0.8809801633605601,mann_whitney_u,0.4933464650465422,0.5598815693866029,3700,False,,False,42
,,t2_log-sigma-0-6-mm-3D_glszm_ZoneVariance,0.5126673072963142,positive_higher,20744.308903183617,0.14411764705882352,0.9043173862310385,mann_whitney_u,0.49381458048288185,0.5602613951493166,3701,False,,False,42
,,dwi_original_glrlm_LowGrayLevelRunEmphasis,0.512653579518155,negative_higher,0.0155364062153905,0.9486581096849475,0.10588235294117643,mann_whitney_u,0.49428293353377295,0.5606412852264486,3702,False,,False,42
,,adc_wavelet-LH_firstorder_Entropy,0.5126364197954562,positive_higher,2.994109506512233,0.8176470588235294,0.2427071178529755,mann_whitney_u,0.494868708783916,0.5611541204924826,3703,False,,False,42
,,adc_square_glcm_Id,0.5126089642391378,negative_higher,0.451189094983497,0.793465577596266,0.2529411764705882,mann_whitney_u,0.4958067203151275,0.5620659877438501,3704,False,,False,42
,,t2_wavelet2-HH_gldm_DependenceEntropy,0.5126021003500583,negative_higher,3.334547186673945,0.7094515752625438,0.34705882352941175,mann_whitney_u,0.4960413713845587,0.5621614845249525,3705,False,,False,42
,,adc_log-sigma-3-mm-3D_glcm_Contrast,0.5125986684055186,positive_higher,2.0583313918686503,0.6676470588235294,0.3710618436406068,mann_whitney_u,0.49615871913538323,0.5621614845249525,3706,False,,False,42
,,dwi_squareroot_glszm_SmallAreaLowGrayLevelEmphasis,0.5125746447937402,negative_higher,0.0079606196410181,0.6732788798133023,0.3735294117647059,mann_whitney_u,0.4969805678896171,0.5629407619553553,3707,False,,False,42
,,t2_original_glszm_ZoneEntropy,0.5125403253483424,positive_higher,7.444667968950782,0.3,0.7561260210035006,mann_whitney_u,0.49815589472906463,0.5641199034431884,3708,False,,False,42
,,adc_wavelet2-HL_firstorder_Entropy,0.5124888461802457,positive_higher,3.1013567353123115,0.8352941176470589,0.20070011668611432,mann_whitney_u,0.4999216538348519,0.5659476589501791,3709,False,,False,42
,,dwi_wavelet2-HH_glszm_SmallAreaEmphasis,0.512485414235706,positive_higher,0.3667582605502733,0.42058823529411765,0.6417736289381564,mann_whitney_u,0.500039489093871,0.5659476589501791,3710,False,,False,42
,,adc_log-sigma-0-6-mm-3D_firstorder_Uniformity,0.5124785503466264,negative_higher,0.2861743034604687,0.8763127187864644,0.17352941176470593,mann_whitney_u,0.5002752038167323,0.566061864949194,3711,False,,False,42
,,adc_log-sigma-0-6-mm-3D_glcm_SumEntropy,0.5124716864575468,positive_higher,2.5973675992760707,0.2323529411764706,0.808634772462077,mann_whitney_u,0.500510977464624,0.5661760760705702,3712,False,,False,42
,,t2_log-sigma-3-mm-3D_firstorder_90Percentile,0.5123996156222116,negative_higher,28.28364219665528,0.6884480746791132,0.38235294117647056,mann_whitney_u,0.5029901539016635,0.5688077685002221,3713,False,,False,42
,,t2_log-sigma-0-6-mm-3D_firstorder_Mean,0.5123961836776717,positive_higher,-0.0344873983040911,0.17058823529411765,0.8903150525087514,mann_whitney_u,0.5031083715669981,0.5688077685002221,3714,False,,False,42
,,dwi_wavelet-HH_glrlm_LongRunHighGrayLevelEmphasis,0.5123790239549728,positive_higher,33.891461707791166,0.4676470588235294,0.6009334889148191,mann_whitney_u,0.5036996800161451,0.5693230030653548,3715,False,,False,42
,,t2_exponential_glrlm_LowGrayLevelRunEmphasis,0.5123652961768138,positive_higher,0.8104650276818286,0.45588235294117646,0.5962660443407235,mann_whitney_u,0.5041729012886086,0.5695513554795283,3716,False,,False,42
,,t2_exponential_firstorder_RootMeanSquared,0.5123652961768138,negative_higher,301.6205807914513,0.7199533255542591,0.34705882352941175,mann_whitney_u,0.5041729907876653,0.5695513554795283,3717,False,,False,42
,,dwi_logarithm_glszm_SizeZoneNonUniformityNormalized,0.512300089230558,positive_higher,0.3274621479626244,0.18529411764705883,0.8483080513418904,mann_whitney_u,0.5064244171676073,0.5719408627452348,3718,False,,False,42
,,adc_wavelet-HL_firstorder_Mean,0.5122863614523989,positive_higher,-0.625959981083324,0.3058823529411765,0.7607934655775963,mann_whitney_u,0.5068990744601596,0.572322993723638,3719,False,,False,42
,,adc_wavelet2-HL_glcm_Id,0.5122657697851603,negative_higher,0.4363779029075376,0.7852975495915986,0.2588235294117647,mann_whitney_u,0.5076114985159259,0.5729733016850465,3720,False,,False,42
,,dwi_wavelet-LH_firstorder_RootMeanSquared,0.5122177225616034,negative_higher,299.179756878839,0.6359393232205367,0.4323529411764706,mann_whitney_u,0.5092758632934634,0.5746974872263513,3721,False,,False,42
,,adc_wavelet2-LH_glcm_Imc2,0.5122074267279841,positive_higher,0.6503608639965386,0.45588235294117646,0.5939323220536756,mann_whitney_u,0.5096328843714399,0.5749458574625675,3722,False,,False,42
,,adc_wavelet2-HL_firstorder_Mean,0.512193698949825,positive_higher,-2.230401411604932,0.3323529411764706,0.7327887981330221,mann_whitney_u,0.5101091162006112,0.5751740544915055,3723,False,,False,42
,,adc_log-sigma-0-6-mm-3D_glcm_JointEntropy,0.5121936989498249,positive_higher,4.086610910228195,0.1676470588235294,0.8798133022170361,mann_whitney_u,0.5101091162006112,0.5751740544915055,3724,False,,False,42
,,t2_exponential_glrlm_GrayLevelNonUniformityNormalized,0.5121868350607455,positive_higher,0.612513086087189,0.45588235294117646,0.5950991831971995,mann_whitney_u,0.5103472306113974,0.5752880594193981,3725,False,,False,42
,,t2_original_glcm_ClusterProminence,0.512131923948109,negative_higher,15966.86271779714,0.7887981330221704,0.2647058823529411,mann_whitney_u,0.5122550368603347,0.5772836553345533,3726,False,,False,42
,,adc_squareroot_glcm_Contrast,0.5121250600590295,positive_higher,4.526533072236242,0.7617647058823529,0.2858809801633606,mann_whitney_u,0.5124937627659479,0.5773977219893253,3727,False,,False,42
,,adc_original_firstorder_Skewness,0.512087308669092,negative_higher,0.4422713715061461,0.29871645274212366,0.7911764705882353,mann_whitney_u,0.5138077912574506,0.5787228850563398,3728,False,,False,42
,,dwi_wavelet2-LL_gldm_LowGrayLevelEmphasis,0.512070148946393,positive_higher,0.0115558928546248,0.34705882352941175,0.7024504084014003,mann_whitney_u,0.5144056559574381,0.579240908920698,3729,False,,False,42
,,t2_wavelet-HH_glrlm_RunVariance,0.5120495572791544,positive_higher,2.2450161242192834,0.3352941176470588,0.7094515752625438,mann_whitney_u,0.5151235707197027,0.5798937998530916,3730,False,,False,42
,,adc_wavelet2-LH_firstorder_Entropy,0.5120358295009954,positive_higher,3.445239569033054,0.8294117647058824,0.2287047841306884,mann_whitney_u,0.5156024694894905,0.5802773437111687,3731,False,,False,42
,,dwi_square_glrlm_LongRunHighGrayLevelEmphasis,0.5120015100555976,positive_higher,37.040720738183104,0.7323529411764705,0.3465577596266044,mann_whitney_u,0.5168007265544174,0.5814700564849944,3732,False,,False,42
,,adc_wavelet-HL_glcm_MaximumProbability,0.5119877822774384,negative_higher,0.089551756770186,0.6511085180863477,0.3970588235294118,mann_whitney_u,0.5172804330362162,0.5818538811462823,3733,False,,False,42
,,adc_wavelet2-HH_gldm_DependenceVariance,0.5119603267211201,negative_higher,3.084712658343591,0.1971995332555426,0.8470588235294118,mann_whitney_u,0.5182405371394692,0.582777722401883,3734,False,,False,42
,,t2_wavelet-LH_glcm_MCC,0.5119431669984214,negative_higher,0.4459682704557336,0.5542590431738623,0.5088235294117647,mann_whitney_u,0.5188410697211445,0.5832968277802104,3735,False,,False,42
,,t2_log-sigma-3-mm-3D_glcm_SumSquares,0.5119088475530236,negative_higher,3.306596975668047,0.9031505250875146,0.16764705882352937,mann_whitney_u,0.5200432123852542,0.584491822485461,3736,False,,False,42
,,t2_wavelet-LH_glcm_Correlation,0.511871096163086,positive_higher,0.3926643081017241,0.32941176470588235,0.7316219369894983,mann_whitney_u,0.521367226245059,0.5858231156015529,3737,False,,False,42
,,t2_log-sigma-3-mm-3D_glcm_ClusterTendency,0.5118264808840689,negative_higher,13.005274842548571,0.9043173862310385,0.16470588235294115,mann_whitney_u,0.5229342035284215,0.587404994526142,3738,False,,False,42
,,dwi_logarithm_glrlm_LongRunLowGrayLevelEmphasis,0.5118230489395291,negative_higher,0.0153651389953448,0.6697782963827305,0.3735294117647059,mann_whitney_u,0.523054840327041,0.587404994526142,3739,False,,False,42
,,adc_wavelet-LH_ngtdm_Strength,0.5118058892168302,positive_higher,0.8785751531528115,0.37058823529411766,0.6872812135355892,mann_whitney_u,0.523658238553959,0.5879253860128539,3740,False,,False,42
,,adc_log-sigma-3-mm-3D_glszm_GrayLevelVariance,0.5117955933832109,negative_higher,12.734813441775534,0.4725787631271879,0.5823529411764705,mann_whitney_u,0.52402044878862,0.5881747833369193,3741,False,,False,42
,,adc_log-sigma-0-6-mm-3D_firstorder_10Percentile,0.5117200906033359,negative_higher,-61.26155281066895,0.6989498249708285,0.3529411764705882,mann_whitney_u,0.5266805759759736,0.5910026024914786,3742,False,,False,42
,,adc_log-sigma-0-6-mm-3D_firstorder_Median,0.5116789072688586,positive_higher,2.089557409286499,0.15,0.9393232205367561,mann_whitney_u,0.5281344552320226,0.5924757086613045,3743,False,,False,42
,,adc_exponential_glszm_GrayLevelVariance,0.51165659962935,negative_higher,2.3993365098036628,0.44224037339556593,0.6,mann_whitney_u,0.5289228196001301,0.5932016344820904,3744,False,,False,42
,,dwi_log-sigma-0-6-mm-3D_glszm_SmallAreaEmphasis,0.5116480197680006,positive_higher,0.4767146114922873,0.27058823529411763,0.7957992998833139,mann_whitney_u,0.5292262050397187,0.5933834005238395,3745,False,,False,42
,,t2_wavelet2-LL_glcm_ClusterProminence,0.5116274281007619,negative_higher,6492495.693649367,0.5402567094515752,0.5117647058823529,mann_whitney_u,0.5299546754964617,0.5940191348383375,3746,False,,False,42
,,adc_log-sigma-3-mm-3D_glcm_DifferenceEntropy,0.5116239961562221,positive_higher,1.833306231786552,0.6735294117647059,0.36989498249708286,mann_whitney_u,0.5300761367561921,0.5940191348383375,3747,False,,False,42
,,adc_wavelet-LH_glcm_DifferenceEntropy,0.5116171322671427,positive_higher,2.394730902024626,0.8117647058823529,0.2287047841306884,mann_whitney_u,0.5303191016959966,0.59413284632377,3748,False,,False,42
,,t2_wavelet2-LH_glcm_Correlation,0.5115862447662846,negative_higher,0.475298126284705,0.8121353558926487,0.23529411764705888,mann_whitney_u,0.5314131433592044,0.5951997303188316,3749,False,,False,42
,,adc_wavelet-HH_glcm_MaximumProbability,0.5115004461527901,negative_higher,0.1339341513145094,0.9078179696616102,0.1470588235294118,mann_whitney_u,0.5344581402421664,0.5984505949004951,3750,False,,False,42
,,adc_square_glcm_DifferenceEntropy,0.5114146475392958,positive_higher,2.716979113442198,0.3176470588235294,0.7304550758459744,mann_whitney_u,0.5375119177579197,0.6016860926528176,3751,False,,False,42
,,adc_wavelet2-LH_glszm_LargeAreaLowGrayLevelEmphasis,0.511411215594756,positive_higher,0.0276975826296072,0.48823529411764705,0.5565927654609102,mann_whitney_u,0.5376342509248324,0.6016860926528176,3752,False,,False,42
,,adc_exponential_glszm_GrayLevelNonUniformityNormalized,0.5113992037888667,negative_higher,0.4290815314421741,0.23453908984830804,0.8117647058823529,mann_whitney_u,0.5380625164332798,0.6020049311226597,3753,False,,False,42
,,adc_square_glcm_ClusterProminence,0.5113254169812615,positive_higher,164938.38425440417,0.1264705882352941,0.9148191365227538,mann_whitney_u,0.5406971173503994,0.604791474628217,3754,False,,False,42
,,dwi_wavelet2-LL_glszm_LargeAreaLowGrayLevelEmphasis,0.511243050312307,negative_higher,0.0387141006102152,0.5892648774795799,0.47352941176470587,mann_whitney_u,0.5436456522752988,0.6077657332012726,3755,False,,False,42
,,t2_log-sigma-3-mm-3D_glcm_ClusterShade,0.5112430503123069,positive_higher,-52.31186297889058,0.6411764705882353,0.41190198366394404,mann_whitney_u,0.5436456522752988,0.6077657332012726,3756,False,,False,42
,,t2_exponential_glszm_GrayLevelNonUniformityNormalized,0.5112327544786877,positive_higher,0.3613248264214674,0.36176470588235293,0.6896149358226371,mann_whitney_u,0.5440146766599927,0.6080164033258741,3757,False,,False,42
,,adc_wavelet2-LH_glcm_SumEntropy,0.5112258905896081,positive_higher,4.163101309234978,0.8147058823529412,0.24387397899649943,mann_whitney_u,0.544260935906654,0.6081297684598298,3758,False,,False,42
,,t2_log-sigma-3-mm-3D_glcm_MCC,0.5111950030887501,positive_higher,0.9818120540630118,0.22058823529411764,0.8553092182030338,mann_whitney_u,0.5453693180781876,0.6092061097659776,3759,False,,False,42
,,adc_log-sigma-2-mm-3D_glcm_ClusterShade,0.511181275310591,negative_higher,-40.56190850985513,0.7012835472578763,0.3647058823529412,mann_whitney_u,0.5458622916808484,0.6095946177574156,3760,False,,False,42
,,t2_log-sigma-0-6-mm-3D_firstorder_Median,0.5111366600315739,negative_higher,-0.2019160389900207,0.9311551925320887,0.11470588235294121,mann_whitney_u,0.5474659803556705,0.6111983115330774,3761,False,,False,42
,,adc_wavelet-HL_firstorder_10Percentile,0.5111332280870341,negative_higher,-186.04529882697065,0.7829638273045507,0.2529411764705882,mann_whitney_u,0.5475894374821236,0.6111983115330774,3762,False,,False,42
,,adc_log-sigma-2-mm-3D_glcm_MCC,0.5110920447525568,positive_higher,0.7428633052057615,0.3352941176470588,0.7012835472578763,mann_whitney_u,0.5490719959993147,0.6126902235453421,3763,False,,False,42
,,adc_log-sigma-3-mm-3D_gldm_DependenceEntropy,0.5110542933626192,negative_higher,6.053002721923253,0.5355892648774796,0.5205882352941176,mann_whitney_u,0.5504327454063339,0.6140454564190213,3764,False,,False,42
,,adc_wavelet-HH_glcm_Idm,0.5110371336399204,negative_higher,0.5503687080623099,0.9008168028004667,0.15588235294117647,mann_whitney_u,0.5510518162311586,0.6145727958445246,3765,False,,False,42
,,dwi_logarithm_glszm_SmallAreaEmphasis,0.511026837806301,positive_higher,0.5542818731159682,0.4088235294117647,0.6219369894982497,mann_whitney_u,0.5514234230280444,0.6148239387399783,3766,False,,False,42
,,t2_exponential_firstorder_90Percentile,0.5110165419726818,negative_higher,2.316888458299136,0.8448074679113186,0.2147058823529412,mann_whitney_u,0.5517951529608223,0.6150750855541526,3767,False,,False,42
,,dwi_square_glrlm_RunLengthNonUniformity,0.510920447525568,positive_higher,124.66213387316525,0.8,0.25204200700116686,mann_whitney_u,0.5552705566560592,0.6187847843415054,3768,False,,False,42
,,adc_wavelet-HL_glrlm_GrayLevelNonUniformityNormalized,0.5109067197474089,negative_higher,0.1173242330088813,0.808634772462077,0.2382352941176471,mann_whitney_u,0.5557679144632481,0.61917470756996,3769,False,,False,42
,,adc_wavelet2-HL_glcm_InverseVariance,0.5108964239137895,negative_higher,0.355921563196088,0.7759626604434072,0.26764705882352946,mann_whitney_u,0.5561410754690785,0.6193746720556829,3770,False,,False,42
,,dwi_log-sigma-0-6-mm-3D_glcm_InverseVariance,0.5108929919692498,positive_higher,0.4482994881757565,0.4264705882352941,0.6336056009334889,mann_whitney_u,0.5562654896276418,0.6193746720556829,3771,False,,False,42
,,dwi_logarithm_firstorder_Range,0.51088956002471,positive_higher,575.2916020944513,0.6617647058823529,0.3745624270711785,mann_whitney_u,0.5563899173598561,0.6193746720556829,3772,False,,False,42
,,adc_wavelet2-HH_firstorder_MeanAbsoluteDeviation,0.5108758322465509,positive_higher,31.32338432285285,0.6235294117647059,0.4177362893815636,mann_whitney_u,0.5568877639692679,0.6197645695486234,3773,False,,False,42
,,dwi_wavelet-LH_gldm_DependenceNonUniformityNormalized,0.5108552405793123,positive_higher,0.188433546570589,0.23529411764705882,0.8471411901983664,mann_whitney_u,0.557634940616868,0.6204316681638126,3774,False,,False,42
,,adc_wavelet2-LH_glcm_DifferenceVariance,0.5108037614112155,negative_higher,7.558489347669317,0.3687281213535589,0.6852941176470588,mann_whitney_u,0.5595050138989518,0.622321372659303,3775,False,,False,42
,,adc_log-sigma-2-mm-3D_firstorder_Median,0.5108003294666759,positive_higher,12.07722806930542,0.12941176470588237,0.9579929988331388,mann_whitney_u,0.5596297935607354,0.622321372659303,3776,False,,False,42
,,dwi_wavelet2-LL_glrlm_ShortRunLowGrayLevelEmphasis,0.5107934655775963,positive_higher,0.0059897287283435,0.5264705882352941,0.5250875145857643,mann_whitney_u,0.5598793933745667,0.6224340939316404,3777,False,,False,42
,,adc_wavelet2-HH_glcm_JointEntropy,0.5107831697439769,positive_higher,3.0787308085260543,0.6441176470588236,0.3955659276546091,mann_whitney_u,0.560253894278501,0.6226855749273228,3778,False,,False,42
,,adc_logarithm_gldm_GrayLevelVariance,0.5107419864094996,positive_higher,1.3237119949498468,0.8852941176470588,0.18669778296382733,mann_whitney_u,0.5617531106455367,0.6241866397461255,3779,False,,False,42
,,adc_wavelet2-HH_gldm_DependenceEntropy,0.5107042350195621,positive_higher,4.122587942467989,0.6088235294117647,0.43057176196032676,mann_whitney_u,0.56312909378472,0.6255500171433966,3780,False,,False,42
,,t2_wavelet-LH_glcm_Imc1,0.5106973711304825,negative_higher,-0.1258044674447294,0.8576429404900817,0.1941176470588235,mann_whitney_u,0.563379447082635,0.6256626020364942,3781,False,,False,42
,,adc_wavelet-HL_glcm_SumEntropy,0.5106184364060677,positive_higher,4.491569084312274,0.1,0.9358226371061844,mann_whitney_u,0.5662623602473011,0.6286979509990527,3782,False,,False,42
,,adc_logarithm_firstorder_Variance,0.5105909808497495,positive_higher,4794.257655436402,0.8705882352941177,0.19836639439906656,mann_whitney_u,0.5672667693451132,0.6294802231712818,3783,False,,False,42
,,adc_wavelet2-HH_glrlm_GrayLevelNonUniformityNormalized,0.5105909808497495,negative_higher,0.3448491150922977,0.4130688448074679,0.6294117647058823,mann_whitney_u,0.5672667693451132,0.6294802231712818,3784,False,,False,42
,,adc_wavelet-HH_glcm_InverseVariance,0.5105395016816527,negative_higher,0.4526294628319299,0.9101516919486581,0.12941176470588234,mann_whitney_u,0.5691523334132721,0.6314057194193737,3785,False,,False,42
,,adc_original_glcm_ClusterShade,0.510522341958954,negative_higher,31.33024891116861,0.5904317386231038,0.4794117647058823,mann_whitney_u,0.5697815192098619,0.6319367668151638,3786,False,,False,42
,,dwi_wavelet-HH_ngtdm_Contrast,0.5104468391790788,negative_higher,0.0221793897103682,0.37689614935822635,0.6823529411764706,mann_whitney_u,0.5725538713159448,0.6348438620690923,3787,False,,False,42
,,adc_wavelet-HH_glrlm_GrayLevelNonUniformityNormalized,0.5104331114009197,negative_higher,0.24214675916978,0.8506417736289381,0.19705882352941173,mann_whitney_u,0.5730586226406296,0.6352357857624086,3788,False,,False,42
,,adc_wavelet-HH_glcm_Id,0.5103747683437436,negative_higher,0.5883142668885618,0.9019836639439907,0.15588235294117647,mann_whitney_u,0.5752061675132618,0.6374480594848737,3789,False,,False,42
,,adc_wavelet2-LL_glcm_ClusterShade,0.5102374905621525,negative_higher,906.9644080010784,0.6254375729288215,0.4323529411764706,mann_whitney_u,0.5802741646806788,0.6428947803414697,3790,False,,False,42
,,adc_wavelet2-HH_glcm_DifferenceAverage,0.5102168988949138,positive_higher,1.1711525780895535,0.12352941176470589,0.911318553092182,mann_whitney_u,0.5810361653411352,0.6435692055572215,3791,False,,False,42
,,adc_logarithm_glcm_ClusterProminence,0.5101791475049763,negative_higher,7329.38634653139,0.4597432905484247,0.6323529411764706,mann_whitney_u,0.582434381479092,0.6449477763266633,3792,False,,False,42
,,dwi_wavelet2-HH_glszm_SizeZoneNonUniformity,0.5100761891687831,negative_higher,8.862068965517242,0.6861143523920653,0.3941176470588236,mann_whitney_u,0.586255646299168,0.6489781781738024,3793,False,,False,42
,,adc_log-sigma-0-6-mm-3D_firstorder_Entropy,0.5100727572242432,positive_higher,2.1051641515499018,0.18823529411764706,0.8599766627771295,mann_whitney_u,0.5863832360065269,0.6489781781738024,3794,False,,False,42
,,dwi_squareroot_gldm_HighGrayLevelEmphasis,0.5100041183334476,positive_higher,313.5559926567008,0.2323529411764706,0.8156359393232205,mann_whitney_u,0.5889374536906643,0.6516332985631356,3795,False,,False,42
,,t2_wavelet2-HH_firstorder_Median,0.5099560711098909,negative_higher,0.0038004697607125,0.38039673278879815,0.6588235294117647,mann_whitney_u,0.5907284559270488,0.6534427783028657,3796,False,,False,42
,,adc_wavelet-LH_firstorder_10Percentile,0.5099286155535727,negative_higher,-197.741333096934,0.6686114352392065,0.37058823529411766,mann_whitney_u,0.5917530096156807,0.6544037101333271,3797,False,,False,42
,,adc_exponential_glcm_MCC,0.5098428169400782,negative_higher,0.6939211058339068,0.45040840140023336,0.6029411764705883,mann_whitney_u,0.5949599876221483,0.6577146616355466,3798,False,,False,42
,,t2_original_glcm_ClusterShade,0.5098393849955385,negative_higher,390.56617850573673,0.7246207701283547,0.3205882352941176,mann_whitney_u,0.5950884316612455,0.6577146616355466,3799,False,,False,42
,,t2_log-sigma-3-mm-3D_glcm_JointEnergy,0.5098359530509986,positive_higher,0.1103253509736195,0.22647058823529412,0.8308051341890315,mann_whitney_u,0.5952168883579607,0.6577146616355466,3800,False,,False,42
,,t2_square_gldm_SmallDependenceHighGrayLevelEmphasis,0.5098222252728396,negative_higher,0.315273027907023,0.7689614935822637,0.2823529411764706,mann_whitney_u,0.5957308416576044,0.6579051957235815,3801,False,,False,42
,,adc_log-sigma-0-6-mm-3D_glcm_Correlation,0.5098222252728395,positive_higher,0.135999873975732,0.7441176470588236,0.30105017502917153,mann_whitney_u,0.5957308416576044,0.6579051957235815,3802,False,,False,42
,,t2_wavelet2-HH_glszm_ZonePercentage,0.5098187933282998,negative_higher,0.0086208477778389,0.4282380396732789,0.6352941176470588,mann_whitney_u,0.5958593615948513,0.6579051957235815,3803,False,,False,42
,,t2_wavelet-HH_glszm_LargeAreaLowGrayLevelEmphasis,0.509722698881186,positive_higher,87236.18474511028,0.19117647058823528,0.8553092182030338,mann_whitney_u,0.5994630394703264,0.6616784471834447,3804,False,,False,42
,,adc_square_glcm_DifferenceAverage,0.5097192669366464,positive_higher,2.188913885170108,0.2852941176470588,0.7572928821470245,mann_whitney_u,0.5995919246327714,0.6616784471834447,3805,False,,False,42
,,t2_exponential_glcm_DifferenceVariance,0.5097021072139474,negative_higher,0.0029003870250041,0.8949824970828472,0.15588235294117647,mann_whitney_u,0.6002364620631646,0.6622156868636964,3806,False,,False,42
,,dwi_squareroot_glcm_Autocorrelation,0.5096883794357884,positive_higher,316.9984967469552,0.2323529411764706,0.8191365227537923,mann_whitney_u,0.60075245527934,0.6626108641234433,3807,False,,False,42
,,adc_log-sigma-2-mm-3D_glszm_SmallAreaEmphasis,0.5096746516576293,positive_higher,0.5866845564333496,0.34411764705882353,0.6977829638273045,mann_whitney_u,0.6012685722609299,0.663005970305579,3808,False,,False,42
,,adc_logarithm_glcm_ClusterShade,0.5096643558240099,positive_higher,-75.643209160819,0.5941176470588235,0.5017502917152858,mann_whitney_u,0.6016557913022451,0.6632587733468436,3809,False,,False,42
,,adc_wavelet-LH_firstorder_Skewness,0.5096540599903906,negative_higher,0.1903539515060236,0.34889148191365227,0.7058823529411764,mann_whitney_u,0.6020431227940168,0.6635115676147183,3810,False,,False,42
,,t2_exponential_firstorder_InterquartileRange,0.5095305099869586,negative_higher,0.6228117686191079,0.911318553092182,0.16764705882352937,mann_whitney_u,0.6066998399896796,0.6684682834207989,3811,False,,False,42
,,adc_square_glcm_ClusterShade,0.5095030544306404,positive_higher,1705.4538938233673,0.15,0.8868144690781797,mann_whitney_u,0.6077368481077485,0.6694352112288657,3812,False,,False,42
,,t2_log-sigma-0-6-mm-3D_glcm_Imc1,0.5094653030407028,negative_higher,-0.2382983857010617,0.12018669778296383,0.9176470588235294,mann_whitney_u,0.6091640236095492,0.6707653973809227,3813,False,,False,42
,,adc_exponential_glszm_SmallAreaLowGrayLevelEmphasis,0.5094584391516234,negative_higher,0.0533723805477321,0.8996499416569428,0.16176470588235292,mann_whitney_u,0.6094236701615194,0.6707653973809227,3814,False,,False,42
,,adc_log-sigma-3-mm-3D_glszm_GrayLevelNonUniformityNormalized,0.5094584391516233,positive_higher,0.082118421003783,0.538235294117647,0.5075845974329054,mann_whitney_u,0.6094236701615194,0.6707653973809227,3815,False,,False,42
,,adc_log-sigma-0-6-mm-3D_gldm_DependenceEntropy,0.5094412794289245,positive_higher,4.350787847011208,0.42058823529411765,0.6231038506417736,mann_whitney_u,0.6100730017107482,0.6713041232136875,3816,False,,False,42
,,dwi_logarithm_glszm_LowGrayLevelZoneEmphasis,0.5094138238726063,negative_higher,0.0160150807093105,0.5519253208868145,0.4970588235294118,mann_whitney_u,0.6111125706909597,0.6722718586144458,3817,False,,False,42
,,adc_exponential_glrlm_HighGrayLevelRunEmphasis,0.5093795044272085,negative_higher,2.7510635641104764,0.691948658109685,0.35,mann_whitney_u,0.6124131347308523,0.673526126960411,3818,False,,False,42
,,t2_wavelet-LH_glszm_ZoneEntropy,0.5093726405381289,negative_higher,5.55799380726039,0.9229871645274212,0.1264705882352941,mann_whitney_u,0.6126733943153889,0.67363592111294,3819,False,,False,42
,,t2_exponential_glcm_Contrast,0.5093623447045096,negative_higher,0.0029091130276624,0.8949824970828472,0.15588235294117647,mann_whitney_u,0.6130638007739457,0.673888717133455,3820,False,,False,42
,,adc_wavelet2-HL_glcm_JointEntropy,0.5092868419246346,positive_higher,7.276038144362005,0.24411764705882352,0.7887981330221704,mann_whitney_u,0.6159307533501279,0.6768629241866493,3821,False,,False,42
,,adc_exponential_glrlm_GrayLevelVariance,0.5092353627565378,negative_higher,0.3950903178965029,0.7899649941656943,0.25,mann_whitney_u,0.6178888118122212,0.6788370279433588,3822,False,,False,42
,,adc_wavelet2-HL_glcm_MCC,0.5092250669229185,positive_higher,0.6324483102390767,0.2,0.8681446907817969,mann_whitney_u,0.6182807500787199,0.6790899475753452,3823,False,,False,42
,,adc_wavelet2-HH_glcm_SumEntropy,0.5091392683094241,positive_higher,2.1654111343409754,0.6352941176470588,0.40140023337222874,mann_whitney_u,0.6215511187226148,0.6824687025367797,3824,False,,False,42
,,t2_exponential_glcm_Imc2,0.5091358363648844,positive_higher,0.5462574649525104,0.27058823529411763,0.7876312718786465,mann_whitney_u,0.6216820164808723,0.6824687025367797,3825,False,,False,42
,,t2_original_glrlm_GrayLevelVariance,0.5090980849749468,negative_higher,16.914426297621482,0.7957992998833139,0.2588235294117647,mann_whitney_u,0.623123560044313,0.683872406854697,3826,False,,False,42
,,adc_exponential_glcm_Imc2,0.5090706294186286,positive_higher,0.72301476113057,0.26176470588235295,0.8063010501750292,mann_whitney_u,0.6241728103046785,0.684666047667018,3827,False,,False,42
,,adc_log-sigma-0-6-mm-3D_glcm_DifferenceEntropy,0.5090706294186286,positive_higher,1.7930796379029723,0.14705882352941177,0.8949824970828472,mann_whitney_u,0.6241728103046785,0.684666047667018,3828,False,,False,42
,,dwi_logarithm_glszm_GrayLevelVariance,0.5090637655295491,negative_higher,14.642791619541631,0.49241540256709454,0.5558823529411765,mann_whitney_u,0.6244352421246846,0.6847750278614653,3829,False,,False,42
,,dwi_wavelet2-LL_glrlm_LowGrayLevelRunEmphasis,0.5090431738623103,positive_higher,0.0113682477634123,0.35294117647058826,0.7001166861143524,mann_whitney_u,0.6252228233576836,0.6854596958952778,3830,False,,False,42
,,dwi_logarithm_glcm_Contrast,0.5089196238588785,positive_higher,1.1648068182944906,0.7441176470588236,0.29171528588098017,mann_whitney_u,0.6299572744296527,0.6902898213283172,3831,False,,False,42
,,t2_wavelet2-LL_glcm_ClusterShade,0.5089196238588785,negative_higher,25987.38301958378,0.6791131855309218,0.35882352941176465,mann_whitney_u,0.6299572744296527,0.6902898213283172,3832,False,,False,42
,,adc_log-sigma-0-6-mm-3D_glcm_ClusterTendency,0.5089024641361796,positive_higher,1.7630594900125116,0.37058823529411766,0.6686114352392065,mann_whitney_u,0.630616046840603,0.6908314063876055,3833,False,,False,42
,,t2_original_firstorder_Entropy,0.5088784405244011,negative_higher,3.95926725211553,0.7677946324387398,0.29117647058823526,mann_whitney_u,0.6315388215902331,0.6916618445115778,3834,False,,False,42
,,adc_wavelet-HL_glcm_MCC,0.5088338252453841,negative_higher,0.5303487854599963,0.3652275379229872,0.6852941176470588,mann_whitney_u,0.6332540694565236,0.6933595404557868,3835,False,,False,42
,,t2_squareroot_glszm_LargeAreaHighGrayLevelEmphasis,0.508802937744526,positive_higher,33218.158505913205,0.2088235294117647,0.8728121353558926,mann_whitney_u,0.6344427054759458,0.694479906228753,3836,False,,False,42
,,adc_exponential_glcm_DifferenceEntropy,0.5087480266318897,positive_higher,0.5934536914591825,0.5705882352941176,0.47257876312718783,mann_whitney_u,0.6365581641057783,0.6966139512849003,3837,False,,False,42
,,adc_wavelet-HH_glcm_DifferenceVariance,0.5087171391310317,negative_higher,0.4657313670407184,0.8564760793465578,0.17941176470588238,mann_whitney_u,0.6377494145518562,0.6977357456235654,3838,False,,False,42
,,t2_wavelet2-LL_glszm_GrayLevelVariance,0.5086999794083328,negative_higher,265.3197066476509,0.7876312718786465,0.2647058823529411,mann_whitney_u,0.6384116251077347,0.6982413238815718,3839,False,,False,42
,,dwi_squareroot_glcm_Idn,0.508696547463793,negative_higher,0.9371810686494384,0.941656942823804,0.0911764705882353,mann_whitney_u,0.638544101858832,0.6982413238815718,3840,False,,False,42
,,t2_wavelet2-HH_glszm_LargeAreaLowGrayLevelEmphasis,0.5086622280183952,negative_higher,56916.51642629165,0.3547257876312719,0.6882352941176471,mann_whitney_u,0.6398695033936348,0.6995084729887718,3841,False,,False,42
,,adc_wavelet2-HL_glcm_ClusterTendency,0.5086553641293157,positive_higher,25.224000782177097,0.5088235294117647,0.5332555425904317,mann_whitney_u,0.6401347218481976,0.6996162667986939,3842,False,,False,42
,,t2_log-sigma-3-mm-3D_firstorder_10Percentile,0.5086107488502987,positive_higher,-25.55240745544433,0.18529411764705883,0.8751458576429405,mann_whitney_u,0.6418597613577286,0.7013190574918299,3843,False,,False,42
,,adc_original_glcm_DifferenceVariance,0.5085249502368042,positive_higher,3.4417519517252404,0.7147058823529412,0.33722287047841304,mann_whitney_u,0.6451825766232835,0.7047662953280872,3844,False,,False,42
,,adc_wavelet-HH_firstorder_Mean,0.5084906307914064,negative_higher,0.0041660967793268,0.5565927654609102,0.4882352941176471,mann_whitney_u,0.6465136937916357,0.7060366710613988,3845,False,,False,42
,,t2_wavelet2-HL_glcm_InverseVariance,0.5084734710687074,negative_higher,0.4410253174598707,0.8786464410735122,0.18529411764705883,mann_whitney_u,0.647179677229895,0.7065802040271266,3846,False,,False,42
,,adc_log-sigma-0-6-mm-3D_glcm_Imc2,0.508466607179628,negative_higher,0.3529039246791729,0.4457409568261377,0.6029411764705883,mann_whitney_u,0.6474461497678756,0.7066873883221496,3847,False,,False,42
,,adc_log-sigma-2-mm-3D_glrlm_GrayLevelVariance,0.5084528794014689,positive_higher,7.912591014613594,0.42058823529411765,0.6242707117852975,mann_whitney_u,0.647979230391946,0.7070854439749952,3848,False,,False,42
,,t2_wavelet2-LH_glszm_LargeAreaHighGrayLevelEmphasis,0.5084460155123893,negative_higher,111009.22440479252,0.5682613768961493,0.4676470588235294,mann_whitney_u,0.6482458384200389,0.707192589120744,3849,False,,False,42
,,t2_wavelet-LH_glcm_Imc2,0.5084391516233098,negative_higher,0.3855557349163293,0.912485414235706,0.13235294117647056,mann_whitney_u,0.6485124915534763,0.7072997278007915,3850,False,,False,42
,,adc_wavelet-HH_glcm_JointEntropy,0.5083327613425768,positive_higher,4.449368583427399,0.16176470588235295,0.8833138856476079,mann_whitney_u,0.6526513612575904,0.7116289446690787,3851,False,,False,42
,,dwi_logarithm_glszm_SmallAreaLowGrayLevelEmphasis,0.5083018738417187,negative_higher,0.0086850736960926,0.6126021003500584,0.4411764705882353,mann_whitney_u,0.6538549814938337,0.7127562479991193,3852,False,,False,42
,,adc_logarithm_glcm_Contrast,0.5082881460635595,negative_higher,2.3216918378855933,0.4970828471411902,0.5617647058823529,mann_whitney_u,0.6543902131771271,0.7131545562239182,3853,False,,False,42
,,adc_log-sigma-0-6-mm-3D_glcm_SumSquares,0.5082778502299403,positive_higher,1.2209815989776631,0.17941176470588235,0.869311551925321,mann_whitney_u,0.6547917535891414,0.7134069987858861,3854,False,,False,42
,,adc_wavelet-HL_glrlm_RunEntropy,0.5082435307845425,negative_higher,3.9293066620391,0.6231038506417736,0.4294117647058824,mann_whitney_u,0.6561309423892725,0.7146806295959935,3855,False,,False,42
,,t2_log-sigma-2-mm-3D_glcm_Correlation,0.5082332349509231,positive_higher,0.9661470147701616,0.2323529411764706,0.8179696616102684,mann_whitney_u,0.6565329148738708,0.714933015963533,3856,False,,False,42
,,adc_exponential_glcm_Idm,0.5082057793946051,negative_higher,0.9149849123150432,0.632438739789965,0.4117647058823529,mann_whitney_u,0.6576053273957252,0.7158755470819813,3857,False,,False,42
,,t2_wavelet2-HH_glrlm_RunPercentage,0.5082023474500652,negative_higher,0.4263017612319913,0.9439906651108518,0.10588235294117643,mann_whitney_u,0.6577394285883029,0.7158755470819813,3858,False,,False,42
,,adc_wavelet-HH_glcm_SumEntropy,0.508174891893747,positive_higher,2.831533696040842,0.14705882352941177,0.897316219369895,mann_whitney_u,0.6588126343919274,0.7168578004176479,3859,False,,False,42
,,t2_square_gldm_SmallDependenceEmphasis,0.5081577321710481,positive_higher,0.0469516038595592,0.38529411764705884,0.6592765460910152,mann_whitney_u,0.6594837451938557,0.7174021362873056,3860,False,,False,42
,,dwi_wavelet2-HH_glrlm_LongRunHighGrayLevelEmphasis,0.5081440043928891,positive_higher,43.66635277614248,0.2852941176470588,0.779463243873979,mann_whitney_u,0.6600208312762472,0.7178004326674339,3861,False,,False,42
,,t2_wavelet2-LL_firstorder_Entropy,0.5081131168920311,negative_higher,5.759223180400299,0.8856476079346558,0.17352941176470593,mann_whitney_u,0.66122991533789,0.7189291596332988,3862,False,,False,42
,,t2_wavelet2-LL_firstorder_InterquartileRange,0.5080753655020935,positive_higher,357.88547023893074,0.2235294117647059,0.8401400233372229,mann_whitney_u,0.662708885590585,0.7203506628513763,3863,False,,False,42
,,adc_wavelet-LH_glrlm_GrayLevelVariance,0.5080616377239344,negative_higher,6.958248058463888,0.514585764294049,0.5147058823529411,mann_whitney_u,0.6632470195611774,0.7207490256566728,3864,False,,False,42
,,t2_log-sigma-3-mm-3D_firstorder_Uniformity,0.5079929988331389,positive_higher,0.157117239918766,0.24411764705882352,0.8179696616102684,mann_whitney_u,0.665940291765295,0.7234885601869273,3865,False,,False,42
,,adc_wavelet-HL_firstorder_MeanAbsoluteDeviation,0.5079346557759626,positive_higher,160.76768798802553,0.10588235294117647,0.9323220536756126,mann_whitney_u,0.6682329671316215,0.7257915750092289,3866,False,,False,42
,,dwi_log-sigma-0-6-mm-3D_glszm_ZoneEntropy,0.5078248335506899,positive_higher,5.198842795481294,0.13529411764705881,0.9019836639439907,mann_whitney_u,0.6725569838644483,0.7302991402241579,3867,False,,False,42
,,t2_wavelet-HL_firstorder_Median,0.5077596266044341,negative_higher,-0.0956390380035998,0.8938156359393232,0.1470588235294118,mann_whitney_u,0.6751295134665345,0.7329030059581122,3868,False,,False,42
,,adc_wavelet2-HH_glcm_DifferenceVariance,0.5077424668817352,negative_higher,0.770058596489935,0.4002333722287048,0.638235294117647,mann_whitney_u,0.6758071277694158,0.7334065432699877,3869,False,,False,42
,,adc_wavelet2-HH_firstorder_Entropy,0.5077390349371954,positive_higher,1.6352593158441135,0.6147058823529412,0.42357059509918316,mann_whitney_u,0.6759426821754828,0.7334065432699877,3870,False,,False,42
,,adc_exponential_firstorder_Mean,0.5077321710481159,negative_higher,26.65951410950256,0.8728121353558926,0.19999999999999996,mann_whitney_u,0.6762138225023508,0.7334687928555035,3871,False,,False,42
,,adc_exponential_firstorder_90Percentile,0.5077287391035761,positive_higher,153.23049663346785,0.18823529411764706,0.8599766627771295,mann_whitney_u,0.6763494084154583,0.7334687928555035,3872,False,,False,42
,,t2_original_firstorder_Minimum,0.5077218752144965,negative_higher,-117.9363706168373,0.38506417736289383,0.6705882352941177,mann_whitney_u,0.6766206117217778,0.7335734440019998,3873,False,,False,42
,,adc_exponential_glrlm_ShortRunHighGrayLevelEmphasis,0.507684123824559,negative_higher,1.2408084101560393,0.7876312718786465,0.25588235294117645,mann_whitney_u,0.678112978896924,0.735001651623176,3874,False,,False,42
,,t2_exponential_firstorder_RobustMeanAbsoluteDeviation,0.5076772599354795,negative_higher,0.3227412943808861,0.8739789964994166,0.19117647058823528,mann_whitney_u,0.6783844543127098,0.7351061480410499,3875,False,,False,42
,,adc_exponential_glcm_Id,0.5076669641018601,negative_higher,0.9144237995504024,0.6452742123687282,0.3970588235294118,mann_whitney_u,0.678791745702749,0.7353577245113114,3876,False,,False,42
,,adc_exponential_glszm_SmallAreaHighGrayLevelEmphasis,0.507608621044684,negative_higher,5.621079216493085,0.46091015169194866,0.5794117647058823,mann_whitney_u,0.6811014994598611,0.7376449724654697,3877,False,,False,42
,,adc_wavelet-LH_glcm_Imc1,0.5076017571556043,positive_higher,-0.0725147630136773,0.22058823529411764,0.8413068844807468,mann_whitney_u,0.6813734323916312,0.7376449724654697,3878,False,,False,42
,,dwi_wavelet2-HL_firstorder_Median,0.5075983252110645,negative_higher,-3.4145863504589244,0.7467911318553092,0.33235294117647063,mann_whitney_u,0.6815094143867794,0.7376449724654697,3879,False,,False,42
,,adc_wavelet-HL_glcm_InverseVariance,0.5075948932665248,positive_higher,0.4581523811036952,0.4441176470588235,0.6301050175029171,mann_whitney_u,0.6816454067295874,0.7376449724654697,3880,False,,False,42
,,adc_log-sigma-3-mm-3D_glrlm_GrayLevelVariance,0.5075914613219851,positive_higher,4.564628866748133,0.9411764705882353,0.09568261376896148,mann_whitney_u,0.6817814094161676,0.7376449724654697,3881,False,,False,42
,,t2_log-sigma-3-mm-3D_glrlm_RunVariance,0.5075845974329055,negative_higher,13.857684243329622,0.7596266044340724,0.3088235294117647,mann_whitney_u,0.682053445805087,0.7377063158431654,3882,False,,False,42
,,adc_log-sigma-2-mm-3D_glcm_InverseVariance,0.5075811654883657,negative_higher,0.4614454251039314,0.47141190198366395,0.5735294117647058,mann_whitney_u,0.6821894794996455,0.7377063158431654,3883,False,,False,42
,,adc_log-sigma-0-6-mm-3D_glcm_Idm,0.5075571418765873,negative_higher,0.5977999477970325,0.9229871645274212,0.12352941176470589,mann_whitney_u,0.6831420043333671,0.7385461576199301,3884,False,,False,42
,,adc_wavelet-LH_glcm_Correlation,0.5075228224311895,positive_higher,0.2645710707290167,0.2647058823529412,0.7712952158693116,mann_whitney_u,0.6845036293435924,0.7398277322043101,3885,False,,False,42
,,dwi_logarithm_gldm_LargeDependenceLowGrayLevelEmphasis,0.5074816390967122,negative_higher,0.0688091381338414,0.6429404900816803,0.40294117647058825,mann_whitney_u,0.6861389335804391,0.7414043700731507,3886,False,,False,42
,,adc_log-sigma-0-6-mm-3D_firstorder_RootMeanSquared,0.5074747752076326,positive_higher,64.2609527792601,0.21176470588235294,0.8308051341890315,mann_whitney_u,0.686411627478149,0.7415082129613448,3887,False,,False,42
,,adc_exponential_glrlm_ShortRunEmphasis,0.5074335918731554,positive_higher,0.5259558895493822,0.25882352941176473,0.7992998833138857,mann_whitney_u,0.6880486471582676,0.7430854602411435,3888,False,,False,42
,,adc_exponential_glcm_ClusterProminence,0.5073855446495985,negative_higher,14.27600640112856,0.5822637106184364,0.44705882352941173,mann_whitney_u,0.68996035207526,0.7447230048959256,3889,False,,False,42
,,adc_exponential_glcm_JointAverage,0.5073821127050586,positive_higher,1.4958791914742853,0.25588235294117645,0.7922987164527422,mann_whitney_u,0.6900969783400921,0.7447230048959256,3890,False,,False,42
,,adc_exponential_glcm_SumAverage,0.5073821127050586,positive_higher,2.991758382948569,0.25588235294117645,0.7922987164527422,mann_whitney_u,0.6900969783400921,0.7447230048959256,3891,False,,False,42
,,adc_wavelet-HH_glszm_ZoneEntropy,0.5073718168714393,positive_higher,4.075850998293365,0.8147058823529412,0.21936989498249704,mann_whitney_u,0.6905069177233908,0.7449299796453871,3892,False,,False,42
,,t2_wavelet-HL_glcm_MCC,0.5073683849268996,negative_higher,0.4109369719301953,0.7864644107351225,0.27941176470588236,mann_whitney_u,0.6906435843675856,0.7449299796453871,3893,False,,False,42
,,dwi_wavelet2-HH_firstorder_Median,0.5073512252042007,positive_higher,0.2440915441332374,0.09117647058823529,0.9626604434072346,mann_whitney_u,0.6913270687838353,0.7454756964107151,3894,False,,False,42
,,adc_log-sigma-0-6-mm-3D_glszm_GrayLevelNonUniformityNormalized,0.5073409293705814,positive_higher,0.2276708054112541,0.37941176470588234,0.661610268378063,mann_whitney_u,0.6917372802473502,0.7457265313886067,3895,False,,False,42
,,adc_log-sigma-3-mm-3D_gldm_SmallDependenceHighGrayLevelEmphasis,0.5073340654815018,negative_higher,26.205919746623465,0.6592765460910152,0.3735294117647059,mann_whitney_u,0.6920108048294318,0.7458299202974292,3896,False,,False,42
,,t2_wavelet-HL_glcm_Imc1,0.5073100418697234,positive_higher,-0.1173317021184708,0.7529411764705882,0.29054842473745623,mann_whitney_u,0.6929684570876058,0.746670400644305,3897,False,,False,42
,,adc_log-sigma-0-6-mm-3D_firstorder_Variance,0.5072208113116893,positive_higher,4129.091409250356,0.2088235294117647,0.8354725787631272,mann_whitney_u,0.6965297379303599,0.7497381106305002,3898,False,,False,42
,,adc_log-sigma-0-6-mm-3D_glcm_MaximumProbability,0.5072208113116892,positive_higher,0.2818947270685025,0.14411764705882352,0.9066511085180864,mann_whitney_u,0.6965297379303599,0.7497381106305002,3899,False,,False,42
,,adc_log-sigma-3-mm-3D_glszm_SizeZoneNonUniformityNormalized,0.5072208113116892,positive_higher,0.1716187234805395,0.9382352941176471,0.09568261376896148,mann_whitney_u,0.6965297379303599,0.7497381106305002,3900,False,,False,42
,,dwi_wavelet2-LH_glszm_ZoneEntropy,0.5072208113116892,positive_higher,5.789716610460896,0.3,0.7304550758459744,mann_whitney_u,0.6965297379303599,0.7497381106305002,3901,False,,False,42
,,adc_wavelet-HL_firstorder_Entropy,0.5072105154780698,positive_higher,3.56337135722628,0.17647058823529413,0.8646441073512252,mann_whitney_u,0.6969410875413089,0.749988628033305,3902,False,,False,42
,,t2_original_glcm_SumEntropy,0.5071864918662914,negative_higher,4.916801035635883,0.7701283547257877,0.2852941176470588,mann_whitney_u,0.6979012496845374,0.7508294510441641,3903,False,,False,42
,,adc_log-sigma-0-6-mm-3D_glcm_DifferenceAverage,0.5071487404763539,positive_higher,0.8314935841488242,0.23529411764705882,0.8098016336056009,mann_whitney_u,0.699411052907397,0.7518758349099232,3904,False,,False,42
,,dwi_squareroot_glcm_JointAverage,0.5071487404763539,positive_higher,20.152914450584674,0.16470588235294117,0.882147024504084,mann_whitney_u,0.699411052907397,0.7518758349099232,3905,False,,False,42
,,dwi_squareroot_glcm_SumAverage,0.5071487404763539,positive_higher,40.30582890116935,0.16470588235294117,0.882147024504084,mann_whitney_u,0.699411052907397,0.7518758349099232,3906,False,,False,42
,,dwi_wavelet-LH_gldm_DependenceVariance,0.5071384446427345,negative_higher,2.41803450067283,0.851808634772462,0.20882352941176474,mann_whitney_u,0.6998230240751708,0.7518888030848603,3907,False,,False,42
,,t2_exponential_glcm_JointAverage,0.5071350126981947,positive_higher,1.052024281270152,0.3558823529411765,0.6954492415402567,mann_whitney_u,0.6999603075157701,0.7518888030848603,3908,False,,False,42
,,t2_exponential_glcm_SumAverage,0.5071350126981947,positive_higher,2.104048562540304,0.3558823529411765,0.6954492415402567,mann_whitney_u,0.6999603075157701,0.7518888030848603,3909,False,,False,42
,,t2_log-sigma-0-6-mm-3D_firstorder_Skewness,0.5070629418628595,negative_higher,-0.9594689468791902,0.8891481913652275,0.15588235294117647,mann_whitney_u,0.702846838867206,0.7547058108782494,3910,False,,False,42
,,dwi_wavelet-LH_glszm_SizeZoneNonUniformity,0.5070560779737799,positive_higher,165.71005917159763,0.40588235294117647,0.6546091015169195,mann_whitney_u,0.7031219642776187,0.7547058108782494,3911,False,,False,42
,,t2_log-sigma-3-mm-3D_firstorder_MeanAbsoluteDeviation,0.5070560779737799,negative_higher,16.708072638250858,0.8833138856476079,0.17647058823529416,mann_whitney_u,0.7031219652668996,0.7547058108782494,3912,False,,False,42
,,t2_wavelet2-HL_glcm_Imc1,0.507038918251081,positive_higher,-0.1387257581921178,0.6088235294117647,0.4539089848308051,mann_whitney_u,0.7038099513145082,0.7552512102145719,3913,False,,False,42
,,adc_log-sigma-2-mm-3D_glszm_GrayLevelVariance,0.506977143249365,negative_higher,8.422779409805278,0.5845974329054843,0.45882352941176474,mann_whitney_u,0.7062887055314182,0.7576260371409261,3914,False,,False,42
,,dwi_exponential_firstorder_10Percentile,0.5069737113048254,positive_higher,1.578785454070621,0.6882352941176471,0.35939323220536756,mann_whitney_u,0.7064265057823227,0.7576260371409261,3915,False,,False,42
,,adc_wavelet-HH_firstorder_MeanAbsoluteDeviation,0.5069702793602855,positive_higher,47.81937375957706,0.25588235294117645,0.7829638273045507,mann_whitney_u,0.7065643156570295,0.7576260371409261,3916,False,,False,42
,,adc_log-sigma-0-6-mm-3D_glcm_Imc1,0.5069085043585696,positive_higher,-0.0373195982821622,0.39705882352941174,0.6487747957992999,mann_whitney_u,0.7090465344324858,0.759899540092396,3917,False,,False,42
,,adc_wavelet-HH_glrlm_GrayLevelVariance,0.5069085043585695,negative_higher,0.9685564975666991,0.6219369894982497,0.4117647058823529,mann_whitney_u,0.7090465344324858,0.759899540092396,3918,False,,False,42
,,t2_wavelet-HH_glcm_ClusterShade,0.5068844807467912,positive_higher,-0.0029778124712249,0.8294117647058824,0.21820303383897321,mann_whitney_u,0.710012678351762,0.7607408105126431,3919,False,,False,42
,,adc_wavelet2-HH_glrlm_GrayLevelVariance,0.506870752968632,negative_higher,1.2286985420062284,0.3897316219369895,0.6441176470588235,mann_whitney_u,0.7105649700726058,0.7611383442180796,3920,False,,False,42
,,adc_exponential_glcm_DifferenceAverage,0.5068467293568536,positive_higher,0.3285059181838853,0.24705882352941178,0.793465577596266,mann_whitney_u,0.7115318462311386,0.7619796537425532,3921,False,,False,42
,,adc_log-sigma-2-mm-3D_glcm_ClusterProminence,0.5068227057450752,positive_higher,8781.675835953734,0.12941176470588237,0.8996499416569428,mann_whitney_u,0.7124991865540246,0.7626265828040655,3922,False,,False,42
,,dwi_log-sigma-0-6-mm-3D_glcm_MaximumProbability,0.5068227057450752,negative_higher,0.2743959687422497,0.8506417736289381,0.24411764705882355,mann_whitney_u,0.7124991865540246,0.7626265828040655,3923,False,,False,42
,,adc_exponential_firstorder_Entropy,0.5067643626878989,positive_higher,1.1410397675729411,0.29705882352941176,0.750291715285881,mann_whitney_u,0.7148503654087932,0.7648545380086573,3924,False,,False,42
,,t2_wavelet2-HH_glrlm_LongRunEmphasis,0.5067609307433592,positive_higher,8.31423468671886,0.11470588235294117,0.9323220536756126,mann_whitney_u,0.7149887546117009,0.7648545380086573,3925,False,,False,42
,,dwi_original_gldm_LowGrayLevelEmphasis,0.5067574987988194,negative_higher,0.015204233502201,0.9509918319719953,0.10588235294117643,mann_whitney_u,0.7151271531845651,0.7648545380086573,3926,False,,False,42
,,t2_exponential_gldm_LowGrayLevelEmphasis,0.5067506349097398,negative_higher,0.9725923233927698,0.7024504084014003,0.34411764705882353,mann_whitney_u,0.7154039212863976,0.7649557080421654,3927,False,,False,42
,,adc_wavelet-HH_glszm_GrayLevelNonUniformityNormalized,0.5067300432425013,positive_higher,0.1569374346171518,0.7323529411764705,0.29871645274212366,mann_whitney_u,0.7162346785908937,0.7656490365079335,3928,False,,False,42
,,t2_wavelet2-HH_gldm_LargeDependenceEmphasis,0.5067128835198024,positive_higher,32.88436236633734,0.10588235294117647,0.9439906651108518,mann_whitney_u,0.7169271854203612,0.7661473120076314,3929,False,,False,42
,,adc_wavelet-HH_firstorder_Entropy,0.5067094515752626,positive_higher,2.1824817432845247,0.22058823529411764,0.823803967327888,mann_whitney_u,0.7170657147392216,0.7661473120076314,3930,False,,False,42
,,t2_exponential_firstorder_Entropy,0.5065618779600523,positive_higher,0.2585614817135725,0.3558823529411765,0.6989498249708285,mann_whitney_u,0.7230311701606396,0.772324569703517,3931,False,,False,42
,,t2_log-sigma-2-mm-3D_glcm_Imc2,0.5064966710137964,negative_higher,0.9814167418671712,0.9299883313885647,0.138235294117647,mann_whitney_u,0.725672546199622,0.774948886442577,3932,False,,False,42
,,adc_wavelet2-HL_glcm_SumSquares,0.5064898071247168,positive_higher,8.267939471117137,0.5088235294117647,0.5332555425904317,mann_whitney_u,0.7259507704585157,0.7750488901996714,3933,False,,False,42
,,t2_original_firstorder_InterquartileRange,0.5064280321230009,positive_higher,80.03892174405449,0.35294117647058826,0.7082847141190198,mann_whitney_u,0.7284564122054595,0.7775263027073525,3934,False,,False,42
,,t2_exponential_firstorder_Uniformity,0.5064074404557622,negative_higher,0.8920218202110913,0.8483080513418904,0.19999999999999996,mann_whitney_u,0.729292218274445,0.7782205907330101,3935,False,,False,42
,,t2_exponential_glcm_SumEntropy,0.5063868487885236,positive_higher,0.3385831101668134,0.3588235294117647,0.6896149358226371,mann_whitney_u,0.7301284009440359,0.7789149277347578,3936,False,,False,42
,,adc_log-sigma-0-6-mm-3D_glcm_Id,0.5062976182304894,negative_higher,0.6260702932619266,0.9288214702450408,0.11764705882352944,mann_whitney_u,0.7337556099134086,0.7825856759020581,3937,False,,False,42
,,adc_square_firstorder_90Percentile,0.5062838904523304,negative_higher,774.3005714767746,0.7876312718786465,0.2647058823529411,mann_whitney_u,0.7343141638569847,0.782982522609314,3938,False,,False,42
,,adc_exponential_glcm_JointEntropy,0.5062598668405518,positive_higher,1.8969407032162224,0.2911764705882353,0.7467911318553092,mann_whitney_u,0.7352919714358677,0.7838260949629877,3939,False,,False,42
,,adc_logarithm_ngtdm_Busyness,0.506242707117853,negative_higher,5.7585753131131545,0.17852975495915985,0.9205882352941177,mann_whitney_u,0.7359906682556276,0.7843717807120255,3940,False,,False,42
,,dwi_wavelet-HL_firstorder_Median,0.5062015237833757,negative_higher,-1.5473054878546444,0.7549591598599766,0.3205882352941176,mann_whitney_u,0.7376684307875951,0.7859603503874936,3941,False,,False,42
,,adc_wavelet2-HH_glcm_DifferenceEntropy,0.506150044615279,positive_higher,1.971175436376229,0.1264705882352941,0.9078179696616102,mann_whitney_u,0.7397673919770849,0.7879967729355097,3942,False,,False,42
,,dwi_wavelet-HH_glszm_SizeZoneNonUniformity,0.5061414647539296,negative_higher,6.793103448275862,0.852975495915986,0.21764705882352942,mann_whitney_u,0.74011739337368,0.7880443625591654,3943,False,,False,42
,,adc_log-sigma-0-6-mm-3D_glcm_Contrast,0.5061397487816597,positive_higher,1.9236221317495907,0.17647058823529413,0.8669778296382731,mann_whitney_u,0.7401874174644792,0.7880443625591654,3944,False,,False,42
,,adc_log-sigma-3-mm-3D_glcm_ClusterProminence,0.5061294529480403,positive_higher,17500.086454291762,0.11470588235294117,0.9171528588098017,mann_whitney_u,0.7406075204320455,0.7882917562215865,3945,False,,False,42
,,dwi_wavelet-HL_glszm_SizeZoneNonUniformity,0.5060848376690233,negative_higher,25.948453608247423,0.8028004667444574,0.2588235294117647,mann_whitney_u,0.7424288586926089,0.7899279849109204,3946,False,,False,42
,,t2_log-sigma-0-6-mm-3D_gldm_DependenceVariance,0.5031470931429748,positive_higher,4.4828948360846965,0.15,0.9089848308051341,t_test,0.7425335363085074,0.7899279849109204,3947,False,,False,42
,,t2_exponential_glcm_MaximumProbability,0.5060779737799437,negative_higher,0.9276297381507316,0.8634772462077013,0.1823529411764706,mann_whitney_u,0.7427091413261048,0.7899279849109204,3948,False,,False,42
,,t2_exponential_glcm_JointEnergy,0.5060711098908641,negative_higher,0.86175388598735,0.8646441073512252,0.1823529411764706,mann_whitney_u,0.7429895097983469,0.7900260703072318,3949,False,,False,42
,,adc_log-sigma-0-6-mm-3D_gldm_GrayLevelVariance,0.5060608140572448,positive_higher,1.1989165220562346,0.20588235294117646,0.8378063010501751,mann_whitney_u,0.7434101783817383,0.7901712964654383,3950,False,,False,42
,,adc_square_gldm_DependenceVariance,0.506057382112705,negative_higher,1.7940324970441013,0.6429404900816803,0.4117647058823529,mann_whitney_u,0.7435504009216833,0.7901712964654383,3951,False,,False,42
,,adc_log-sigma-2-mm-3D_firstorder_10Percentile,0.5060539501681653,negative_higher,-237.6623321533203,0.6534422403733956,0.38235294117647056,mann_whitney_u,0.7436906319674713,0.7901712964654383,3952,False,,False,42
,,adc_wavelet2-HL_firstorder_RootMeanSquared,0.5060196307227676,positive_higher,185.30060968821147,0.5029411764705882,0.5414235705950992,mann_whitney_u,0.7450934092991821,0.7914614787875703,3953,False,,False,42
,,dwi_wavelet2-LL_glszm_SmallAreaLowGrayLevelEmphasis,0.5059544237765118,positive_higher,0.0081791834388515,0.2823529411764706,0.7561260210035006,mann_whitney_u,0.7477610129593449,0.7940942067314843,3954,False,,False,42
,,t2_square_gldm_DependenceVariance,0.508696547463793,positive_higher,5.040194373413173,0.39705882352941174,0.6429404900816803,t_test,0.7485426420033503,0.7947232752900298,3955,False,,False,42
,,t2_exponential_glcm_JointEntropy,0.505920104331114,positive_higher,0.3792208018728846,0.35,0.6966161026837806,mann_whitney_u,0.7491661804526633,0.7951842243985675,3956,False,,False,42
,,t2_square_glcm_Contrast,0.505906376552955,negative_higher,0.6908042931507274,0.1750291715285881,0.8588235294117648,mann_whitney_u,0.7497285522499386,0.7955800330799828,3957,False,,False,42
,,adc_wavelet2-LL_glcm_DifferenceVariance,0.505858329329398,positive_higher,115.82502865417742,0.1411764705882353,0.897316219369895,mann_whitney_u,0.7516977214008601,0.797468098070291,3958,False,,False,42
,,t2_original_firstorder_Variance,0.5058446015512389,negative_higher,2297.4824215826525,0.7864644107351225,0.26764705882352946,mann_whitney_u,0.7522606388518294,0.7978637086483535,3959,False,,False,42
,,t2_original_gldm_GrayLevelVariance,0.5058137140503809,negative_higher,12.210723574201175,0.9136522753792299,0.138235294117647,mann_whitney_u,0.753527684576377,0.799005744327325,3960,False,,False,42
,,t2_wavelet2-LL_glcm_SumEntropy,0.5057759626604433,negative_higher,6.685930389486408,0.9054842473745625,0.15000000000000002,mann_whitney_u,0.7550771974886069,0.80044664283127,3961,False,,False,42
,,adc_exponential_glcm_SumEntropy,0.5057553709932048,positive_higher,1.7066120546672083,0.2676470588235294,0.7701283547257877,mann_whitney_u,0.7559228023741644,0.8010880013004282,3962,False,,False,42
,,adc_wavelet-HL_glszm_GrayLevelVariance,0.5057519390486649,negative_higher,4.936628851686766,0.6989498249708285,0.34411764705882353,mann_whitney_u,0.7560637649806137,0.8010880013004282,3963,False,,False,42
,,dwi_exponential_firstorder_Median,0.5057450751595854,positive_higher,2.958501704418272,0.7441176470588236,0.3208868144690782,mann_whitney_u,0.756345714547424,0.8011845750213505,3964,False,,False,42
,,t2_wavelet2-LH_firstorder_RootMeanSquared,0.5057073237696479,positive_higher,300.269131326038,0.38235294117647056,0.6487747957992999,mann_whitney_u,0.7578970161379343,0.8026253646313205,3965,False,,False,42
,,t2_square_glszm_ZoneEntropy,0.505690164046949,positive_higher,6.911307493619651,0.13823529411764707,0.9218203033838973,mann_whitney_u,0.7586024760731436,0.8031698933512682,3966,False,,False,42
,,t2_wavelet2-LL_glrlm_GrayLevelVariance,0.5056455487679319,negative_higher,254.8895070339026,0.7841306884480747,0.2705882352941177,mann_whitney_u,0.7604376112704136,0.8048564802329029,3967,False,,False,42
,,t2_wavelet2-HH_gldm_DependenceVariance,0.5056421168233921,negative_higher,1.4727747605918335,0.7362893815635939,0.3088235294117647,mann_whitney_u,0.7605788315227813,0.8048564802329029,3968,False,,False,42
,,adc_wavelet-HL_glszm_LargeAreaLowGrayLevelEmphasis,0.5055837737662159,negative_higher,0.0269828796084664,0.9066511085180864,0.13235294117647056,mann_whitney_u,0.762980792990039,0.8071948475094919,3969,False,,False,42
,,adc_wavelet2-HL_glcm_DifferenceVariance,0.5055631820989772,negative_higher,2.8079096089079503,0.6779463243873979,0.3735294117647059,mann_whitney_u,0.7638290905837877,0.8078887534915175,3970,False,,False,42
,,t2_squareroot_glrlm_RunEntropy,0.5055014070972613,negative_higher,5.789418244026198,0.7922987164527421,0.2647058823529411,mann_whitney_u,0.7663756810609015,0.8103781125093743,3971,False,,False,42
,,adc_wavelet2-LH_glszm_GrayLevelNonUniformityNormalized,0.5054773834854829,negative_higher,0.0941684496631928,0.19253208868144692,0.8323529411764706,mann_whitney_u,0.7673667055209876,0.811221751380319,3972,False,,False,42
,,adc_wavelet2-HL_gldm_GrayLevelVariance,0.5053538334820509,positive_higher,9.235467734356645,0.5,0.543757292882147,mann_whitney_u,0.7724693808095549,0.8161886302711058,3973,False,,False,42
,,t2_exponential_gldm_GrayLevelVariance,0.5053504015375112,negative_higher,0.0374096001100125,0.6207701283547258,0.4294117647058824,mann_whitney_u,0.7726112170516292,0.8161886302711058,3974,False,,False,42
,,t2_logarithm_firstorder_10Percentile,0.5053469695929713,positive_higher,-256.6950094560691,0.7352941176470589,0.30105017502917153,mann_whitney_u,0.7727531537275475,0.8161886302711058,3975,False,,False,42
,,adc_wavelet2-HL_firstorder_Variance,0.5053435376484317,positive_higher,34406.36893733005,0.5,0.544924154025671,mann_whitney_u,0.7728950515846682,0.8161886302711058,3976,False,,False,42
,,adc_square_glcm_Contrast,0.5053401057038919,positive_higher,9.016716718120495,0.34411764705882353,0.691948658109685,mann_whitney_u,0.7730369570345768,0.8161886302711058,3977,False,,False,42
,,adc_wavelet2-HL_glszm_GrayLevelNonUniformityNormalized,0.5053126501475735,negative_higher,0.0536962441267673,0.9288214702450408,0.10588235294117643,mann_whitney_u,0.7741724734373835,0.817182055295016,3978,False,,False,42
,,adc_wavelet-HL_glcm_DifferenceVariance,0.5052886265357952,negative_higher,1.4700387332712423,0.73512252042007,0.3058823529411765,mann_whitney_u,0.7751664468748327,0.8180256120702244,3979,False,,False,42
,,t2_log-sigma-3-mm-3D_glrlm_LongRunEmphasis,0.5052440112567781,positive_higher,49.4767454700169,0.2088235294117647,0.8389731621936989,mann_whitney_u,0.7770133741258772,0.8195067642738237,3980,False,,False,42
,,dwi_wavelet2-HH_gldm_SmallDependenceLowGrayLevelEmphasis,0.5052405793122383,positive_higher,0.0332697770938836,0.2,0.8459743290548425,mann_whitney_u,0.7771554978181391,0.8195067642738237,3981,False,,False,42
,,t2_log-sigma-3-mm-3D_glcm_MaximumProbability,0.5052405793122383,positive_higher,0.1997553580050993,0.23823529411764705,0.8133022170361727,mann_whitney_u,0.7771554978181391,0.8195067642738237,3982,False,,False,42
,,t2_wavelet2-LL_firstorder_RobustMeanAbsoluteDeviation,0.5051753723659826,positive_higher,149.0044994702102,0.22941176470588234,0.8366394399066511,mann_whitney_u,0.7798572599187927,0.8221492930954082,3983,False,,False,42
,,dwi_logarithm_glrlm_ShortRunHighGrayLevelEmphasis,0.5051307570869654,positive_higher,484.88884359671806,0.28823529411764703,0.7409568261376895,mann_whitney_u,0.781707369394083,0.8238928825516453,3984,False,,False,42
,,t2_log-sigma-2-mm-3D_firstorder_Skewness,0.5050998695861075,negative_higher,-1.046559944372481,0.9078179696616102,0.138235294117647,mann_whitney_u,0.7829889391056573,0.8250365257979059,3985,False,,False,42
,,t2_log-sigma-3-mm-3D_firstorder_InterquartileRange,0.5050792779188689,positive_higher,39.46650791168213,0.25588235294117645,0.7911318553092181,mann_whitney_u,0.7838436464195143,0.8255228169840835,3986,False,,False,42
,,adc_log-sigma-0-6-mm-3D_firstorder_Skewness,0.5050792779188688,negative_higher,0.1131181986787974,0.36406067677946324,0.6764705882352942,mann_whitney_u,0.7838436464195143,0.8255228169840835,3987,False,,False,42
,,t2_wavelet2-LL_firstorder_Minimum,0.5050518223625506,negative_higher,-466.4518788960752,0.3990665110851809,0.6441176470588235,mann_whitney_u,0.7849836617909987,0.8265161474073228,3988,False,,False,42
,,dwi_original_glrlm_ShortRunLowGrayLevelEmphasis,0.5050140709726131,negative_higher,0.0134100698619118,0.9346557759626605,0.11470588235294121,mann_whitney_u,0.7865519358945664,0.8279597841116281,3989,False,,False,42
,,adc_wavelet-HL_glcm_JointEntropy,0.5050003431944541,positive_higher,6.432012416292967,0.2411764705882353,0.8074679113185531,mann_whitney_u,0.7871224325059665,0.828352655161041,3990,False,,False,42
,,t2_wavelet2-HH_glrlm_RunVariance,0.5049866154162949,negative_higher,2.4429526896885103,0.6184364060676779,0.43823529411764706,mann_whitney_u,0.7876930433872301,0.8287454495572486,3991,False,,False,42
,,adc_wavelet2-HL_glcm_DifferenceAverage,0.5049317043036585,positive_higher,2.688204655694313,0.25,0.7864644107351225,mann_whitney_u,0.7899766237876416,0.8309398405020809,3992,False,,False,42
,,t2_exponential_glcm_SumSquares,0.5048870890246414,negative_higher,0.0376519878259978,0.6207701283547258,0.4294117647058824,mann_whitney_u,0.7918333201075107,0.8324757862758805,3993,False,,False,42
,,t2_wavelet-HH_glszm_GrayLevelNonUniformityNormalized,0.5048870890246413,positive_higher,0.3486325802615933,0.15294117647058825,0.9206534422403734,mann_whitney_u,0.7918333627973009,0.8324757862758805,3994,False,,False,42
,,t2_exponential_glcm_MCC,0.5048390418010844,positive_higher,0.8950549527507248,0.17647058823529413,0.8868144690781797,mann_whitney_u,0.793834206682956,0.8343119001991169,3995,False,,False,42
,,adc_exponential_gldm_LowGrayLevelEmphasis,0.5048356098565447,negative_higher,0.7970777283468741,0.7689614935822637,0.26764705882352946,mann_whitney_u,0.7939772215279046,0.8343119001991169,3996,False,,False,42
,,t2_exponential_glcm_InverseVariance,0.5048184501338459,positive_higher,0.021716164748606,0.32941176470588235,0.7129521586931156,mann_whitney_u,0.7946921458789727,0.8348542208020532,3997,False,,False,42
,,dwi_wavelet-HH_firstorder_Kurtosis,0.5047532431875902,positive_higher,4.037305192234842,0.8676470588235294,0.1960326721120187,mann_whitney_u,0.7974106289469993,0.8375005580161207,3998,False,,False,42
,,dwi_logarithm_glrlm_GrayLevelVariance,0.5047017640194934,positive_higher,0.6305913657056053,0.9764705882352941,0.0536756126021003,mann_whitney_u,0.799558505333553,0.8395464275807925,3999,False,,False,42
,,adc_wavelet2-HH_gldm_DependenceNonUniformityNormalized,0.5046949001304138,negative_higher,0.1755056710775047,0.41073512252042005,0.6411764705882352,mann_whitney_u,0.7998450038339368,0.8396372927746751,4000,False,,False,42
,,t2_log-sigma-3-mm-3D_glcm_Correlation,0.504677740407715,positive_higher,0.9821570453021192,0.11764705882352941,0.9369894982497082,mann_whitney_u,0.8005613678578367,0.84017925109599,4001,False,,False,42
,,adc_wavelet-HL_glcm_ClusterTendency,0.5046640126295558,positive_higher,33.233479553132604,0.10882352941176471,0.9299883313885647,mann_whitney_u,0.8011345799105702,0.8405707398911756,4002,False,,False,42
,,t2_wavelet2-LL_gldm_GrayLevelVariance,0.5046262612396184,negative_higher,253.2979322193259,0.7782963827304551,0.2735294117647059,mann_whitney_u,0.8027114643387041,0.8420148485531398,4003,False,,False,42
,,t2_exponential_glcm_ClusterTendency,0.5046091015169195,negative_higher,0.0893217325397082,0.67561260210035,0.3735294117647059,mann_whitney_u,0.8034284556291595,0.8425564648318783,4004,False,,False,42
,,adc_wavelet-LH_glszm_GrayLevelNonUniformityNormalized,0.5045988056833002,negative_higher,0.0989370255297806,0.5974329054842473,0.43529411764705883,mann_whitney_u,0.8038587945349539,0.8425868892292241,4005,False,,False,42
,,t2_wavelet2-LL_firstorder_Variance,0.5045988056833002,negative_higher,36045.77526041304,0.7782963827304551,0.2735294117647059,mann_whitney_u,0.8038587945349539,0.8425868892292241,4006,False,,False,42
,,t2_wavelet-HH_glcm_Imc1,0.5045576223488228,negative_higher,-0.0047956865150326,0.33255542590431736,0.7176470588235294,mann_whitney_u,0.8055805817123104,0.8441808990791094,4007,False,,False,42
,,adc_wavelet-HH_glcm_DifferenceEntropy,0.5045438945706637,positive_higher,1.8482794563849847,0.3176470588235294,0.721120186697783,mann_whitney_u,0.8061547207548763,0.8445114600943852,4008,False,,False,42
,,t2_wavelet2-LL_glrlm_RunEntropy,0.504540462626124,positive_higher,6.877336246143712,0.2647058823529412,0.8016336056009334,mann_whitney_u,0.8062982718548203,0.8445114600943852,4009,False,,False,42
,,t2_original_glcm_SumSquares,0.5045335987370444,negative_higher,12.114475662117869,0.9136522753792299,0.138235294117647,mann_whitney_u,0.8065853936294085,0.8446015131795228,4010,False,,False,42
,,adc_logarithm_ngtdm_Strength,0.5045198709588853,negative_higher,3.9113324468867097,0.4620770128354726,0.6323529411764706,mann_whitney_u,0.8071597153474834,0.8449921826836407,4011,False,,False,42
,,adc_log-sigma-2-mm-3D_glcm_DifferenceVariance,0.5044958473471068,positive_higher,1.1877434642748113,0.75,0.2823803967327888,mann_whitney_u,0.808165028371611,0.8458337373211352,4012,False,,False,42
,,t2_log-sigma-0-6-mm-3D_firstorder_Kurtosis,0.5044100487336125,positive_higher,11.132224396420623,0.03823529411764706,0.9906651108518086,mann_whitney_u,0.8117580073037215,0.8493824751229321,4013,False,,False,42
,,dwi_squareroot_glrlm_LowGrayLevelRunEmphasis,0.5043928890109136,negative_higher,0.0075484927078053,0.7222870478413069,0.32352941176470584,mann_whitney_u,0.8124770816486507,0.8499230856608582,4014,False,,False,42
,,dwi_wavelet2-LH_firstorder_RootMeanSquared,0.5043654334545953,positive_higher,302.5794652995117,0.17941176470588235,0.8891481913652275,mann_whitney_u,0.8136279293305149,0.8509149876111661,4015,False,,False,42
,,adc_wavelet2-LH_glrlm_GrayLevelVariance,0.5043551376209761,negative_higher,10.500513414892218,0.6604434072345391,0.3764705882352941,mann_whitney_u,0.8140596011089454,0.8511544484702345,4016,False,,False,42
,,t2_exponential_firstorder_MeanAbsoluteDeviation,0.5042487473402429,positive_higher,3.487305165326904,0.18235294117647058,0.869311551925321,mann_whitney_u,0.8185234934181169,0.8556087002396496,4017,False,,False,42
,,adc_wavelet2-HL_glcm_DifferenceEntropy,0.5041904042830667,positive_higher,3.5163968332015734,0.09117647058823529,0.9439906651108518,mann_whitney_u,0.8209739442647046,0.857956593321925,4018,False,,False,42
,,t2_exponential_glcm_Id,0.5041732445603678,negative_higher,0.987892328570543,0.7082847141190198,0.33529411764705885,mann_whitney_u,0.8216949620882417,0.8584964284171502,4019,False,,False,42
,,t2_wavelet-LH_firstorder_RootMeanSquared,0.5041663806712884,positive_higher,300.20329911074566,0.12352941176470589,0.9101516919486581,mann_whitney_u,0.8219834629524927,0.8585842191386858,4020,False,,False,42
,,adc_logarithm_glszm_SizeZoneNonUniformityNormalized,0.5041320612258906,positive_higher,0.2261552640603566,0.3941176470588235,0.6464410735122521,mann_whitney_u,0.82342614325231,0.85987723837763,4021,False,,False,42
,,adc_wavelet-HL_glcm_Idm,0.5041183334477315,negative_higher,0.3328988701635329,0.9253208868144691,0.1264705882352941,mann_whitney_u,0.8240033832201057,0.8602660880510253,4022,False,,False,42
,,t2_exponential_glcm_Idm,0.5040977417804928,negative_higher,0.9868299831693592,0.7327887981330222,0.31176470588235294,mann_whitney_u,0.8248693849901977,0.8609561390936714,4023,False,,False,42
,,adc_exponential_firstorder_Uniformity,0.5040874459468735,negative_higher,0.6646814352028465,0.6662777129521587,0.36764705882352944,mann_whitney_u,0.8253025201433085,0.8611941555869166,4024,False,,False,42
,,adc_log-sigma-3-mm-3D_firstorder_Skewness,0.504063422335095,negative_higher,-0.284306742794582,0.603267211201867,0.43529411764705883,mann_whitney_u,0.826313291031739,0.8620346606316205,4025,False,,False,42
,,t2_original_firstorder_Skewness,0.5040462626123962,negative_higher,0.6362823818010507,0.6592765460910152,0.38235294117647056,mann_whitney_u,0.8270354465991483,0.8625737308171445,4026,False,,False,42
,,t2_log-sigma-3-mm-3D_glcm_Imc2,0.5040256709451575,negative_higher,0.9907493981935268,0.8891481913652275,0.1705882352941176,mann_whitney_u,0.827902226341648,0.8632633345936379,4027,False,,False,42
,,t2_wavelet2-HL_firstorder_Mean,0.5040188070560779,negative_higher,-0.4152719577895495,0.8623103850641773,0.1823529411764706,mann_whitney_u,0.828191199561328,0.8632865680969646,4028,False,,False,42
,,adc_wavelet-HH_glcm_DifferenceAverage,0.5040153751115382,positive_higher,1.4350083889994116,0.12058823529411765,0.9171528588098017,mann_whitney_u,0.8283356948946583,0.8632865680969646,4029,False,,False,42
,,t2_square_glcm_MCC,0.5040050792779189,positive_higher,0.9208249440066754,0.3323529411764706,0.7292882147024504,mann_whitney_u,0.8287692157318056,0.8635240538108814,4030,False,,False,42
,,adc_wavelet2-HL_gldm_DependenceEntropy,0.5039947834442995,negative_higher,5.779487202917445,0.3115519253208868,0.7147058823529412,mann_whitney_u,0.8292027887252531,0.8637614760251396,4031,False,,False,42
,,adc_wavelet-HL_glcm_Id,0.5039844876106802,negative_higher,0.4124513217978646,0.9241540256709452,0.1264705882352941,mann_whitney_u,0.8296364137471159,0.8639988346538044,4032,False,,False,42
,,t2_exponential_glcm_DifferenceEntropy,0.5039295764980438,positive_higher,0.1762420622048787,0.3264705882352941,0.7187864644107351,mann_whitney_u,0.8319499192007768,0.866193332686353,4033,False,,False,42
,,t2_wavelet2-LL_firstorder_Skewness,0.5038712334408676,negative_higher,0.6317781160763768,0.6604434072345391,0.38235294117647056,mann_whitney_u,0.8344096862406399,0.8685389867437896,4034,False,,False,42
,,adc_exponential_glcm_ClusterShade,0.5038506417736289,negative_higher,0.4400538991425001,0.8541423570595099,0.17352941176470593,mann_whitney_u,0.8352782153435686,0.8690121967858385,4035,False,,False,42
,,t2_wavelet2-HH_gldm_DependenceNonUniformityNormalized,0.5038506417736289,negative_higher,0.234813375979805,0.6312718786464411,0.4,mann_whitney_u,0.8352782153435686,0.8690121967858385,4036,False,,False,42
,,adc_wavelet2-HL_glszm_GrayLevelVariance,0.5038437778845495,negative_higher,10.423247668734554,0.6569428238039673,0.3970588235294118,mann_whitney_u,0.8355677697469628,0.8690981087856073,4037,False,,False,42
,,dwi_wavelet-HH_glszm_SmallAreaEmphasis,0.503802594550072,negative_higher,0.3130209948971976,0.8576429404900817,0.21176470588235297,mann_whitney_u,0.8373055628754345,0.8706899600084075,4038,False,,False,42
,,t2_original_firstorder_RobustMeanAbsoluteDeviation,0.5037511153819755,positive_higher,37.80602421103516,0.22941176470588234,0.8354725787631272,mann_whitney_u,0.8394789200526835,0.8727338413719282,4039,False,,False,42
,,adc_exponential_firstorder_RootMeanSquared,0.5037408195483561,negative_higher,39.69835196438872,0.750291715285881,0.2941176470588235,mann_whitney_u,0.8399137389684683,0.8729697499823263,4040,False,,False,42
,,adc_exponential_glszm_SizeZoneNonUniformityNormalized,0.5036962042693389,positive_higher,0.2416124135604655,0.28823529411764703,0.7572928821470245,mann_whitney_u,0.8417985084691626,0.874712184375653,4041,False,,False,42
,,adc_log-sigma-0-6-mm-3D_glcm_DifferenceVariance,0.5036824764911798,positive_higher,0.7381104943943838,0.35294117647058826,0.6954492415402567,mann_whitney_u,0.8423786319262261,0.8750984352939691,4042,False,,False,42
,,t2_exponential_glszm_ZonePercentage,0.5036618848239413,positive_higher,0.0057424901815093,0.17352941176470588,0.8739789964994166,mann_whitney_u,0.8432489643325658,0.8757859018630828,4043,False,,False,42
,,dwi_logarithm_glcm_Idmn,0.5036378612121628,positive_higher,0.9961107290206576,0.34705882352941175,0.6896149358226371,mann_whitney_u,0.8442645940690549,0.8763784560955282,4044,False,,False,42
,,adc_squareroot_glcm_ClusterShade,0.5036309973230833,negative_higher,9.997184447250564,0.3220536756126021,0.7352941176470589,mann_whitney_u,0.8445548216321679,0.8763784560955282,4045,False,,False,42
,,adc_wavelet-LH_firstorder_RootMeanSquared,0.5036241334340037,negative_higher,154.6968097608516,0.4795799299883314,0.5470588235294118,mann_whitney_u,0.8448450702975666,0.8763784560955282,4046,False,,False,42
,,adc_exponential_glszm_SmallAreaEmphasis,0.503620701489464,positive_higher,0.5046571228936342,0.27941176470588236,0.7607934655775963,mann_whitney_u,0.8449902025316298,0.8763784560955282,4047,False,,False,42
,,adc_exponential_firstorder_Variance,0.5036138376003844,positive_higher,2134.513755080482,0.40294117647058825,0.6371061843640606,mann_whitney_u,0.8452804827784923,0.8763784560955282,4048,False,,False,42
,,adc_wavelet2-HL_glrlm_RunEntropy,0.5036138376003844,negative_higher,4.319239080216795,0.6091015169194866,0.43529411764705883,mann_whitney_u,0.8452804827784923,0.8763784560955282,4049,False,,False,42
,,dwi_logarithm_glszm_SmallAreaHighGrayLevelEmphasis,0.5036138376003844,positive_higher,474.2345810273152,0.21470588235294116,0.822637106184364,mann_whitney_u,0.8452804827784923,0.8763784560955282,4050,False,,False,42
,,t2_square_glszm_GrayLevelNonUniformityNormalized,0.5036001098222251,positive_higher,0.1692423641135251,0.5264705882352941,0.5157526254375729,mann_whitney_u,0.8458611062527769,0.8764817048173756,4051,False,,False,42
,,adc_log-sigma-2-mm-3D_glcm_Imc1,0.5035966778776855,negative_higher,-0.2071999454814592,0.897316219369895,0.16176470588235292,mann_whitney_u,0.8460062752142947,0.8764817048173756,4052,False,,False,42
,,adc_wavelet-LH_gldm_GrayLevelVariance,0.5035966778776855,negative_higher,8.370945204700327,0.30105017502917153,0.7264705882352941,mann_whitney_u,0.8460062752142947,0.8764817048173756,4053,False,,False,42
,,adc_wavelet-HH_glcm_Contrast,0.5035074473196512,negative_higher,0.9007942758655468,0.8728121353558926,0.16176470588235292,mann_whitney_u,0.8497824890359875,0.8801101902620732,4054,False,,False,42
,,adc_wavelet2-LH_firstorder_10Percentile,0.5035040153751116,negative_higher,-296.7790757153779,0.6674445740956826,0.36764705882352944,mann_whitney_u,0.8499277974548004,0.8801101902620732,4055,False,,False,42
,,adc_log-sigma-3-mm-3D_glszm_SmallAreaEmphasis,0.5034937195414921,positive_higher,0.6469649239584222,0.10294117647058823,0.9241540256709452,mann_whitney_u,0.8503637532782995,0.88034452663106,4056,False,,False,42
,,adc_wavelet-HH_gldm_GrayLevelVariance,0.5034216487061569,negative_higher,0.4735430090873124,0.8634772462077013,0.1705882352941176,mann_whitney_u,0.8534167177376657,0.8832873546414736,4057,False,,False,42
,,t2_log-sigma-3-mm-3D_firstorder_Skewness,0.5034147848170774,positive_higher,-0.3587189452643693,0.43823529411764706,0.5904317386231038,mann_whitney_u,0.8537075915460866,0.8833706695175007,4058,False,,False,42
,,adc_wavelet2-LH_glcm_Contrast,0.5033530098153614,positive_higher,8.558463505016006,0.8205882352941176,0.22403733955659277,mann_whitney_u,0.8563263462003915,0.8858621157170347,4059,False,,False,42
,,t2_wavelet-HL_firstorder_Mean,0.5033461459262818,negative_higher,-0.2133267009333074,0.8658109684947491,0.17941176470588238,mann_whitney_u,0.856617417161665,0.8858772885654487,4060,False,,False,42
,,adc_wavelet-LH_firstorder_Variance,0.5033427139817421,negative_higher,31117.788711272835,0.30105017502917153,0.7264705882352941,mann_whitney_u,0.8567629599581535,0.8858772885654487,4061,False,,False,42
,,dwi_wavelet2-LL_glrlm_LongRunLowGrayLevelEmphasis,0.5033221223145034,positive_higher,0.0292960192975822,0.3176470588235294,0.7409568261376895,mann_whitney_u,0.8576363188540528,0.8865620144924096,4062,False,,False,42
,,t2_wavelet2-LL_glcm_SumSquares,0.5033049625918045,negative_higher,185.6179509871048,0.911318553092182,0.138235294117647,mann_whitney_u,0.8583642511259105,0.8870961089041837,4063,False,,False,42
,,dwi_wavelet2-LL_gldm_LargeDependenceLowGrayLevelEmphasis,0.5032946667581852,negative_higher,0.0162050633914931,0.73512252042007,0.3205882352941176,mann_whitney_u,0.8588010683378701,0.8873291550075583,4064,False,,False,42
,,dwi_original_gldm_DependenceVariance,0.5032740750909466,negative_higher,3.254730617430796,0.662777129521587,0.43529411764705883,mann_whitney_u,0.8596748323110108,0.8880134368693566,4065,False,,False,42
,,t2_original_gldm_DependenceEntropy,0.5032603473127875,negative_higher,6.580231688531455,0.9218203033838973,0.138235294117647,mann_whitney_u,0.8602574371685894,0.8883966991320479,4066,False,,False,42
,,dwi_original_glcm_Imc1,0.5032431875900886,positive_higher,-0.2547743162186879,0.5058823529411764,0.5274212368728122,mann_whitney_u,0.8609858001797392,0.8889302618526493,4067,False,,False,42
,,adc_log-sigma-2-mm-3D_gldm_DependenceEntropy,0.5022307639508545,negative_higher,5.817820334180884,0.3710618436406068,0.6647058823529413,t_test,0.8617312693507759,0.8893954548343679,4068,False,,False,42
,,t2_original_glcm_ClusterTendency,0.5032225959228499,negative_higher,65.62588095959252,0.750291715285881,0.30000000000000004,mann_whitney_u,0.8618599918363998,0.8893954548343679,4069,False,,False,42
,,adc_log-sigma-0-6-mm-3D_glrlm_GrayLevelVariance,0.5031882764774521,positive_higher,1.4078844411489944,0.2529411764705882,0.7806301050175029,mann_whitney_u,0.86331735349787,0.8906804833753209,4070,False,,False,42
,,adc_wavelet2-HL_glrlm_GrayLevelVariance,0.5031505250875146,positive_higher,10.709098530470731,0.48823529411764705,0.5635939323220537,mann_whitney_u,0.8649209884979622,0.8921157530589395,4071,False,,False,42
,,adc_exponential_glcm_Imc1,0.5031162056421168,positive_higher,-0.2123243691835857,0.20294117647058824,0.8354725787631272,mann_whitney_u,0.8663793215583144,0.8934004840921813,4072,False,,False,42
,,adc_wavelet-LH_glcm_Imc2,0.5030956139748781,negative_higher,0.6499566565782269,0.10035005834305717,0.9352941176470588,mann_whitney_u,0.8672545401185892,0.894083430876002,4073,False,,False,42
,,adc_exponential_gldm_SmallDependenceHighGrayLevelEmphasis,0.5030441348067816,positive_higher,0.5055552595318299,0.3735294117647059,0.6604434072345391,mann_whitney_u,0.8694432962750607,0.8961198824396122,4074,False,,False,42
,,t2_wavelet2-LH_glcm_InverseVariance,0.5030166792504633,negative_higher,0.429423958308485,0.9498249708284714,0.10882352941176465,mann_whitney_u,0.8706110431406874,0.8970335561347345,4075,False,,False,42
,,adc_exponential_glcm_Autocorrelation,0.5030132473059236,positive_higher,2.309089519718972,0.34411764705882353,0.6977829638273045,mann_whitney_u,0.8707570313896589,0.8970335561347345,4076,False,,False,42
,,dwi_logarithm_glrlm_LowGrayLevelRunEmphasis,0.5028794014688723,negative_higher,0.0092344086762944,0.543757292882147,0.49411764705882355,mann_whitney_u,0.8764539598171692,0.902680936294406,4077,False,,False,42
,,t2_wavelet2-HL_glcm_MCC,0.5028553778570939,positive_higher,0.5670268263782098,0.1676470588235294,0.8798133022170361,mann_whitney_u,0.8774771721384113,0.9035131549311399,4078,False,,False,42
,,dwi_log-sigma-2-mm-3D_ngtdm_Contrast,0.5028382181343949,positive_higher,0.0117855042767289,0.36764705882352944,0.7047841306884481,mann_whitney_u,0.8782081635403799,0.9040441477582876,4079,False,,False,42
,,adc_wavelet-HL_firstorder_RootMeanSquared,0.5028038986889971,positive_higher,218.7429721281113,0.11764705882352941,0.9206534422403734,mann_whitney_u,0.8796704572908077,0.905327512295123,4080,False,,False,42
,,adc_square_gldm_SmallDependenceHighGrayLevelEmphasis,0.5027833070217584,negative_higher,40.597425536335,0.617269544924154,0.43529411764705883,mann_whitney_u,0.8805480308969338,0.9060086208616087,4081,False,,False,42
,,adc_wavelet-HH_firstorder_RootMeanSquared,0.5027730111881392,negative_higher,38.01299458575379,0.851808634772462,0.17941176470588238,mann_whitney_u,0.8809868727862824,0.9062380888852523,4082,False,,False,42
,,dwi_squareroot_glcm_Imc1,0.5027661472990597,negative_higher,-0.3099746428625486,0.8798133022170361,0.15000000000000002,mann_whitney_u,0.881279454358066,0.9063170288634629,4083,False,,False,42
,,adc_wavelet-HH_firstorder_Variance,0.5027592834099801,negative_higher,1444.9361201416152,0.851808634772462,0.17941176470588238,mann_whitney_u,0.8815720521337371,0.9063959468436734,4084,False,,False,42
,,t2_wavelet2-HH_glcm_Imc2,0.5026597570183267,positive_higher,0.2048663583268469,0.5441176470588235,0.5192532088681447,mann_whitney_u,0.8858165164651125,0.9105369773897203,4085,False,,False,42
,,t2_exponential_glcm_DifferenceAverage,0.5026494611847073,positive_higher,0.0371754578634082,0.23529411764705882,0.8168028004667445,mann_whitney_u,0.8862557644394402,0.9107655298289793,4086,False,,False,42
,,t2_wavelet-HH_glcm_Imc2,0.502622005628389,negative_higher,0.1374757806534914,0.3605600933488915,0.6941176470588235,mann_whitney_u,0.8874273498334043,0.9117463767923818,4087,False,,False,42
,,t2_wavelet2-LL_glcm_ClusterTendency,0.5025876861829912,negative_higher,1008.2309404316312,0.7607934655775963,0.28823529411764703,mann_whitney_u,0.8888921476073642,0.9130279177601083,4088,False,,False,42
,,adc_wavelet-HH_glcm_SumSquares,0.5025739584048322,negative_higher,0.4544424153939661,0.8576429404900817,0.17941176470588238,mann_whitney_u,0.8894781732461404,0.9131102589964833,4089,False,,False,42
,,adc_wavelet-HL_firstorder_Variance,0.5025739584048321,positive_higher,47757.01262867422,0.11764705882352941,0.9194865810968494,mann_whitney_u,0.8894781732461404,0.9131102589964833,4090,False,,False,42
,,t2_wavelet-HH_glcm_MCC,0.5025705264602924,positive_higher,0.268130836674288,0.2411764705882353,0.8028004667444574,mann_whitney_u,0.8896246891056474,0.9131102589964833,4091,False,,False,42
,,t2_exponential_firstorder_Variance,0.5025293431258151,negative_higher,2.449296723656812,0.897316219369895,0.15000000000000002,mann_whitney_u,0.8913831720702541,0.9146915785735574,4092,False,,False,42
,,adc_wavelet-HL_glcm_SumSquares,0.5025190472921958,positive_higher,12.347260166348375,0.11764705882352941,0.9206534422403734,mann_whitney_u,0.8918228766367504,0.9149191935005412,4093,False,,False,42
,,dwi_logarithm_glcm_JointAverage,0.502484727846798,negative_higher,10.059422032114735,0.7444574095682613,0.28823529411764703,mann_whitney_u,0.8932887980087603,0.9159754976407287,4094,False,,False,42
,,dwi_logarithm_glcm_SumAverage,0.502484727846798,negative_higher,20.11884406422947,0.7444574095682613,0.28823529411764703,mann_whitney_u,0.8932887980087603,0.9159754976407287,4095,False,,False,42
,,dwi_logarithm_glrlm_RunEntropy,0.5024778639577184,positive_higher,4.923845125914543,0.10588235294117647,0.9451575262543758,mann_whitney_u,0.893582026198696,0.9160524726582824,4096,False,,False,42
,,adc_wavelet-HL_gldm_GrayLevelVariance,0.5024435445123207,positive_higher,12.781020420190211,0.11764705882352941,0.9206534422403734,mann_whitney_u,0.8950483845481901,0.9172581459081706,4097,False,,False,42
,,t2_exponential_glcm_Autocorrelation,0.5024401125677809,positive_higher,1.3274764097236598,0.2676470588235294,0.8016336056009334,mann_whitney_u,0.8951950183214297,0.9172581459081706,4098,False,,False,42
,,adc_squareroot_glcm_DifferenceVariance,0.5024195209005423,positive_higher,1.889233472695221,0.8235294117647058,0.21936989498249704,mann_whitney_u,0.8960750491147718,0.9179358700251101,4099,False,,False,42
,,adc_wavelet-HL_glcm_Contrast,0.5023989292333035,negative_higher,3.0722940791932887,0.7234539089848308,0.32352941176470584,mann_whitney_u,0.8969551859199022,0.9186133721165047,4100,False,,False,42
,,dwi_wavelet2-HL_glszm_SizeZoneNonUniformity,0.5023680417324456,positive_higher,133.44324324324324,0.4264705882352941,0.6476079346557759,mann_whitney_u,0.8982756283902495,0.9197413712778976,4101,False,,False,42
,,adc_wavelet-HL_glcm_ClusterProminence,0.5022616514517125,negative_higher,358.5633860072878,0.6546091015169195,0.388235294117647,mann_whitney_u,0.9028259536597011,0.9241750803064566,4102,False,,False,42
,,dwi_logarithm_glszm_HighGrayLevelZoneEmphasis,0.5022170361726954,positive_higher,1271.688493919551,0.15588235294117647,0.869311551925321,mann_whitney_u,0.9047351136847873,0.925903666186308,4103,False,,False,42
,,t2_square_glszm_ZonePercentage,0.5021998764499966,positive_higher,0.0373602168756353,0.4235294117647059,0.6231038506417736,mann_whitney_u,0.9054695532672371,0.9264294966299047,4104,False,,False,42
,,t2_wavelet-LH_glszm_LargeAreaEmphasis,0.5021724208936784,positive_higher,2087.776468752438,0.8588235294117647,0.17969661610268373,mann_whitney_u,0.9066448245290513,0.9274059971248444,4105,False,,False,42
,,adc_exponential_glrlm_LowGrayLevelRunEmphasis,0.5021449653373602,positive_higher,0.7350859219930153,0.3382352941176471,0.7257876312718786,mann_whitney_u,0.9078203002427018,0.9283064227815128,4106,False,,False,42
,,t2_logarithm_glszm_LargeAreaHighGrayLevelEmphasis,0.5021415333928204,negative_higher,20810.665557927856,0.8144690781796966,0.23529411764705888,mann_whitney_u,0.9079672489553877,0.9283064227815128,4107,False,,False,42
,,adc_wavelet-LH_glszm_LargeAreaLowGrayLevelEmphasis,0.5021175097810419,positive_higher,0.063268678858685,0.5352941176470588,0.5017502917152858,mann_whitney_u,0.9089959778571312,0.9291319647083968,4108,False,,False,42
,,dwi_logarithm_gldm_LowGrayLevelEmphasis,0.5021037820028829,positive_higher,0.0350751990325445,0.21470588235294116,0.8156359393232205,mann_whitney_u,0.9095838915795693,0.9295066343982993,4109,False,,False,42
,,dwi_log-sigma-3-mm-3D_glcm_Imc1,0.5047669709657492,negative_higher,-0.3456982013510266,0.8599766627771295,0.2264705882352941,t_test,0.9113047380626031,0.931038587621623,4110,False,,False,42
,,t2_wavelet2-HL_glszm_LargeAreaHighGrayLevelEmphasis,0.5020454389457066,negative_higher,68469.19245419916,0.6126021003500584,0.4294117647058824,mann_whitney_u,0.9120830734755241,0.9316071091033145,4111,False,,False,42
,,adc_wavelet2-HL_glcm_ClusterProminence,0.5020385750566271,negative_higher,2220.6048647455445,0.6522753792298717,0.4,mann_whitney_u,0.9123771525399408,0.9316808520221818,4112,False,,False,42
,,t2_wavelet2-HH_glrlm_RunLengthNonUniformityNormalized,0.5020317111675476,positive_higher,0.3637026243618854,0.12352941176470589,0.9183197199533255,mann_whitney_u,0.9126712436045544,0.9317545713337039,4113,False,,False,42
,,dwi_logarithm_glcm_Autocorrelation,0.501963072276752,negative_higher,161.79086530296055,0.6686114352392065,0.361764705882353,mann_whitney_u,0.915612805469763,0.9345304254174853,4114,False,,False,42
,,dwi_wavelet-HH_glszm_SizeZoneNonUniformityNormalized,0.5019562083876725,negative_higher,0.1028571428571428,0.8634772462077013,0.1941176470588235,mann_whitney_u,0.9159070244331737,0.9346035469246408,4115,False,,False,42
,,adc_exponential_glcm_JointEnergy,0.5019287528313542,negative_higher,0.5732161076761569,0.6546091015169195,0.37941176470588234,mann_whitney_u,0.9170840224187483,0.9355772133470176,4116,False,,False,42
,,dwi_logarithm_glcm_DifferenceVariance,0.5019081611641156,positive_higher,0.6800345566865782,0.7558823529411764,0.27304550758459745,mann_whitney_u,0.9179668892329634,0.9362504172672367,4117,False,,False,42
,,dwi_logarithm_gldm_HighGrayLevelEmphasis,0.5018704097741781,negative_higher,162.1045793397231,0.6674445740956826,0.361764705882353,mann_whitney_u,0.9195857403540746,0.9375910484735953,4118,False,,False,42
,,adc_exponential_glcm_Correlation,0.5018635458850986,positive_higher,0.8191891451568007,0.07941176470588235,0.9661610268378062,mann_whitney_u,0.9198801129318513,0.9375910484735953,4119,False,,False,42
,,adc_log-sigma-3-mm-3D_glcm_DifferenceVariance,0.501856681996019,positive_higher,2.652525546442301,0.12941176470588237,0.9031505250875146,mann_whitney_u,0.9201744964895657,0.9375910484735953,4120,False,,False,42
,,adc_wavelet2-HL_glszm_LargeAreaLowGrayLevelEmphasis,0.501856681996019,positive_higher,0.0994296187046837,0.3205882352941177,0.7234539089848309,mann_whitney_u,0.9201744964895657,0.9375910484735953,4121,False,,False,42
,,t2_square_glcm_Correlation,0.5018463861623996,positive_higher,0.9152392996162948,0.3323529411764706,0.7316219369894983,mann_whitney_u,0.9206160923258622,0.9378134332062822,4122,False,,False,42
,,adc_log-sigma-2-mm-3D_glszm_GrayLevelNonUniformityNormalized,0.5053057862584941,positive_higher,0.1031942123506167,0.4294117647058823,0.6266044340723453,t_test,0.9212826370851924,0.938264805510726,4123,False,,False,42
,,dwi_wavelet-HL_ngtdm_Contrast,0.5018223625506212,positive_higher,0.0082287863025888,0.75,0.3033838973162194,mann_whitney_u,0.9216465775745335,0.9384078514150015,4124,False,,False,42
,,t2_wavelet2-LH_glcm_Imc1,0.5017880431052235,positive_higher,-0.1414704064959059,0.6176470588235294,0.42357059509918316,mann_whitney_u,0.9231189271452801,0.93967912123225,4125,False,,False,42
,,t2_wavelet-HH_gldm_DependenceVariance,0.5017743153270643,positive_higher,1.322954429359137,0.611764705882353,0.4282380396732789,mann_whitney_u,0.923707941026686,0.9400508105601197,4126,False,,False,42
,,adc_wavelet-LH_glcm_Contrast,0.5017125403253484,negative_higher,9.159725861264214,0.47724620770128356,0.5529411764705883,mann_whitney_u,0.9263590165608119,0.9422920325917755,4127,False,,False,42
,,adc_wavelet2-HH_glcm_Correlation,0.5017125403253484,positive_higher,0.1703461208154481,0.3205882352941177,0.7082847141190198,mann_whitney_u,0.9263590165608119,0.9422920325917755,4128,False,,False,42
,,adc_wavelet-HH_glcm_ClusterTendency,0.5016953806026495,negative_higher,0.8866744369334465,0.8588098016336057,0.1705882352941176,mann_whitney_u,0.9270955728313901,0.9428128627558748,4129,False,,False,42
,,adc_log-sigma-0-6-mm-3D_glcm_ClusterProminence,0.5016644931017915,negative_higher,5.947517685283934,0.6336056009334889,0.3970588235294118,mann_whitney_u,0.9284215311480101,0.943932689900846,4130,False,,False,42
,,dwi_logarithm_ngtdm_Complexity,0.5016027181000755,positive_higher,3.920676930095409,0.9764705882352941,0.05950991831971997,mann_whitney_u,0.931074040444909,0.9464003620983232,4131,False,,False,42
,,adc_exponential_glcm_MaximumProbability,0.5015924222664562,negative_higher,0.7494161751015924,0.6557759626604434,0.37941176470588234,mann_whitney_u,0.9315162005712874,0.9466206500965236,4132,False,,False,42
,,t2_wavelet-LH_glszm_ZoneVariance,0.5015649667101381,positive_higher,2022.71298469208,0.8588235294117647,0.17969661610268373,mann_whitney_u,0.932695397205001,0.9475101469602428,4133,False,,False,42
,,adc_square_glcm_DifferenceVariance,0.5015615347655982,positive_higher,10.461249990337858,0.1264705882352941,0.9031505250875146,mann_whitney_u,0.9328428072240162,0.9475101469602428,4134,False,,False,42
,,t2_log-sigma-2-mm-3D_glrlm_RunEntropy,0.5015546708765186,positive_higher,6.127812388758766,0.1588235294117647,0.9054842473745625,mann_whitney_u,0.9331376341665721,0.9475803931959943,4135,False,,False,42
,,adc_exponential_ngtdm_Strength,0.5015306472647403,positive_higher,0.2795023474242975,0.6088235294117647,0.4107351225204201,mann_whitney_u,0.9341696004346652,0.9483989729751352,4136,False,,False,42
,,t2_original_glrlm_GrayLevelNonUniformityNormalized,0.5015237833756606,positive_higher,0.079323215668136,0.21176470588235294,0.8436406067677946,mann_whitney_u,0.9344644683363649,0.9484690119759236,4137,False,,False,42
,,adc_wavelet-HL_gldm_DependenceEntropy,0.5014997597638822,negative_higher,5.408836465622085,0.24970828471411902,0.7823529411764706,mann_whitney_u,0.9354965765344793,0.9492871253910774,4138,False,,False,42
,,adc_exponential_gldm_GrayLevelVariance,0.5014860319857231,negative_higher,0.28313857975859,0.5495915985997666,0.4852941176470589,mann_whitney_u,0.9360864014352258,0.9496561487379834,4139,False,,False,42
,,adc_original_glszm_ZoneEntropy,0.5082126432836845,negative_higher,6.092191569607936,0.5600933488914819,0.5,t_test,0.9366687102642861,0.9500173706279559,4140,False,,False,42
,,dwi_logarithm_glrlm_ShortRunLowGrayLevelEmphasis,0.501441416706706,negative_higher,0.0072970399892879,0.5472578763127188,0.49411764705882355,mann_whitney_u,0.9380035729568839,0.9511415123994096,4141,False,,False,42
,,t2_original_firstorder_MeanAbsoluteDeviation,0.501424256984007,negative_higher,32.792362253686726,0.8926487747957993,0.1588235294117647,mann_whitney_u,0.9387410429360301,0.9516594976553332,4142,False,,False,42
,,dwi_squareroot_glrlm_ShortRunLowGrayLevelEmphasis,0.5013830736495299,negative_higher,0.005475730976524,0.7479579929988331,0.2852941176470588,mann_whitney_u,0.9405111840636535,0.9532238623903648,4143,False,,False,42
,,dwi_wavelet2-LL_glszm_LowGrayLevelZoneEmphasis,0.5013624819822912,positive_higher,0.0129769454494642,0.3205882352941177,0.7386231038506418,mann_whitney_u,0.9413963653988724,0.9538907669666663,4144,False,,False,42
,,t2_exponential_gldm_HighGrayLevelEmphasis,0.5013453222595923,positive_higher,1.3492694537996,0.27941176470588236,0.7899649941656943,mann_whitney_u,0.9421340597346344,0.9544079413331072,4145,False,,False,42
,,adc_log-sigma-3-mm-3D_firstorder_10Percentile,0.5013247305923536,positive_higher,-205.02603149414065,0.3176470588235294,0.7187864644107351,mann_whitney_u,0.943019385086727,0.9550743844619312,4146,False,,False,42
,,t2_wavelet2-LL_glszm_GrayLevelNonUniformityNormalized,0.5013144347587343,positive_higher,0.0193373727794869,0.26176470588235295,0.7957992998833139,mann_whitney_u,0.9434620681673184,0.9552923135361876,4147,False,,False,42
,,adc_wavelet2-LL_glcm_MaximumProbability,0.5012732514242569,negative_higher,0.0020290260238508,0.8483080513418904,0.1823529411764706,mann_whitney_u,0.9452329737567675,0.9566922185683939,4148,False,,False,42
,,t2_exponential_glrlm_RunLengthNonUniformityNormalized,0.5012698194797172,negative_higher,0.0245697692225617,0.7176196032672112,0.32352941176470584,mann_whitney_u,0.9453805615612796,0.9566922185683939,4149,False,,False,42
,,t2_log-sigma-3-mm-3D_firstorder_RobustMeanAbsoluteDeviation,0.5012663875351774,positive_higher,16.740417300821775,0.23823529411764705,0.808634772462077,mann_whitney_u,0.9455281512404942,0.9566922185683939,4150,False,,False,42
,,adc_wavelet2-LH_glcm_ClusterTendency,0.5012355000343195,negative_higher,25.681910164902327,0.6697782963827305,0.38235294117647056,mann_whitney_u,0.946856541881741,0.9578054973166539,4151,False,,False,42
,,adc_wavelet2-HH_gldm_GrayLevelVariance,0.5012149083670808,negative_higher,0.4779710357246007,0.7759626604434072,0.25,mann_whitney_u,0.9477422179586247,0.9584705137784839,4152,False,,False,42
,,t2_wavelet2-HL_firstorder_Median,0.5011771569771433,negative_higher,-0.2223735396312499,0.9323220536756126,0.09999999999999998,mann_whitney_u,0.94936612437328,0.959881617202842,4153,False,,False,42
,,adc_wavelet2-HL_glcm_Contrast,0.5011668611435239,negative_higher,6.071955587552712,0.6371061843640606,0.4088235294117647,mann_whitney_u,0.9498090447280239,0.96009826163047,4154,False,,False,42
,,adc_wavelet2-LH_gldm_GrayLevelVariance,0.5011085180863477,negative_higher,9.931915135923202,0.6312718786464411,0.3941176470588236,mann_whitney_u,0.9523192156580782,0.9624039438142649,4155,False,,False,42
,,adc_wavelet2-LH_firstorder_RootMeanSquared,0.5010879264191092,negative_higher,190.0278045677265,0.662777129521587,0.3647058823529412,mann_whitney_u,0.9532052725826653,0.9630675985501953,4156,False,,False,42
,,t2_wavelet-HH_gldm_DependenceEntropy,0.5010810625300295,negative_higher,3.345982219849054,0.15869311551925322,0.9029411764705882,mann_whitney_u,0.95350063779926,0.9631342742648767,4157,False,,False,42
,,t2_log-sigma-0-6-mm-3D_gldm_DependenceNonUniformityNormalized,0.5010158555837738,positive_higher,0.1397732698803259,0.21470588235294116,0.8308051341890315,mann_whitney_u,0.9563069201748733,0.9655704974683424,4158,False,,False,42
,,t2_square_firstorder_Variance,0.5010089916946943,negative_higher,145.6835661165161,0.8051341890315052,0.2382352941176471,mann_whitney_u,0.9566023504330328,0.9655704974683424,4159,False,,False,42
,,t2_square_glcm_SumSquares,0.5010089916946943,positive_higher,2.1620263912261395,0.45588235294117646,0.5822637106184364,mann_whitney_u,0.9566023504330328,0.9655704974683424,4160,False,,False,42
,,adc_wavelet-HL_glrlm_GrayLevelVariance,0.5009369208593589,positive_higher,13.758856360568108,0.11764705882352941,0.9148191365227538,mann_whitney_u,0.9597047203296921,0.9684691469993696,4161,False,,False,42
,,adc_logarithm_glrlm_GrayLevelVariance,0.5008991694694214,positive_higher,1.6792486891298053,0.8382352941176471,0.22403733955659277,mann_whitney_u,0.9613300177907514,0.9696432247666024,4162,False,,False,42
,,adc_wavelet-HL_glszm_GrayLevelNonUniformityNormalized,0.5008991694694214,negative_higher,0.0833730125404912,0.8716452742123687,0.16176470588235292,mann_whitney_u,0.9613300177907514,0.9696432247666024,4163,False,,False,42
,,adc_exponential_gldm_HighGrayLevelEmphasis,0.5008168028004667,positive_higher,2.7473350253807105,0.32941176470588235,0.7012835472578763,mann_whitney_u,0.9648766700058018,0.9727331167920896,4164,False,,False,42
,,t2_log-sigma-0-6-mm-3D_firstorder_RootMeanSquared,0.5008133708559269,negative_higher,299.4892940953772,0.7082847141190198,0.3294117647058824,mann_whitney_u,0.9650244627503707,0.9727331167920896,4165,False,,False,42
,,adc_exponential_glcm_SumSquares,0.5008065069668474,positive_higher,1.0850541942317364,0.27058823529411763,0.764294049008168,mann_whitney_u,0.965320051839161,0.9727331167920896,4166,False,,False,42
,,adc_logarithm_glszm_LargeAreaLowGrayLevelEmphasis,0.5008065069668474,negative_higher,16.528706590660956,0.16686114352392065,0.9029411764705882,mann_whitney_u,0.965320051839161,0.9727331167920896,4167,False,,False,42
,,t2_original_firstorder_Uniformity,0.5007996430777678,positive_higher,0.0788153219712625,0.28823529411764703,0.7666277712952159,mann_whitney_u,0.9656156456936814,0.9727975278953379,4168,False,,False,42
,,adc_wavelet2-LH_firstorder_Variance,0.5007927791886883,negative_higher,35567.88363102217,0.662777129521587,0.361764705882353,mann_whitney_u,0.9659112442733616,0.9728619128577225,4169,False,,False,42
,,t2_square_glcm_ClusterTendency,0.5007790514105291,positive_higher,8.225886695322686,0.45294117647058824,0.5857642940490082,mann_whitney_u,0.9665024554459118,0.9732239353518907,4170,False,,False,42
,,adc_exponential_glcm_ClusterTendency,0.5007241402978928,positive_higher,3.586334405051592,0.27058823529411763,0.764294049008168,mann_whitney_u,0.9688674810271801,0.9753715063133851,4171,False,,False,42
,,dwi_logarithm_glrlm_HighGrayLevelRunEmphasis,0.5007138444642734,negative_higher,152.90869591009124,0.6662777129521587,0.35882352941176465,mann_whitney_u,0.9693109544364399,0.9755840598462634,4172,False,,False,42
,,adc_wavelet2-HH_glcm_Contrast,0.5007069805751939,positive_higher,1.9928183476509915,0.22941176470588234,0.7992998833138857,mann_whitney_u,0.9696066086567479,0.9756477713275064,4173,False,,False,42
,,adc_log-sigma-3-mm-3D_glcm_Imc1,0.5006177500171597,positive_higher,-0.2527230768011644,0.2529411764705882,0.7759626604434072,t_test,0.970029536315704,0.9758394880186012,4174,False,,False,42
,,dwi_squareroot_gldm_LowGrayLevelEmphasis,0.500689820852495,negative_higher,0.0067392621982679,0.7292882147024504,0.3058823529411765,mann_whitney_u,0.970345762394315,0.9759237979146655,4175,False,,False,42
,,t2_wavelet-HL_glcm_Correlation,0.5006726611297961,negative_higher,0.3018814715441396,0.8879813302217037,0.1705882352941176,mann_whitney_u,0.9710849416055394,0.9764333500482901,4176,False,,False,42
,,t2_square_gldm_GrayLevelVariance,0.5006417736289381,positive_higher,2.8673814877127386,0.3235294117647059,0.7129521586931156,mann_whitney_u,0.9724155263542882,0.9775371786357807,4177,False,,False,42
,,adc_wavelet-HH_gldm_DependenceNonUniformityNormalized,0.5006143180726199,positive_higher,0.1978051955000718,0.17941176470588235,0.8599766627771295,mann_whitney_u,0.9735983329244757,0.9784919578625835,4178,False,,False,42
,,adc_logarithm_glszm_SmallAreaEmphasis,0.5005799986272221,positive_higher,0.4893694962509942,0.38529411764705884,0.6522753792298717,mann_whitney_u,0.9750769224869931,0.979743478708515,4179,False,,False,42
,,adc_wavelet-LH_glcm_ClusterTendency,0.5005594069599835,negative_higher,24.891364730387245,0.17969661610268378,0.8558823529411765,mann_whitney_u,0.9759641176612559,0.9804003181960798,4180,False,,False,42
,,adc_wavelet2-HH_glcm_SumSquares,0.5005285194591256,positive_higher,0.5571194387523001,0.638235294117647,0.382730455075846,mann_whitney_u,0.9772949658365204,0.9815024064930756,4181,False,,False,42
,,adc_wavelet2-LH_glcm_Imc1,0.5005010639028074,positive_higher,-0.1138927707180018,0.8352941176470589,0.19836639439906656,mann_whitney_u,0.978477995168785,0.9824555479946744,4182,False,,False,42
,,adc_exponential_glcm_DifferenceVariance,0.5004392889010914,negative_higher,0.0887690048069149,0.7677946324387398,0.2647058823529411,mann_whitney_u,0.9811399802880275,0.9847189481216968,4183,False,,False,42
,,adc_exponential_glrlm_GrayLevelNonUniformityNormalized,0.5004358569565516,positive_higher,0.5483465489575876,0.28823529411764703,0.7736289381563594,mann_whitney_u,0.9812878747818727,0.9847189481216968,4184,False,,False,42
,,t2_wavelet2-LL_glrlm_GrayLevelNonUniformityNormalized,0.5004324250120118,negative_higher,0.0139656501206234,0.8378063010501751,0.2264705882352941,mann_whitney_u,0.9814357699188619,0.9847189481216968,4185,False,,False,42
,,t2_wavelet2-LL_firstorder_MeanAbsoluteDeviation,0.5004152652893129,negative_higher,126.99938651456696,0.9031505250875146,0.14411764705882357,mann_whitney_u,0.982175255073116,0.9852254887845232,4186,False,,False,42
,,t2_wavelet2-LL_firstorder_Uniformity,0.500398105566614,negative_higher,0.0144166305637116,0.8004667444574096,0.2647058823529411,mann_whitney_u,0.9829147555437335,0.9857318028488505,4187,False,,False,42
,,adc_wavelet-HL_glcm_DifferenceEntropy,0.5003809458439151,negative_higher,2.114189573059366,0.5869311551925321,0.4529411764705882,mann_whitney_u,0.9836542706954786,0.9862378898400942,4188,False,,False,42
,,adc_wavelet-LH_glcm_SumSquares,0.5003706500102959,negative_higher,5.5138414299489495,0.5285880980163361,0.4911764705882353,mann_whitney_u,0.9840979865691946,0.9864472297932795,4189,False,,False,42
,,adc_wavelet2-HH_glcm_ClusterTendency,0.5003500583430571,positive_higher,2.416401452256645,0.2911764705882353,0.7292882147024504,mann_whitney_u,0.9849854329372442,0.9871011534375868,4190,False,,False,42
,,adc_wavelet-HL_glcm_DifferenceAverage,0.5003157388976593,negative_higher,1.3226015673544296,0.588098016336056,0.44999999999999996,mann_whitney_u,0.9864645509624056,0.9883475660918972,4191,False,,False,42
,,adc_exponential_glcm_Contrast,0.5002745555631821,positive_higher,0.3117087138223507,0.4176470588235294,0.6242707117852975,mann_whitney_u,0.9882395535595166,0.9898897627376932,4192,False,,False,42
,,adc_wavelet2-HH_firstorder_RootMeanSquared,0.5001956208387672,positive_higher,65.43588572801507,0.24411764705882352,0.7736289381563594,mann_whitney_u,0.9916417970804066,0.9930607932126465,4193,False,,False,42
,,adc_wavelet2-HH_firstorder_Variance,0.5001818930606081,positive_higher,4281.370444087178,0.24411764705882352,0.7736289381563594,mann_whitney_u,0.9922335088598139,0.993416429113581,4194,False,,False,42
,,adc_exponential_glrlm_ShortRunLowGrayLevelEmphasis,0.5001407097261308,positive_higher,0.1837385504160696,0.17941176470588235,0.882147024504084,mann_whitney_u,0.9940086685262074,0.9949564717858271,4195,False,,False,42
,,adc_wavelet2-LH_glcm_SumSquares,0.5001132541698126,positive_higher,7.111173035879215,0.8382352941176471,0.20070011668611432,mann_whitney_u,0.9951921253228843,0.9959036544877957,4196,False,,False,42
,,adc_exponential_glcm_InverseVariance,0.5000549111126364,positive_higher,0.2649256298742617,0.14705882352941177,0.8774795799299884,mann_whitney_u,0.9977070028952822,0.9981824410667834,4197,False,,False,42
,,t2_square_glrlm_LowGrayLevelRunEmphasis,0.5000205916672387,negative_higher,0.3337008024211179,0.793465577596266,0.2647058823529411,mann_whitney_u,0.9991863548871027,0.9994243697405776,4198,False,,False,42
,,dwi_logarithm_glcm_ClusterProminence,0.5000034319445398,positive_higher,9.916221872402035,0.9735294117647059,0.0606767794632439,mann_whitney_u,0.9999260322497501,0.9999260322497501,4199,False,,False,42
