Classifier,Fold,Repeat,train_auc,train_f1,val_auc,val_mcc,val_kappa,val_f1_binary,val_f1_macro,val_accuracy,val_sensitivity,val_specificity,val_ppv,val_npv,val_balanced_accuracy,per_class_precision,per_class_recall,per_class_f1,per_class_accuracy
Gradient Boosting,1,1,0.9985661565142582,0.9635258358662614,0.8304673721340388,0.4596623215116392,0.4496571634788885,0.5793103448275863,0.7226222053808261,0.7966666666666666,0.5,0.9120370370370371,0.6885245901639344,0.8242677824267782,0.7060185185185186,"[0.8242677824267782, 0.6885245901639344]","[0.9120370370370371, 0.5]","[0.865934065934066, 0.5793103448275863]","[0.9120370370370371, 0.5]"
Gradient Boosting,2,1,0.9986370157819225,0.9618320610687023,0.8338097855964814,0.4995159834299941,0.49463806970509383,0.6233766233766234,0.7463729963729964,0.8060200668896321,0.5647058823529412,0.9018691588785047,0.6956521739130435,0.8391304347826087,0.733287520615723,"[0.8391304347826087, 0.6956521739130435]","[0.9018691588785047, 0.5647058823529412]","[0.8693693693693694, 0.6233766233766234]","[0.9018691588785047, 0.5647058823529412]"
Gradient Boosting,3,1,0.999461415756162,0.9709923664122138,0.7692099567099567,0.2766658843153806,0.256857855361596,0.4117647058823529,0.618925831202046,0.7315436241610739,0.3181818181818182,0.9047619047619048,0.5833333333333334,0.76,0.6114718614718615,"[0.76, 0.5833333333333334]","[0.9047619047619048, 0.3181818181818182]","[0.8260869565217391, 0.4117647058823529]","[0.9047619047619048, 0.3181818181818182]"
Gradient Boosting,4,1,0.9992582774179812,0.9666666666666667,0.7992350786468434,0.38161201367178166,0.3741572374978015,0.5205479452054794,0.6848429381199811,0.7704918032786885,0.4523809523809524,0.8914027149321267,0.6129032258064516,0.8106995884773662,0.6718918336565396,"[0.8106995884773662, 0.6129032258064516]","[0.8914027149321267, 0.4523809523809524]","[0.8491379310344828, 0.5205479452054794]","[0.8914027149321267, 0.4523809523809524]"
Gradient Boosting,5,1,0.9973910170605687,0.9666666666666667,0.8299955496217178,0.42356080389251854,0.41934341048653756,0.5657894736842105,0.708570412517781,0.7785234899328859,0.5119047619047619,0.883177570093458,0.6323529411764706,0.8217391304347826,0.69754116599911,"[0.8217391304347826, 0.6323529411764706]","[0.883177570093458, 0.5119047619047619]","[0.8513513513513513, 0.5657894736842105]","[0.883177570093458, 0.5119047619047619]"
Gradient Boosting,6,2,0.9993061385918777,0.964451313755796,0.7666908563134979,0.34521703265825127,0.3272174827626505,0.4794520547945205,0.6571173317450864,0.7491749174917491,0.38461538461538464,0.9056603773584906,0.6363636363636364,0.7741935483870968,0.6451378809869376,"[0.7741935483870968, 0.6363636363636364]","[0.9056603773584906, 0.38461538461538464]","[0.8347826086956521, 0.4794520547945205]","[0.9056603773584906, 0.38461538461538464]"
Gradient Boosting,7,2,0.9978895484050123,0.9473684210526315,0.8300677436164668,0.35613246262380027,0.3397141619748808,0.5032258064516129,0.6639135865971049,0.7407407407407407,0.4105263157894737,0.8960396039603961,0.65,0.7637130801687764,0.6532829598749349,"[0.7637130801687764, 0.65]","[0.8960396039603961, 0.4105263157894737]","[0.8246013667425968, 0.5032258064516129]","[0.8960396039603961, 0.4105263157894737]"
Gradient Boosting,8,2,0.9978976087851377,0.9544072948328267,0.8107518460505706,0.4038858023366957,0.39560439560439553,0.5352112676056338,0.695553232056092,0.78,0.4634146341463415,0.8990825688073395,0.6333333333333333,0.8166666666666667,0.6812486014768405,"[0.8166666666666667, 0.6333333333333333]","[0.8990825688073395, 0.4634146341463415]","[0.8558951965065502, 0.5352112676056338]","[0.8990825688073395, 0.4634146341463415]"
Gradient Boosting,9,2,0.9994570386008458,0.9748148148148148,0.7806294274764835,0.3185567923559432,0.31226011102299767,0.46715328467153283,0.6537079333642128,0.7542087542087542,0.4050632911392405,0.8807339449541285,0.5517241379310345,0.803347280334728,0.6428986180466845,"[0.803347280334728, 0.5517241379310345]","[0.8807339449541285, 0.4050632911392405]","[0.8402625820568927, 0.46715328467153283]","[0.8807339449541285, 0.4050632911392405]"
Gradient Boosting,10,2,0.9985048313273436,0.9673590504451038,0.8080911680911681,0.3807327469042658,0.3673508721210368,0.49612403100775193,0.6799278435961191,0.7854785478547854,0.41025641025641024,0.9155555555555556,0.6274509803921569,0.8174603174603174,0.6629059829059829,"[0.8174603174603174, 0.6274509803921569]","[0.9155555555555556, 0.41025641025641024]","[0.8637316561844863, 0.49612403100775193]","[0.9155555555555556, 0.41025641025641024]"
Gradient Boosting,11,3,0.9990811535881958,0.9690721649484536,0.8303139013452915,0.4656003976496666,0.46432777536725967,0.5915492957746479,0.7318979959049451,0.8053691275167785,0.56,0.8878923766816144,0.6268656716417911,0.8571428571428571,0.7239461883408072,"[0.8571428571428571, 0.6268656716417911]","[0.8878923766816144, 0.56]","[0.8722466960352423, 0.5915492957746479]","[0.8878923766816144, 0.56]"
Gradient Boosting,12,3,0.9993668688601597,0.9652042360060514,0.8360107095046854,0.4489030164705131,0.44155922400289194,0.5753424657534246,0.7190871620802521,0.7926421404682275,0.5060240963855421,0.9027777777777778,0.6666666666666666,0.826271186440678,0.70440093708166,"[0.826271186440678, 0.6666666666666666]","[0.9027777777777778, 0.5060240963855421]","[0.8628318584070797, 0.5753424657534246]","[0.9027777777777778, 0.5060240963855421]"
Gradient Boosting,13,3,0.9985432098765432,0.9714285714285714,0.7862376237623762,0.41188029840507173,0.38874862788144904,0.5432098765432098,0.6875140291806958,0.7541528239202658,0.43564356435643564,0.915,0.7213114754098361,0.7625,0.6753217821782178,"[0.7625, 0.7213114754098361]","[0.915, 0.43564356435643564]","[0.8318181818181818, 0.5432098765432098]","[0.915, 0.43564356435643564]"
Gradient Boosting,14,3,0.9993956689608864,0.9691629955947136,0.7894047619047618,0.384309598462333,0.3803602741909772,0.5185185185185185,0.6890648748100152,0.782608695652174,0.4666666666666667,0.8883928571428571,0.5833333333333334,0.8326359832635983,0.6775297619047619,"[0.8326359832635983, 0.5833333333333334]","[0.8883928571428571, 0.4666666666666667]","[0.8596112311015118, 0.5185185185185185]","[0.8883928571428571, 0.4666666666666667]"
Gradient Boosting,15,3,0.9988828831329231,0.9708141321044547,0.8143271822517105,0.39288784771688756,0.37369355730880083,0.5170068027210885,0.681161353430261,0.7656765676567657,0.4175824175824176,0.9150943396226415,0.6785714285714286,0.7854251012145749,0.6663383786025295,"[0.7854251012145749, 0.6785714285714286]","[0.9150943396226415, 0.4175824175824176]","[0.8453159041394336, 0.5170068027210885]","[0.9150943396226415, 0.4175824175824176]"
Gradient Boosting,16,4,0.9991554281407307,0.9704142011834319,0.7682317682317682,0.4010737467333977,0.40067238998619203,0.5503355704697986,0.7002237136465324,0.7751677852348994,0.5324675324675324,0.8597285067873304,0.5694444444444444,0.8407079646017699,0.6960980196274313,"[0.8407079646017699, 0.5694444444444444]","[0.8597285067873304, 0.5324675324675324]","[0.8501118568232662, 0.5503355704697986]","[0.8597285067873304, 0.5324675324675324]"
Gradient Boosting,17,4,0.9992694226048839,0.9730538922155688,0.808586860670194,0.4305875564144615,0.42028985507246375,0.5555555555555556,0.7076023391812866,0.7866666666666666,0.47619047619047616,0.9074074074074074,0.6666666666666666,0.8166666666666667,0.6917989417989419,"[0.8166666666666667, 0.6666666666666666]","[0.9074074074074074, 0.47619047619047616]","[0.8596491228070176, 0.5555555555555556]","[0.9074074074074074, 0.47619047619047616]"
Gradient Boosting,18,4,0.998677377587815,0.9640062597809077,0.8068660705108439,0.4225715219700809,0.4106623405683598,0.5625,0.7020644796380091,0.7674418604651163,0.4787234042553192,0.8985507246376812,0.6818181818181818,0.7914893617021277,0.6886370644465002,"[0.7914893617021277, 0.6818181818181818]","[0.8985507246376812, 0.4787234042553192]","[0.8416289592760181, 0.5625]","[0.8985507246376812, 0.4787234042553192]"
Gradient Boosting,19,4,0.9985731072687594,0.9690721649484536,0.821904761904762,0.41449104449806545,0.40247801758593127,0.5238095238095238,0.6983454398708636,0.7993311036789298,0.44,0.9196428571428571,0.6470588235294118,0.8306451612903226,0.6798214285714286,"[0.8306451612903226, 0.6470588235294118]","[0.9196428571428571, 0.44]","[0.8728813559322034, 0.5238095238095238]","[0.9196428571428571, 0.44]"
Gradient Boosting,20,4,0.9990992878089652,0.96875,0.8310704296974321,0.4179363097891672,0.3855008429742457,0.5205479452054794,0.6838547586289405,0.7682119205298014,0.4,0.9371980676328503,0.7450980392156863,0.7729083665338645,0.6685990338164252,"[0.7729083665338645, 0.7450980392156863]","[0.9371980676328503, 0.4]","[0.8471615720524017, 0.5205479452054794]","[0.9371980676328503, 0.4]"
Gradient Boosting,21,5,0.9996849962336507,0.9759036144578314,0.7866557734204793,0.25721631238842724,0.2472705093016162,0.4142857142857143,0.6183982683982684,0.7275747508305648,0.3411764705882353,0.8796296296296297,0.5272727272727272,0.7723577235772358,0.6104030501089325,"[0.7723577235772358, 0.5272727272727272]","[0.8796296296296297, 0.3411764705882353]","[0.8225108225108225, 0.4142857142857143]","[0.8796296296296297, 0.3411764705882353]"
Gradient Boosting,22,5,0.9992339523272118,0.9683257918552036,0.8184556407447974,0.4605574373836471,0.45708340558349225,0.5921052631578947,0.7277706932529562,0.7953795379537953,0.5421686746987951,0.8909090909090909,0.6521739130434783,0.8376068376068376,0.716538882803943,"[0.8376068376068376, 0.6521739130434783]","[0.8909090909090909, 0.5421686746987951]","[0.8634361233480177, 0.5921052631578947]","[0.8909090909090909, 0.5421686746987951]"
Gradient Boosting,23,5,0.9983615418398026,0.9716840536512668,0.7870391705069124,0.4167898308882383,0.4139166337775889,0.5578231292517006,0.7062046295028078,0.7811447811447811,0.5125,0.880184331797235,0.6119402985074627,0.8304347826086956,0.6963421658986175,"[0.8304347826086956, 0.6119402985074627]","[0.880184331797235, 0.5125]","[0.854586129753915, 0.5578231292517006]","[0.880184331797235, 0.5125]"
Gradient Boosting,24,5,0.9986624534523487,0.9598765432098766,0.8179138078902229,0.4305740539775029,0.41915043417038256,0.56,0.7066666666666668,0.78,0.4772727272727273,0.9056603773584906,0.6774193548387096,0.8067226890756303,0.6914665523156089,"[0.8067226890756303, 0.6774193548387096]","[0.9056603773584906, 0.4772727272727273]","[0.8533333333333334, 0.56]","[0.9056603773584906, 0.4772727272727273]"
Gradient Boosting,25,5,0.999143270024773,0.9661538461538461,0.8004815409309792,0.409281528677298,0.399476058797846,0.5490196078431373,0.6969817140339283,0.7692307692307693,0.47191011235955055,0.8952380952380953,0.65625,0.8,0.6835741037988229,"[0.8, 0.65625]","[0.8952380952380953, 0.47191011235955055]","[0.8449438202247191, 0.5490196078431373]","[0.8952380952380953, 0.47191011235955055]"
Gradient Boosting,26,6,0.9990236816323772,0.9670658682634731,0.8254032258064516,0.49398646601605306,0.4886866699458928,0.6111111111111112,0.7433333333333334,0.8114478114478114,0.55,0.9078341013824884,0.6875,0.8454935622317596,0.7289170506912442,"[0.8454935622317596, 0.6875]","[0.9078341013824884, 0.55]","[0.8755555555555555, 0.6111111111111112]","[0.9078341013824884, 0.55]"
Gradient Boosting,27,6,0.9995907239788394,0.9748892171344166,0.7813613889847073,0.3714168327755284,0.36878096222228973,0.5174825174825175,0.6835778600484483,0.770764119601329,0.47435897435897434,0.874439461883408,0.5692307692307692,0.826271186440678,0.6743992181211912,"[0.826271186440678, 0.5692307692307692]","[0.874439461883408, 0.47435897435897434]","[0.8496732026143791, 0.5174825174825175]","[0.874439461883408, 0.47435897435897434]"
Gradient Boosting,28,6,0.9987830710097354,0.9716981132075472,0.8064743138634765,0.4603858469467761,0.43164332215427104,0.567741935483871,0.7089268961535686,0.7774086378737541,0.4489795918367347,0.9359605911330049,0.7719298245614035,0.7786885245901639,0.6924700914848698,"[0.7786885245901639, 0.7719298245614035]","[0.9359605911330049, 0.4489795918367347]","[0.8501118568232662, 0.567741935483871]","[0.9359605911330049, 0.4489795918367347]"
Gradient Boosting,29,6,0.9984115670501985,0.9640718562874252,0.7788461538461539,0.4188222140898156,0.4130765949667906,0.5492957746478874,0.7050826699326393,0.7873754152823921,0.4875,0.8959276018099548,0.6290322580645161,0.8284518828451883,0.6917138009049774,"[0.8284518828451883, 0.6290322580645161]","[0.8959276018099548, 0.4875]","[0.8608695652173913, 0.5492957746478874]","[0.8959276018099548, 0.4875]"
Gradient Boosting,30,6,0.9994109623015873,0.967741935483871,0.8415783588050482,0.44148824405823195,0.42680776014109345,0.5637583892617449,0.7098171103736662,0.7833333333333333,0.47191011235955055,0.9146919431279621,0.7,0.8041666666666667,0.6933010277437563,"[0.8041666666666667, 0.7]","[0.9146919431279621, 0.47191011235955055]","[0.8558758314855875, 0.5637583892617449]","[0.9146919431279621, 0.47191011235955055]"
Gradient Boosting,31,7,0.9991776372146572,0.9709923664122138,0.7743584167029143,0.3659894612417618,0.36300723497955323,0.5341614906832298,0.6804756645102061,0.7474747474747475,0.48863636363636365,0.8564593301435407,0.589041095890411,0.7991071428571429,0.6725478468899522,"[0.7991071428571429, 0.589041095890411]","[0.8564593301435407, 0.48863636363636365]","[0.8267898383371824, 0.5341614906832298]","[0.8564593301435407, 0.48863636363636365]"
Gradient Boosting,32,7,0.999516286694189,0.9750367107195301,0.8367709815078236,0.4242815151924676,0.41438490763788816,0.5384615384615384,0.7048530868273357,0.7986577181208053,0.4605263157894737,0.9144144144144144,0.6481481481481481,0.8319672131147541,0.687470365101944,"[0.8319672131147541, 0.6481481481481481]","[0.9144144144144144, 0.4605263157894737]","[0.871244635193133, 0.5384615384615384]","[0.9144144144144144, 0.4605263157894737]"
Gradient Boosting,33,7,0.9994550557205526,0.9745889387144993,0.8363960351932286,0.4079662917709653,0.4011936339522547,0.5416666666666666,0.6987809315866085,0.7807308970099668,0.47560975609756095,0.8949771689497716,0.6290322580645161,0.8200836820083682,0.6852934625236663,"[0.8200836820083682, 0.6290322580645161]","[0.8949771689497716, 0.47560975609756095]","[0.8558951965065502, 0.5416666666666666]","[0.8949771689497716, 0.47560975609756095]"
Gradient Boosting,34,7,0.9993255045744626,0.9580093312597201,0.8101153039832285,0.42623783103128887,0.41712079927338785,0.5641025641025641,0.706158424908425,0.7748344370860927,0.4888888888888889,0.8962264150943396,0.6666666666666666,0.8050847457627118,0.6925576519916142,"[0.8050847457627118, 0.6666666666666666]","[0.8962264150943396, 0.4888888888888889]","[0.8482142857142857, 0.5641025641025641]","[0.8962264150943396, 0.4888888888888889]"
Gradient Boosting,35,7,0.9993888796818031,0.9740458015267176,0.7823495278788838,0.3698428590366413,0.3575965965382598,0.5100671140939598,0.6748137768271997,0.7582781456953642,0.42696629213483145,0.8967136150234741,0.6333333333333333,0.7892561983471075,0.6618399535791528,"[0.7892561983471075, 0.6333333333333333]","[0.8967136150234741, 0.42696629213483145]","[0.8395604395604396, 0.5100671140939598]","[0.8967136150234741, 0.42696629213483145]"
Gradient Boosting,36,8,0.9987791799596657,0.9718518518518519,0.7927070026710021,0.34843653391683305,0.33827375762859635,0.48120300751879697,0.6657641935641707,0.7676767676767676,0.4050632911392405,0.8990825688073395,0.5925925925925926,0.8065843621399177,0.65207292997329,"[0.8065843621399177, 0.5925925925925926]","[0.8990825688073395, 0.4050632911392405]","[0.8503253796095445, 0.48120300751879697]","[0.8990825688073395, 0.4050632911392405]"
Gradient Boosting,37,8,0.999392726519909,0.9646697388632872,0.8496300211416491,0.4117078081578256,0.3874355028514528,0.5179856115107914,0.6872583303806634,0.7788778877887789,0.4090909090909091,0.9302325581395349,0.7058823529411765,0.7936507936507936,0.669661733615222,"[0.7936507936507936, 0.7058823529411765]","[0.9302325581395349, 0.4090909090909091]","[0.8565310492505354, 0.5179856115107914]","[0.9302325581395349, 0.4090909090909091]"
Gradient Boosting,38,8,0.9997960016319869,0.9636363636363636,0.8401232838330065,0.4406740858872684,0.43421131939003077,0.5714285714285714,0.7155583837098314,0.7885906040268457,0.5060240963855421,0.8976744186046511,0.65625,0.8247863247863247,0.7018492574950966,"[0.8247863247863247, 0.65625]","[0.8976744186046511, 0.5060240963855421]","[0.8596881959910914, 0.5714285714285714]","[0.8976744186046511, 0.5060240963855421]"
Gradient Boosting,39,8,0.9994179278230501,0.9742813918305597,0.7818752660706684,0.3436325729011968,0.3335972552124571,0.4897959183673469,0.6631986127784447,0.7524752475247525,0.41379310344827586,0.8888888888888888,0.6,0.7901234567901234,0.6513409961685823,"[0.7901234567901234, 0.6]","[0.8888888888888888, 0.41379310344827586]","[0.8366013071895425, 0.4897959183673469]","[0.8888888888888888, 0.41379310344827586]"
Gradient Boosting,40,8,0.9970566820529728,0.9583975346687211,0.7821520896165445,0.41445368496506957,0.40521881582026675,0.5526315789473685,0.700082605617182,0.7725752508361204,0.4772727272727273,0.8957345971563981,0.65625,0.8042553191489362,0.6865036622145627,"[0.8042553191489362, 0.65625]","[0.8957345971563981, 0.4772727272727273]","[0.8475336322869955, 0.5526315789473685]","[0.8957345971563981, 0.4772727272727273]"
Gradient Boosting,41,9,0.999703557312253,0.9745222929936306,0.7822753298481454,0.3213353580737106,0.3005467498757386,0.4785276073619632,0.6411113787387184,0.714765100671141,0.3786407766990291,0.8923076923076924,0.65,0.7310924369747899,0.6354742345033607,"[0.7310924369747899, 0.65]","[0.8923076923076924, 0.3786407766990291]","[0.8036951501154734, 0.4785276073619632]","[0.8923076923076924, 0.3786407766990291]"
Gradient Boosting,42,9,0.9996897091360423,0.9749631811487481,0.8252285830761167,0.41570707713090455,0.4080580485010502,0.5373134328358209,0.7021331112676958,0.7933333333333333,0.4675324675324675,0.905829596412556,0.631578947368421,0.831275720164609,0.6866810319725117,"[0.831275720164609, 0.631578947368421]","[0.905829596412556, 0.4675324675324675]","[0.8669527896995708, 0.5373134328358209]","[0.905829596412556, 0.4675324675324675]"
Gradient Boosting,43,9,0.9984010940598943,0.9545454545454546,0.8030879391362721,0.42180040815305386,0.41686602870813394,0.5578231292517006,0.707167635266027,0.7833333333333333,0.5,0.8899082568807339,0.6307692307692307,0.825531914893617,0.694954128440367,"[0.825531914893617, 0.6307692307692307]","[0.8899082568807339, 0.5]","[0.8565121412803532, 0.5578231292517006]","[0.8899082568807339, 0.5]"
Gradient Boosting,44,9,0.9987412404127352,0.951937984496124,0.8458236167055331,0.42385079041591167,0.40978664871667303,0.5503355704697986,0.7012163503563121,0.7774086378737541,0.4606741573033708,0.910377358490566,0.6833333333333333,0.8008298755186722,0.6855257578969685,"[0.8008298755186722, 0.6833333333333333]","[0.910377358490566, 0.4606741573033708]","[0.8520971302428256, 0.5503355704697986]","[0.910377358490566, 0.4606741573033708]"
Gradient Boosting,45,9,0.9989517819706499,0.9706744868035191,0.7892606262650317,0.3915507855325848,0.3914053776745028,0.5379310344827586,0.6956613596921452,0.7774086378737541,0.527027027027027,0.8590308370044053,0.5492957746478874,0.8478260869565217,0.6930289320157161,"[0.8478260869565217, 0.5492957746478874]","[0.8590308370044053, 0.527027027027027]","[0.8533916849015317, 0.5379310344827586]","[0.8590308370044053, 0.527027027027027]"
Gradient Boosting,46,10,0.9991978609625669,0.9743589743589743,0.7854703171591217,0.3781241707413757,0.37153408757840434,0.5234899328859061,0.683722988420975,0.7649006622516556,0.4588235294117647,0.8847926267281107,0.609375,0.8067226890756303,0.6718080780699377,"[0.8067226890756303, 0.609375]","[0.8847926267281107, 0.4588235294117647]","[0.843956043956044, 0.5234899328859061]","[0.8847926267281107, 0.4588235294117647]"
Gradient Boosting,47,10,0.997786431645829,0.950920245398773,0.819406267179769,0.43799665020212414,0.42949138393655717,0.5675675675675675,0.7126726726726726,0.7859531772575251,0.49411764705882355,0.9018691588785047,0.6666666666666666,0.8177966101694916,0.6979934029686641,"[0.8177966101694916, 0.6666666666666666]","[0.9018691588785047, 0.49411764705882355]","[0.8577777777777778, 0.5675675675675675]","[0.9018691588785047, 0.49411764705882355]"
Gradient Boosting,48,10,0.9986115333941421,0.9562594268476622,0.8282258064516129,0.38282708841080687,0.3708838821490468,0.5074626865671642,0.6819922128487995,0.7777777777777778,0.425,0.9078341013824884,0.6296296296296297,0.8106995884773662,0.6664170506912442,"[0.8106995884773662, 0.6296296296296297]","[0.9078341013824884, 0.425]","[0.8565217391304348, 0.5074626865671642]","[0.9078341013824884, 0.425]"
Gradient Boosting,49,10,0.9995234883338535,0.9796511627906976,0.7723630710356374,0.3588678462395981,0.3551078028747433,0.49624060150375937,0.6763858253771473,0.7766666666666666,0.44594594594594594,0.8849557522123894,0.559322033898305,0.8298755186721992,0.6654508490791677,"[0.8298755186721992, 0.559322033898305]","[0.8849557522123894, 0.44594594594594594]","[0.8565310492505354, 0.49624060150375937]","[0.8849557522123894, 0.44594594594594594]"
Gradient Boosting,50,10,0.9992937254569596,0.9714285714285714,0.812373774690902,0.4389998347348634,0.41578115634025403,0.5644171779141104,0.7017097227439033,0.7649006622516556,0.45544554455445546,0.9203980099502488,0.7419354838709677,0.7708333333333334,0.6879217772523522,"[0.7708333333333334, 0.7419354838709677]","[0.9203980099502488, 0.45544554455445546]","[0.8390022675736961, 0.5644171779141104]","[0.9203980099502488, 0.45544554455445546]"
KNN,1,1,0.8572881922988949,0.5704225352112676,0.720513668430335,0.27032909905153546,0.251726784343822,0.4,0.6170212765957447,0.74,0.30952380952380953,0.9074074074074074,0.5652173913043478,0.7716535433070866,0.6084656084656085,"[0.7716535433070866, 0.5652173913043478]","[0.9074074074074074, 0.30952380952380953]","[0.8340425531914893, 0.4]","[0.9074074074074074, 0.30952380952380953]"
KNN,2,1,0.8559438409510146,0.5796064400715564,0.7202583837273226,0.2858656647779237,0.27105082202913044,0.4264705882352941,0.6288197097020627,0.7391304347826086,0.3411764705882353,0.897196261682243,0.5686274509803921,0.7741935483870968,0.6191863661352391,"[0.7741935483870968, 0.5686274509803921]","[0.897196261682243, 0.3411764705882353]","[0.8311688311688312, 0.4264705882352941]","[0.897196261682243, 0.3411764705882353]"
KNN,3,1,0.8792645066122365,0.6010733452593918,0.6199675324675324,0.1522707070374178,0.13025513215714568,0.2764227642276423,0.5441310438474364,0.7013422818791947,0.19318181818181818,0.9142857142857143,0.4857142857142857,0.7300380228136882,0.5537337662337662,"[0.7300380228136882, 0.4857142857142857]","[0.9142857142857143, 0.19318181818181818]","[0.8118393234672304, 0.2764227642276423]","[0.9142857142857143, 0.19318181818181818]"
KNN,4,1,0.8693229034318405,0.5810055865921788,0.7210461107519931,0.3498695273579071,0.33025082732811684,0.46616541353383456,0.6586592266830598,0.7672131147540984,0.36904761904761907,0.918552036199095,0.6326530612244898,0.79296875,0.643799827623357,"[0.79296875, 0.6326530612244898]","[0.918552036199095, 0.36904761904761907]","[0.8511530398322851, 0.46616541353383456]","[0.918552036199095, 0.36904761904761907]"
KNN,5,1,0.8710273466371027,0.5719489981785064,0.7136737872719181,0.24525576881769434,0.23759324332655196,0.41134751773049644,0.614464967656457,0.7214765100671141,0.34523809523809523,0.8691588785046729,0.5087719298245614,0.7717842323651453,0.607198486871384,"[0.7717842323651453, 0.5087719298245614]","[0.8691588785046729, 0.34523809523809523]","[0.8175824175824176, 0.41134751773049644]","[0.8691588785046729, 0.34523809523809523]"
KNN,6,2,0.8708585147202698,0.5767097966728281,0.6628654364503421,0.20869864261221524,0.19214523231778557,0.3597122302158273,0.5845670358787916,0.7062706270627063,0.27472527472527475,0.8915094339622641,0.5208333333333334,0.7411764705882353,0.5831173543437694,"[0.7411764705882353, 0.5208333333333334]","[0.8915094339622641, 0.27472527472527475]","[0.8094218415417559, 0.3597122302158273]","[0.8915094339622641, 0.27472527472527475]"
KNN,7,2,0.8726665278211669,0.5891181988742964,0.6489317352787911,0.22028991701780132,0.20108793113754553,0.375,0.5875,0.696969696969697,0.28421052631578947,0.8910891089108911,0.5510204081632653,0.7258064516129032,0.5876498176133402,"[0.7258064516129032, 0.5510204081632653]","[0.8910891089108911, 0.28421052631578947]","[0.8, 0.375]","[0.8910891089108911, 0.28421052631578947]"
KNN,8,2,0.8785256726461214,0.6082289803220036,0.7113168494070261,0.2742782297055764,0.25451216322259995,0.3968253968253968,0.6182439220413903,0.7466666666666667,0.3048780487804878,0.9128440366972477,0.5681818181818182,0.77734375,0.6088610427388678,"[0.77734375, 0.5681818181818182]","[0.9128440366972477, 0.3048780487804878]","[0.8396624472573839, 0.3968253968253968]","[0.9128440366972477, 0.3048780487804878]"
KNN,9,2,0.863111337438706,0.6228373702422145,0.6959122053187783,0.2899034061999367,0.2738386308068459,0.416,0.6301748400852878,0.7542087542087542,0.3291139240506329,0.908256880733945,0.5652173913043478,0.7888446215139442,0.618685402392289,"[0.7888446215139442, 0.5652173913043478]","[0.908256880733945, 0.3291139240506329]","[0.8443496801705757, 0.416]","[0.908256880733945, 0.3291139240506329]"
KNN,10,2,0.8713680284794032,0.5929824561403508,0.6920797720797721,0.2423237001110381,0.228701775265298,0.37398373983739835,0.607281724991163,0.7458745874587459,0.2948717948717949,0.9022222222222223,0.5111111111111111,0.7868217054263565,0.5985470085470086,"[0.7868217054263565, 0.5111111111111111]","[0.9022222222222223, 0.2948717948717949]","[0.8405797101449275, 0.37398373983739835]","[0.9022222222222223, 0.2948717948717949]"
KNN,11,3,0.8587525150905433,0.5983193277310924,0.7409566517189836,0.3559009564222356,0.3423643647721871,0.4715447154471545,0.6670619983155435,0.7818791946308725,0.38666666666666666,0.9147982062780269,0.6041666666666666,0.816,0.6507324364723468,"[0.816, 0.6041666666666666]","[0.9147982062780269, 0.38666666666666666]","[0.8625792811839323, 0.4715447154471545]","[0.9147982062780269, 0.38666666666666666]"
KNN,12,3,0.8647805485774973,0.5932504440497336,0.7093094600624721,0.32262382864792505,0.3063526869418757,0.45112781954887216,0.6470692861185221,0.7558528428093646,0.3614457831325301,0.9074074074074074,0.6,0.7871485943775101,0.6344265952699688,"[0.7871485943775101, 0.6]","[0.9074074074074074, 0.3614457831325301]","[0.843010752688172, 0.45112781954887216]","[0.9074074074074074, 0.3614457831325301]"
KNN,13,3,0.8785908289241622,0.5864077669902913,0.6368069306930694,0.22377162652382612,0.1946082803464051,0.3586206896551724,0.5775597977816344,0.6910299003322259,0.25742574257425743,0.91,0.5909090909090909,0.708171206225681,0.5837128712871287,"[0.708171206225681, 0.5909090909090909]","[0.91, 0.25742574257425743]","[0.7964989059080962, 0.3586206896551724]","[0.91, 0.25742574257425743]"
KNN,14,3,0.8707621285882156,0.6067019400352733,0.683154761904762,0.2301845724004432,0.20603106471208754,0.3302752293577982,0.590495487889533,0.7558528428093646,0.24,0.9285714285714286,0.5294117647058824,0.7849056603773585,0.5842857142857143,"[0.7849056603773585, 0.5294117647058824]","[0.9285714285714286, 0.24]","[0.8507157464212679, 0.3302752293577982]","[0.9285714285714286, 0.24]"
KNN,15,3,0.8723451127871719,0.5787545787545788,0.6433495749533487,0.17212813523119833,0.1619490378391103,0.3472222222222222,0.5718795093795094,0.6897689768976898,0.27472527472527475,0.8679245283018868,0.4716981132075472,0.736,0.5713249015135808,"[0.736, 0.4716981132075472]","[0.8679245283018868, 0.27472527472527475]","[0.7965367965367965, 0.3472222222222222]","[0.8679245283018868, 0.27472527472527475]"
KNN,16,4,0.8617021992516622,0.583916083916084,0.656901921607804,0.23356327072989025,0.22645725175790232,0.3875968992248062,0.6092160084989128,0.7348993288590604,0.3246753246753247,0.8778280542986425,0.4807692307692308,0.7886178861788617,0.6012516894869836,"[0.7886178861788617, 0.4807692307692308]","[0.8778280542986425, 0.3246753246753247]","[0.8308351177730193, 0.3875968992248062]","[0.8778280542986425, 0.3246753246753247]"
KNN,17,4,0.8625183071087912,0.5615942028985508,0.7431933421516754,0.32694465059265115,0.30845017051913604,0.45112781954887216,0.6474054515303247,0.7566666666666667,0.35714285714285715,0.9120370370370371,0.6122448979591837,0.7848605577689243,0.6345899470899471,"[0.7848605577689243, 0.6122448979591837]","[0.9120370370370371, 0.35714285714285715]","[0.8436830835117773, 0.45112781954887216]","[0.9120370370370371, 0.35714285714285715]"
KNN,18,4,0.8758074957884918,0.6028880866425993,0.6590348442799876,0.14947846308720528,0.13697496379060625,0.32167832167832167,0.5551746728217317,0.6777408637873754,0.24468085106382978,0.8743961352657005,0.46938775510204084,0.7182539682539683,0.5595384931647651,"[0.7182539682539683, 0.46938775510204084]","[0.8743961352657005, 0.24468085106382978]","[0.7886710239651417, 0.32167832167832167]","[0.8743961352657005, 0.24468085106382978]"
KNN,19,4,0.8608947456773544,0.6037735849056604,0.6944345238095238,0.2605360777920281,0.24685138539042817,0.3865546218487395,0.6170768933878353,0.7558528428093646,0.30666666666666664,0.90625,0.5227272727272727,0.796078431372549,0.6064583333333333,"[0.796078431372549, 0.5227272727272727]","[0.90625, 0.30666666666666664]","[0.8475991649269311, 0.3865546218487395]","[0.90625, 0.30666666666666664]"
KNN,20,4,0.8731165340036308,0.5939849624060151,0.6843630816170863,0.28469586960001025,0.2626010115690949,0.4246575342465753,0.6206257103547287,0.7218543046357616,0.3263157894736842,0.9033816425120773,0.6078431372549019,0.7450199203187251,0.6148487159928808,"[0.7450199203187251, 0.6078431372549019]","[0.9033816425120773, 0.3263157894736842]","[0.8165938864628821, 0.4246575342465753]","[0.9033816425120773, 0.3263157894736842]"
KNN,21,5,0.8625813189070739,0.5904059040590406,0.7190359477124183,0.2711630722733202,0.24793388429752072,0.390625,0.6130340189873418,0.7408637873754153,0.29411764705882354,0.9166666666666666,0.5813953488372093,0.7674418604651163,0.6053921568627451,"[0.7674418604651163, 0.5813953488372093]","[0.9166666666666666, 0.29411764705882354]","[0.8354430379746836, 0.390625]","[0.9166666666666666, 0.29411764705882354]"
KNN,22,5,0.8677541807735714,0.6189624329159212,0.6979463307776561,0.3092384555039203,0.29585102097728755,0.4444444444444444,0.6426043878273178,0.7524752475247525,0.3614457831325301,0.9,0.5769230769230769,0.7888446215139442,0.630722891566265,"[0.7888446215139442, 0.5769230769230769]","[0.9, 0.3614457831325301]","[0.8407643312101911, 0.4444444444444444]","[0.9, 0.3614457831325301]"
KNN,23,5,0.8762947197729807,0.5911504424778761,0.660455069124424,0.26690608728628795,0.2562201190360034,0.4122137404580153,0.6229535224968262,0.7407407407407407,0.3375,0.8894009216589862,0.5294117647058824,0.7845528455284553,0.6134504608294931,"[0.7845528455284553, 0.5294117647058824]","[0.8894009216589862, 0.3375]","[0.8336933045356372, 0.4122137404580153]","[0.8894009216589862, 0.3375]"
KNN,24,5,0.8668092466071361,0.6072727272727273,0.7062339193825043,0.30122676561432915,0.28220858895705514,0.43478260869565216,0.6329757199322417,0.74,0.3409090909090909,0.9056603773584906,0.6,0.768,0.6232847341337907,"[0.768, 0.6]","[0.9056603773584906, 0.3409090909090909]","[0.8311688311688312, 0.43478260869565216]","[0.9056603773584906, 0.3409090909090909]"
KNN,25,5,0.8687482796586843,0.5636363636363636,0.6570090957731407,0.2011652062280823,0.18533655334695653,0.35294117647058826,0.5812324929971989,0.705685618729097,0.2696629213483146,0.8904761904761904,0.5106382978723404,0.7420634920634921,0.5800695559122525,"[0.7420634920634921, 0.5106382978723404]","[0.8904761904761904, 0.2696629213483146]","[0.8095238095238095, 0.35294117647058826]","[0.8904761904761904, 0.2696629213483146]"
KNN,26,6,0.859389885476842,0.6003490401396161,0.7474366359447004,0.35132428592235143,0.33938299861384236,0.48120300751879697,0.6657641935641707,0.7676767676767676,0.4,0.9032258064516129,0.6037735849056604,0.8032786885245902,0.6516129032258065,"[0.8032786885245902, 0.6037735849056604]","[0.9032258064516129, 0.4]","[0.8503253796095445, 0.48120300751879697]","[0.9032258064516129, 0.4]"
KNN,27,6,0.866797567344509,0.5770609318996416,0.6738243072323791,0.2043595658331297,0.19831210088887452,0.366412213740458,0.5950957034732014,0.7242524916943521,0.3076923076923077,0.8699551569506726,0.4528301886792453,0.782258064516129,0.5888237323214902,"[0.782258064516129, 0.4528301886792453]","[0.8699551569506726, 0.3076923076923077]","[0.8237791932059448, 0.366412213740458]","[0.8699551569506726, 0.3076923076923077]"
KNN,28,6,0.8763519484891844,0.5851851851851851,0.6421282798833821,0.18234920215644926,0.15929203539823011,0.3262411347517731,0.5600836910201381,0.6843853820598007,0.23469387755102042,0.9014778325123153,0.5348837209302325,0.7093023255813954,0.5680858550316679,"[0.7093023255813954, 0.5348837209302325]","[0.9014778325123153, 0.23469387755102042]","[0.7939262472885033, 0.3262411347517731]","[0.9014778325123153, 0.23469387755102042]"
KNN,29,6,0.8672470556290941,0.5961871750433275,0.690695701357466,0.22151170884787807,0.20367703693781192,0.34710743801652894,0.5914331368876824,0.7375415282392026,0.2625,0.9095022624434389,0.5121951219512195,0.7730769230769231,0.5860011312217195,"[0.7730769230769231, 0.5121951219512195]","[0.9095022624434389, 0.2625]","[0.8357588357588358, 0.34710743801652894]","[0.9095022624434389, 0.2625]"
KNN,30,6,0.8720858134920635,0.6086956521739131,0.6874434208424305,0.2657680203472893,0.24719995103739523,0.4057971014492754,0.6141539619800489,0.7266666666666667,0.3146067415730337,0.9004739336492891,0.5714285714285714,0.7569721115537849,0.6075403376111614,"[0.7569721115537849, 0.5714285714285714]","[0.9004739336492891, 0.3146067415730337]","[0.8225108225108225, 0.4057971014492754]","[0.9004739336492891, 0.3146067415730337]"
KNN,31,7,0.8751995943010259,0.6035714285714285,0.6290506742061767,0.20822878311677068,0.1941680960548885,0.36496350364963503,0.5872957562011851,0.7070707070707071,0.2840909090909091,0.8851674641148325,0.5102040816326531,0.7459677419354839,0.5846291866028708,"[0.7459677419354839, 0.5102040816326531]","[0.8851674641148325, 0.2840909090909091]","[0.8096280087527352, 0.36496350364963503]","[0.8851674641148325, 0.2840909090909091]"
KNN,32,7,0.8587288417417711,0.6026936026936027,0.7184684684684683,0.31698534763638975,0.3103200990938132,0.4580152671755725,0.6526635475662809,0.761744966442953,0.39473684210526316,0.8873873873873874,0.5454545454545454,0.8106995884773662,0.6410621147463254,"[0.8106995884773662, 0.5454545454545454]","[0.8873873873873874, 0.39473684210526316]","[0.8473118279569892, 0.4580152671755725]","[0.8873873873873874, 0.39473684210526316]"
KNN,33,7,0.8676245197678538,0.5901060070671378,0.6932008018710323,0.34153949287477625,0.31997159824425503,0.453125,0.6527228375527426,0.7674418604651163,0.35365853658536583,0.9223744292237442,0.6304347826086957,0.792156862745098,0.638016482904555,"[0.792156862745098, 0.6304347826086957]","[0.9223744292237442, 0.35365853658536583]","[0.8523206751054853, 0.453125]","[0.9223744292237442, 0.35365853658536583]"
KNN,34,7,0.872342228602065,0.5708884688090737,0.6810534591194969,0.2177674196731684,0.20690469164945402,0.38620689655172413,0.5961535572083239,0.7052980132450332,0.3111111111111111,0.8726415094339622,0.509090909090909,0.7489878542510121,0.5918763102725366,"[0.7489878542510121, 0.509090909090909]","[0.8726415094339622, 0.3111111111111111]","[0.8061002178649237, 0.38620689655172413]","[0.8726415094339622, 0.3111111111111111]"
KNN,35,7,0.8718718926085516,0.5992779783393501,0.7088146858680171,0.20537073241521933,0.19348256616455617,0.36879432624113473,0.5882848521054486,0.7052980132450332,0.29213483146067415,0.8779342723004695,0.5,0.748,0.5850345518805719,"[0.748, 0.5]","[0.8779342723004695, 0.29213483146067415]","[0.8077753779697624, 0.36879432624113473]","[0.8779342723004695, 0.29213483146067415]"
KNN,36,8,0.8698916100660322,0.599640933572711,0.6588665660202067,0.14301935588822184,0.1366849441765211,0.3125,0.5618293991416309,0.7037037037037037,0.25316455696202533,0.8669724770642202,0.40816326530612246,0.7620967741935484,0.5600685170131228,"[0.7620967741935484, 0.40816326530612246]","[0.8669724770642202, 0.25316455696202533]","[0.8111587982832618, 0.3125]","[0.8669724770642202, 0.25316455696202533]"
KNN,37,8,0.8678628114001794,0.5953654188948306,0.65776955602537,0.20094924830858685,0.17210453566492,0.3089430894308943,0.5664798262889461,0.7194719471947195,0.2159090909090909,0.9255813953488372,0.5428571428571428,0.7425373134328358,0.570745243128964,"[0.7425373134328358, 0.5428571428571428]","[0.9255813953488372, 0.2159090909090909]","[0.8240165631469979, 0.3089430894308943]","[0.9255813953488372, 0.2159090909090909]"
KNN,38,8,0.8694155446756426,0.584070796460177,0.7158868030260577,0.2819416956888317,0.2676964319908087,0.42105263157894735,0.6273729680572923,0.7416107382550335,0.3373493975903614,0.8976744186046511,0.56,0.7782258064516129,0.6175119080975062,"[0.7782258064516129, 0.56]","[0.8976744186046511, 0.3373493975903614]","[0.8336933045356372, 0.42105263157894735]","[0.8976744186046511, 0.3373493975903614]"
KNN,39,8,0.8711433413009486,0.61101243339254,0.7219561515538526,0.2767529768817309,0.25283266223429157,0.3969465648854962,0.615315387705906,0.7392739273927392,0.2988505747126437,0.9166666666666666,0.5909090909090909,0.7644787644787645,0.6077586206896551,"[0.7644787644787645, 0.5909090909090909]","[0.9166666666666666, 0.2988505747126437]","[0.8336842105263158, 0.3969465648854962]","[0.9166666666666666, 0.2988505747126437]"
KNN,40,8,0.8752953621277064,0.6054054054054054,0.7031721240844464,0.2924680032006274,0.27509590302286324,0.4316546762589928,0.6297706932493221,0.7357859531772575,0.3409090909090909,0.9004739336492891,0.5882352941176471,0.7661290322580645,0.62069151227919,"[0.7661290322580645, 0.5882352941176471]","[0.9004739336492891, 0.3409090909090909]","[0.8278867102396514, 0.4316546762589928]","[0.9004739336492891, 0.3409090909090909]"
KNN,41,9,0.864352766798419,0.5669291338582677,0.7081901916853373,0.25903838663735607,0.23165410551368504,0.40522875816993464,0.5999055754732292,0.6946308724832215,0.30097087378640774,0.9025641025641026,0.62,0.7096774193548387,0.6017674881752552,"[0.7096774193548387, 0.62]","[0.9025641025641026, 0.30097087378640774]","[0.7945823927765236, 0.40522875816993464]","[0.9025641025641026, 0.30097087378640774]"
KNN,42,9,0.8632409880740382,0.614065180102916,0.6593675382913051,0.15986882814993036,0.15304902351534488,0.32,0.5705263157894737,0.7166666666666667,0.2597402597402597,0.874439461883408,0.4166666666666667,0.7738095238095238,0.5670898608118339,"[0.7738095238095238, 0.4166666666666667]","[0.874439461883408, 0.2597402597402597]","[0.8210526315789474, 0.32]","[0.874439461883408, 0.2597402597402597]"
KNN,43,9,0.8678657327241615,0.5896980461811723,0.7146453345267398,0.19337190069221943,0.18540035362465257,0.3582089552238806,0.5868297995003523,0.7133333333333334,0.2926829268292683,0.8715596330275229,0.46153846153846156,0.7661290322580645,0.5821212799283956,"[0.7661290322580645, 0.46153846153846156]","[0.8715596330275229, 0.2926829268292683]","[0.8154506437768241, 0.3582089552238806]","[0.8715596330275229, 0.2926829268292683]"
KNN,44,9,0.8692666087292391,0.5824175824175825,0.7006041975832097,0.2710917381704137,0.24859000832126232,0.4,0.6132762312633833,0.7308970099667774,0.30337078651685395,0.910377358490566,0.5869565217391305,0.7568627450980392,0.60687407250371,"[0.7568627450980392, 0.5869565217391305]","[0.910377358490566, 0.30337078651685395]","[0.8265524625267666, 0.4]","[0.910377358490566, 0.30337078651685395]"
KNN,45,9,0.8696933962264151,0.5982905982905983,0.6951422788427194,0.2935788872239105,0.28118176855895194,0.4166666666666667,0.6357192254495159,0.7674418604651163,0.33783783783783783,0.9074889867841409,0.5434782608695652,0.807843137254902,0.6226634123109893,"[0.807843137254902, 0.5434782608695652]","[0.9074889867841409, 0.33783783783783783]","[0.8547717842323651, 0.4166666666666667]","[0.9074889867841409, 0.33783783783783783]"
KNN,46,10,0.8782839709310297,0.60431654676259,0.6986446191379777,0.2487425335816867,0.24179568414131158,0.4166666666666667,0.6170289855072464,0.7218543046357616,0.35294117647058826,0.8663594470046083,0.5084745762711864,0.7736625514403292,0.6096503117375983,"[0.7736625514403292, 0.5084745762711864]","[0.8663594470046083, 0.35294117647058826]","[0.8173913043478261, 0.4166666666666667]","[0.8663594470046083, 0.35294117647058826]"
KNN,47,10,0.8612847578055612,0.5645756457564576,0.7143760307861462,0.26144348752383767,0.24026245537293744,0.3875968992248062,0.6095767012115503,0.7357859531772575,0.29411764705882354,0.9112149532710281,0.5681818181818182,0.7647058823529411,0.6026663001649258,"[0.7647058823529411, 0.5681818181818182]","[0.9112149532710281, 0.29411764705882354]","[0.8315565031982942, 0.3875968992248062]","[0.9112149532710281, 0.29411764705882354]"
KNN,48,10,0.8700195939326375,0.6174957118353345,0.6868375576036867,0.2225654596076862,0.20963342425653653,0.36507936507936506,0.5970695970695971,0.7306397306397306,0.2875,0.8940092165898618,0.5,0.7729083665338645,0.5907546082949309,"[0.7729083665338645, 0.5]","[0.8940092165898618, 0.2875]","[0.8290598290598291, 0.36507936507936506]","[0.8940092165898618, 0.2875]"
KNN,49,10,0.8613535615891329,0.6104553119730185,0.6932552021047595,0.2450779791313301,0.22974113674732688,0.3652173913043478,0.607350963693411,0.7566666666666667,0.28378378378378377,0.911504424778761,0.5121951219512195,0.7953667953667953,0.5976441042812723,"[0.7953667953667953, 0.5121951219512195]","[0.911504424778761, 0.28378378378378377]","[0.8494845360824742, 0.3652173913043478]","[0.911504424778761, 0.28378378378378377]"
KNN,50,10,0.871292058649038,0.5736434108527132,0.7182897394217034,0.32454359522944765,0.28590963477864506,0.43537414965986393,0.6268774468211792,0.7251655629139073,0.31683168316831684,0.9303482587064676,0.6956521739130435,0.73046875,0.6235899709373922,"[0.73046875, 0.6956521739130435]","[0.9303482587064676, 0.31683168316831684]","[0.8183807439824945, 0.43537414965986393]","[0.9303482587064676, 0.31683168316831684]"
Logistic Regression,1,1,0.9980369999897583,0.9537166900420757,0.7634479717813052,0.3359779173904588,0.3336469112574475,0.5355191256830601,0.6658410976137124,0.7166666666666667,0.5833333333333334,0.7685185185185185,0.494949494949495,0.8258706467661692,0.6759259259259259,"[0.8258706467661692, 0.494949494949495]","[0.7685185185185185, 0.5833333333333334]","[0.7961630695443646, 0.5355191256830601]","[0.7685185185185185, 0.5833333333333334]"
Logistic Regression,2,1,0.997297943567671,0.9509116409537167,0.7731170973062121,0.3991488868236314,0.3985194324491055,0.576271186440678,0.6990619590160634,0.7491638795986622,0.6,0.8084112149532711,0.5543478260869565,0.8357487922705314,0.7042056074766355,"[0.8357487922705314, 0.5543478260869565]","[0.8084112149532711, 0.6]","[0.8218527315914489, 0.576271186440678]","[0.8084112149532711, 0.6]"
Logistic Regression,3,1,0.9990257456990446,0.9573863636363636,0.7251082251082251,0.3854683993376529,0.3851444291609354,0.5614035087719298,0.6924664602683178,0.7483221476510067,0.5454545454545454,0.8333333333333334,0.5783132530120482,0.813953488372093,0.6893939393939394,"[0.813953488372093, 0.5783132530120482]","[0.8333333333333334, 0.5454545454545454]","[0.8235294117647058, 0.5614035087719298]","[0.8333333333333334, 0.5454545454545454]"
Logistic Regression,4,1,0.9989663958463535,0.9577464788732394,0.7779034690799396,0.372663131612364,0.3650035515712642,0.5641025641025641,0.6796416434970651,0.7213114754098361,0.6547619047619048,0.746606334841629,0.4954954954954955,0.8505154639175257,0.7006841198017668,"[0.8505154639175257, 0.4954954954954955]","[0.746606334841629, 0.6547619047619048]","[0.7951807228915663, 0.5641025641025641]","[0.746606334841629, 0.6547619047619048]"
Logistic Regression,5,1,0.9995980940119414,0.9659090909090909,0.7947819314641744,0.3966213110264676,0.3913965151750167,0.582010582010582,0.6939536939536939,0.7348993288590604,0.6547619047619048,0.7663551401869159,0.5238095238095238,0.8497409326424871,0.7105585224744103,"[0.8497409326424871, 0.5238095238095238]","[0.7663551401869159, 0.6547619047619048]","[0.8058968058968059, 0.582010582010582]","[0.7663551401869159, 0.6547619047619048]"
Logistic Regression,6,2,0.9998646970254161,0.9681159420289855,0.6870723616006635,0.32204390036858843,0.3216993131518697,0.5319148936170213,0.6606942889137738,0.7095709570957096,0.5494505494505495,0.7783018867924528,0.5154639175257731,0.8009708737864077,0.6638762181215012,"[0.8009708737864077, 0.5154639175257731]","[0.7783018867924528, 0.5494505494505495]","[0.7894736842105263, 0.5319148936170213]","[0.7783018867924528, 0.5494505494505495]"
Logistic Regression,7,2,0.9973098684438891,0.9493487698986975,0.7882230328295988,0.3836149531631537,0.3835098137102919,0.5775401069518716,0.6917184564243388,0.734006734006734,0.5684210526315789,0.8118811881188119,0.5869565217391305,0.8,0.6901511203751954,"[0.8, 0.5869565217391305]","[0.8118811881188119, 0.5684210526315789]","[0.8058968058968059, 0.5775401069518716]","[0.8118811881188119, 0.5684210526315789]"
Logistic Regression,8,2,0.9974213389306381,0.9526462395543176,0.7865294249272767,0.38614635521895657,0.3830415524151023,0.5666666666666667,0.6904761904761905,0.74,0.6219512195121951,0.7844036697247706,0.5204081632653061,0.8465346534653465,0.7031774446184829,"[0.8465346534653465, 0.5204081632653061]","[0.7844036697247706, 0.6219512195121951]","[0.8142857142857143, 0.5666666666666667]","[0.7844036697247706, 0.6219512195121951]"
Logistic Regression,9,2,0.9988769804601345,0.9664804469273743,0.7349320636395308,0.36037853874865045,0.35768841194667256,0.5433526011560693,0.6778520725495312,0.734006734006734,0.5949367088607594,0.7844036697247706,0.5,0.8423645320197044,0.689670189292765,"[0.8423645320197044, 0.5]","[0.7844036697247706, 0.5949367088607594]","[0.8123515439429929, 0.5433526011560693]","[0.7844036697247706, 0.5949367088607594]"
Logistic Regression,10,2,0.9977284285472114,0.9543568464730291,0.7671509971509971,0.3717311152886146,0.3696198427494528,0.5443786982248521,0.6840886626135703,0.7458745874587459,0.5897435897435898,0.8,0.5054945054945055,0.8490566037735849,0.6948717948717948,"[0.8490566037735849, 0.5054945054945055]","[0.8, 0.5897435897435898]","[0.8237986270022883, 0.5443786982248521]","[0.8, 0.5897435897435898]"
Logistic Regression,11,3,0.9979175050301812,0.9586776859504132,0.8092077727952166,0.46688485254294493,0.4567000911577028,0.6136363636363636,0.7258658008658009,0.7718120805369127,0.72,0.7892376681614349,0.5346534653465347,0.8934010152284264,0.7546188340807174,"[0.8934010152284264, 0.5346534653465347]","[0.7892376681614349, 0.72]","[0.8380952380952381, 0.6136363636363636]","[0.7892376681614349, 0.72]"
Logistic Regression,12,3,0.9978521196277461,0.9592123769338959,0.7812918340026773,0.3950671975738256,0.39325002670084386,0.5730337078651685,0.6960406634563938,0.745819397993311,0.6144578313253012,0.7962962962962963,0.5368421052631579,0.8431372549019608,0.7053770638107988,"[0.8431372549019608, 0.5368421052631579]","[0.7962962962962963, 0.6144578313253012]","[0.819047619047619, 0.5730337078651685]","[0.7962962962962963, 0.6144578313253012]"
Logistic Regression,13,3,0.9985361552028219,0.9557522123893806,0.7377722772277228,0.3651624145305268,0.365152229473214,0.5771144278606966,0.6825721765238645,0.717607973421927,0.5742574257425742,0.79,0.58,0.7860696517412935,0.6821287128712872,"[0.7860696517412935, 0.58]","[0.79, 0.5742574257425742]","[0.7880299251870324, 0.5771144278606966]","[0.79, 0.5742574257425742]"
Logistic Regression,14,3,0.998851771025684,0.9655172413793104,0.7339285714285715,0.29490254050661596,0.2875675103251085,0.4943820224719101,0.6400481540930979,0.6989966555183946,0.5866666666666667,0.7366071428571429,0.42718446601941745,0.8418367346938775,0.6616369047619048,"[0.8418367346938775, 0.42718446601941745]","[0.7366071428571429, 0.5866666666666667]","[0.7857142857142857, 0.4943820224719101]","[0.7366071428571429, 0.5866666666666667]"
Logistic Regression,15,3,0.9985151365866182,0.9653179190751445,0.760055981754095,0.3781183633822741,0.37757094671705005,0.5714285714285714,0.6885919835560124,0.7326732673267327,0.5934065934065934,0.7924528301886793,0.5510204081632653,0.8195121951219512,0.6929297117976363,"[0.8195121951219512, 0.5510204081632653]","[0.7924528301886793, 0.5934065934065934]","[0.8057553956834532, 0.5714285714285714]","[0.7924528301886793, 0.5934065934065934]"
Logistic Regression,16,4,0.9985262052814342,0.9665738161559888,0.7457248633719221,0.3251722171798886,0.32202181897922255,0.5146198830409356,0.6596628826969384,0.7214765100671141,0.5714285714285714,0.7737556561085973,0.46808510638297873,0.8382352941176471,0.6725921137685844,"[0.8382352941176471, 0.46808510638297873]","[0.7737556561085973, 0.5714285714285714]","[0.8047058823529412, 0.5146198830409356]","[0.7737556561085973, 0.5714285714285714]"
Logistic Regression,17,4,0.9995971582587677,0.981294964028777,0.7418981481481481,0.3266009577688866,0.3202416918429003,0.5360824742268041,0.6572037986897568,0.7,0.6190476190476191,0.7314814814814815,0.4727272727272727,0.8315789473684211,0.6752645502645502,"[0.8315789473684211, 0.4727272727272727]","[0.7314814814814815, 0.6190476190476191]","[0.7783251231527094, 0.5360824742268041]","[0.7314814814814815, 0.6190476190476191]"
Logistic Regression,18,4,0.9989453826555473,0.9692532942898975,0.7097337855894748,0.2836222185768965,0.28247914183551837,0.52,0.6405970149253731,0.6810631229235881,0.5531914893617021,0.7391304347826086,0.49056603773584906,0.7846153846153846,0.6461609620721553,"[0.7846153846153846, 0.49056603773584906]","[0.7391304347826086, 0.5531914893617021]","[0.7611940298507462, 0.52]","[0.7391304347826086, 0.5531914893617021]"
Logistic Regression,19,4,0.9975961054221923,0.953551912568306,0.771904761904762,0.3881237819173965,0.38579508681092944,0.5521472392638037,0.6921655736548904,0.7558528428093646,0.6,0.8080357142857143,0.5113636363636364,0.8578199052132701,0.7040178571428571,"[0.8578199052132701, 0.5113636363636364]","[0.8080357142857143, 0.6]","[0.832183908045977, 0.5521472392638037]","[0.8080357142857143, 0.6]"
Logistic Regression,20,4,0.9973781594749336,0.9605839416058394,0.8019832189168572,0.45652406961450837,0.4563036880818888,0.6236559139784946,0.7280958995729794,0.7682119205298014,0.6105263157894737,0.8405797101449275,0.6373626373626373,0.8246445497630331,0.7255530129672005,"[0.8246445497630331, 0.6373626373626373]","[0.8405797101449275, 0.6105263157894737]","[0.8325358851674641, 0.6236559139784946]","[0.8405797101449275, 0.6105263157894737]"
Logistic Regression,21,5,0.9984831883859481,0.9577464788732394,0.7695533769063182,0.39630805447813605,0.3959866220735786,0.5714285714285714,0.6978922716627635,0.7508305647840532,0.5882352941176471,0.8148148148148148,0.5555555555555556,0.8341232227488151,0.7015250544662309,"[0.8341232227488151, 0.5555555555555556]","[0.8148148148148148, 0.5882352941176471]","[0.8243559718969555, 0.5714285714285714]","[0.8148148148148148, 0.5882352941176471]"
Logistic Regression,22,5,0.997609520878219,0.9405255878284924,0.7748630887185104,0.3744985376471299,0.36195086530315856,0.5671641791044776,0.6761746821448313,0.7128712871287128,0.6867469879518072,0.7227272727272728,0.4830508474576271,0.8594594594594595,0.70473713033954,"[0.8594594594594595, 0.4830508474576271]","[0.7227272727272728, 0.6867469879518072]","[0.7851851851851852, 0.5671641791044776]","[0.7227272727272728, 0.6867469879518072]"
Logistic Regression,23,5,0.9984831593527246,0.9608938547486033,0.7305875576036865,0.3809812316705254,0.3770236110364116,0.5617977528089888,0.6871488764044944,0.7373737373737373,0.625,0.7788018433179723,0.5102040816326531,0.8492462311557789,0.7019009216589862,"[0.8492462311557789, 0.5102040816326531]","[0.7788018433179723, 0.625]","[0.8125, 0.5617977528089888]","[0.7788018433179723, 0.625]"
Logistic Regression,24,5,0.9977753403179166,0.950354609929078,0.7751393653516296,0.4311686299781806,0.43010304985947745,0.6054054054054054,0.7147508954737871,0.7566666666666667,0.6363636363636364,0.8066037735849056,0.5773195876288659,0.8423645320197044,0.7214837049742711,"[0.8423645320197044, 0.5773195876288659]","[0.8066037735849056, 0.6363636363636364]","[0.8240963855421687, 0.6054054054054054]","[0.8066037735849056, 0.6363636363636364]"
Logistic Regression,25,5,0.9988060831268923,0.9654178674351584,0.7507758159443554,0.37013522843055435,0.37012346337431,0.5586592178770949,0.6850575325662325,0.7357859531772575,0.5617977528089888,0.8095238095238095,0.5555555555555556,0.8133971291866029,0.6856607811663992,"[0.8133971291866029, 0.5555555555555556]","[0.8095238095238095, 0.5617977528089888]","[0.8114558472553699, 0.5586592178770949]","[0.8095238095238095, 0.5617977528089888]"
Logistic Regression,26,6,0.9988784162697206,0.9636871508379888,0.7742511520737327,0.37146190853833844,0.3638263413614754,0.5591397849462365,0.6790796963946869,0.7239057239057239,0.65,0.7511520737327189,0.49056603773584906,0.8534031413612565,0.7005760368663594,"[0.8534031413612565, 0.49056603773584906]","[0.7511520737327189, 0.65]","[0.7990196078431373, 0.5591397849462365]","[0.7511520737327189, 0.65]"
Logistic Regression,27,6,0.9991882128505906,0.97054698457223,0.7366333218351157,0.31014376816020056,0.3078213348483618,0.5029239766081871,0.652854099673003,0.717607973421927,0.5512820512820513,0.7757847533632287,0.46236559139784944,0.8317307692307693,0.66353340232264,"[0.8317307692307693, 0.46236559139784944]","[0.7757847533632287, 0.5512820512820513]","[0.802784222737819, 0.5029239766081871]","[0.7757847533632287, 0.5512820512820513]"
Logistic Regression,28,6,0.9984534130123728,0.9644970414201184,0.7595757514828592,0.397957577827333,0.397196261682243,0.5851063829787234,0.6983502929386372,0.7408637873754153,0.5612244897959183,0.8275862068965517,0.6111111111111112,0.7962085308056872,0.694405348346235,"[0.7962085308056872, 0.6111111111111112]","[0.8275862068965517, 0.5612244897959183]","[0.8115942028985508, 0.5851063829787234]","[0.8275862068965517, 0.5612244897959183]"
Logistic Regression,29,6,0.9983912025252011,0.9595536959553695,0.7184954751131222,0.31881792140107934,0.31794479783777885,0.5088757396449705,0.6585949137023929,0.7242524916943521,0.5375,0.7918552036199095,0.48314606741573035,0.8254716981132075,0.6646776018099547,"[0.8254716981132075, 0.48314606741573035]","[0.7918552036199095, 0.5375]","[0.8083140877598153, 0.5088757396449705]","[0.7918552036199095, 0.5375]"
Logistic Regression,30,6,0.9978023037918872,0.9559032716927454,0.7785292081580489,0.3789195093031294,0.37378857909646634,0.58,0.685,0.72,0.651685393258427,0.7488151658767772,0.5225225225225225,0.8359788359788359,0.7002502795676021,"[0.8359788359788359, 0.5225225225225225]","[0.7488151658767772, 0.651685393258427]","[0.79, 0.58]","[0.7488151658767772, 0.651685393258427]"
Logistic Regression,31,7,0.997995490710727,0.9533239038189534,0.719986950848195,0.2988531781319871,0.2987012987012988,0.5111111111111111,0.6492753623188405,0.7037037037037037,0.5227272727272727,0.7799043062200957,0.5,0.7951219512195122,0.6513157894736842,"[0.7951219512195122, 0.5]","[0.7799043062200957, 0.5227272727272727]","[0.7874396135265701, 0.5111111111111111]","[0.7799043062200957, 0.5227272727272727]"
Logistic Regression,32,7,0.997591510831483,0.9547325102880658,0.7865101944049313,0.42038530226317233,0.41479380318568626,0.5813953488372093,0.7057920140412461,0.7583892617449665,0.6578947368421053,0.7927927927927928,0.5208333333333334,0.8712871287128713,0.725343764817449,"[0.8712871287128713, 0.5208333333333334]","[0.7927927927927928, 0.6578947368421053]","[0.8301886792452831, 0.5813953488372093]","[0.7927927927927928, 0.6578947368421053]"
Logistic Regression,33,7,0.9984605324105611,0.9661016949152542,0.7476890522329881,0.2971760880681129,0.2942004064405189,0.5054945054945055,0.6456043956043955,0.7009966777408638,0.5609756097560976,0.7534246575342466,0.46,0.8208955223880597,0.657200133645172,"[0.8208955223880597, 0.46]","[0.7534246575342466, 0.5609756097560976]","[0.7857142857142857, 0.5054945054945055]","[0.7534246575342466, 0.5609756097560976]"
Logistic Regression,34,7,0.9980249390359903,0.9527896995708155,0.7579664570230609,0.37561099528011155,0.37319329832458104,0.5743589743589743,0.6857124945144505,0.7251655629139073,0.6222222222222222,0.7688679245283019,0.5333333333333333,0.8274111675126904,0.6955450733752621,"[0.8274111675126904, 0.5333333333333333]","[0.7688679245283019, 0.6222222222222222]","[0.7970660146699267, 0.5743589743589743]","[0.7688679245283019, 0.6222222222222222]"
Logistic Regression,35,7,0.999471743453762,0.9640287769784173,0.7245344727541277,0.32300098383617,0.3225207570522407,0.5297297297297298,0.6610462491130749,0.7119205298013245,0.550561797752809,0.7793427230046949,0.5104166666666666,0.8058252427184466,0.6649522603787519,"[0.8058252427184466, 0.5104166666666666]","[0.7793427230046949, 0.550561797752809]","[0.7923627684964201, 0.5297297297297298]","[0.7793427230046949, 0.550561797752809]"
Logistic Regression,36,8,0.9987758075286151,0.967741935483871,0.7488096620601556,0.38773969081750487,0.3855341921602162,0.5614035087719298,0.6920492721164613,0.7474747474747475,0.6075949367088608,0.7981651376146789,0.5217391304347826,0.848780487804878,0.7028800371617698,"[0.848780487804878, 0.5217391304347826]","[0.7981651376146789, 0.6075949367088608]","[0.8226950354609929, 0.5614035087719298]","[0.7981651376146789, 0.6075949367088608]"
Logistic Regression,37,8,0.9990304326823545,0.9683908045977011,0.7624207188160677,0.36436066901973835,0.3616573033707865,0.5625,0.6798007246376812,0.7227722772277227,0.6136363636363636,0.7674418604651163,0.5192307692307693,0.8291457286432161,0.69053911205074,"[0.8291457286432161, 0.5192307692307693]","[0.7674418604651163, 0.6136363636363636]","[0.7971014492753623, 0.5625]","[0.7674418604651163, 0.6136363636363636]"
Logistic Regression,38,8,0.9988610091119271,0.9605633802816902,0.7733818996917905,0.3985178443499872,0.3906242012167067,0.5833333333333334,0.6926567656765676,0.7315436241610739,0.6746987951807228,0.7534883720930232,0.5137614678899083,0.8571428571428571,0.714093583636873,"[0.8571428571428571, 0.5137614678899083]","[0.7534883720930232, 0.6746987951807228]","[0.801980198019802, 0.5833333333333334]","[0.7534883720930232, 0.6746987951807228]"
Logistic Regression,39,8,0.9981470128331416,0.9533239038189534,0.7468603661132397,0.32531891866479234,0.32412891316052617,0.5297297297297298,0.6615394491879052,0.7128712871287128,0.5632183908045977,0.7731481481481481,0.5,0.8146341463414634,0.668183269476373,"[0.8146341463414634, 0.5]","[0.7731481481481481, 0.5632183908045977]","[0.7933491686460807, 0.5297297297297298]","[0.7731481481481481, 0.5632183908045977]"
Logistic Regression,40,8,0.9986605670952852,0.9655172413793104,0.7441835415769064,0.38209448496027815,0.3820821814863523,0.5649717514124294,0.6910369445898251,0.7424749163879598,0.5681818181818182,0.8151658767772512,0.5617977528089888,0.819047619047619,0.6916738474795348,"[0.819047619047619, 0.5617977528089888]","[0.8151658767772512, 0.5681818181818182]","[0.8171021377672208, 0.5649717514124294]","[0.8151658767772512, 0.5681818181818182]"
Logistic Regression,41,9,0.9994671089779785,0.9698795180722891,0.7362708488922081,0.3323418163543144,0.33210778141526065,0.5572139303482587,0.6659487373260281,0.7013422818791947,0.5436893203883495,0.7846153846153846,0.5714285714285714,0.765,0.6641523525018671,"[0.765, 0.5714285714285714]","[0.7846153846153846, 0.5436893203883495]","[0.7746835443037975, 0.5572139303482587]","[0.7846153846153846, 0.5436893203883495]"
Logistic Regression,42,9,0.9982124548054611,0.961218836565097,0.7418321588725176,0.29835113774885585,0.2920446798468719,0.5,0.6428571428571428,0.7,0.5844155844155844,0.7399103139013453,0.4368932038834951,0.8375634517766497,0.6621629491584649,"[0.8375634517766497, 0.4368932038834951]","[0.7399103139013453, 0.5844155844155844]","[0.7857142857142857, 0.5]","[0.7399103139013453, 0.5844155844155844]"
Logistic Regression,43,9,0.9973226830322061,0.9444444444444444,0.7750055940926381,0.44720406490590053,0.44625407166123787,0.6046511627906976,0.7228863290589003,0.7733333333333333,0.6341463414634146,0.8256880733944955,0.5777777777777777,0.8571428571428571,0.729917207428955,"[0.8571428571428571, 0.5777777777777777]","[0.8256880733944955, 0.6341463414634146]","[0.8411214953271028, 0.6046511627906976]","[0.8256880733944955, 0.6341463414634146]"
Logistic Regression,44,9,0.9985481156541411,0.9598853868194842,0.7940958236167056,0.40550897050835183,0.40093541645934916,0.5959595959595959,0.6989698969896989,0.7342192691029901,0.6629213483146067,0.7641509433962265,0.5412844036697247,0.84375,0.7135361458554166,"[0.84375, 0.5412844036697247]","[0.7641509433962265, 0.6629213483146067]","[0.801980198019802, 0.5959595959595959]","[0.7641509433962265, 0.6629213483146067]"
Logistic Regression,45,9,0.9984646293608558,0.9601100412654745,0.7565186331706155,0.31745827546944394,0.3067925993013326,0.5082872928176796,0.6484429338197661,0.7043189368770764,0.6216216216216216,0.7312775330396476,0.42990654205607476,0.8556701030927835,0.6764495773306346,"[0.8556701030927835, 0.42990654205607476]","[0.7312775330396476, 0.6216216216216216]","[0.7885985748218527, 0.5082872928176796]","[0.7312775330396476, 0.6216216216216216]"
Logistic Regression,46,10,0.9973673385438091,0.9617021276595744,0.7431824342640282,0.36789251129134665,0.36505820214347984,0.5591397849462365,0.6814837680712044,0.7284768211920529,0.611764705882353,0.7741935483870968,0.5148514851485149,0.835820895522388,0.6929791271347249,"[0.835820895522388, 0.5148514851485149]","[0.7741935483870968, 0.611764705882353]","[0.8038277511961722, 0.5591397849462365]","[0.7741935483870968, 0.611764705882353]"
Logistic Regression,47,10,0.9993885359021658,0.9770114942528736,0.7477185266630016,0.36616722319717543,0.36501194584550034,0.5555555555555556,0.6820839978734716,0.7324414715719063,0.5882352941176471,0.7897196261682243,0.5263157894736842,0.8284313725490197,0.6889774601429357,"[0.8284313725490197, 0.5263157894736842]","[0.7897196261682243, 0.5882352941176471]","[0.8086124401913876, 0.5555555555555556]","[0.7897196261682243, 0.5882352941176471]"
Logistic Regression,48,10,0.9973886017364278,0.9318801089918256,0.8095622119815667,0.45513855528568053,0.45473803135150404,0.6060606060606061,0.7272727272727273,0.7811447811447811,0.625,0.8387096774193549,0.5882352941176471,0.8584905660377359,0.7318548387096775,"[0.8584905660377359, 0.5882352941176471]","[0.8387096774193549, 0.625]","[0.8484848484848485, 0.6060606060606061]","[0.8387096774193549, 0.625]"
Logistic Regression,49,10,0.9987046936399115,0.9641873278236914,0.7127481463764649,0.28348465459368,0.28093645484949825,0.47560975609756095,0.6391810248377713,0.7133333333333334,0.527027027027027,0.7743362831858407,0.43333333333333335,0.8333333333333334,0.6506816551064338,"[0.8333333333333334, 0.43333333333333335]","[0.7743362831858407, 0.527027027027027]","[0.8027522935779816, 0.47560975609756095]","[0.7743362831858407, 0.527027027027027]"
Logistic Regression,50,10,0.9989829646580218,0.9472140762463344,0.7617358750800454,0.35412239367946025,0.3539624894283866,0.5656565656565656,0.6769169527790218,0.7152317880794702,0.5544554455445545,0.7960199004975125,0.5773195876288659,0.7804878048780488,0.6752376730210334,"[0.7804878048780488, 0.5773195876288659]","[0.7960199004975125, 0.5544554455445545]","[0.7881773399014779, 0.5656565656565656]","[0.7960199004975125, 0.5544554455445545]"
Naive Bayes,1,1,0.6973224679860303,0.5220417633410673,0.6727017195767195,0.27159218417151704,0.25383542538354253,0.5114155251141552,0.6152878150505159,0.6433333333333333,0.6666666666666666,0.6342592592592593,0.4148148148148148,0.8303030303030303,0.650462962962963,"[0.8303030303030303, 0.4148148148148148]","[0.6342592592592593, 0.6666666666666666]","[0.7191601049868767, 0.5114155251141552]","[0.6342592592592593, 0.6666666666666666]"
Naive Bayes,2,1,0.6851643096262896,0.5316973415132924,0.6446399120395823,0.2725891060495344,0.23165629579289404,0.5217391304347826,0.5855072463768116,0.5953177257525084,0.7764705882352941,0.5233644859813084,0.39285714285714285,0.8549618320610687,0.6499175371083012,"[0.8549618320610687, 0.39285714285714285]","[0.5233644859813084, 0.7764705882352941]","[0.6492753623188405, 0.5217391304347826]","[0.5233644859813084, 0.7764705882352941]"
Naive Bayes,3,1,0.7034098900533439,0.5238095238095238,0.6563311688311688,0.21095034092152762,0.20828905419766197,0.467005076142132,0.6019235907026449,0.6476510067114094,0.5227272727272727,0.7,0.42201834862385323,0.7777777777777778,0.6113636363636363,"[0.7777777777777778, 0.42201834862385323]","[0.7, 0.5227272727272727]","[0.7368421052631579, 0.467005076142132]","[0.7, 0.5227272727272727]"
Naive Bayes,4,1,0.688239576393992,0.5267665952890792,0.6546003016591252,0.190093486099379,0.16596550273453925,0.4672131147540984,0.5560109289617486,0.5737704918032787,0.6785714285714286,0.5339366515837104,0.35625,0.8137931034482758,0.6062540400775696,"[0.8137931034482758, 0.35625]","[0.5339366515837104, 0.6785714285714286]","[0.644808743169399, 0.4672131147540984]","[0.5339366515837104, 0.6785714285714286]"
Naive Bayes,5,1,0.6966205837173579,0.5177304964539007,0.6638851802403204,0.22034384524348358,0.2086981484139515,0.4788732394366197,0.5945280035303203,0.62751677852349,0.6071428571428571,0.6355140186915887,0.3953488372093023,0.8047337278106509,0.6213284379172229,"[0.8047337278106509, 0.3953488372093023]","[0.6355140186915887, 0.6071428571428571]","[0.7101827676240209, 0.4788732394366197]","[0.6355140186915887, 0.6071428571428571]"
Naive Bayes,6,2,0.6922620575766196,0.5209513023782559,0.6740877047480821,0.26283488694301405,0.2425332222270954,0.525,0.6067622950819672,0.6237623762376238,0.6923076923076923,0.5943396226415094,0.4228187919463087,0.8181818181818182,0.6433236574746009,"[0.8181818181818182, 0.4228187919463087]","[0.5943396226415094, 0.6923076923076923]","[0.6885245901639344, 0.525]","[0.5943396226415094, 0.6923076923076923]"
Naive Bayes,7,2,0.6881703634280953,0.4988814317673378,0.6862167795726941,0.29238943786677296,0.27804143998147945,0.5531914893617021,0.6303561903633024,0.6464646464646465,0.6842105263157895,0.6287128712871287,0.4642857142857143,0.8089171974522293,0.6564616988014591,"[0.8089171974522293, 0.4642857142857143]","[0.6287128712871287, 0.6842105263157895]","[0.7075208913649025, 0.5531914893617021]","[0.6287128712871287, 0.6842105263157895]"
Naive Bayes,8,2,0.6963218359522505,0.5267857142857143,0.6631237413291564,0.231679417620783,0.21189692982456132,0.484304932735426,0.5896325724685088,0.6166666666666667,0.6585365853658537,0.6009174311926605,0.3829787234042553,0.8238993710691824,0.6297270082792571,"[0.8238993710691824, 0.3829787234042553]","[0.6009174311926605, 0.6585365853658537]","[0.6949602122015915, 0.484304932735426]","[0.6009174311926605, 0.6585365853658537]"
Naive Bayes,9,2,0.7050370630172467,0.5369127516778524,0.6071884798513529,0.12381908400334185,0.11381074168797956,0.411214953271028,0.5398180029513034,0.5757575757575758,0.5569620253164557,0.5825688073394495,0.32592592592592595,0.7839506172839507,0.5697654163279526,"[0.7839506172839507, 0.32592592592592595]","[0.5825688073394495, 0.5569620253164557]","[0.6684210526315789, 0.411214953271028]","[0.5825688073394495, 0.5569620253164557]"
Naive Bayes,10,2,0.6802441091710459,0.5229455709711847,0.7085470085470085,0.3174187008175943,0.2957954785548278,0.5217391304347826,0.6368094148414514,0.6732673267326733,0.6923076923076923,0.6666666666666666,0.4186046511627907,0.8620689655172413,0.6794871794871795,"[0.8620689655172413, 0.4186046511627907]","[0.6666666666666666, 0.6923076923076923]","[0.7518796992481203, 0.5217391304347826]","[0.6666666666666666, 0.6923076923076923]"
Naive Bayes,11,3,0.6827783366867874,0.5266457680250783,0.6695067264573991,0.25945955949672156,0.2166413208776885,0.4851063829787234,0.5749631637885306,0.5939597315436241,0.76,0.5381165919282511,0.35625,0.8695652173913043,0.6490582959641256,"[0.8695652173913043, 0.35625]","[0.5381165919282511, 0.76]","[0.6648199445983379, 0.4851063829787234]","[0.5381165919282511, 0.76]"
Naive Bayes,12,3,0.6747033474256071,0.509090909090909,0.7305611334225792,0.329318060697449,0.30526511454993255,0.5454545454545454,0.6404521404521404,0.6655518394648829,0.7228915662650602,0.6435185185185185,0.43795620437956206,0.8580246913580247,0.6832050423917894,"[0.8580246913580247, 0.43795620437956206]","[0.6435185185185185, 0.7228915662650602]","[0.7354497354497355, 0.5454545454545454]","[0.6435185185185185, 0.7228915662650602]"
Naive Bayes,13,3,0.7015061728395061,0.5153664302600472,0.648539603960396,0.2119229142092457,0.2043333860509251,0.5145228215767634,0.5952115492925368,0.6112956810631229,0.6138613861386139,0.61,0.44285714285714284,0.7577639751552795,0.6119306930693069,"[0.7577639751552795, 0.44285714285714284]","[0.61, 0.6138613861386139]","[0.6759002770083102, 0.5145228215767634]","[0.61, 0.6138613861386139]"
Naive Bayes,14,3,0.7084555984555985,0.5308056872037915,0.609732142857143,0.12930675966568064,0.1232558139534885,0.3894736842105263,0.5525799793601651,0.6120401337792643,0.49333333333333335,0.6517857142857143,0.3217391304347826,0.7934782608695652,0.5725595238095238,"[0.7934782608695652, 0.3217391304347826]","[0.6517857142857143, 0.49333333333333335]","[0.7156862745098039, 0.3894736842105263]","[0.6517857142857143, 0.49333333333333335]"
Naive Bayes,15,3,0.69560993887081,0.5228758169934641,0.6470557744142651,0.20829256782162206,0.1941132142382198,0.4915254237288136,0.5836005497022446,0.6039603960396039,0.6373626373626373,0.589622641509434,0.4,0.7911392405063291,0.6134926394360356,"[0.7911392405063291, 0.4]","[0.589622641509434, 0.6373626373626373]","[0.6756756756756757, 0.4915254237288136]","[0.589622641509434, 0.6373626373626373]"
Naive Bayes,16,4,0.7103253115830843,0.5415244596131968,0.6272844802256567,0.14237488369236181,0.13275452296648393,0.4117647058823529,0.5528211284513805,0.5973154362416108,0.5454545454545454,0.6153846153846154,0.33070866141732286,0.7953216374269005,0.5804195804195804,"[0.7953216374269005, 0.33070866141732286]","[0.6153846153846154, 0.5454545454545454]","[0.6938775510204082, 0.4117647058823529]","[0.6153846153846154, 0.5454545454545454]"
Naive Bayes,17,4,0.6922579279596066,0.5265438786565547,0.6536596119929453,0.2144219679785174,0.19141039236479318,0.4830508474576271,0.5739430061463959,0.5933333333333334,0.6785714285714286,0.5601851851851852,0.375,0.8175675675675675,0.619378306878307,"[0.8175675675675675, 0.375]","[0.5601851851851852, 0.6785714285714286]","[0.6648351648351648, 0.4830508474576271]","[0.5601851851851852, 0.6785714285714286]"
Naive Bayes,18,4,0.6928592312083199,0.512,0.6611162503854455,0.2685477034948922,0.2521990196736721,0.5355648535564853,0.6148898647947716,0.6312292358803987,0.6808510638297872,0.6086956521739131,0.4413793103448276,0.8076923076923077,0.6447733580018502,"[0.8076923076923077, 0.4413793103448276]","[0.6086956521739131, 0.6808510638297872]","[0.6942148760330579, 0.5355648535564853]","[0.6086956521739131, 0.6808510638297872]"
Naive Bayes,19,4,0.684472049689441,0.5277486910994764,0.6539583333333334,0.23064269128484566,0.2085314718077257,0.46445497630331756,0.586232656110315,0.6220735785953178,0.6533333333333333,0.6116071428571429,0.3602941176470588,0.8404907975460123,0.6324702380952381,"[0.8404907975460123, 0.3602941176470588]","[0.6116071428571429, 0.6533333333333333]","[0.7080103359173127, 0.46445497630331756]","[0.6116071428571429, 0.6533333333333333]"
Naive Bayes,20,4,0.6802349532188242,0.5039370078740157,0.7247393846936181,0.3279405157305653,0.3158039269531787,0.5676855895196506,0.6518427947598253,0.6721854304635762,0.6842105263157895,0.6666666666666666,0.48507462686567165,0.8214285714285714,0.6754385964912281,"[0.8214285714285714, 0.48507462686567165]","[0.6666666666666666, 0.6842105263157895]","[0.736, 0.5676855895196506]","[0.6666666666666666, 0.6842105263157895]"
Naive Bayes,21,5,0.684133397247141,0.5152542372881356,0.6373910675381264,0.19108495820555077,0.17915414837069565,0.4636363636363636,0.577367920038077,0.6079734219269103,0.6,0.6111111111111112,0.37777777777777777,0.7951807228915663,0.6055555555555556,"[0.7951807228915663, 0.37777777777777777]","[0.6111111111111112, 0.6]","[0.6910994764397905, 0.4636363636363636]","[0.6111111111111112, 0.6]"
Naive Bayes,22,5,0.6960654560377553,0.5314834578441836,0.6420865279299014,0.24268771666107153,0.20867733782645326,0.4959349593495935,0.5757452574525745,0.5907590759075908,0.7349397590361446,0.5363636363636364,0.37423312883435583,0.8428571428571429,0.6356516976998905,"[0.8428571428571429, 0.37423312883435583]","[0.5363636363636364, 0.7349397590361446]","[0.6555555555555556, 0.4959349593495935]","[0.5363636363636364, 0.7349397590361446]"
Naive Bayes,23,5,0.7032549576027838,0.5342163355408388,0.6738191244239632,0.24885876548463093,0.23300267902396632,0.4880382775119617,0.605058099794942,0.6397306397306397,0.6375,0.6405529953917051,0.3953488372093023,0.8273809523809523,0.6390264976958525,"[0.8273809523809523, 0.3953488372093023]","[0.6405529953917051, 0.6375]","[0.7220779220779221, 0.4880382775119617]","[0.6405529953917051, 0.6375]"
Naive Bayes,24,5,0.6866994921449227,0.5242105263157895,0.6472180531732419,0.23791144005816356,0.20835836265339402,0.5099601593625498,0.578762314638295,0.59,0.7272727272727273,0.5330188679245284,0.39263803680981596,0.8248175182481752,0.6301457975986278,"[0.8248175182481752, 0.39263803680981596]","[0.5330188679245284, 0.7272727272727273]","[0.6475644699140402, 0.5099601593625498]","[0.5330188679245284, 0.7272727272727273]"
Naive Bayes,25,5,0.6894216212496559,0.498159509202454,0.7011503477795613,0.24660037104610974,0.24353097367300414,0.49246231155778897,0.6196647397387942,0.6622073578595318,0.550561797752809,0.7095238095238096,0.44545454545454544,0.7883597883597884,0.6300428036383092,"[0.7883597883597884, 0.44545454545454544]","[0.7095238095238096, 0.550561797752809]","[0.7468671679197995, 0.49246231155778897]","[0.7095238095238096, 0.550561797752809]"
Naive Bayes,26,6,0.6857639944596468,0.5150501672240803,0.6961693548387097,0.27527545981756074,0.24461803978563001,0.5087719298245614,0.6013805004314063,0.622895622895623,0.725,0.5852534562211982,0.3918918918918919,0.8523489932885906,0.655126728110599,"[0.8523489932885906, 0.3918918918918919]","[0.5852534562211982, 0.725]","[0.6939890710382514, 0.5087719298245614]","[0.5852534562211982, 0.725]"
Naive Bayes,27,6,0.7016935909404554,0.5256723716381418,0.6324019776934575,0.13810742353563893,0.13415472341725432,0.39572192513368987,0.5617163842535919,0.6245847176079734,0.47435897435897434,0.6771300448430493,0.3394495412844037,0.7864583333333334,0.5757445096010119,"[0.7864583333333334, 0.3394495412844037]","[0.6771300448430493, 0.47435897435897434]","[0.727710843373494, 0.39572192513368987]","[0.6771300448430493, 0.47435897435897434]"
Naive Bayes,28,6,0.6910631119714952,0.51931330472103,0.6751784457625415,0.17173981694601012,0.1651814131126671,0.4830508474576271,0.5748587570621468,0.5946843853820598,0.5816326530612245,0.6009852216748769,0.41304347826086957,0.7484662576687117,0.5913089373680507,"[0.7484662576687117, 0.41304347826086957]","[0.6009852216748769, 0.5816326530612245]","[0.6666666666666666, 0.4830508474576271]","[0.6009852216748769, 0.5816326530612245]"
Naive Bayes,29,6,0.7021756100872282,0.5318681318681319,0.606843891402715,0.16345767249020038,0.1441890194176897,0.44155844155844154,0.5469247733398677,0.5714285714285714,0.6375,0.5475113122171946,0.33774834437086093,0.8066666666666666,0.5925056561085973,"[0.8066666666666666, 0.33774834437086093]","[0.5475113122171946, 0.6375]","[0.6522911051212938, 0.44155844155844154]","[0.5475113122171946, 0.6375]"
Naive Bayes,30,6,0.6848407186948854,0.5210970464135021,0.6828904627509451,0.32123628628348494,0.2833161157024793,0.5577689243027888,0.6198586741857783,0.63,0.7865168539325843,0.5639810426540285,0.43209876543209874,0.8623188405797102,0.6752489482933064,"[0.8623188405797102, 0.43209876543209874]","[0.5639810426540285, 0.7865168539325843]","[0.6819484240687679, 0.5577689243027888]","[0.5639810426540285, 0.7865168539325843]"
Naive Bayes,31,7,0.6947012424531082,0.517467248908297,0.6258699434536755,0.2139149411110736,0.19059224957348286,0.49795918367346936,0.5727618267937548,0.5858585858585859,0.6931818181818182,0.5406698564593302,0.3885350318471338,0.8071428571428572,0.6169258373205742,"[0.8071428571428572, 0.3885350318471338]","[0.5406698564593302, 0.6931818181818182]","[0.6475644699140402, 0.49795918367346936]","[0.5406698564593302, 0.6931818181818182]"
Naive Bayes,32,7,0.6813202685952495,0.525,0.6713786154575628,0.2621598892958404,0.23150303528230398,0.48868778280542985,0.5936772247360482,0.6208053691275168,0.7105263157894737,0.5900900900900901,0.3724137931034483,0.8562091503267973,0.6503082029397819,"[0.8562091503267973, 0.3724137931034483]","[0.5900900900900901, 0.7105263157894737]","[0.6986666666666667, 0.48868778280542985]","[0.5900900900900901, 0.7105263157894737]"
Naive Bayes,33,7,0.6898211220402715,0.5214521452145214,0.7196792515870364,0.28842208858554147,0.2680130625101328,0.5161290322580645,0.6217008797653959,0.6511627906976745,0.6829268292682927,0.639269406392694,0.4148148148148148,0.8433734939759037,0.6610981178304933,"[0.8433734939759037, 0.4148148148148148]","[0.639269406392694, 0.6829268292682927]","[0.7272727272727273, 0.5161290322580645]","[0.639269406392694, 0.6829268292682927]"
Naive Bayes,34,7,0.6982013455319003,0.5263157894736842,0.6578616352201258,0.22440488423082514,0.20794807965860596,0.5,0.5896739130434783,0.609271523178808,0.6555555555555556,0.589622641509434,0.4041095890410959,0.8012820512820513,0.6225890985324948,"[0.8012820512820513, 0.4041095890410959]","[0.589622641509434, 0.6555555555555556]","[0.6793478260869565, 0.5]","[0.589622641509434, 0.6555555555555556]"
Naive Bayes,35,7,0.706627720693846,0.524390243902439,0.66347523342301,0.24690990289560127,0.2406245509842425,0.49760765550239233,0.6158924353461329,0.652317880794702,0.5842696629213483,0.6807511737089202,0.43333333333333335,0.7967032967032966,0.6325104183151342,"[0.7967032967032966, 0.43333333333333335]","[0.6807511737089202, 0.5842696629213483]","[0.7341772151898734, 0.49760765550239233]","[0.6807511737089202, 0.5842696629213483]"
Naive Bayes,36,8,0.6941306209994537,0.5206422018348624,0.6861572407385902,0.26420748514221054,0.24087231797397113,0.4976958525345622,0.6042855920497745,0.632996632996633,0.6835443037974683,0.6146788990825688,0.391304347826087,0.8427672955974843,0.6491116014400186,"[0.8427672955974843, 0.391304347826087]","[0.6146788990825688, 0.6835443037974683]","[0.7108753315649867, 0.4976958525345622]","[0.6146788990825688, 0.6835443037974683]"
Naive Bayes,37,8,0.697339728107101,0.5138055222088835,0.668446088794926,0.253487406341731,0.24879684993437368,0.49504950495049505,0.6212871287128713,0.6633663366336634,0.5681818181818182,0.7023255813953488,0.43859649122807015,0.798941798941799,0.6352536997885836,"[0.798941798941799, 0.43859649122807015]","[0.7023255813953488, 0.5681818181818182]","[0.7475247524752475, 0.49504950495049505]","[0.7023255813953488, 0.5681818181818182]"
Naive Bayes,38,8,0.687591799265606,0.5191675794085433,0.6773325861585878,0.25534257252733933,0.23896902340978954,0.5,0.6078947368421053,0.6375838926174496,0.6506024096385542,0.6325581395348837,0.40601503759398494,0.8242424242424242,0.641580274586719,"[0.8242424242424242, 0.40601503759398494]","[0.6325581395348837, 0.6506024096385542]","[0.7157894736842105, 0.5]","[0.6325581395348837, 0.6506024096385542]"
Naive Bayes,39,8,0.6807248004077949,0.512221041445271,0.6855044699872286,0.2803596545664098,0.25040335592126495,0.5267489711934157,0.6049722817399585,0.6204620462046204,0.735632183908046,0.5740740740740741,0.41025641025641024,0.8435374149659864,0.65485312899106,"[0.8435374149659864, 0.41025641025641024]","[0.5740740740740741, 0.735632183908046]","[0.6831955922865014, 0.5267489711934157]","[0.5740740740740741, 0.735632183908046]"
Naive Bayes,40,8,0.6991582179360369,0.5405982905982906,0.596994829814735,0.13169038474265654,0.11885400279187253,0.44813278008298757,0.5377918802375722,0.5551839464882943,0.6136363636363636,0.5308056872037915,0.35294117647058826,0.7671232876712328,0.5722210254200776,"[0.7671232876712328, 0.35294117647058826]","[0.5308056872037915, 0.6136363636363636]","[0.6274509803921569, 0.44813278008298757]","[0.5308056872037915, 0.6136363636363636]"
Naive Bayes,41,9,0.7025109401468097,0.5115151515151515,0.682250435648494,0.2755503698985207,0.2732749964137139,0.5446428571428571,0.6352246543778801,0.6577181208053692,0.5922330097087378,0.6923076923076923,0.5041322314049587,0.7627118644067796,0.6422703510082151,"[0.7627118644067796, 0.5041322314049587]","[0.6923076923076923, 0.5922330097087378]","[0.7258064516129032, 0.5446428571428571]","[0.6923076923076923, 0.5922330097087378]"
Naive Bayes,42,9,0.6857529275268469,0.542,0.6337720575388737,0.20959919728150272,0.18130199392578905,0.4608695652173913,0.562867215041128,0.5866666666666667,0.6883116883116883,0.5515695067264574,0.3464052287581699,0.8367346938775511,0.6199405975190728,"[0.8367346938775511, 0.3464052287581699]","[0.5515695067264574, 0.6883116883116883]","[0.6648648648648648, 0.4608695652173913]","[0.5515695067264574, 0.6883116883116883]"
Naive Bayes,43,9,0.6929845450432215,0.519774011299435,0.6769411501454464,0.2508675768698946,0.23006416131989005,0.4954954954954955,0.5995995995995996,0.6266666666666667,0.6707317073170732,0.6100917431192661,0.39285714285714285,0.83125,0.6404117252181696,"[0.83125, 0.39285714285714285]","[0.6100917431192661, 0.6707317073170732]","[0.7037037037037037, 0.4954954954954955]","[0.6100917431192661, 0.6707317073170732]"
Naive Bayes,44,9,0.6892553661093639,0.5172031076581576,0.6934227263090947,0.28532671415676136,0.2556616052060737,0.5365853658536586,0.6081803233762675,0.6212624584717608,0.7415730337078652,0.5707547169811321,0.42038216560509556,0.8402777777777778,0.6561638753444987,"[0.8402777777777778, 0.42038216560509556]","[0.5707547169811321, 0.7415730337078652]","[0.6797752808988764, 0.5365853658536586]","[0.5707547169811321, 0.7415730337078652]"
Naive Bayes,45,9,0.6901978175563082,0.5240761478163494,0.6961543040838196,0.2795930432851348,0.24749999999999994,0.49074074074074076,0.602883323738246,0.6345514950166113,0.7162162162162162,0.6079295154185022,0.3732394366197183,0.8679245283018868,0.6620728658173591,"[0.8679245283018868, 0.3732394366197183]","[0.6079295154185022, 0.7162162162162162]","[0.7150259067357513, 0.49074074074074076]","[0.6079295154185022, 0.7162162162162162]"
Naive Bayes,46,10,0.7015254353489648,0.5249709639953543,0.6457034426673895,0.19257346804850067,0.18059323982524722,0.4636363636363636,0.5781723484848484,0.609271523178808,0.6,0.6129032258064516,0.37777777777777777,0.7964071856287425,0.6064516129032258,"[0.7964071856287425, 0.37777777777777777]","[0.6129032258064516, 0.6]","[0.6927083333333334, 0.4636363636363636]","[0.6129032258064516, 0.6]"
Naive Bayes,47,10,0.689869850379176,0.5114045618247299,0.683864760857614,0.2625566610357977,0.24604249357926689,0.509090909090909,0.6116883116883116,0.6387959866220736,0.6588235294117647,0.6308411214953271,0.4148148148148148,0.823170731707317,0.644832325453546,"[0.823170731707317, 0.4148148148148148]","[0.6308411214953271, 0.6588235294117647]","[0.7142857142857143, 0.509090909090909]","[0.6308411214953271, 0.6588235294117647]"
Naive Bayes,48,10,0.6956335934596805,0.5232432432432432,0.6640841013824885,0.24348808934304497,0.22090674838080648,0.48868778280542985,0.5928693605716158,0.6195286195286195,0.675,0.5990783410138248,0.3829787234042553,0.8333333333333334,0.6370391705069125,"[0.8333333333333334, 0.3829787234042553]","[0.5990783410138248, 0.675]","[0.6970509383378016, 0.48868778280542985]","[0.5990783410138248, 0.675]"
Naive Bayes,49,10,0.6804955721327924,0.5326530612244897,0.6655106433867496,0.2519473824461161,0.2119659604029176,0.47619047619047616,0.5741385985288424,0.5966666666666667,0.7432432432432432,0.5486725663716814,0.3503184713375796,0.8671328671328671,0.6459579048074623,"[0.8671328671328671, 0.3503184713375796]","[0.5486725663716814, 0.7432432432432432]","[0.6720867208672087, 0.47619047619047616]","[0.5486725663716814, 0.7432432432432432]"
Naive Bayes,50,10,0.6884728931830381,0.5022222222222222,0.6811240825575094,0.264516459853907,0.25171452590593346,0.5483870967741935,0.61689017760058,0.6291390728476821,0.6732673267326733,0.6069651741293532,0.46258503401360546,0.7870967741935484,0.6401162504310133,"[0.7870967741935484, 0.46258503401360546]","[0.6069651741293532, 0.6732673267326733]","[0.6853932584269663, 0.5483870967741935]","[0.6069651741293532, 0.6732673267326733]"
Random Forest,1,1,1.0,1.0,0.8032958553791887,0.30795720557411366,0.2720382927802154,0.39669421487603307,0.622146689901482,0.7566666666666667,0.2857142857142857,0.9398148148148148,0.6486486486486487,0.7718631178707225,0.6127645502645502,"[0.7718631178707225, 0.6486486486486487]","[0.9398148148148148, 0.2857142857142857]","[0.8475991649269311, 0.39669421487603307]","[0.9398148148148148, 0.2857142857142857]"
Random Forest,2,1,1.0,1.0,0.7984332050577241,0.2910859421959153,0.26606808345714095,0.40625,0.6222739361702128,0.745819397993311,0.3058823529411765,0.9205607476635514,0.6046511627906976,0.76953125,0.6132215503023639,"[0.76953125, 0.6046511627906976]","[0.9205607476635514, 0.3058823529411765]","[0.8382978723404255, 0.40625]","[0.9205607476635514, 0.3058823529411765]"
Random Forest,3,1,1.0,1.0,0.7820075757575757,0.28936034660584836,0.2475241031022497,0.37398373983739835,0.6055965210814899,0.7416107382550335,0.26136363636363635,0.9428571428571428,0.6571428571428571,0.752851711026616,0.6021103896103897,"[0.752851711026616, 0.6571428571428571]","[0.9428571428571428, 0.26136363636363635]","[0.8372093023255814, 0.37398373983739835]","[0.9428571428571428, 0.26136363636363635]"
Random Forest,4,1,1.0,1.0,0.8028711484593837,0.3531227624085648,0.3358787990308829,0.4740740740740741,0.662300194931774,0.7672131147540984,0.38095238095238093,0.9140271493212669,0.6274509803921569,0.7952755905511811,0.6474897651368239,"[0.7952755905511811, 0.6274509803921569]","[0.9140271493212669, 0.38095238095238093]","[0.8505263157894737, 0.4740740740740741]","[0.9140271493212669, 0.38095238095238093]"
Random Forest,5,1,1.0,1.0,0.8230974632843793,0.39933898000436885,0.3620314867268296,0.48,0.6709978768577495,0.7818791946308725,0.35714285714285715,0.9485981308411215,0.7317073170731707,0.7898832684824902,0.6528704939919894,"[0.7898832684824902, 0.7317073170731707]","[0.9485981308411215, 0.35714285714285715]","[0.861995753715499, 0.48]","[0.9485981308411215, 0.35714285714285715]"
Random Forest,6,2,1.0,1.0,0.7900425046651461,0.31875353172722615,0.2801962175670256,0.4122137404580153,0.6250542386500603,0.7458745874587459,0.2967032967032967,0.9386792452830188,0.675,0.7566539923954373,0.6176912709931578,"[0.7566539923954373, 0.675]","[0.9386792452830188, 0.2967032967032967]","[0.8378947368421052, 0.4122137404580153]","[0.9386792452830188, 0.2967032967032967]"
Random Forest,7,2,1.0,1.0,0.8248306409588327,0.3751313245967798,0.3388882204307544,0.4788732394366197,0.6575782126386638,0.7508417508417509,0.35789473684210527,0.9356435643564357,0.723404255319149,0.756,0.6467691505992705,"[0.756, 0.723404255319149]","[0.9356435643564357, 0.35789473684210527]","[0.8362831858407079, 0.4788732394366197]","[0.9356435643564357, 0.35789473684210527]"
Random Forest,8,2,1.0,1.0,0.8080107406578653,0.32211452926304873,0.2941410392364794,0.42276422764227645,0.6369586337372808,0.7633333333333333,0.3170731707317073,0.9311926605504587,0.6341463414634146,0.7837837837837838,0.624132915641083,"[0.7837837837837838, 0.6341463414634146]","[0.9311926605504587, 0.3170731707317073]","[0.8511530398322851, 0.42276422764227645]","[0.9311926605504587, 0.3170731707317073]"
Random Forest,9,2,1.0,1.0,0.7520032516548601,0.31943012115751157,0.3004239854633556,0.43548387096774194,0.643273850377488,0.7643097643097643,0.34177215189873417,0.9174311926605505,0.6,0.7936507936507936,0.6296016722796424,"[0.7936507936507936, 0.6]","[0.9174311926605505, 0.34177215189873417]","[0.851063829787234, 0.43548387096774194]","[0.9174311926605505, 0.34177215189873417]"
Random Forest,10,2,1.0,1.0,0.8124786324786325,0.3134555595811627,0.2729197543933941,0.38181818181818183,0.6223607038123167,0.7755775577557755,0.2692307692307692,0.9511111111111111,0.65625,0.7896678966789668,0.6101709401709402,"[0.7896678966789668, 0.65625]","[0.9511111111111111, 0.2692307692307692]","[0.8629032258064516, 0.38181818181818183]","[0.9511111111111111, 0.2692307692307692]"
Random Forest,11,3,1.0,1.0,0.8249925261584454,0.3428793069374651,0.32192116502135415,0.4444444444444444,0.654372535374623,0.7818791946308725,0.3466666666666667,0.9282511210762332,0.6190476190476191,0.80859375,0.6374588938714499,"[0.80859375, 0.6190476190476191]","[0.9282511210762332, 0.3466666666666667]","[0.8643006263048016, 0.4444444444444444]","[0.9282511210762332, 0.3466666666666667]"
Random Forest,12,3,1.0,1.0,0.8376840696117804,0.3727276679757049,0.3410847613722331,0.464,0.6611754756871036,0.7759197324414716,0.3493975903614458,0.9398148148148148,0.6904761904761905,0.7898832684824902,0.6446062025881303,"[0.7898832684824902, 0.6904761904761905]","[0.9398148148148148, 0.3493975903614458]","[0.8583509513742071, 0.464]","[0.9398148148148148, 0.3493975903614458]"
Random Forest,13,3,1.0,1.0,0.7731683168316832,0.355382523180145,0.29309534992954434,0.42028985507246375,0.6239380309845077,0.7342192691029901,0.2871287128712871,0.96,0.7837837837837838,0.7272727272727273,0.6235643564356436,"[0.7272727272727273, 0.7837837837837838]","[0.96, 0.2871287128712871]","[0.8275862068965517, 0.42028985507246375]","[0.96, 0.2871287128712871]"
Random Forest,14,3,1.0,1.0,0.7848809523809523,0.3027912476980464,0.279926335174954,0.40350877192982454,0.6315064520806147,0.7725752508361204,0.30666666666666664,0.9285714285714286,0.5897435897435898,0.8,0.6176190476190476,"[0.8, 0.5897435897435898]","[0.9285714285714286, 0.30666666666666664]","[0.859504132231405, 0.40350877192982454]","[0.9285714285714286, 0.30666666666666664]"
Random Forest,15,3,1.0,1.0,0.7724704540742277,0.333757286646357,0.3025622387788479,0.4411764705882353,0.6397371714643304,0.7491749174917491,0.32967032967032966,0.9292452830188679,0.6666666666666666,0.7635658914728682,0.6294578063445988,"[0.7635658914728682, 0.6666666666666666]","[0.9292452830188679, 0.32967032967032966]","[0.8382978723404255, 0.4411764705882353]","[0.9292452830188679, 0.32967032967032966]"
Random Forest,16,4,1.0,1.0,0.8012869483457717,0.44415922832198723,0.4293826345328491,0.546875,0.711471688034188,0.8053691275167785,0.45454545454545453,0.9276018099547512,0.6862745098039216,0.8299595141700404,0.6910736322501029,"[0.8299595141700404, 0.6862745098039216]","[0.9276018099547512, 0.45454545454545453]","[0.8760683760683761, 0.546875]","[0.9276018099547512, 0.45454545454545453]"
Random Forest,17,4,1.0,1.0,0.7868441358024691,0.3381324362962138,0.31014380101049355,0.4409448818897638,0.6454195868222603,0.7633333333333333,0.3333333333333333,0.9305555555555556,0.6511627906976745,0.7821011673151751,0.6319444444444444,"[0.7821011673151751, 0.6511627906976745]","[0.9305555555555556, 0.3333333333333333]","[0.8498942917547568, 0.4409448818897638]","[0.9305555555555556, 0.3333333333333333]"
Random Forest,18,4,1.0,1.0,0.7930157261794635,0.26832997920573465,0.2198419885707148,0.3464566929133858,0.5858599254040613,0.7242524916943521,0.23404255319148937,0.9468599033816425,0.6666666666666666,0.7313432835820896,0.5904512282865659,"[0.7313432835820896, 0.6666666666666666]","[0.9468599033816425, 0.23404255319148937]","[0.8252631578947368, 0.3464566929133858]","[0.9468599033816425, 0.23404255319148937]"
Random Forest,19,4,1.0,1.0,0.8002083333333333,0.34602371073506744,0.29960959286112654,0.4,0.636105476673428,0.7892976588628763,0.28,0.9598214285714286,0.7,0.7992565055762082,0.6199107142857143,"[0.7992565055762082, 0.7]","[0.9598214285714286, 0.28]","[0.8722109533468559, 0.4]","[0.9598214285714286, 0.28]"
Random Forest,20,4,1.0,1.0,0.8504449529621154,0.3235173567494255,0.2758453226491835,0.40601503759398494,0.6191433999010265,0.7384105960264901,0.28421052631578947,0.9468599033816425,0.7105263157894737,0.7424242424242424,0.615535214848716,"[0.7424242424242424, 0.7105263157894737]","[0.9468599033816425, 0.28421052631578947]","[0.832271762208068, 0.40601503759398494]","[0.9468599033816425, 0.28421052631578947]"
Random Forest,21,5,1.0,1.0,0.7806644880174293,0.32162305157996873,0.26897389192471166,0.3793103448275862,0.615581098339719,0.760797342192691,0.25882352941176473,0.9583333333333334,0.7096774193548387,0.7666666666666667,0.6085784313725491,"[0.7666666666666667, 0.7096774193548387]","[0.9583333333333334, 0.25882352941176473]","[0.8518518518518519, 0.3793103448275862]","[0.9583333333333334, 0.25882352941176473]"
Random Forest,22,5,1.0,1.0,0.8203450164293538,0.4924413830842642,0.45335051546391747,0.5555555555555556,0.7194444444444444,0.8151815181518152,0.42168674698795183,0.9636363636363636,0.813953488372093,0.8153846153846154,0.6926615553121578,"[0.8153846153846154, 0.813953488372093]","[0.9636363636363636, 0.42168674698795183]","[0.8833333333333333, 0.5555555555555556]","[0.9636363636363636, 0.42168674698795183]"
Random Forest,23,5,1.0,1.0,0.8053283410138249,0.4304573478883034,0.4017725258493353,0.5161290322580645,0.6942347288949897,0.797979797979798,0.4,0.9447004608294931,0.7272727272727273,0.8102766798418972,0.6723502304147466,"[0.8102766798418972, 0.7272727272727273]","[0.9447004608294931, 0.4]","[0.8723404255319149, 0.5161290322580645]","[0.9447004608294931, 0.4]"
Random Forest,24,5,1.0,1.0,0.7910591766723842,0.3444648585049409,0.3151969981238274,0.45112781954887216,0.6474054515303247,0.7566666666666667,0.3409090909090909,0.9292452830188679,0.6666666666666666,0.7725490196078432,0.6350771869639794,"[0.7725490196078432, 0.6666666666666666]","[0.9292452830188679, 0.3409090909090909]","[0.8436830835117773, 0.45112781954887216]","[0.9292452830188679, 0.3409090909090909]"
Random Forest,25,5,1.0,1.0,0.811449973247726,0.3490070167032159,0.3165179270392986,0.45112781954887216,0.6470692861185221,0.7558528428093646,0.33707865168539325,0.9333333333333333,0.6818181818181818,0.7686274509803922,0.6352059925093633,"[0.7686274509803922, 0.6818181818181818]","[0.9333333333333333, 0.33707865168539325]","[0.843010752688172, 0.45112781954887216]","[0.9333333333333333, 0.33707865168539325]"
Random Forest,26,6,1.0,1.0,0.8134792626728111,0.4021801553295684,0.38040994734924993,0.5039370078740157,0.6845166838085281,0.7878787878787878,0.4,0.9308755760368663,0.6808510638297872,0.808,0.6654377880184332,"[0.808, 0.6808510638297872]","[0.9308755760368663, 0.4]","[0.8650963597430407, 0.5039370078740157]","[0.9308755760368663, 0.4]"
Random Forest,27,6,1.0,0.9985569985569985,0.7852132919397495,0.3304637835794612,0.31439606509754725,0.448,0.6516729559748428,0.770764119601329,0.358974358974359,0.9147982062780269,0.5957446808510638,0.8031496062992126,0.636886282626193,"[0.8031496062992126, 0.5957446808510638]","[0.9147982062780269, 0.358974358974359]","[0.8553459119496856, 0.448]","[0.9147982062780269, 0.358974358974359]"
Random Forest,28,6,1.0,1.0,0.7809641097818438,0.25666265849315073,0.21059295209959916,0.3458646616541353,0.5801817977780271,0.7109634551495017,0.23469387755102042,0.9408866995073891,0.6571428571428571,0.7180451127819549,0.5877902885292048,"[0.7180451127819549, 0.6571428571428571]","[0.9408866995073891, 0.23469387755102042]","[0.814498933901919, 0.3458646616541353]","[0.9408866995073891, 0.23469387755102042]"
Random Forest,29,6,0.9999999999999999,1.0,0.7825226244343891,0.287287793389027,0.2641572619805098,0.39669421487603307,0.6224635315544407,0.7574750830564784,0.3,0.9230769230769231,0.5853658536585366,0.7846153846153846,0.6115384615384616,"[0.7846153846153846, 0.5853658536585366]","[0.9230769230769231, 0.3]","[0.8482328482328483, 0.39669421487603307]","[0.9230769230769231, 0.3]"
Random Forest,30,6,1.0,1.0,0.8148729964321849,0.35559787324143655,0.3080028192477734,0.42857142857142855,0.6383363471971066,0.76,0.30337078651685395,0.95260663507109,0.7297297297297297,0.7642585551330798,0.627988710793972,"[0.7642585551330798, 0.7297297297297297]","[0.95260663507109, 0.30337078651685395]","[0.8481012658227848, 0.42857142857142855]","[0.95260663507109, 0.30337078651685395]"
Random Forest,31,7,1.0,1.0,0.771014571552849,0.2928829937057496,0.2692574600971547,0.417910447761194,0.6241726151849448,0.7373737373737373,0.3181818181818182,0.9138755980861244,0.6086956521739131,0.7609561752988048,0.6160287081339713,"[0.7609561752988048, 0.6086956521739131]","[0.9138755980861244, 0.3181818181818182]","[0.8304347826086956, 0.417910447761194]","[0.9138755980861244, 0.3181818181818182]"
Random Forest,32,7,1.0,1.0,0.810662636320531,0.3473975708309789,0.3235314660892644,0.4444444444444444,0.654372535374623,0.7818791946308725,0.34210526315789475,0.9324324324324325,0.6341463414634146,0.8054474708171206,0.6372688477951636,"[0.8054474708171206, 0.6341463414634146]","[0.9324324324324325, 0.34210526315789475]","[0.8643006263048016, 0.4444444444444444]","[0.9324324324324325, 0.34210526315789475]"
Random Forest,33,7,1.0,0.9985401459854014,0.8240895422652856,0.3002811260023676,0.2613496932515338,0.3793103448275862,0.615581098339719,0.760797342192691,0.2682926829268293,0.9452054794520548,0.6470588235294118,0.7752808988764045,0.606749081189442,"[0.7752808988764045, 0.6470588235294118]","[0.9452054794520548, 0.2682926829268293]","[0.8518518518518519, 0.3793103448275862]","[0.9452054794520548, 0.2682926829268293]"
Random Forest,34,7,1.0,1.0,0.8088312368972747,0.36400116573812724,0.3165702791048528,0.4375,0.6431197478991597,0.7615894039735099,0.3111111111111111,0.9528301886792453,0.7368421052631579,0.7651515151515151,0.6319706498951783,"[0.7651515151515151, 0.7368421052631579]","[0.9528301886792453, 0.3111111111111111]","[0.8487394957983193, 0.4375]","[0.9528301886792453, 0.3111111111111111]"
Random Forest,35,7,1.0,1.0,0.7647307063353905,0.3565471891553137,0.30896841034767686,0.42857142857142855,0.6389719067543336,0.7615894039735099,0.30337078651685395,0.9530516431924883,0.7297297297297297,0.7660377358490567,0.6282112148546711,"[0.7660377358490567, 0.7297297297297297]","[0.9530516431924883, 0.30337078651685395]","[0.8493723849372385, 0.42857142857142855]","[0.9530516431924883, 0.30337078651685395]"
Random Forest,36,8,1.0,1.0,0.7930553942631519,0.361934935666374,0.34039975772259234,0.46774193548387094,0.6636582017844886,0.7777777777777778,0.3670886075949367,0.926605504587156,0.6444444444444445,0.8015873015873016,0.6468470560910463,"[0.8015873015873016, 0.6444444444444445]","[0.926605504587156, 0.3670886075949367]","[0.8595744680851064, 0.46774193548387094]","[0.926605504587156, 0.3670886075949367]"
Random Forest,37,8,1.0,1.0,0.8302325581395349,0.33577568713223416,0.2649785664440235,0.3652173913043478,0.6082706101124591,0.759075907590759,0.23863636363636365,0.9720930232558139,0.7777777777777778,0.7572463768115942,0.6053646934460888,"[0.7572463768115942, 0.7777777777777778]","[0.9720930232558139, 0.23863636363636365]","[0.8513238289205702, 0.3652173913043478]","[0.9720930232558139, 0.23863636363636365]"
Random Forest,38,8,1.0,1.0,0.8315214345755113,0.37787163824624703,0.3299720651359269,0.4406779661016949,0.6513013261470818,0.7785234899328859,0.3132530120481928,0.958139534883721,0.7428571428571429,0.7832699619771863,0.6356962734659568,"[0.7832699619771863, 0.7428571428571429]","[0.958139534883721, 0.3132530120481928]","[0.8619246861924686, 0.4406779661016949]","[0.958139534883721, 0.3132530120481928]"
Random Forest,39,8,1.0,1.0,0.7697956577266921,0.37086804603983137,0.34060809550456994,0.4696969696969697,0.6610088224012275,0.768976897689769,0.3563218390804598,0.9351851851851852,0.6888888888888889,0.7829457364341085,0.6457535121328225,"[0.7829457364341085, 0.6888888888888889]","[0.9351851851851852, 0.3563218390804598]","[0.8523206751054853, 0.4696969696969697]","[0.9351851851851852, 0.3563218390804598]"
Random Forest,40,8,0.9999999999999999,1.0,0.7588593278759156,0.3485015776569485,0.3250564334085779,0.46715328467153283,0.6544009373466124,0.7558528428093646,0.36363636363636365,0.919431279620853,0.6530612244897959,0.776,0.6415338216286084,"[0.776, 0.6530612244897959]","[0.919431279620853, 0.36363636363636365]","[0.841648590021692, 0.46715328467153283]","[0.919431279620853, 0.36363636363636365]"
Random Forest,41,9,1.0,1.0,0.7855862584017925,0.40040709668826374,0.3599728706268016,0.5064935064935064,0.6672739025680201,0.7449664429530202,0.3786407766990291,0.9384615384615385,0.7647058823529411,0.7408906882591093,0.6585511575802838,"[0.7408906882591093, 0.7647058823529411]","[0.9384615384615385, 0.3786407766990291]","[0.8280542986425339, 0.5064935064935064]","[0.9384615384615385, 0.3786407766990291]"
Random Forest,42,9,1.0,1.0,0.7795410867159747,0.21722270906318789,0.18983148494886926,0.3119266055045872,0.5795885573347783,0.75,0.22077922077922077,0.9327354260089686,0.53125,0.7761194029850746,0.5767573233940947,"[0.7761194029850746, 0.53125]","[0.9327354260089686, 0.22077922077922077]","[0.8472505091649695, 0.3119266055045872]","[0.9327354260089686, 0.22077922077922077]"
Random Forest,43,9,1.0,1.0,0.7984168717833966,0.3259088255672743,0.2880390561432058,0.4067796610169492,0.6307757226246571,0.7666666666666667,0.2926829268292683,0.944954128440367,0.6666666666666666,0.7803030303030303,0.6188185276348176,"[0.7803030303030303, 0.6666666666666666]","[0.944954128440367, 0.2926829268292683]","[0.8547717842323651, 0.4067796610169492]","[0.944954128440367, 0.2926829268292683]"
Random Forest,44,9,1.0,1.0,0.8412656349374602,0.3468465559137838,0.30704216468510526,0.43410852713178294,0.6398872445384074,0.7574750830564784,0.3146067415730337,0.9433962264150944,0.7,0.7662835249042146,0.6290014839940641,"[0.7662835249042146, 0.7]","[0.9433962264150944, 0.3146067415730337]","[0.8456659619450317, 0.43410852713178294]","[0.9433962264150944, 0.3146067415730337]"
Random Forest,45,9,0.9999999999999999,1.0,0.7936659126086438,0.3011591512288841,0.2980096482540494,0.45112781954887216,0.6477387498597239,0.7574750830564784,0.40540540540540543,0.8722466960352423,0.5084745762711864,0.8181818181818182,0.6388260507203238,"[0.8181818181818182, 0.5084745762711864]","[0.8722466960352423, 0.40540540540540543]","[0.8443496801705757, 0.45112781954887216]","[0.8722466960352423, 0.40540540540540543]"
Random Forest,46,10,1.0,1.0,0.7807535917592844,0.3861117959317694,0.366211962224554,0.5,0.6773504273504274,0.7748344370860927,0.4,0.9216589861751152,0.6666666666666666,0.796812749003984,0.6608294930875576,"[0.796812749003984, 0.6666666666666666]","[0.9216589861751152, 0.4]","[0.8547008547008547, 0.5]","[0.9216589861751152, 0.4]"
Random Forest,47,10,1.0,1.0,0.8384826827927433,0.3683224841717433,0.3418928833455612,0.4732824427480916,0.6627654183761871,0.7692307692307693,0.36470588235294116,0.9299065420560748,0.6739130434782609,0.7865612648221344,0.647306212204508,"[0.7865612648221344, 0.6739130434782609]","[0.9299065420560748, 0.36470588235294116]","[0.8522483940042827, 0.4732824427480916]","[0.9299065420560748, 0.36470588235294116]"
Random Forest,48,10,1.0,1.0,0.8256624423963135,0.42563083550892333,0.3789209535759096,0.4827586206896552,0.678617804068677,0.797979797979798,0.35,0.9631336405529954,0.7777777777777778,0.8007662835249042,0.6565668202764977,"[0.8007662835249042, 0.7777777777777778]","[0.9631336405529954, 0.35]","[0.8744769874476988, 0.4827586206896552]","[0.9631336405529954, 0.35]"
Random Forest,49,10,1.0,1.0,0.767579526429084,0.22812255621091962,0.20189181200118245,0.32075471698113206,0.5875028645634405,0.76,0.22972972972972974,0.9336283185840708,0.53125,0.7873134328358209,0.5816790241569003,"[0.7873134328358209, 0.53125]","[0.9336283185840708, 0.22972972972972974]","[0.854251012145749, 0.32075471698113206]","[0.9336283185840708, 0.22972972972972974]"
Random Forest,50,10,1.0,1.0,0.8271267425249988,0.3023777408011278,0.24725822532402797,0.3795620437956204,0.5987745979149408,0.7185430463576159,0.25742574257425743,0.9502487562189055,0.7222222222222222,0.7180451127819549,0.6038372493965815,"[0.7180451127819549, 0.7222222222222222]","[0.9502487562189055, 0.25742574257425743]","[0.8179871520342612, 0.3795620437956204]","[0.9502487562189055, 0.25742574257425743]"
SVM,1,1,0.952043056271529,0.8046571798188874,0.8149250440917107,0.4347767893937207,0.4223933649289099,0.61,0.7075,0.74,0.7261904761904762,0.7453703703703703,0.5258620689655172,0.875,0.7357804232804233,"[0.875, 0.5258620689655172]","[0.7453703703703703, 0.7261904761904762]","[0.805, 0.61]","[0.7453703703703703, 0.7261904761904762]"
SVM,2,1,0.9481502357040377,0.8025806451612904,0.796646509070918,0.39048702629789095,0.3844765801712964,0.5803108808290155,0.6901554404145078,0.7290969899665551,0.6588235294117647,0.7570093457943925,0.5185185185185185,0.8481675392670157,0.7079164376030787,"[0.8481675392670157, 0.5185185185185185]","[0.7570093457943925, 0.6588235294117647]","[0.8, 0.5803108808290155]","[0.7570093457943925, 0.6588235294117647]"
SVM,3,1,0.9548755595958904,0.8111702127659575,0.7832251082251082,0.39729452910553575,0.39728170001618035,0.576271186440678,0.6986367865377614,0.7483221476510067,0.5795454545454546,0.819047619047619,0.5730337078651685,0.8229665071770335,0.6992965367965368,"[0.8229665071770335, 0.5730337078651685]","[0.819047619047619, 0.5795454545454546]","[0.8210023866348448, 0.576271186440678]","[0.819047619047619, 0.5795454545454546]"
SVM,4,1,0.9493757168268009,0.7994722955145118,0.8327407886231415,0.418427024435517,0.4098268302838808,0.5948717948717949,0.7022551745443312,0.740983606557377,0.6904761904761905,0.7601809954751131,0.5225225225225225,0.865979381443299,0.7253285929756518,"[0.865979381443299, 0.5225225225225225]","[0.7601809954751131, 0.6904761904761905]","[0.8096385542168675, 0.5948717948717949]","[0.7601809954751131, 0.6904761904761905]"
SVM,5,1,0.9457937813563306,0.7989347536617842,0.8172841566533156,0.3969482019836982,0.3868312757201646,0.5858585858585859,0.6899142175524084,0.7248322147651006,0.6904761904761905,0.7383177570093458,0.5087719298245614,0.8586956521739131,0.7143969737427681,"[0.8586956521739131, 0.5087719298245614]","[0.7383177570093458, 0.6904761904761905]","[0.7939698492462312, 0.5858585858585859]","[0.7383177570093458, 0.6904761904761905]"
SVM,6,2,0.9555633807703249,0.8,0.783744557329463,0.3984344461518287,0.39405911618378686,0.594059405940594,0.6955445544554455,0.7293729372937293,0.6593406593406593,0.7594339622641509,0.5405405405405406,0.8385416666666666,0.7093873108024051,"[0.8385416666666666, 0.5405405405405406]","[0.7594339622641509, 0.6593406593406593]","[0.7970297029702971, 0.594059405940594]","[0.7594339622641509, 0.6593406593406593]"
SVM,7,2,0.9477177270991703,0.8075370121130552,0.8285044293903073,0.49865735769520286,0.49695376292438764,0.6666666666666666,0.748091603053435,0.7744107744107744,0.7052631578947368,0.806930693069307,0.6320754716981132,0.8534031413612565,0.7560969254820219,"[0.8534031413612565, 0.6320754716981132]","[0.806930693069307, 0.7052631578947368]","[0.8295165394402035, 0.6666666666666666]","[0.806930693069307, 0.7052631578947368]"
SVM,8,2,0.9465251011222958,0.782051282051282,0.8114231371671515,0.44377267980363405,0.43672839506172834,0.6096256684491979,0.7164351102536546,0.7566666666666667,0.6951219512195121,0.7798165137614679,0.5428571428571428,0.8717948717948718,0.73746923249049,"[0.8717948717948718, 0.5428571428571428]","[0.7798165137614679, 0.6951219512195121]","[0.8232445520581114, 0.6096256684491979]","[0.7798165137614679, 0.6951219512195121]"
SVM,9,2,0.9485434470292254,0.798469387755102,0.7833584949483219,0.3904003598812937,0.37922225376099916,0.5714285714285714,0.6857142857142857,0.7272727272727273,0.6835443037974683,0.7431192660550459,0.4909090909090909,0.8663101604278075,0.713331784926257,"[0.8663101604278075, 0.4909090909090909]","[0.7431192660550459, 0.6835443037974683]","[0.8, 0.5714285714285714]","[0.7431192660550459, 0.6835443037974683]"
SVM,10,2,0.9457704695711137,0.8105960264900662,0.8049002849002849,0.44273220902748833,0.4380861548243523,0.5977011494252874,0.7178320561941252,0.768976897689769,0.6666666666666666,0.8044444444444444,0.5416666666666666,0.8743961352657005,0.7355555555555555,"[0.8743961352657005, 0.5416666666666666]","[0.8044444444444444, 0.6666666666666666]","[0.8379629629629629, 0.5977011494252874]","[0.8044444444444444, 0.6666666666666666]"
SVM,11,3,0.9479208584842388,0.8050955414012739,0.8245440956651718,0.4796611755307776,0.46360932853341674,0.6229508196721312,0.7279403008772278,0.7684563758389261,0.76,0.7713004484304933,0.5277777777777778,0.9052631578947369,0.7656502242152466,"[0.9052631578947369, 0.5277777777777778]","[0.7713004484304933, 0.76]","[0.8329297820823245, 0.6229508196721312]","[0.7713004484304933, 0.76]"
SVM,12,3,0.9521305203248712,0.8041237113402062,0.8132530120481927,0.39929473275197663,0.3930104072979571,0.582010582010582,0.6944282738903766,0.7357859531772575,0.6626506024096386,0.7638888888888888,0.5188679245283019,0.8549222797927462,0.7132697456492637,"[0.8549222797927462, 0.5188679245283019]","[0.7638888888888888, 0.6626506024096386]","[0.8068459657701712, 0.582010582010582]","[0.7638888888888888, 0.6626506024096386]"
SVM,13,3,0.9528042328042328,0.790633608815427,0.7791089108910891,0.411421151331606,0.4093236969319869,0.6203703703703703,0.7039675686048743,0.7275747508305648,0.6633663366336634,0.76,0.5826086956521739,0.8172043010752689,0.7116831683168316,"[0.8172043010752689, 0.5826086956521739]","[0.76, 0.6633663366336634]","[0.7875647668393783, 0.6203703703703703]","[0.76, 0.6633663366336634]"
SVM,14,3,0.9478965922444182,0.8129032258064516,0.8002678571428571,0.4111971142325362,0.4066479245907062,0.5714285714285714,0.7019933554817275,0.7591973244147158,0.64,0.7991071428571429,0.5161290322580645,0.8689320388349514,0.7195535714285715,"[0.8689320388349514, 0.5161290322580645]","[0.7991071428571429, 0.64]","[0.8325581395348837, 0.5714285714285714]","[0.7991071428571429, 0.64]"
SVM,15,3,0.9498650439561201,0.7905759162303665,0.7878913539290897,0.4251850307755545,0.42248570509171024,0.6091370558375635,0.7104364985789284,0.7458745874587459,0.6593406593406593,0.7830188679245284,0.5660377358490566,0.8426395939086294,0.7211797636325938,"[0.8426395939086294, 0.5660377358490566]","[0.7830188679245284, 0.6593406593406593]","[0.8117359413202934, 0.6091370558375635]","[0.7830188679245284, 0.6593406593406593]"
SVM,16,4,0.94727987294409,0.8040973111395646,0.8094552506317211,0.3558687958103083,0.34776646801329036,0.5414364640883977,0.6707182320441989,0.7214765100671141,0.6363636363636364,0.751131221719457,0.47115384615384615,0.8556701030927835,0.6937474290415466,"[0.8556701030927835, 0.47115384615384615]","[0.751131221719457, 0.6363636363636364]","[0.8, 0.5414364640883977]","[0.751131221719457, 0.6363636363636364]"
SVM,17,4,0.9510683840925307,0.7989623865110247,0.7870370370370371,0.46526604531193394,0.4520142180094786,0.63,0.7224999999999999,0.7533333333333333,0.75,0.7546296296296297,0.5431034482758621,0.8858695652173914,0.7523148148148149,"[0.8858695652173914, 0.5431034482758621]","[0.7546296296296297, 0.75]","[0.815, 0.63]","[0.7546296296296297, 0.75]"
SVM,18,4,0.9539553371294918,0.7908847184986595,0.7801932367149758,0.3981591436856604,0.396285749659527,0.5970149253731343,0.6975099564521532,0.7308970099667774,0.6382978723404256,0.7729468599033816,0.5607476635514018,0.8247422680412371,0.7056223661219037,"[0.8247422680412371, 0.5607476635514018]","[0.7729468599033816, 0.6382978723404256]","[0.7980049875311721, 0.5970149253731343]","[0.7729468599033816, 0.6382978723404256]"
SVM,19,4,0.9504683565553131,0.8096446700507615,0.8138988095238096,0.4332436929197149,0.4302527601860674,0.5853658536585366,0.7143419130043835,0.7725752508361204,0.64,0.8169642857142857,0.5393258426966292,0.8714285714285714,0.7284821428571429,"[0.8714285714285714, 0.5393258426966292]","[0.8169642857142857, 0.64]","[0.8433179723502304, 0.5853658536585366]","[0.8169642857142857, 0.64]"
SVM,20,4,0.9438224409998602,0.79890560875513,0.8484617340452582,0.4417814086224439,0.4413279336033198,0.6224489795918368,0.7205382152861144,0.7549668874172185,0.6421052631578947,0.8067632850241546,0.6039603960396039,0.8308457711442786,0.7244342740910247,"[0.8308457711442786, 0.6039603960396039]","[0.8067632850241546, 0.6421052631578947]","[0.8186274509803921, 0.6224489795918368]","[0.8067632850241546, 0.6421052631578947]"
SVM,21,5,0.9478737245771417,0.8036890645586298,0.7955882352941177,0.3416745276669499,0.34080054882714583,0.5363128491620112,0.6700476775360884,0.7242524916943521,0.5647058823529412,0.7870370370370371,0.5106382978723404,0.821256038647343,0.6758714596949891,"[0.821256038647343, 0.5106382978723404]","[0.7870370370370371, 0.5647058823529412]","[0.8037825059101655, 0.5363128491620112]","[0.7870370370370371, 0.5647058823529412]"
SVM,22,5,0.9469819773605553,0.7855297157622739,0.8142387732749178,0.48034381084207445,0.4666536280070409,0.6363636363636364,0.7299465240641712,0.7623762376237624,0.7590361445783133,0.7636363636363637,0.5478260869565217,0.8936170212765957,0.7613362541073385,"[0.8936170212765957, 0.5478260869565217]","[0.7636363636363637, 0.7590361445783133]","[0.8235294117647058, 0.6363636363636364]","[0.7636363636363637, 0.7590361445783133]"
SVM,23,5,0.9552177291307726,0.8134715025906736,0.780299539170507,0.4031460517996499,0.3948592027584765,0.5806451612903226,0.6947343453510437,0.7373737373737373,0.675,0.7603686635944701,0.5094339622641509,0.8638743455497382,0.717684331797235,"[0.8638743455497382, 0.5094339622641509]","[0.7603686635944701, 0.675]","[0.8088235294117647, 0.5806451612903226]","[0.7603686635944701, 0.675]"
SVM,24,5,0.9477755122390666,0.7848761408083442,0.8493514150943396,0.5363806206323505,0.5328295721433677,0.680628272251309,0.7657420089862902,0.7966666666666666,0.7386363636363636,0.8207547169811321,0.6310679611650486,0.883248730964467,0.7796955403087479,"[0.883248730964467, 0.6310679611650486]","[0.8207547169811321, 0.7386363636363636]","[0.8508557457212714, 0.680628272251309]","[0.8207547169811321, 0.7386363636363636]"
SVM,25,5,0.9531740297274981,0.8227334235453315,0.7890315676832531,0.4089104843246819,0.40469769903475383,0.5989847715736041,0.700988645138423,0.7357859531772575,0.6629213483146067,0.7666666666666667,0.5462962962962963,0.8429319371727748,0.7147940074906367,"[0.8429319371727748, 0.5462962962962963]","[0.7666666666666667, 0.6629213483146067]","[0.8029925187032418, 0.5989847715736041]","[0.7666666666666667, 0.6629213483146067]"
SVM,26,6,0.947207864599169,0.800524934383202,0.8362903225806452,0.4348301950609613,0.42589206415547776,0.6021505376344086,0.7103889943074004,0.7508417508417509,0.7,0.7695852534562212,0.5283018867924528,0.8743455497382199,0.7347926267281106,"[0.8743455497382199, 0.5283018867924528]","[0.7695852534562212, 0.7]","[0.8186274509803921, 0.6021505376344086]","[0.7695852534562212, 0.7]"
SVM,27,6,0.9504674541002016,0.8077922077922078,0.7927446245831895,0.4378555659266518,0.42532393147162895,0.5989304812834224,0.7091037948585787,0.7508305647840532,0.717948717948718,0.7623318385650224,0.5137614678899083,0.8854166666666666,0.7401402782568702,"[0.8854166666666666, 0.5137614678899083]","[0.7623318385650224, 0.717948717948718]","[0.8192771084337349, 0.5989304812834224]","[0.7623318385650224, 0.717948717948718]"
SVM,28,6,0.9557381533540948,0.8027027027027027,0.7897355986729667,0.391626487126087,0.39158118146445,0.5876288659793815,0.6957752173034162,0.7342192691029901,0.5816326530612245,0.8078817733990148,0.59375,0.8,0.6947572132301196,"[0.8, 0.59375]","[0.8078817733990148, 0.5816326530612245]","[0.803921568627451, 0.5876288659793815]","[0.8078817733990148, 0.5816326530612245]"
SVM,29,6,0.9488018871126498,0.8061224489795918,0.7643099547511312,0.38094643250517285,0.37208710695023917,0.5638297872340425,0.6828810771919005,0.7275747508305648,0.6625,0.751131221719457,0.49074074074074076,0.8601036269430051,0.7068156108597285,"[0.8601036269430051, 0.49074074074074076]","[0.751131221719457, 0.6625]","[0.8019323671497585, 0.5638297872340425]","[0.751131221719457, 0.6625]"
SVM,30,6,0.9510668127204586,0.7900912646675359,0.8159646413547047,0.45116738659799166,0.44741622930964875,0.6256410256410256,0.7226970560303894,0.7566666666666667,0.6853932584269663,0.7867298578199052,0.5754716981132075,0.8556701030927835,0.7360615581234358,"[0.8556701030927835, 0.5754716981132075]","[0.7867298578199052, 0.6853932584269663]","[0.8197530864197531, 0.6256410256410256]","[0.7867298578199052, 0.6853932584269663]"
SVM,31,7,0.9535913268138239,0.7942332896461337,0.7652240104393214,0.38230072737812854,0.37346437346437344,0.5853658536585366,0.6834284281146152,0.7138047138047138,0.6818181818181818,0.7272727272727273,0.5128205128205128,0.8444444444444444,0.7045454545454546,"[0.8444444444444444, 0.5128205128205128]","[0.7272727272727273, 0.6818181818181818]","[0.781491002570694, 0.5853658536585366]","[0.7272727272727273, 0.6818181818181818]"
SVM,32,7,0.945373987645156,0.7964376590330788,0.8344594594594594,0.48628473418028195,0.4798167139428322,0.627906976744186,0.7384817902588855,0.785234899328859,0.7105263157894737,0.8108108108108109,0.5625,0.8910891089108911,0.7606685633001422,"[0.8910891089108911, 0.5625]","[0.8108108108108109, 0.7105263157894737]","[0.8490566037735849, 0.627906976744186]","[0.8108108108108109, 0.7105263157894737]"
SVM,33,7,0.9527942017928668,0.8185430463576159,0.8111705089653636,0.4479391894140997,0.4469901653517778,0.6046511627906976,0.7232558139534884,0.7740863787375415,0.6341463414634146,0.8264840182648402,0.5777777777777777,0.8578199052132701,0.7303151798641274,"[0.8578199052132701, 0.5777777777777777]","[0.8264840182648402, 0.6341463414634146]","[0.8418604651162791, 0.6046511627906976]","[0.8264840182648402, 0.6341463414634146]"
SVM,34,7,0.9480569343318173,0.7829560585885486,0.8244758909853249,0.47303933765107276,0.46503275903906816,0.6439024390243903,0.7304725227703405,0.7582781456953642,0.7333333333333333,0.7688679245283019,0.5739130434782609,0.8716577540106952,0.7511006289308175,"[0.8716577540106952, 0.5739130434782609]","[0.7688679245283019, 0.7333333333333333]","[0.8170426065162907, 0.6439024390243903]","[0.7688679245283019, 0.7333333333333333]"
SVM,35,7,0.947935656281074,0.8052631578947368,0.768898032389091,0.3606089510245136,0.35397928922164423,0.5686274509803921,0.6743137254901961,0.7086092715231788,0.651685393258427,0.7323943661971831,0.5043478260869565,0.8342245989304813,0.6920398797278051,"[0.8342245989304813, 0.5043478260869565]","[0.7323943661971831, 0.651685393258427]","[0.78, 0.5686274509803921]","[0.7323943661971831, 0.651685393258427]"
SVM,36,8,0.9526358921091859,0.8015665796344648,0.805452328417141,0.432016611876526,0.42105263157894735,0.5989304812834224,0.7073276485041191,0.7474747474747475,0.7088607594936709,0.7614678899082569,0.5185185185185185,0.8783068783068783,0.7351643247009638,"[0.8783068783068783, 0.5185185185185185]","[0.7614678899082569, 0.7088607594936709]","[0.8157248157248157, 0.5989304812834224]","[0.7614678899082569, 0.7088607594936709]"
SVM,37,8,0.9507694431026155,0.8021390374331551,0.8336945031712474,0.4706511337062474,0.46973440395305743,0.6304347826086957,0.7346486709252009,0.7755775577557755,0.6590909090909091,0.8232558139534883,0.6041666666666666,0.855072463768116,0.7411733615221987,"[0.855072463768116, 0.6041666666666666]","[0.8232558139534883, 0.6590909090909091]","[0.8388625592417062, 0.6304347826086957]","[0.8232558139534883, 0.6590909090909091]"
SVM,38,8,0.9462770297837616,0.8067444876783398,0.8297562342392827,0.48357206444190104,0.4797100682503571,0.6373626373626373,0.7389711737537824,0.7785234899328859,0.6987951807228916,0.8093023255813954,0.5858585858585859,0.8743718592964824,0.7540487531521435,"[0.8743718592964824, 0.5858585858585859]","[0.8093023255813954, 0.6987951807228916]","[0.8405797101449275, 0.6373626373626373]","[0.8093023255813954, 0.6987951807228916]"
SVM,39,8,0.9521598666400314,0.8010403120936281,0.775436355896126,0.43159164763252233,0.4266507319988049,0.6082474226804123,0.7118907016314683,0.7491749174917491,0.6781609195402298,0.7777777777777778,0.5514018691588785,0.8571428571428571,0.7279693486590038,"[0.8571428571428571, 0.5514018691588785]","[0.7777777777777778, 0.6781609195402298]","[0.8155339805825242, 0.6082474226804123]","[0.7777777777777778, 0.6781609195402298]"
SVM,40,8,0.9514610121991428,0.8072916666666666,0.7840909090909091,0.3877103528308437,0.386292187378212,0.5775401069518716,0.6926629975148653,0.7357859531772575,0.6136363636363636,0.7867298578199052,0.5454545454545454,0.83,0.7001831107281344,"[0.83, 0.5454545454545454]","[0.7867298578199052, 0.6136363636363636]","[0.8077858880778589, 0.5775401069518716]","[0.7867298578199052, 0.6136363636363636]"
SVM,41,9,0.9591050254093731,0.801641586867305,0.784266865820264,0.43593557555132983,0.4334055354993983,0.6425339366515838,0.7159336349924585,0.7348993288590604,0.6893203883495146,0.7589743589743589,0.6016949152542372,0.8222222222222222,0.7241473736619368,"[0.8222222222222222, 0.6016949152542372]","[0.7589743589743589, 0.6893203883495146]","[0.7893333333333333, 0.6425339366515838]","[0.7589743589743589, 0.6893203883495146]"
SVM,42,9,0.9481105984566403,0.8198433420365535,0.7898782831518257,0.398519929059641,0.3937924345295829,0.5664739884393064,0.695414980168131,0.75,0.6363636363636364,0.7892376681614349,0.5104166666666666,0.8627450980392157,0.7128006522625356,"[0.8627450980392157, 0.5104166666666666]","[0.7892376681614349, 0.6363636363636364]","[0.8243559718969555, 0.5664739884393064]","[0.7892376681614349, 0.6363636363636364]"
SVM,43,9,0.9479539106857946,0.785622593068036,0.830107406578653,0.48048979445029516,0.4734668593846789,0.6344086021505376,0.7350786972105345,0.7733333333333333,0.7195121951219512,0.7935779816513762,0.5673076923076923,0.8826530612244898,0.7565450883866637,"[0.8826530612244898, 0.5673076923076923]","[0.7935779816513762, 0.7195121951219512]","[0.8357487922705314, 0.6344086021505376]","[0.7935779816513762, 0.7195121951219512]"
SVM,44,9,0.9490874855156431,0.7921052631578948,0.8454261182955269,0.4977604034018109,0.49363497125065914,0.6564102564102564,0.7458955458955459,0.7774086378737541,0.7191011235955056,0.8018867924528302,0.6037735849056604,0.8717948717948718,0.7604939580241679,"[0.8717948717948718, 0.6037735849056604]","[0.8018867924528302, 0.7191011235955056]","[0.8353808353808354, 0.6564102564102564]","[0.8018867924528302, 0.7191011235955056]"
SVM,45,9,0.950196204913186,0.8123393316195373,0.7892606262650316,0.39723045052759903,0.3785376170812771,0.5638297872340425,0.6828810771919005,0.7275747508305648,0.7162162162162162,0.7312775330396476,0.4649122807017544,0.8877005347593583,0.7237468746279319,"[0.8877005347593583, 0.4649122807017544]","[0.7312775330396476, 0.7162162162162162]","[0.8019323671497585, 0.5638297872340425]","[0.7312775330396476, 0.7162162162162162]"
SVM,46,10,0.9472610722610724,0.7968545216251638,0.7816210355109786,0.39161399462106256,0.373709761040675,0.5849056603773585,0.6802079322294956,0.7086092715231788,0.7294117647058823,0.7004608294930875,0.4881889763779528,0.8685714285714285,0.7149362970994849,"[0.8685714285714285, 0.4881889763779528]","[0.7004608294930875, 0.7294117647058823]","[0.7755102040816326, 0.5849056603773585]","[0.7004608294930875, 0.7294117647058823]"
SVM,47,10,0.9494602719136435,0.8058510638297872,0.8181968114348542,0.49782232597783016,0.49756071118820466,0.6436781609195402,0.7487258729126003,0.7926421404682275,0.6588235294117647,0.8457943925233645,0.6292134831460674,0.861904761904762,0.7523089609675646,"[0.861904761904762, 0.6292134831460674]","[0.8457943925233645, 0.6588235294117647]","[0.8537735849056604, 0.6436781609195402]","[0.8457943925233645, 0.6588235294117647]"
SVM,48,10,0.9491942839768926,0.7918263090676884,0.8514976958525347,0.5298826248448958,0.5189906483464813,0.6666666666666666,0.7573529411764706,0.7912457912457912,0.775,0.7972350230414746,0.5849056603773585,0.9057591623036649,0.7861175115207373,"[0.9057591623036649, 0.5849056603773585]","[0.7972350230414746, 0.775]","[0.8480392156862745, 0.6666666666666666]","[0.7972350230414746, 0.775]"
SVM,49,10,0.9552683062694842,0.8185328185328186,0.7601052379813442,0.34188209093628635,0.33679039301310043,0.5207100591715976,0.6663875121844067,0.73,0.5945945945945946,0.7743362831858407,0.4631578947368421,0.8536585365853658,0.6844654388902176,"[0.8536585365853658, 0.4631578947368421]","[0.7743362831858407, 0.5945945945945946]","[0.8120649651972158, 0.5207100591715976]","[0.7743362831858407, 0.5945945945945946]"
SVM,50,10,0.9499533858801594,0.7951153324287653,0.8214866262745677,0.45831708787360786,0.4568605822262721,0.647887323943662,0.7280357335830843,0.7516556291390728,0.6831683168316832,0.7860696517412935,0.6160714285714286,0.8315789473684211,0.7346189842864883,"[0.8315789473684211, 0.6160714285714286]","[0.7860696517412935, 0.6831683168316832]","[0.8081841432225064, 0.647887323943662]","[0.7860696517412935, 0.6831683168316832]"
